year,region,crop,district,area_ha,production_ton,yield_kgha,source
1991,Акмолинская область,Зерновые и бобовые (группа),Аккольский,257200.0,82100.0,,stat_gov_kz_real_group
1992,Акмолинская область,Зерновые и бобовые (группа),Аккольский,246100.0,267400.0,,stat_gov_kz_real_group
1993,Акмолинская область,Зерновые и бобовые (группа),Аккольский,224100.0,178400.0,,stat_gov_kz_real_group
1994,Акмолинская область,Зерновые и бобовые (группа),Аккольский,223900.0,116700.0,,stat_gov_kz_real_group
1995,Акмолинская область,Зерновые и бобовые (группа),Аккольский,216600.0,95200.0,,stat_gov_kz_real_group
1996,Акмолинская область,Зерновые и бобовые (группа),Аккольский,200300.0,102400.0,,stat_gov_kz_real_group
1997,Акмолинская область,Зерновые и бобовые (группа),Аккольский,154000.0,55500.0,,stat_gov_kz_real_group
1998,Акмолинская область,Зерновые и бобовые (группа),Аккольский,113700.0,28700.0,360.0,stat_gov_kz_real_group
1999,Акмолинская область,Зерновые и бобовые (группа),Аккольский,84500.0,117400.0,1490.0,stat_gov_kz_real_group
2000,Акмолинская область,Зерновые и бобовые (группа),Аккольский,95000.0,90300.0,950.0,stat_gov_kz_real_group
2001,Акмолинская область,Зерновые и бобовые (группа),Аккольский,100000.0,119500.0,1190.0,stat_gov_kz_real_group
2002,Акмолинская область,Зерновые и бобовые (группа),Аккольский,133000.0,114200.0,860.0,stat_gov_kz_real_group
2003,Акмолинская область,Зерновые и бобовые (группа),Аккольский,133000.0,103400.0,780.0,stat_gov_kz_real_group
2004,Акмолинская область,Зерновые и бобовые (группа),Аккольский,133400.0,63080.3,470.0,stat_gov_kz_real_group
2005,Акмолинская область,Зерновые и бобовые (группа),Аккольский,138000.0,94632.70000000001,710.0,stat_gov_kz_real_group
2006,Акмолинская область,Зерновые и бобовые (группа),Аккольский,114508.0,107128.5,940.0,stat_gov_kz_real_group
2007,Акмолинская область,Зерновые и бобовые (группа),Аккольский,123630.0,113929.20000000001,919.9999999999999,stat_gov_kz_real_group
2008,Акмолинская область,Зерновые и бобовые (группа),Аккольский,143008.0,49594.100000000006,400.0,stat_gov_kz_real_group
2009,Акмолинская область,Зерновые и бобовые (группа),Аккольский,146037.0,185109.1,1270.0,stat_gov_kz_real_group
2010,Акмолинская область,Зерновые и бобовые (группа),Аккольский,134197.0,71709.7,560.0,stat_gov_kz_real_group
2011,Акмолинская область,Зерновые и бобовые (группа),Аккольский,124336.0,158933.5,1280.0,stat_gov_kz_real_group
2012,Акмолинская область,Зерновые и бобовые (группа),Аккольский,133309.0,74333.7,590.0,stat_gov_kz_real_group
2013,Акмолинская область,Зерновые и бобовые (группа),Аккольский,128355.68,120034.70000000001,940.0,stat_gov_kz_real_group
2014,Акмолинская область,Зерновые и бобовые (группа),Аккольский,123428.51,99956.011,819.9999999999999,stat_gov_kz_real_group
2015,Акмолинская область,Зерновые и бобовые (группа),Аккольский,107764.0,106505.83000000002,1029.58,stat_gov_kz_real_group
2016,Акмолинская область,Зерновые и бобовые (группа),Аккольский,122333.0,133149.9,1088.42,stat_gov_kz_real_group
2017,Акмолинская область,Зерновые и бобовые (группа),Аккольский,125840.6,117870.3,936.66,stat_gov_kz_real_group
2018,Акмолинская область,Зерновые и бобовые (группа),Аккольский,127839.0,134328.11000000002,1050.0,stat_gov_kz_real_group
2019,Акмолинская область,Зерновые и бобовые (группа),Аккольский,137887.7,132446.74,960.0,stat_gov_kz_real_group
2020,Акмолинская область,Зерновые и бобовые (группа),Аккольский,138412.0,166197.23,1200.0,stat_gov_kz_real_group
2021,Акмолинская область,Зерновые и бобовые (группа),Аккольский,139092.1,123884.0,891.82,stat_gov_kz_real_group
2022,Акмолинская область,Зерновые и бобовые (группа),Аккольский,169757.1,180085.66000000003,1063.28,stat_gov_kz_real_group
2023,Акмолинская область,Зерновые и бобовые (группа),Аккольский,165470.5,72332.01,509.99999999999994,stat_gov_kz_real_group
2024,Акмолинская область,Зерновые и бобовые (группа),Аккольский,157445.9,217834.15000000002,1450.0,stat_gov_kz_real_group
2025,Акмолинская область,Зерновые и бобовые (группа),Аккольский,155440.3,241174.03,1560.0,stat_gov_kz_real_group
1991,Акмолинская область,Масличные (группа),Аккольский,300000.0,,,stat_gov_kz_real_group
1992,Акмолинская область,Масличные (группа),Аккольский,2400.0,,,stat_gov_kz_real_group
1993,Акмолинская область,Масличные (группа),Аккольский,1600.0,,,stat_gov_kz_real_group
1994,Акмолинская область,Масличные (группа),Аккольский,1200.0,,,stat_gov_kz_real_group
1995,Акмолинская область,Масличные (группа),Аккольский,600.0,,,stat_gov_kz_real_group
1996,Акмолинская область,Масличные (группа),Аккольский,500.0,,,stat_gov_kz_real_group
2003,Акмолинская область,Масличные (группа),Аккольский,320.0,,,stat_gov_kz_real_group
2004,Акмолинская область,Масличные (группа),Аккольский,1500.0,147.0,100.0,stat_gov_kz_real_group
2005,Акмолинская область,Масличные (группа),Аккольский,1500.0,722.0,480.0,stat_gov_kz_real_group
2006,Акмолинская область,Масличные (группа),Аккольский,1400.0,273.0,200.0,stat_gov_kz_real_group
2007,Акмолинская область,Масличные (группа),Аккольский,500.0,85.5,170.0,stat_gov_kz_real_group
2008,Акмолинская область,Масличные (группа),Аккольский,800.0,96.0,,stat_gov_kz_real_group
2009,Акмолинская область,Масличные (группа),Аккольский,1410.0,295.0,210.0,stat_gov_kz_real_group
2010,Акмолинская область,Масличные (группа),Аккольский,4407.0,581.5,140.0,stat_gov_kz_real_group
2011,Акмолинская область,Масличные (группа),Аккольский,5180.0,1468.3000000000002,283.46,stat_gov_kz_real_group
2012,Акмолинская область,Масличные (группа),Аккольский,7380.0,634.0,118.02,stat_gov_kz_real_group
2013,Акмолинская область,Масличные (группа),Аккольский,5903.0,733.2,547.16,stat_gov_kz_real_group
2014,Акмолинская область,Масличные (группа),Аккольский,9259.0,1979.0,213.74,stat_gov_kz_real_group
2015,Акмолинская область,Масличные (группа),Аккольский,9265.0,3424.0,369.56,stat_gov_kz_real_group
2016,Акмолинская область,Масличные (группа),Аккольский,2500.0,1033.75,413.5,stat_gov_kz_real_group
2017,Акмолинская область,Масличные (группа),Аккольский,5592.0,2146.2000000000003,383.8,stat_gov_kz_real_group
2018,Акмолинская область,Масличные (группа),Аккольский,5625.0,1352.1000000000001,240.0,stat_gov_kz_real_group
2019,Акмолинская область,Масличные (группа),Аккольский,1971.0,254.8,330.0,stat_gov_kz_real_group
2020,Акмолинская область,Масличные (группа),Аккольский,4503.0,2404.08,530.0,stat_gov_kz_real_group
2021,Акмолинская область,Масличные (группа),Аккольский,6397.0,2435.7000000000003,472.68,stat_gov_kz_real_group
2022,Акмолинская область,Масличные (группа),Аккольский,7714.0,3118.92,430.0,stat_gov_kz_real_group
2023,Акмолинская область,Масличные (группа),Аккольский,4903.0,1539.69,390.0,stat_gov_kz_real_group
2024,Акмолинская область,Масличные (группа),Аккольский,6548.0,6514.3,1490.0,stat_gov_kz_real_group
2025,Акмолинская область,Масличные (группа),Аккольский,12178.0,13723.870000000003,1130.0,stat_gov_kz_real_group
2004,Акмолинская область,Подсолнечник,Аккольский,,147.0,100.0,stat_gov_kz_real
2005,Акмолинская область,Подсолнечник,Аккольский,,722.0,480.0,stat_gov_kz_real
2006,Акмолинская область,Подсолнечник,Аккольский,,153.0,170.0,stat_gov_kz_real
2007,Акмолинская область,Подсолнечник,Аккольский,,85.5,170.0,stat_gov_kz_real
2008,Акмолинская область,Подсолнечник,Аккольский,,96.0,120.0,stat_gov_kz_real
2009,Акмолинская область,Подсолнечник,Аккольский,,295.0,210.0,stat_gov_kz_real
2010,Акмолинская область,Подсолнечник,Аккольский,,440.8,130.0,stat_gov_kz_real
2011,Акмолинская область,Подсолнечник,Аккольский,,1468.3000000000002,280.0,stat_gov_kz_real
2012,Акмолинская область,Подсолнечник,Аккольский,,634.0,120.0,stat_gov_kz_real
2013,Акмолинская область,Подсолнечник,Аккольский,,733.2,550.0,stat_gov_kz_real
2014,Акмолинская область,Подсолнечник,Аккольский,,365.8,90.0,stat_gov_kz_real
2015,Акмолинская область,Подсолнечник,Аккольский,,19.0,9.5,stat_gov_kz_real
2016,Акмолинская область,Подсолнечник,Аккольский,,205.0,409.99999999999994,stat_gov_kz_real
2017,Акмолинская область,Подсолнечник,Аккольский,,674.0,420.0,stat_gov_kz_real
2019,Акмолинская область,Подсолнечник,Аккольский,,252.0,400.0,stat_gov_kz_real
2020,Акмолинская область,Подсолнечник,Аккольский,,512.0,500.0,stat_gov_kz_real
2021,Акмолинская область,Подсолнечник,Аккольский,,97.5,100.0,stat_gov_kz_real
2022,Акмолинская область,Подсолнечник,Аккольский,,26.3,850.0,stat_gov_kz_real
2023,Акмолинская область,Подсолнечник,Аккольский,,994.3100000000001,660.0,stat_gov_kz_real
2024,Акмолинская область,Подсолнечник,Аккольский,,5489.0,1750.0,stat_gov_kz_real
2025,Акмолинская область,Подсолнечник,Аккольский,,6322.200000000001,1190.0,stat_gov_kz_real
1991,Акмолинская область,Пшеница,Аккольский,,62100.0,,stat_gov_kz_real
1992,Акмолинская область,Пшеница,Аккольский,,207400.0,,stat_gov_kz_real
1993,Акмолинская область,Пшеница,Аккольский,,113400.0,,stat_gov_kz_real
1994,Акмолинская область,Пшеница,Аккольский,,64400.00000000001,,stat_gov_kz_real
1995,Акмолинская область,Пшеница,Аккольский,,76400.0,,stat_gov_kz_real
1996,Акмолинская область,Пшеница,Аккольский,,72700.0,,stat_gov_kz_real
1997,Акмолинская область,Пшеница,Аккольский,,53400.0,459.99999999999994,stat_gov_kz_real
1998,Акмолинская область,Пшеница,Аккольский,,26400.0,360.0,stat_gov_kz_real
1999,Акмолинская область,Пшеница,Аккольский,78.5,106300.0,1470.0,stat_gov_kz_real
2000,Акмолинская область,Пшеница,Аккольский,86.9,76900.0,890.0,stat_gov_kz_real
2001,Акмолинская область,Пшеница,Аккольский,86.8,101980.0,1170.0,stat_gov_kz_real
2002,Акмолинская область,Пшеница,Аккольский,116.5,96900.0,830.0000000000001,stat_gov_kz_real
2003,Акмолинская область,Пшеница,Аккольский,116.7,93300.0,800.0,stat_gov_kz_real
2004,Акмолинская область,Пшеница,Аккольский,112000.0,54534.600000000006,490.00000000000006,stat_gov_kz_real
2005,Акмолинская область,Пшеница,Аккольский,112538.0,75389.3,700.0,stat_gov_kz_real
2006,Акмолинская область,Пшеница,Аккольский,100339.0,94488.40000000001,950.0,stat_gov_kz_real
2007,Акмолинская область,Пшеница,Аккольский,105929.0,95623.40000000001,900.0,stat_gov_kz_real
2008,Акмолинская область,Пшеница,Аккольский,123463.0,42389.3,400.0,stat_gov_kz_real
2009,Акмолинская область,Пшеница,Аккольский,125296.0,160281.16000000003,1270.0,stat_gov_kz_real
2010,Акмолинская область,Пшеница,Аккольский,124065.0,68191.6,580.0,stat_gov_kz_real
2011,Акмолинская область,Пшеница,Аккольский,108207.0,136068.0,1260.0,stat_gov_kz_real
2012,Акмолинская область,Пшеница,Аккольский,114876.0,64208.100000000006,580.0,stat_gov_kz_real
2013,Акмолинская область,Пшеница,Аккольский,105960.7,93752.70000000001,880.0000000000001,stat_gov_kz_real
2014,Акмолинская область,Пшеница,Аккольский,101106.35,84320.97700000001,830.0000000000001,stat_gov_kz_real
2015,Акмолинская область,Пшеница,Аккольский,89914.0,91259.68800000001,1050.0,stat_gov_kz_real
2016,Акмолинская область,Пшеница,Аккольский,103395.0,106763.3,1030.0,stat_gov_kz_real
2017,Акмолинская область,Пшеница,Аккольский,106210.0,98359.6,930.0000000000001,stat_gov_kz_real
2018,Акмолинская область,Пшеница,Аккольский,104623.5,109098.11000000002,1040.0,stat_gov_kz_real
2019,Акмолинская область,Пшеница,Аккольский,109014.7,106327.6,980.0000000000001,stat_gov_kz_real
2020,Акмолинская область,Пшеница,Аккольский,106861.0,127815.0,1200.0,stat_gov_kz_real
2021,Акмолинская область,Пшеница,Аккольский,117665.0,107764.90000000001,917.2700000000001,stat_gov_kz_real
2022,Акмолинская область,Пшеница,Аккольский,138977.2,150121.2,1080.1299999999999,stat_gov_kz_real
2023,Акмолинская область,Пшеница,Аккольский,144359.5,66163.09000000001,530.0,stat_gov_kz_real
2024,Акмолинская область,Пшеница,Аккольский,135000.4,184990.55000000002,1430.0,stat_gov_kz_real
2025,Акмолинская область,Пшеница,Аккольский,133984.13,208166.5,1550.0,stat_gov_kz_real
1991,Акмолинская область,Зерновые и бобовые (группа),Аршалынский,208000.0,133300.0,710.0,stat_gov_kz_real_group
1992,Акмолинская область,Зерновые и бобовые (группа),Аршалынский,204000.0,322700.0,1870.0,stat_gov_kz_real_group
1993,Акмолинская область,Зерновые и бобовые (группа),Аршалынский,198700.0,216200.0,1220.0,stat_gov_kz_real_group
1994,Акмолинская область,Зерновые и бобовые (группа),Аршалынский,180700.0,123100.0,680.0,stat_gov_kz_real_group
1995,Акмолинская область,Зерновые и бобовые (группа),Аршалынский,172500.0,141300.0,819.9999999999999,stat_gov_kz_real_group
1996,Акмолинская область,Зерновые и бобовые (группа),Аршалынский,175200.0,176600.0,1120.0,stat_gov_kz_real_group
1997,Акмолинская область,Зерновые и бобовые (группа),Аршалынский,167400.0,102000.0,650.0,stat_gov_kz_real_group
1998,Акмолинская область,Зерновые и бобовые (группа),Аршалынский,146800.0,63500.0,459.99999999999994,stat_gov_kz_real_group
1999,Акмолинская область,Зерновые и бобовые (группа),Аршалынский,139584.0,159400.0,1140.0,stat_gov_kz_real_group
2000,Акмолинская область,Зерновые и бобовые (группа),Аршалынский,165055.0,137000.0,830.0000000000001,stat_gov_kz_real_group
2001,Акмолинская область,Зерновые и бобовые (группа),Аршалынский,180000.0,179000.0,990.0,stat_gov_kz_real_group
2002,Акмолинская область,Зерновые и бобовые (группа),Аршалынский,180500.0,158100.0,880.0000000000001,stat_gov_kz_real_group
2003,Акмолинская область,Зерновые и бобовые (группа),Аршалынский,162000.0,102600.0,630.0,stat_gov_kz_real_group
2004,Акмолинская область,Зерновые и бобовые (группа),Аршалынский,145829.0,115076.70000000001,790.0,stat_gov_kz_real_group
2005,Акмолинская область,Зерновые и бобовые (группа),Аршалынский,150114.0,88233.20000000001,640.0,stat_gov_kz_real_group
2006,Акмолинская область,Зерновые и бобовые (группа),Аршалынский,140432.0,129495.6,919.9999999999999,stat_gov_kz_real_group
2007,Акмолинская область,Зерновые и бобовые (группа),Аршалынский,146749.0,187426.40000000002,1280.0,stat_gov_kz_real_group
2008,Акмолинская область,Зерновые и бобовые (группа),Аршалынский,162859.0,131810.4,810.0,stat_gov_kz_real_group
2009,Акмолинская область,Зерновые и бобовые (группа),Аршалынский,180917.0,213525.5,1180.0,stat_gov_kz_real_group
2010,Акмолинская область,Зерновые и бобовые (группа),Аршалынский,179400.0,138385.80000000002,819.9999999999999,stat_gov_kz_real_group
2011,Акмолинская область,Зерновые и бобовые (группа),Аршалынский,158489.0,182299.69,1260.0,stat_gov_kz_real_group
2012,Акмолинская область,Зерновые и бобовые (группа),Аршалынский,162036.0,105318.40000000001,740.0,stat_gov_kz_real_group
2013,Акмолинская область,Зерновые и бобовые (группа),Аршалынский,165676.82,192962.7,1190.0,stat_gov_kz_real_group
2014,Акмолинская область,Зерновые и бобовые (группа),Аршалынский,164071.21,178627.94700000001,1110.0,stat_gov_kz_real_group
2015,Акмолинская область,Зерновые и бобовые (группа),Аршалынский,165708.0,168205.2,1067.52,stat_gov_kz_real_group
2016,Акмолинская область,Зерновые и бобовые (группа),Аршалынский,173125.0,169616.80000000002,979.74,stat_gov_kz_real_group
2017,Акмолинская область,Зерновые и бобовые (группа),Аршалынский,173554.2,133478.94,778.18,stat_gov_kz_real_group
2018,Акмолинская область,Зерновые и бобовые (группа),Аршалынский,171117.9,181562.96000000002,1090.0,stat_gov_kz_real_group
2019,Акмолинская область,Зерновые и бобовые (группа),Аршалынский,175421.0,128381.8,730.0,stat_gov_kz_real_group
2020,Акмолинская область,Зерновые и бобовые (группа),Аршалынский,176677.0,228916.90000000002,1310.0,stat_gov_kz_real_group
2021,Акмолинская область,Зерновые и бобовые (группа),Аршалынский,191114.2,173805.2,915.85,stat_gov_kz_real_group
2022,Акмолинская область,Зерновые и бобовые (группа),Аршалынский,194289.5,173158.2,892.74,stat_gov_kz_real_group
2023,Акмолинская область,Зерновые и бобовые (группа),Аршалынский,209119.3,103453.70000000001,540.0,stat_gov_kz_real_group
2024,Акмолинская область,Зерновые и бобовые (группа),Аршалынский,204994.2,269530.3,1320.0,stat_gov_kz_real_group
2025,Акмолинская область,Зерновые и бобовые (группа),Аршалынский,199646.25,262302.72000000003,1330.0,stat_gov_kz_real_group
1991,Акмолинская область,Масличные (группа),Аршалынский,1000.0,133.4,140.0,stat_gov_kz_real_group
1992,Акмолинская область,Масличные (группа),Аршалынский,1900.0,295.0,180.0,stat_gov_kz_real_group
1993,Акмолинская область,Масличные (группа),Аршалынский,1400.0,209.70000000000002,160.0,stat_gov_kz_real_group
1994,Акмолинская область,Масличные (группа),Аршалынский,1600.0,953.3000000000001,600.0,stat_gov_kz_real_group
1995,Акмолинская область,Масличные (группа),Аршалынский,1600.0,331.20000000000005,210.0,stat_gov_kz_real_group
1996,Акмолинская область,Масличные (группа),Аршалынский,1500.0,425.90000000000003,,stat_gov_kz_real_group
1997,Акмолинская область,Масличные (группа),Аршалынский,800.0,112.7,,stat_gov_kz_real_group
1998,Акмолинская область,Масличные (группа),Аршалынский,900.0,70.9,,stat_gov_kz_real_group
1999,Акмолинская область,Масличные (группа),Аршалынский,800.0,274.2,350.0,stat_gov_kz_real_group
2000,Акмолинская область,Масличные (группа),Аршалынский,400.0,61.6,150.0,stat_gov_kz_real_group
2001,Акмолинская область,Масличные (группа),Аршалынский,440.0,62.5,140.0,stat_gov_kz_real_group
2002,Акмолинская область,Масличные (группа),Аршалынский,440.0,42.0,100.0,stat_gov_kz_real_group
2003,Акмолинская область,Масличные (группа),Аршалынский,1100.0,73.5,70.0,stat_gov_kz_real_group
2004,Акмолинская область,Масличные (группа),Аршалынский,300.0,28.0,90.0,stat_gov_kz_real_group
2005,Акмолинская область,Масличные (группа),Аршалынский,80.0,3.4000000000000004,40.0,stat_gov_kz_real_group
2008,Акмолинская область,Масличные (группа),Аршалынский,504.0,5.6000000000000005,,stat_gov_kz_real_group
2009,Акмолинская область,Масличные (группа),Аршалынский,700.0,60.400000000000006,300.0,stat_gov_kz_real_group
2010,Акмолинская область,Масличные (группа),Аршалынский,3196.0,688.3000000000001,220.00000000000003,stat_gov_kz_real_group
2011,Акмолинская область,Масличные (группа),Аршалынский,6071.0,4138.5,681.68,stat_gov_kz_real_group
2012,Акмолинская область,Масличные (группа),Аршалынский,9661.0,1114.1000000000001,145.42,stat_gov_kz_real_group
2013,Акмолинская область,Масличные (группа),Аршалынский,8841.0,3442.7000000000003,512.99,stat_gov_kz_real_group
2014,Акмолинская область,Масличные (группа),Аршалынский,11845.0,4524.7,409.22,stat_gov_kz_real_group
2015,Акмолинская область,Масличные (группа),Аршалынский,9239.0,3423.8,399.6,stat_gov_kz_real_group
2016,Акмолинская область,Масличные (группа),Аршалынский,9115.0,4863.3,533.55,stat_gov_kz_real_group
2017,Акмолинская область,Масличные (группа),Аршалынский,4392.0,1992.7,453.71,stat_gov_kz_real_group
2018,Акмолинская область,Масличные (группа),Аршалынский,4388.0,1611.0,440.00000000000006,stat_gov_kz_real_group
2019,Акмолинская область,Масличные (группа),Аршалынский,3290.0,1508.5,459.99999999999994,stat_gov_kz_real_group
2020,Акмолинская область,Масличные (группа),Аршалынский,4752.0,3161.4,670.0,stat_gov_kz_real_group
2021,Акмолинская область,Масличные (группа),Аршалынский,6586.0,2537.6000000000004,385.3,stat_gov_kz_real_group
2022,Акмолинская область,Масличные (группа),Аршалынский,12784.0,5479.8,430.0,stat_gov_kz_real_group
2023,Акмолинская область,Масличные (группа),Аршалынский,6013.0,1497.7,270.0,stat_gov_kz_real_group
2024,Акмолинская область,Масличные (группа),Аршалынский,4853.0,4013.0,990.0,stat_gov_kz_real_group
2025,Акмолинская область,Масличные (группа),Аршалынский,18489.0,16507.38,890.0,stat_gov_kz_real_group
1991,Акмолинская область,Подсолнечник,Аршалынский,,93.0,140.0,stat_gov_kz_real
1992,Акмолинская область,Подсолнечник,Аршалынский,,175.0,130.0,stat_gov_kz_real
1993,Акмолинская область,Подсолнечник,Аршалынский,,183.60000000000002,170.0,stat_gov_kz_real
1994,Акмолинская область,Подсолнечник,Аршалынский,,670.8000000000001,480.0,stat_gov_kz_real
1995,Акмолинская область,Подсолнечник,Аршалынский,,140.6,240.0,stat_gov_kz_real
1996,Акмолинская область,Подсолнечник,Аршалынский,,425.90000000000003,290.0,stat_gov_kz_real
1997,Акмолинская область,Подсолнечник,Аршалынский,,112.7,140.0,stat_gov_kz_real
1998,Акмолинская область,Подсолнечник,Аршалынский,,50.900000000000006,80.0,stat_gov_kz_real
1999,Акмолинская область,Подсолнечник,Аршалынский,,196.20000000000002,310.0,stat_gov_kz_real
2000,Акмолинская область,Подсолнечник,Аршалынский,,46.0,160.0,stat_gov_kz_real
2001,Акмолинская область,Подсолнечник,Аршалынский,,49.5,130.0,stat_gov_kz_real
2002,Акмолинская область,Подсолнечник,Аршалынский,,22.0,60.0,stat_gov_kz_real
2003,Акмолинская область,Подсолнечник,Аршалынский,,63.5,60.0,stat_gov_kz_real
2004,Акмолинская область,Подсолнечник,Аршалынский,,28.0,90.0,stat_gov_kz_real
2005,Акмолинская область,Подсолнечник,Аршалынский,,3.4000000000000004,40.0,stat_gov_kz_real
2010,Акмолинская область,Подсолнечник,Аршалынский,,209.0,229.99999999999997,stat_gov_kz_real
2011,Акмолинская область,Подсолнечник,Аршалынский,,1186.0,1050.0,stat_gov_kz_real
2012,Акмолинская область,Подсолнечник,Аршалынский,,630.0,140.0,stat_gov_kz_real
2013,Акмолинская область,Подсолнечник,Аршалынский,,1036.0,250.0,stat_gov_kz_real
2014,Акмолинская область,Подсолнечник,Аршалынский,,610.0,200.0,stat_gov_kz_real
2015,Акмолинская область,Подсолнечник,Аршалынский,,864.5,632.87,stat_gov_kz_real
2016,Акмолинская область,Подсолнечник,Аршалынский,,2403.0,530.0,stat_gov_kz_real
2017,Акмолинская область,Подсолнечник,Аршалынский,,841.5,520.0,stat_gov_kz_real
2018,Акмолинская область,Подсолнечник,Аршалынский,,144.70000000000002,240.0,stat_gov_kz_real
2021,Акмолинская область,Подсолнечник,Аршалынский,,9.5,950.0,stat_gov_kz_real
2023,Акмолинская область,Подсолнечник,Аршалынский,,7198.94,,stat_gov_kz_real
2024,Акмолинская область,Подсолнечник,Аршалынский,,183.10000000000002,1830.0,stat_gov_kz_real
2025,Акмолинская область,Подсолнечник,Аршалынский,,1846.1000000000001,940.0,stat_gov_kz_real
1991,Акмолинская область,Пшеница,Аршалынский,,82600.0,830.0000000000001,stat_gov_kz_real
1992,Акмолинская область,Пшеница,Аршалынский,,189300.0,1720.0,stat_gov_kz_real
1993,Акмолинская область,Пшеница,Аршалынский,,110900.0,1120.0,stat_gov_kz_real
1994,Акмолинская область,Пшеница,Аршалынский,,78100.0,650.0,stat_gov_kz_real
1995,Акмолинская область,Пшеница,Аршалынский,,104100.0,790.0,stat_gov_kz_real
1996,Акмолинская область,Пшеница,Аршалынский,,125000.0,969.9999999999999,stat_gov_kz_real
1997,Акмолинская область,Пшеница,Аршалынский,,80400.0,650.0,stat_gov_kz_real
1998,Акмолинская область,Пшеница,Аршалынский,,54700.0,480.0,stat_gov_kz_real
1999,Акмолинская область,Пшеница,Аршалынский,120.8,132500.0,1100.0,stat_gov_kz_real
2000,Акмолинская область,Пшеница,Аршалынский,134.4,109200.0,810.0,stat_gov_kz_real
2001,Акмолинская область,Пшеница,Аршалынский,250.0,130080.00000000001,940.0,stat_gov_kz_real
2002,Акмолинская область,Пшеница,Аршалынский,150.8,128300.00000000001,850.0,stat_gov_kz_real
2003,Акмолинская область,Пшеница,Аршалынский,111.2,73400.0,660.0,stat_gov_kz_real
2004,Акмолинская область,Пшеница,Аршалынский,117452.0,98295.70000000001,840.0,stat_gov_kz_real
2005,Акмолинская область,Пшеница,Аршалынский,130480.0,74912.40000000001,630.0,stat_gov_kz_real
2006,Акмолинская область,Пшеница,Аршалынский,118529.0,107804.6,910.0,stat_gov_kz_real
2007,Акмолинская область,Пшеница,Аршалынский,125061.0,150318.30000000002,1200.0,stat_gov_kz_real
2008,Акмолинская область,Пшеница,Аршалынский,138203.0,106224.5,770.0,stat_gov_kz_real
2009,Акмолинская область,Пшеница,Аршалынский,151732.0,171674.69,1130.0,stat_gov_kz_real
2010,Акмолинская область,Пшеница,Аршалынский,151700.0,110911.1,790.0,stat_gov_kz_real
2011,Акмолинская область,Пшеница,Аршалынский,132733.0,153342.46000000002,1260.0,stat_gov_kz_real
2012,Акмолинская область,Пшеница,Аршалынский,135100.0,90867.20000000001,740.0,stat_gov_kz_real
2013,Акмолинская область,Пшеница,Аршалынский,138177.0,152250.0,1130.0,stat_gov_kz_real
2014,Акмолинская область,Пшеница,Аршалынский,136408.2,146884.052,1090.0,stat_gov_kz_real
2015,Акмолинская область,Пшеница,Аршалынский,139434.0,143359.5,1080.0,stat_gov_kz_real
2016,Акмолинская область,Пшеница,Аршалынский,147246.0,137075.6,930.0000000000001,stat_gov_kz_real
2017,Акмолинская область,Пшеница,Аршалынский,144410.2,111021.94,770.0,stat_gov_kz_real
2018,Акмолинская область,Пшеница,Аршалынский,142811.9,147021.26,1060.0,stat_gov_kz_real
2019,Акмолинская область,Пшеница,Аршалынский,129658.0,95463.90000000001,740.0,stat_gov_kz_real
2020,Акмолинская область,Пшеница,Аршалынский,135487.0,175564.40000000002,1300.0,stat_gov_kz_real
2021,Акмолинская область,Пшеница,Аршалынский,156580.0,144993.6,929.3100000000001,stat_gov_kz_real
2022,Акмолинская область,Пшеница,Аршалынский,161501.5,146855.80000000002,910.49,stat_gov_kz_real
2023,Акмолинская область,Пшеница,Аршалынский,176389.3,88516.3,540.0,stat_gov_kz_real
2024,Акмолинская область,Пшеница,Аршалынский,167869.6,219927.5,1310.0,stat_gov_kz_real
2025,Акмолинская область,Пшеница,Аршалынский,168623.25,223013.44,1340.0,stat_gov_kz_real
1991,Акмолинская область,Зерновые и бобовые (группа),Астраханский,317900.0,180400.0,630.0,stat_gov_kz_real_group
1992,Акмолинская область,Зерновые и бобовые (группа),Астраханский,318800.0,459100.0,1610.0000000000002,stat_gov_kz_real_group
1993,Акмолинская область,Зерновые и бобовые (группа),Астраханский,306500.0,272000.0,1000.0,stat_gov_kz_real_group
1994,Акмолинская область,Зерновые и бобовые (группа),Астраханский,273800.0,152300.0,560.0,stat_gov_kz_real_group
1995,Акмолинская область,Зерновые и бобовые (группа),Астраханский,251200.0,139000.0,550.0,stat_gov_kz_real_group
1996,Акмолинская область,Зерновые и бобовые (группа),Астраханский,225500.0,132200.0,650.0,stat_gov_kz_real_group
1997,Акмолинская область,Зерновые и бобовые (группа),Астраханский,237700.0,110800.0,509.99999999999994,stat_gov_kz_real_group
1998,Акмолинская область,Зерновые и бобовые (группа),Астраханский,210000.0,67300.0,360.0,stat_gov_kz_real_group
1999,Акмолинская область,Зерновые и бобовые (группа),Астраханский,200100.0,274200.0,1370.0,stat_gov_kz_real_group
2000,Акмолинская область,Зерновые и бобовые (группа),Астраханский,250140.0,191400.0,770.0,stat_gov_kz_real_group
2001,Акмолинская область,Зерновые и бобовые (группа),Астраханский,275000.0,294000.0,1070.0,stat_gov_kz_real_group
2002,Акмолинская область,Зерновые и бобовые (группа),Астраханский,310000.0,262100.00000000003,850.0,stat_gov_kz_real_group
2003,Акмолинская область,Зерновые и бобовые (группа),Астраханский,313400.0,261700.0,840.0,stat_gov_kz_real_group
2004,Акмолинская область,Зерновые и бобовые (группа),Астраханский,276000.0,190920.7,700.0,stat_gov_kz_real_group
2005,Акмолинская область,Зерновые и бобовые (группа),Астраханский,277096.0,226669.40000000002,830.0000000000001,stat_gov_kz_real_group
2006,Акмолинская область,Зерновые и бобовые (группа),Астраханский,296117.0,187547.30000000002,640.0,stat_gov_kz_real_group
2007,Акмолинская область,Зерновые и бобовые (группа),Астраханский,313057.0,250423.6,819.9999999999999,stat_gov_kz_real_group
2008,Акмолинская область,Зерновые и бобовые (группа),Астраханский,326494.0,190080.7,590.0,stat_gov_kz_real_group
2009,Акмолинская область,Зерновые и бобовые (группа),Астраханский,346579.0,330428.9,950.0,stat_gov_kz_real_group
2010,Акмолинская область,Зерновые и бобовые (группа),Астраханский,329348.0,122731.0,380.0,stat_gov_kz_real_group
2011,Акмолинская область,Зерновые и бобовые (группа),Астраханский,321747.1,407580.2,1270.0,stat_gov_kz_real_group
2012,Акмолинская область,Зерновые и бобовые (группа),Астраханский,321345.0,199665.7,640.0,stat_gov_kz_real_group
2013,Акмолинская область,Зерновые и бобовые (группа),Астраханский,331670.27,328068.30000000005,990.0,stat_gov_kz_real_group
2014,Акмолинская область,Зерновые и бобовые (группа),Астраханский,316669.52,352930.358,1110.0,stat_gov_kz_real_group
2015,Акмолинская область,Зерновые и бобовые (группа),Астраханский,322449.0,322991.4,1063.19,stat_gov_kz_real_group
2016,Акмолинская область,Зерновые и бобовые (группа),Астраханский,328246.4,388171.48,1182.56,stat_gov_kz_real_group
2017,Акмолинская область,Зерновые и бобовые (группа),Астраханский,326403.2,343919.25,1054.3100000000002,stat_gov_kz_real_group
2018,Акмолинская область,Зерновые и бобовые (группа),Астраханский,341800.2,416333.65,1220.0,stat_gov_kz_real_group
2019,Акмолинская область,Зерновые и бобовые (группа),Астраханский,357584.3,322333.42000000004,900.0,stat_gov_kz_real_group
2020,Акмолинская область,Зерновые и бобовые (группа),Астраханский,363875.3,424169.0900000001,1170.0,stat_gov_kz_real_group
2021,Акмолинская область,Зерновые и бобовые (группа),Астраханский,360672.66,367964.683,1024.56,stat_gov_kz_real_group
2022,Акмолинская область,Зерновые и бобовые (группа),Астраханский,350401.9,342915.93,978.6400000000001,stat_gov_kz_real_group
2023,Акмолинская область,Зерновые и бобовые (группа),Астраханский,377805.4,249331.09,660.0,stat_gov_kz_real_group
2024,Акмолинская область,Зерновые и бобовые (группа),Астраханский,355475.47,452762.75,1290.0,stat_gov_kz_real_group
2025,Акмолинская область,Зерновые и бобовые (группа),Астраханский,368543.5,539564.3,1470.0,stat_gov_kz_real_group
1991,Акмолинская область,Масличные (группа),Астраханский,1500.0,162.8,110.00000000000001,stat_gov_kz_real_group
1992,Акмолинская область,Масличные (группа),Астраханский,3100.0,496.5,170.0,stat_gov_kz_real_group
1993,Акмолинская область,Масличные (группа),Астраханский,1500.0,199.0,140.0,stat_gov_kz_real_group
1994,Акмолинская область,Масличные (группа),Астраханский,1600.0,252.60000000000002,160.0,stat_gov_kz_real_group
1995,Акмолинская область,Масличные (группа),Астраханский,800.0,130.6,150.0,stat_gov_kz_real_group
1996,Акмолинская область,Масличные (группа),Астраханский,1400.0,194.10000000000002,,stat_gov_kz_real_group
1997,Акмолинская область,Масличные (группа),Астраханский,400.0,3.0,,stat_gov_kz_real_group
2000,Акмолинская область,Масличные (группа),Астраханский,100.0,1.2000000000000002,10.0,stat_gov_kz_real_group
2001,Акмолинская область,Масличные (группа),Астраханский,110.0,13.5,120.0,stat_gov_kz_real_group
2002,Акмолинская область,Масличные (группа),Астраханский,100.0,3.5,40.0,stat_gov_kz_real_group
2003,Акмолинская область,Масличные (группа),Астраханский,1000.0,,,stat_gov_kz_real_group
2008,Акмолинская область,Масличные (группа),Астраханский,770.0,5.0,,stat_gov_kz_real_group
2009,Акмолинская область,Масличные (группа),Астраханский,100.0,16.0,160.0,stat_gov_kz_real_group
2010,Акмолинская область,Масличные (группа),Астраханский,7575.0,1654.0,220.00000000000003,stat_gov_kz_real_group
2011,Акмолинская область,Масличные (группа),Астраханский,12340.0,5463.6,442.76,stat_gov_kz_real_group
2012,Акмолинская область,Масличные (группа),Астраханский,12340.0,5160.6,448.63,stat_gov_kz_real_group
2013,Акмолинская область,Масличные (группа),Астраханский,12500.0,3573.0,417.36,stat_gov_kz_real_group
2014,Акмолинская область,Масличные (группа),Астраханский,11985.0,3716.3,462.23,stat_gov_kz_real_group
2015,Акмолинская область,Масличные (группа),Астраханский,3806.0,1243.9,523.97,stat_gov_kz_real_group
2016,Акмолинская область,Масличные (группа),Астраханский,16007.0,14163.800000000001,884.8499999999999,stat_gov_kz_real_group
2017,Акмолинская область,Масличные (группа),Астраханский,21739.0,7766.900000000001,364.39,stat_gov_kz_real_group
2018,Акмолинская область,Масличные (группа),Астраханский,15343.0,10144.5,660.0,stat_gov_kz_real_group
2019,Акмолинская область,Масличные (группа),Астраханский,4178.0,3517.4800000000005,860.0,stat_gov_kz_real_group
2020,Акмолинская область,Масличные (группа),Астраханский,4327.0,4770.400000000001,1000.0,stat_gov_kz_real_group
2021,Акмолинская область,Масличные (группа),Астраханский,7970.0,6286.56,788.7800000000001,stat_gov_kz_real_group
2022,Акмолинская область,Масличные (группа),Астраханский,29566.8,14437.560000000001,490.00000000000006,stat_gov_kz_real_group
2023,Акмолинская область,Масличные (группа),Астраханский,7722.0,7451.94,969.9999999999999,stat_gov_kz_real_group
2024,Акмолинская область,Масличные (группа),Астраханский,11883.76,18966.38,1600.0,stat_gov_kz_real_group
2025,Акмолинская область,Масличные (группа),Астраханский,17315.7,30249.740000000005,1750.0,stat_gov_kz_real_group
1991,Акмолинская область,Подсолнечник,Астраханский,,137.1,110.00000000000001,stat_gov_kz_real
1992,Акмолинская область,Подсолнечник,Астраханский,,334.8,150.0,stat_gov_kz_real
1993,Акмолинская область,Подсолнечник,Астраханский,,199.0,140.0,stat_gov_kz_real
1994,Акмолинская область,Подсолнечник,Астраханский,,173.20000000000002,120.0,stat_gov_kz_real
1995,Акмолинская область,Подсолнечник,Астраханский,,83.4,150.0,stat_gov_kz_real
1996,Акмолинская область,Подсолнечник,Астраханский,,194.10000000000002,140.0,stat_gov_kz_real
1997,Акмолинская область,Подсолнечник,Астраханский,,3.0,10.0,stat_gov_kz_real
2000,Акмолинская область,Подсолнечник,Астраханский,,1.2000000000000002,10.0,stat_gov_kz_real
2001,Акмолинская область,Подсолнечник,Астраханский,,13.5,120.0,stat_gov_kz_real
2002,Акмолинская область,Подсолнечник,Астраханский,,3.5,40.0,stat_gov_kz_real
2008,Акмолинская область,Подсолнечник,Астраханский,,5.0,70.0,stat_gov_kz_real
2009,Акмолинская область,Подсолнечник,Астраханский,,16.0,160.0,stat_gov_kz_real
2010,Акмолинская область,Подсолнечник,Астраханский,,1338.0,240.0,stat_gov_kz_real
2011,Акмолинская область,Подсолнечник,Астраханский,,3527.5,430.0,stat_gov_kz_real
2012,Акмолинская область,Подсолнечник,Астраханский,,3233.2000000000003,620.0,stat_gov_kz_real
2013,Акмолинская область,Подсолнечник,Астраханский,,1983.4,470.0,stat_gov_kz_real
2014,Акмолинская область,Подсолнечник,Астраханский,,1931.0,620.0,stat_gov_kz_real
2015,Акмолинская область,Подсолнечник,Астраханский,,53.0,235.56,stat_gov_kz_real
2016,Акмолинская область,Подсолнечник,Астраханский,,125.0,280.0,stat_gov_kz_real
2018,Акмолинская область,Подсолнечник,Астраханский,,1317.0,1430.0,stat_gov_kz_real
2019,Акмолинская область,Подсолнечник,Астраханский,,3022.0,919.9999999999999,stat_gov_kz_real
2020,Акмолинская область,Подсолнечник,Астраханский,,4453.400000000001,1470.0,stat_gov_kz_real
2021,Акмолинская область,Подсолнечник,Астраханский,,4000.0,1050.0,stat_gov_kz_real
2022,Акмолинская область,Подсолнечник,Астраханский,,5428.380000000001,1080.0,stat_gov_kz_real
2023,Акмолинская область,Подсолнечник,Астраханский,,,1050.0,stat_gov_kz_real
2024,Акмолинская область,Подсолнечник,Астраханский,,18264.38,1600.0,stat_gov_kz_real
2025,Акмолинская область,Подсолнечник,Астраханский,,27604.920000000002,1810.0000000000002,stat_gov_kz_real
1991,Акмолинская область,Пшеница,Астраханский,,147800.0,790.0,stat_gov_kz_real
1992,Акмолинская область,Пшеница,Астраханский,,378800.0,1760.0000000000002,stat_gov_kz_real
1993,Акмолинская область,Пшеница,Астраханский,,198800.0,940.0,stat_gov_kz_real
1994,Акмолинская область,Пшеница,Астраханский,,112900.0,520.0,stat_gov_kz_real
1995,Акмолинская область,Пшеница,Астраханский,,111900.0,560.0,stat_gov_kz_real
1996,Акмолинская область,Пшеница,Астраханский,,107400.0,620.0,stat_gov_kz_real
1997,Акмолинская область,Пшеница,Астраханский,,103800.0,540.0,stat_gov_kz_real
1998,Акмолинская область,Пшеница,Астраханский,,54800.0,360.0,stat_gov_kz_real
1999,Акмолинская область,Пшеница,Астраханский,175.4,235800.0,1340.0,stat_gov_kz_real
2000,Акмолинская область,Пшеница,Астраханский,224.9,166500.0,740.0,stat_gov_kz_real
2001,Акмолинская область,Пшеница,Астраханский,291.2,259769.99999999997,1040.0,stat_gov_kz_real
2002,Акмолинская область,Пшеница,Астраханский,283.2,235000.0,830.0000000000001,stat_gov_kz_real
2003,Акмолинская область,Пшеница,Астраханский,285.0,231400.0,810.0,stat_gov_kz_real
2004,Акмолинская область,Пшеница,Астраханский,244300.0,168643.80000000002,700.0,stat_gov_kz_real
2005,Акмолинская область,Пшеница,Астраханский,255733.0,206322.5,819.9999999999999,stat_gov_kz_real
2006,Акмолинская область,Пшеница,Астраханский,266384.0,170519.40000000002,640.0,stat_gov_kz_real
2007,Акмолинская область,Пшеница,Астраханский,286053.0,231826.2,830.0000000000001,stat_gov_kz_real
2008,Акмолинская область,Пшеница,Астраханский,301260.0,173805.65000000002,590.0,stat_gov_kz_real
2009,Акмолинская область,Пшеница,Астраханский,318310.0,302345.10000000003,950.0,stat_gov_kz_real
2010,Акмолинская область,Пшеница,Астраханский,310685.0,117700.20000000001,390.0,stat_gov_kz_real
2011,Акмолинская область,Пшеница,Астраханский,301916.0,381195.2,1260.0,stat_gov_kz_real
2012,Акмолинская область,Пшеница,Астраханский,289590.0,179216.2,640.0,stat_gov_kz_real
2013,Акмолинская область,Пшеница,Астраханский,294376.2,289523.8,980.0000000000001,stat_gov_kz_real
2014,Акмолинская область,Пшеница,Астраханский,289373.13,324766.18500000006,1120.0,stat_gov_kz_real
2015,Акмолинская область,Пшеница,Астраханский,290433.0,290305.60000000003,1060.0,stat_gov_kz_real
2016,Акмолинская область,Пшеница,Астраханский,305663.4,358500.53,1170.0,stat_gov_kz_real
2017,Акмолинская область,Пшеница,Астраханский,301187.2,318603.39,1060.0,stat_gov_kz_real
2018,Акмолинская область,Пшеница,Астраханский,302329.2,359524.92000000004,1190.0,stat_gov_kz_real
2019,Акмолинская область,Пшеница,Астраханский,313846.3,278753.17000000004,890.0,stat_gov_kz_real
2020,Акмолинская область,Пшеница,Астраханский,332118.3,382922.63,1150.0,stat_gov_kz_real
2021,Акмолинская область,Пшеница,Астраханский,328836.55,337482.08,1031.08,stat_gov_kz_real
2022,Акмолинская область,Пшеница,Астраханский,319269.4,312767.18,979.63,stat_gov_kz_real
2023,Акмолинская область,Пшеница,Астраханский,343727.9,230931.41000000003,670.0,stat_gov_kz_real
2024,Акмолинская область,Пшеница,Астраханский,322018.57,412846.23,1300.0,stat_gov_kz_real
2025,Акмолинская область,Пшеница,Астраханский,330955.5,478478.60000000003,1450.0,stat_gov_kz_real
1991,Акмолинская область,Зерновые и бобовые (группа),Атбасарский,356500.0,199500.0,610.0,stat_gov_kz_real_group
1992,Акмолинская область,Зерновые и бобовые (группа),Атбасарский,363000.0,538500.0,1620.0,stat_gov_kz_real_group
1993,Акмолинская область,Зерновые и бобовые (группа),Атбасарский,363800.0,365000.0,1100.0,stat_gov_kz_real_group
1994,Акмолинская область,Зерновые и бобовые (группа),Атбасарский,324900.0,258800.0,800.0,stat_gov_kz_real_group
1995,Акмолинская область,Зерновые и бобовые (группа),Атбасарский,316800.0,218100.0,690.0,stat_gov_kz_real_group
1996,Акмолинская область,Зерновые и бобовые (группа),Атбасарский,317100.0,179300.0,610.0,stat_gov_kz_real_group
1997,Акмолинская область,Зерновые и бобовые (группа),Атбасарский,301900.0,128400.0,500.0,stat_gov_kz_real_group
1998,Акмолинская область,Зерновые и бобовые (группа),Атбасарский,275500.0,73400.0,270.0,stat_gov_kz_real_group
1999,Акмолинская область,Зерновые и бобовые (группа),Атбасарский,223434.0,299000.0,1340.0,stat_gov_kz_real_group
2000,Акмолинская область,Зерновые и бобовые (группа),Атбасарский,287100.0,189600.0,650.0,stat_gov_kz_real_group
2001,Акмолинская область,Зерновые и бобовые (группа),Атбасарский,322508.0,348400.0,1080.0,stat_gov_kz_real_group
2002,Акмолинская область,Зерновые и бобовые (группа),Атбасарский,352470.0,306600.0,869.9999999999999,stat_gov_kz_real_group
2003,Акмолинская область,Зерновые и бобовые (группа),Атбасарский,311371.0,317700.0,1019.9999999999999,stat_gov_kz_real_group
2004,Акмолинская область,Зерновые и бобовые (группа),Атбасарский,327466.0,181999.2,570.0,stat_gov_kz_real_group
2005,Акмолинская область,Зерновые и бобовые (группа),Атбасарский,322786.0,273323.60000000003,860.0,stat_gov_kz_real_group
2006,Акмолинская область,Зерновые и бобовые (группа),Атбасарский,320664.6,274128.10000000003,880.0000000000001,stat_gov_kz_real_group
2007,Акмолинская область,Зерновые и бобовые (группа),Атбасарский,347106.0,355100.5,1060.0,stat_gov_kz_real_group
2008,Акмолинская область,Зерновые и бобовые (группа),Атбасарский,365767.0,281567.60000000003,790.0,stat_gov_kz_real_group
2009,Акмолинская область,Зерновые и бобовые (группа),Атбасарский,423283.0,513889.4,1250.0,stat_gov_kz_real_group
2010,Акмолинская область,Зерновые и бобовые (группа),Атбасарский,426494.0,202971.0,509.99999999999994,stat_gov_kz_real_group
2011,Акмолинская область,Зерновые и бобовые (группа),Атбасарский,416823.0,635837.7000000001,1530.0,stat_gov_kz_real_group
2012,Акмолинская область,Зерновые и бобовые (группа),Атбасарский,416478.0,212831.40000000002,570.0,stat_gov_kz_real_group
2013,Акмолинская область,Зерновые и бобовые (группа),Атбасарский,406793.2,405615.60000000003,1000.0,stat_gov_kz_real_group
2014,Акмолинская область,Зерновые и бобовые (группа),Атбасарский,401156.39,441917.126,1110.0,stat_gov_kz_real_group
2015,Акмолинская область,Зерновые и бобовые (группа),Атбасарский,382538.0,378879.01,991.75,stat_gov_kz_real_group
2016,Акмолинская область,Зерновые и бобовые (группа),Атбасарский,395504.54,456803.40800000005,1154.99,stat_gov_kz_real_group
2017,Акмолинская область,Зерновые и бобовые (группа),Атбасарский,398795.51,473038.08,1186.17,stat_gov_kz_real_group
2018,Акмолинская область,Зерновые и бобовые (группа),Атбасарский,394143.6,443028.11,1120.0,stat_gov_kz_real_group
2019,Акмолинская область,Зерновые и бобовые (группа),Атбасарский,395123.5,379440.30000000005,969.9999999999999,stat_gov_kz_real_group
2020,Акмолинская область,Зерновые и бобовые (группа),Атбасарский,387609.0,417877.60000000003,1120.0,stat_gov_kz_real_group
2021,Акмолинская область,Зерновые и бобовые (группа),Атбасарский,390994.8,309301.3,846.9300000000001,stat_gov_kz_real_group
2022,Акмолинская область,Зерновые и бобовые (группа),Атбасарский,394283.7,460069.86,1226.73,stat_gov_kz_real_group
2023,Акмолинская область,Зерновые и бобовые (группа),Атбасарский,417089.9,343278.44,869.9999999999999,stat_gov_kz_real_group
2024,Акмолинская область,Зерновые и бобовые (группа),Атбасарский,421235.1,524370.61,1280.0,stat_gov_kz_real_group
2025,Акмолинская область,Зерновые и бобовые (группа),Атбасарский,408080.6,619714.33,1580.0,stat_gov_kz_real_group
1991,Акмолинская область,Масличные (группа),Атбасарский,1700.0,299.8,170.0,stat_gov_kz_real_group
1992,Акмолинская область,Масличные (группа),Атбасарский,3800.0,760.4000000000001,220.00000000000003,stat_gov_kz_real_group
1993,Акмолинская область,Масличные (группа),Атбасарский,1000.0,151.20000000000002,180.0,stat_gov_kz_real_group
1994,Акмолинская область,Масличные (группа),Атбасарский,1300.0,261.8,190.0,stat_gov_kz_real_group
1995,Акмолинская область,Масличные (группа),Атбасарский,1300.0,182.0,130.0,stat_gov_kz_real_group
1996,Акмолинская область,Масличные (группа),Атбасарский,1700.0,124.0,,stat_gov_kz_real_group
1997,Акмолинская область,Масличные (группа),Атбасарский,300.0,1.0,,stat_gov_kz_real_group
1998,Акмолинская область,Масличные (группа),Атбасарский,1300.0,91.2,,stat_gov_kz_real_group
1999,Акмолинская область,Масличные (группа),Атбасарский,5400.0,1376.4,260.0,stat_gov_kz_real_group
2000,Акмолинская область,Масличные (группа),Атбасарский,5400.0,847.6,160.0,stat_gov_kz_real_group
2001,Акмолинская область,Масличные (группа),Атбасарский,4100.0,477.20000000000005,120.0,stat_gov_kz_real_group
2002,Акмолинская область,Масличные (группа),Атбасарский,1420.0,224.0,180.0,stat_gov_kz_real_group
2003,Акмолинская область,Масличные (группа),Атбасарский,2870.0,1292.8000000000002,450.0,stat_gov_kz_real_group
2004,Акмолинская область,Масличные (группа),Атбасарский,2557.0,465.0,180.0,stat_gov_kz_real_group
2005,Акмолинская область,Масличные (группа),Атбасарский,1358.0,483.5,360.0,stat_gov_kz_real_group
2006,Акмолинская область,Масличные (группа),Атбасарский,986.0,251.5,260.0,stat_gov_kz_real_group
2007,Акмолинская область,Масличные (группа),Атбасарский,1223.0,212.9,170.0,stat_gov_kz_real_group
2008,Акмолинская область,Масличные (группа),Атбасарский,3324.5,1225.59,,stat_gov_kz_real_group
2009,Акмолинская область,Масличные (группа),Атбасарский,5796.0,1432.3000000000002,250.0,stat_gov_kz_real_group
2010,Акмолинская область,Масличные (группа),Атбасарский,11651.0,1213.3,160.0,stat_gov_kz_real_group
2011,Акмолинская область,Масличные (группа),Атбасарский,7315.0,3529.1000000000004,482.44999999999993,stat_gov_kz_real_group
2012,Акмолинская область,Масличные (группа),Атбасарский,13667.0,4970.0,472.39000000000004,stat_gov_kz_real_group
2013,Акмолинская область,Масличные (группа),Атбасарский,24111.0,5086.700000000001,482.15000000000003,stat_gov_kz_real_group
2014,Акмолинская область,Масличные (группа),Атбасарский,24620.01,5682.75,230.82,stat_gov_kz_real_group
2015,Акмолинская область,Масличные (группа),Атбасарский,13182.0,6499.22,493.03999999999996,stat_gov_kz_real_group
2016,Акмолинская область,Масличные (группа),Атбасарский,16432.03999999998,8143.75,495.6,stat_gov_kz_real_group
2017,Акмолинская область,Масличные (группа),Атбасарский,18588.01,11134.400000000001,599.01,stat_gov_kz_real_group
2018,Акмолинская область,Масличные (группа),Атбасарский,19365.0,13962.720000000001,720.0,stat_gov_kz_real_group
2019,Акмолинская область,Масличные (группа),Атбасарский,19615.0,12084.35,620.0,stat_gov_kz_real_group
2020,Акмолинская область,Масличные (группа),Атбасарский,19844.0,9992.2,509.99999999999994,stat_gov_kz_real_group
2021,Акмолинская область,Масличные (группа),Атбасарский,20957.3,7152.67,390.08,stat_gov_kz_real_group
2022,Акмолинская область,Масличные (группа),Атбасарский,22873.2,10996.910000000002,520.0,stat_gov_kz_real_group
2023,Акмолинская область,Масличные (группа),Атбасарский,15649.3,4908.5,509.99999999999994,stat_gov_kz_real_group
2024,Акмолинская область,Масличные (группа),Атбасарский,16286.0,18883.760000000002,1160.0,stat_gov_kz_real_group
2025,Акмолинская область,Масличные (группа),Атбасарский,36656.0,30254.45,850.0,stat_gov_kz_real_group
1991,Акмолинская область,Подсолнечник,Атбасарский,,146.5,170.0,stat_gov_kz_real
1992,Акмолинская область,Подсолнечник,Атбасарский,,302.1,150.0,stat_gov_kz_real
1993,Акмолинская область,Подсолнечник,Атбасарский,,151.20000000000002,180.0,stat_gov_kz_real
1994,Акмолинская область,Подсолнечник,Атбасарский,,201.70000000000002,180.0,stat_gov_kz_real
1995,Акмолинская область,Подсолнечник,Атбасарский,,135.9,130.0,stat_gov_kz_real
1996,Акмолинская область,Подсолнечник,Атбасарский,,124.0,70.0,stat_gov_kz_real
1997,Акмолинская область,Подсолнечник,Атбасарский,,1.0,0.0,stat_gov_kz_real
1998,Акмолинская область,Подсолнечник,Атбасарский,,91.2,70.0,stat_gov_kz_real
1999,Акмолинская область,Подсолнечник,Атбасарский,,1369.6000000000001,260.0,stat_gov_kz_real
2000,Акмолинская область,Подсолнечник,Атбасарский,,847.6,160.0,stat_gov_kz_real
2001,Акмолинская область,Подсолнечник,Атбасарский,,477.20000000000005,120.0,stat_gov_kz_real
2002,Акмолинская область,Подсолнечник,Атбасарский,,224.0,180.0,stat_gov_kz_real
2003,Акмолинская область,Подсолнечник,Атбасарский,,1292.8000000000002,450.0,stat_gov_kz_real
2004,Акмолинская область,Подсолнечник,Атбасарский,,465.0,180.0,stat_gov_kz_real
2005,Акмолинская область,Подсолнечник,Атбасарский,,483.5,360.0,stat_gov_kz_real
2006,Акмолинская область,Подсолнечник,Атбасарский,,251.5,260.0,stat_gov_kz_real
2007,Акмолинская область,Подсолнечник,Атбасарский,,212.9,170.0,stat_gov_kz_real
2008,Акмолинская область,Подсолнечник,Атбасарский,,1205.79,380.0,stat_gov_kz_real
2009,Акмолинская область,Подсолнечник,Атбасарский,,1432.3000000000002,250.0,stat_gov_kz_real
2010,Акмолинская область,Подсолнечник,Атбасарский,,925.0,200.0,stat_gov_kz_real
2011,Акмолинская область,Подсолнечник,Атбасарский,,2186.6,360.0,stat_gov_kz_real
2012,Акмолинская область,Подсолнечник,Атбасарский,,4583.5,480.0,stat_gov_kz_real
2013,Акмолинская область,Подсолнечник,Атбасарский,,3388.5,390.0,stat_gov_kz_real
2014,Акмолинская область,Подсолнечник,Атбасарский,,3055.6000000000004,180.0,stat_gov_kz_real
2015,Акмолинская область,Подсолнечник,Атбасарский,,3647.2000000000003,449.49,stat_gov_kz_real
2016,Акмолинская область,Подсолнечник,Атбасарский,,5166.8,540.0,stat_gov_kz_real
2017,Акмолинская область,Подсолнечник,Атбасарский,,7647.0,540.0,stat_gov_kz_real
2018,Акмолинская область,Подсолнечник,Атбасарский,,6298.5,670.0,stat_gov_kz_real
2019,Акмолинская область,Подсолнечник,Атбасарский,,5030.200000000001,600.0,stat_gov_kz_real
2020,Акмолинская область,Подсолнечник,Атбасарский,,2686.7000000000003,509.99999999999994,stat_gov_kz_real
2021,Акмолинская область,Подсолнечник,Атбасарский,,2394.4500000000003,400.0,stat_gov_kz_real
2022,Акмолинская область,Подсолнечник,Атбасарский,,3763.8,800.0,stat_gov_kz_real
2023,Акмолинская область,Подсолнечник,Атбасарский,,1576.8000000000002,430.0,stat_gov_kz_real
2024,Акмолинская область,Подсолнечник,Атбасарский,,8988.0,1160.0,stat_gov_kz_real
2025,Акмолинская область,Подсолнечник,Атбасарский,,11578.24,740.0,stat_gov_kz_real
1991,Акмолинская область,Пшеница,Атбасарский,,155200.0,740.0,stat_gov_kz_real
1992,Акмолинская область,Пшеница,Атбасарский,,409700.0,1600.0,stat_gov_kz_real
1993,Акмолинская область,Пшеница,Атбасарский,,258600.00000000003,1040.0,stat_gov_kz_real
1994,Акмолинская область,Пшеница,Атбасарский,,176800.0,700.0,stat_gov_kz_real
1995,Акмолинская область,Пшеница,Атбасарский,,167400.0,640.0,stat_gov_kz_real
1996,Акмолинская область,Пшеница,Атбасарский,,139300.0,580.0,stat_gov_kz_real
1997,Акмолинская область,Пшеница,Атбасарский,,107900.0,490.00000000000006,stat_gov_kz_real
1998,Акмолинская область,Пшеница,Атбасарский,,64000.0,270.0,stat_gov_kz_real
1999,Акмолинская область,Пшеница,Атбасарский,193.8,253700.0,1310.0,stat_gov_kz_real
2000,Акмолинская область,Пшеница,Атбасарский,257.5,167000.0,640.0,stat_gov_kz_real
2001,Акмолинская область,Пшеница,Атбасарский,138.6,312790.0,1070.0,stat_gov_kz_real
2002,Акмолинская область,Пшеница,Атбасарский,322.7,277500.0,860.0,stat_gov_kz_real
2003,Акмолинская область,Пшеница,Атбасарский,290.3,293900.0,1010.0,stat_gov_kz_real
2004,Акмолинская область,Пшеница,Атбасарский,302055.0,169785.80000000002,580.0,stat_gov_kz_real
2005,Акмолинская область,Пшеница,Атбасарский,303147.0,249005.2,840.0,stat_gov_kz_real
2006,Акмолинская область,Пшеница,Атбасарский,294898.6,245266.1,850.0,stat_gov_kz_real
2007,Акмолинская область,Пшеница,Атбасарский,319939.0,322268.60000000003,1040.0,stat_gov_kz_real
2008,Акмолинская область,Пшеница,Атбасарский,332247.0,253248.2,790.0,stat_gov_kz_real
2009,Акмолинская область,Пшеница,Атбасарский,390900.0,465122.4,1220.0,stat_gov_kz_real
2010,Акмолинская область,Пшеница,Атбасарский,407775.0,196592.0,509.99999999999994,stat_gov_kz_real
2011,Акмолинская область,Пшеница,Атбасарский,394390.0,591308.7000000001,1500.0,stat_gov_kz_real
2012,Акмолинская область,Пшеница,Атбасарский,386307.0,199553.40000000002,580.0,stat_gov_kz_real
2013,Акмолинская область,Пшеница,Атбасарский,371880.7,351108.10000000003,940.0,stat_gov_kz_real
2014,Акмолинская область,Пшеница,Атбасарский,358491.33,383085.105,1080.0,stat_gov_kz_real
2015,Акмолинская область,Пшеница,Атбасарский,340746.0,334091.67000000004,980.0000000000001,stat_gov_kz_real
2016,Акмолинская область,Пшеница,Атбасарский,360073.5,388422.9,1080.0,stat_gov_kz_real
2017,Акмолинская область,Пшеница,Атбасарский,352314.5,405996.30000000005,1150.0,stat_gov_kz_real
2018,Акмолинская область,Пшеница,Атбасарский,332695.3,361391.04000000004,1090.0,stat_gov_kz_real
2019,Акмолинская область,Пшеница,Атбасарский,332532.5,313624.10000000003,960.0,stat_gov_kz_real
2020,Акмолинская область,Пшеница,Атбасарский,309769.0,316610.4,1060.0,stat_gov_kz_real
2021,Акмолинская область,Пшеница,Атбасарский,325374.4,258394.2,861.1700000000001,stat_gov_kz_real
2022,Акмолинская область,Пшеница,Атбасарский,330484.7,382590.01,1226.8000000000002,stat_gov_kz_real
2023,Акмолинская область,Пшеница,Атбасарский,347139.9,283301.94,869.9999999999999,stat_gov_kz_real
2024,Акмолинская область,Пшеница,Атбасарский,336854.4,378672.58,1160.0,stat_gov_kz_real
2025,Акмолинская область,Пшеница,Атбасарский,313601.7,478752.9,1580.0,stat_gov_kz_real
1991,Акмолинская область,Зерновые и бобовые (группа),Биржан сал,207100.0,35200.0,,stat_gov_kz_real_group
1992,Акмолинская область,Зерновые и бобовые (группа),Биржан сал,198200.0,195600.0,,stat_gov_kz_real_group
1993,Акмолинская область,Зерновые и бобовые (группа),Биржан сал,177200.0,174200.0,,stat_gov_kz_real_group
1994,Акмолинская область,Зерновые и бобовые (группа),Биржан сал,177300.0,117000.0,,stat_gov_kz_real_group
1995,Акмолинская область,Зерновые и бобовые (группа),Биржан сал,175500.0,47200.0,,stat_gov_kz_real_group
1996,Акмолинская область,Зерновые и бобовые (группа),Биржан сал,157000.0,95400.0,,stat_gov_kz_real_group
1997,Акмолинская область,Зерновые и бобовые (группа),Биржан сал,105900.0,24000.0,,stat_gov_kz_real_group
1998,Акмолинская область,Зерновые и бобовые (группа),Биржан сал,63600.0,10900.0,190.0,stat_gov_kz_real_group
1999,Акмолинская область,Зерновые и бобовые (группа),Биржан сал,63800.0,78800.0,1320.0,stat_gov_kz_real_group
2000,Акмолинская область,Зерновые и бобовые (группа),Биржан сал,88500.0,103500.0,1170.0,stat_gov_kz_real_group
2001,Акмолинская область,Зерновые и бобовые (группа),Биржан сал,100851.0,141200.0,1400.0,stat_gov_kz_real_group
2002,Акмолинская область,Зерновые и бобовые (группа),Биржан сал,117000.0,156200.0,1340.0,stat_gov_kz_real_group
2003,Акмолинская область,Зерновые и бобовые (группа),Биржан сал,117000.0,102800.0,880.0000000000001,stat_gov_kz_real_group
2004,Акмолинская область,Зерновые и бобовые (группа),Биржан сал,119554.0,78375.0,660.0,stat_gov_kz_real_group
2005,Акмолинская область,Зерновые и бобовые (группа),Биржан сал,119727.0,128802.1,1080.0,stat_gov_kz_real_group
2006,Акмолинская область,Зерновые и бобовые (группа),Биржан сал,124550.0,163035.1,1310.0,stat_gov_kz_real_group
2007,Акмолинская область,Зерновые и бобовые (группа),Биржан сал,133775.0,204312.40000000002,1530.0,stat_gov_kz_real_group
2008,Акмолинская область,Зерновые и бобовые (группа),Биржан сал,170034.0,56683.8,409.99999999999994,stat_gov_kz_real_group
2009,Акмолинская область,Зерновые и бобовые (группа),Биржан сал,176719.0,276865.5,1570.0,stat_gov_kz_real_group
2010,Акмолинская область,Зерновые и бобовые (группа),Биржан сал,178315.9,82121.86,600.0,stat_gov_kz_real_group
2011,Акмолинская область,Зерновые и бобовые (группа),Биржан сал,177283.0,255585.37000000002,1570.0,stat_gov_kz_real_group
2012,Акмолинская область,Зерновые и бобовые (группа),Биржан сал,169207.0,83575.90000000001,550.0,stat_gov_kz_real_group
2013,Акмолинская область,Зерновые и бобовые (группа),Биржан сал,124948.7,130639.8,1050.0,stat_gov_kz_real_group
2014,Акмолинская область,Зерновые и бобовые (группа),Биржан сал,106985.71,116573.925,1190.0,stat_gov_kz_real_group
2015,Акмолинская область,Зерновые и бобовые (группа),Биржан сал,139289.0,126865.88200000001,1119.96,stat_gov_kz_real_group
2016,Акмолинская область,Зерновые и бобовые (группа),Биржан сал,127921.0,130825.8,1056.05,stat_gov_kz_real_group
2017,Акмолинская область,Зерновые и бобовые (группа),Биржан сал,113859.0,277431.9,870.31,stat_gov_kz_real_group
2018,Акмолинская область,Зерновые и бобовые (группа),Биржан сал,120252.5,153011.43000000002,1290.0,stat_gov_kz_real_group
2019,Акмолинская область,Зерновые и бобовые (группа),Биржан сал,122084.5,121559.20000000001,1000.0,stat_gov_kz_real_group
2020,Акмолинская область,Зерновые и бобовые (группа),Биржан сал,134848.7,172601.40000000002,1280.0,stat_gov_kz_real_group
2021,Акмолинская область,Зерновые и бобовые (группа),Биржан сал,163555.0,90216.0,705.3499999999999,stat_gov_kz_real_group
2022,Акмолинская область,Зерновые и бобовые (группа),Биржан сал,157131.8,109759.04,741.19,stat_gov_kz_real_group
2023,Акмолинская область,Зерновые и бобовые (группа),Биржан сал,151245.1,69527.28000000001,570.0,stat_gov_kz_real_group
2024,Акмолинская область,Зерновые и бобовые (группа),Биржан сал,136164.2,233412.04,1739.9999999999998,stat_gov_kz_real_group
2025,Акмолинская область,Зерновые и бобовые (группа),Биржан сал,150608.2,263788.57,1750.0,stat_gov_kz_real_group
2000,Акмолинская область,Масличные (группа),Биржан сал,,225.0,150.0,stat_gov_kz_real_group
2001,Акмолинская область,Масличные (группа),Биржан сал,,10.0,20.0,stat_gov_kz_real_group
2004,Акмолинская область,Масличные (группа),Биржан сал,,0.8,0.0,stat_gov_kz_real_group
2006,Акмолинская область,Масличные (группа),Биржан сал,,1410.0,560.0,stat_gov_kz_real_group
2007,Акмолинская область,Масличные (группа),Биржан сал,,1115.0,,stat_gov_kz_real_group
2008,Акмолинская область,Масличные (группа),Биржан сал,,603.0,,stat_gov_kz_real_group
2009,Акмолинская область,Масличные (группа),Биржан сал,,1638.2,450.0,stat_gov_kz_real_group
2010,Акмолинская область,Масличные (группа),Биржан сал,,1408.1000000000001,,stat_gov_kz_real_group
2011,Акмолинская область,Масличные (группа),Биржан сал,,6679.200000000001,511.7,stat_gov_kz_real_group
2012,Акмолинская область,Масличные (группа),Биржан сал,,4878.400000000001,317.09000000000003,stat_gov_kz_real_group
2013,Акмолинская область,Масличные (группа),Биржан сал,,9651.6,711.56,stat_gov_kz_real_group
2014,Акмолинская область,Масличные (группа),Биржан сал,,8935.24,464.17,stat_gov_kz_real_group
2015,Акмолинская область,Масличные (группа),Биржан сал,,9321.85,543.9,stat_gov_kz_real_group
2016,Акмолинская область,Масличные (группа),Биржан сал,,10988.0,827.72,stat_gov_kz_real_group
2017,Акмолинская область,Масличные (группа),Биржан сал,,12455.800000000001,556.21,stat_gov_kz_real_group
2018,Акмолинская область,Масличные (группа),Биржан сал,,11506.2,570.0,stat_gov_kz_real_group
2019,Акмолинская область,Масличные (группа),Биржан сал,,9579.800000000001,400.0,stat_gov_kz_real_group
2020,Акмолинская область,Масличные (группа),Биржан сал,,10148.080000000002,550.0,stat_gov_kz_real_group
2021,Акмолинская область,Масличные (группа),Биржан сал,,3231.91,292.19,stat_gov_kz_real_group
2022,Акмолинская область,Масличные (группа),Биржан сал,,4974.96,470.0,stat_gov_kz_real_group
2023,Акмолинская область,Масличные (группа),Биржан сал,,1690.7,830.0000000000001,stat_gov_kz_real_group
2024,Акмолинская область,Масличные (группа),Биржан сал,,4326.030000000001,1230.0,stat_gov_kz_real_group
2025,Акмолинская область,Масличные (группа),Биржан сал,,29320.15,1140.0,stat_gov_kz_real_group
2004,Акмолинская область,Подсолнечник,Биржан сал,,0.8,0.0,stat_gov_kz_real
2006,Акмолинская область,Подсолнечник,Биржан сал,,1410.0,560.0,stat_gov_kz_real
2007,Акмолинская область,Подсолнечник,Биржан сал,,1096.0,430.0,stat_gov_kz_real
2008,Акмолинская область,Подсолнечник,Биржан сал,,603.0,350.0,stat_gov_kz_real
2009,Акмолинская область,Подсолнечник,Биржан сал,,1426.4,520.0,stat_gov_kz_real
2010,Акмолинская область,Подсолнечник,Биржан сал,,751.1,160.0,stat_gov_kz_real
2011,Акмолинская область,Подсолнечник,Биржан сал,,3513.7000000000003,390.0,stat_gov_kz_real
2012,Акмолинская область,Подсолнечник,Биржан сал,,2020.6000000000001,580.0,stat_gov_kz_real
2013,Акмолинская область,Подсолнечник,Биржан сал,,4949.700000000001,620.0,stat_gov_kz_real
2014,Акмолинская область,Подсолнечник,Биржан сал,,1478.8000000000002,459.99999999999994,stat_gov_kz_real
2015,Акмолинская область,Подсолнечник,Биржан сал,,922.0,480.21000000000004,stat_gov_kz_real
2016,Акмолинская область,Подсолнечник,Биржан сал,,1397.6000000000001,800.0,stat_gov_kz_real
2017,Акмолинская область,Подсолнечник,Биржан сал,,1025.5,459.99999999999994,stat_gov_kz_real
2018,Акмолинская область,Подсолнечник,Биржан сал,,553.3000000000001,680.0,stat_gov_kz_real
2019,Акмолинская область,Подсолнечник,Биржан сал,,1021.8000000000001,1150.0,stat_gov_kz_real
2020,Акмолинская область,Подсолнечник,Биржан сал,,2185.3,890.0,stat_gov_kz_real
2021,Акмолинская область,Подсолнечник,Биржан сал,,311.0,180.0,stat_gov_kz_real
2022,Акмолинская область,Подсолнечник,Биржан сал,,180.0,850.0,stat_gov_kz_real
2023,Акмолинская область,Подсолнечник,Биржан сал,,133.5,370.0,stat_gov_kz_real
2024,Акмолинская область,Подсолнечник,Биржан сал,,57.53,1440.0,stat_gov_kz_real
2025,Акмолинская область,Подсолнечник,Биржан сал,,5587.87,1650.0,stat_gov_kz_real
1991,Акмолинская область,Пшеница,Биржан сал,,28300.0,,stat_gov_kz_real
1992,Акмолинская область,Пшеница,Биржан сал,,128600.0,,stat_gov_kz_real
1993,Акмолинская область,Пшеница,Биржан сал,,95200.0,,stat_gov_kz_real
1994,Акмолинская область,Пшеница,Биржан сал,,64700.0,,stat_gov_kz_real
1995,Акмолинская область,Пшеница,Биржан сал,,37200.0,,stat_gov_kz_real
1996,Акмолинская область,Пшеница,Биржан сал,,68500.0,,stat_gov_kz_real
1997,Акмолинская область,Пшеница,Биржан сал,,22700.0,,stat_gov_kz_real
1998,Акмолинская область,Пшеница,Биржан сал,,10000.0,170.0,stat_gov_kz_real
1999,Акмолинская область,Пшеница,Биржан сал,61.3,76600.0,1330.0,stat_gov_kz_real
2000,Акмолинская область,Пшеница,Биржан сал,81.6,94600.0,1160.0,stat_gov_kz_real
2001,Акмолинская область,Пшеница,Биржан сал,89.7,124470.0,1390.0,stat_gov_kz_real
2002,Акмолинская область,Пшеница,Биржан сал,111.5,149700.0,1340.0,stat_gov_kz_real
2003,Акмолинская область,Пшеница,Биржан сал,110.7,96900.0,880.0000000000001,stat_gov_kz_real
2004,Акмолинская область,Пшеница,Биржан сал,112400.0,73281.8,650.0,stat_gov_kz_real
2005,Акмолинская область,Пшеница,Биржан сал,112707.0,121267.05,1080.0,stat_gov_kz_real
2006,Акмолинская область,Пшеница,Биржан сал,113546.0,150224.5,1330.0,stat_gov_kz_real
2007,Акмолинская область,Пшеница,Биржан сал,121893.0,191197.1,1570.0,stat_gov_kz_real
2008,Акмолинская область,Пшеница,Биржан сал,150693.0,49624.32000000001,409.99999999999994,stat_gov_kz_real
2009,Акмолинская область,Пшеница,Биржан сал,155394.0,240169.1,1540.0,stat_gov_kz_real
2010,Акмолинская область,Пшеница,Биржан сал,155099.9,77729.2,610.0,stat_gov_kz_real
2011,Акмолинская область,Пшеница,Биржан сал,159783.0,231530.77000000002,1580.0,stat_gov_kz_real
2012,Акмолинская область,Пшеница,Биржан сал,152768.0,76957.0,550.0,stat_gov_kz_real
2013,Акмолинская область,Пшеница,Биржан сал,101579.7,100573.1,990.0,stat_gov_kz_real
2014,Акмолинская область,Пшеница,Биржан сал,81016.43,91967.27100000001,1170.0,stat_gov_kz_real
2015,Акмолинская область,Пшеница,Биржан сал,120515.0,110205.282,1150.0,stat_gov_kz_real
2016,Акмолинская область,Пшеница,Биржан сал,110044.0,112193.90000000001,1040.0,stat_gov_kz_real
2017,Акмолинская область,Пшеница,Биржан сал,81904.0,86441.0,1060.0,stat_gov_kz_real
2018,Акмолинская область,Пшеница,Биржан сал,87156.0,112170.17,1310.0,stat_gov_kz_real
2019,Акмолинская область,Пшеница,Биржан сал,75573.0,79116.0,1050.0,stat_gov_kz_real
2020,Акмолинская область,Пшеница,Биржан сал,103532.7,131721.5,1270.0,stat_gov_kz_real
2021,Акмолинская область,Пшеница,Биржан сал,130100.19,68996.2,680.6,stat_gov_kz_real
2022,Акмолинская область,Пшеница,Биржан сал,131703.5,93725.67,748.53,stat_gov_kz_real
2023,Акмолинская область,Пшеница,Биржан сал,116575.9,55872.9,580.0,stat_gov_kz_real
2024,Акмолинская область,Пшеница,Биржан сал,114924.2,196710.1,1730.0,stat_gov_kz_real
2025,Акмолинская область,Пшеница,Биржан сал,126822.2,223051.27000000002,1760.0000000000002,stat_gov_kz_real
1991,Акмолинская область,Зерновые и бобовые (группа),Буландынский,175700.0,129500.0,810.0,stat_gov_kz_real_group
1992,Акмолинская область,Зерновые и бобовые (группа),Буландынский,176700.0,301000.0,1950.0,stat_gov_kz_real_group
1993,Акмолинская область,Зерновые и бобовые (группа),Буландынский,173300.0,156900.0,1010.0,stat_gov_kz_real_group
1994,Акмолинская область,Зерновые и бобовые (группа),Буландынский,170200.0,170800.0,1000.0,stat_gov_kz_real_group
1995,Акмолинская область,Зерновые и бобовые (группа),Буландынский,173300.0,140100.0,810.0,stat_gov_kz_real_group
1996,Акмолинская область,Зерновые и бобовые (группа),Буландынский,172100.0,85400.0,550.0,stat_gov_kz_real_group
1997,Акмолинская область,Зерновые и бобовые (группа),Буландынский,147700.0,84900.0,660.0,stat_gov_kz_real_group
1998,Акмолинская область,Зерновые и бобовые (группа),Буландынский,146300.0,64200.0,440.00000000000006,stat_gov_kz_real_group
1999,Акмолинская область,Зерновые и бобовые (группа),Буландынский,150000.0,197700.0,1320.0,stat_gov_kz_real_group
2000,Акмолинская область,Зерновые и бобовые (группа),Буландынский,165005.0,130000.0,780.0,stat_gov_kz_real_group
2001,Акмолинская область,Зерновые и бобовые (группа),Буландынский,191492.0,166100.0,869.9999999999999,stat_gov_kz_real_group
2002,Акмолинская область,Зерновые и бобовые (группа),Буландынский,202066.0,127200.0,640.0,stat_gov_kz_real_group
2003,Акмолинская область,Зерновые и бобовые (группа),Буландынский,180850.0,149200.0,819.9999999999999,stat_gov_kz_real_group
2004,Акмолинская область,Зерновые и бобовые (группа),Буландынский,194001.0,115903.90000000001,640.0,stat_gov_kz_real_group
2005,Акмолинская область,Зерновые и бобовые (группа),Буландынский,178171.0,169098.5,950.0,stat_gov_kz_real_group
2006,Акмолинская область,Зерновые и бобовые (группа),Буландынский,188787.4,220853.7,1170.0,stat_gov_kz_real_group
2007,Акмолинская область,Зерновые и бобовые (группа),Буландынский,198508.8,229668.6,1160.0,stat_gov_kz_real_group
2008,Акмолинская область,Зерновые и бобовые (группа),Буландынский,217375.0,134449.9,650.0,stat_gov_kz_real_group
2009,Акмолинская область,Зерновые и бобовые (группа),Буландынский,229151.6,324875.0,1420.0,stat_gov_kz_real_group
2010,Акмолинская область,Зерновые и бобовые (группа),Буландынский,225786.1,150795.9,690.0,stat_gov_kz_real_group
2011,Акмолинская область,Зерновые и бобовые (группа),Буландынский,226347.0,362864.60000000003,1630.0,stat_gov_kz_real_group
2012,Акмолинская область,Зерновые и бобовые (группа),Буландынский,221140.0,189801.90000000002,880.0000000000001,stat_gov_kz_real_group
2013,Акмолинская область,Зерновые и бобовые (группа),Буландынский,213054.21,212603.0,1000.0,stat_gov_kz_real_group
2014,Акмолинская область,Зерновые и бобовые (группа),Буландынский,191738.09,206990.06000000003,1090.0,stat_gov_kz_real_group
2015,Акмолинская область,Зерновые и бобовые (группа),Буландынский,191066.0,237998.2,1245.63,stat_gov_kz_real_group
2016,Акмолинская область,Зерновые и бобовые (группа),Буландынский,199405.33,264195.4,1324.92,stat_gov_kz_real_group
2017,Акмолинская область,Зерновые и бобовые (группа),Буландынский,201286.0,117901.76000000001,1039.16,stat_gov_kz_real_group
2018,Акмолинская область,Зерновые и бобовые (группа),Буландынский,205821.9,278598.68,1350.0,stat_gov_kz_real_group
2019,Акмолинская область,Зерновые и бобовые (группа),Буландынский,201158.6,228187.22999999998,1170.0,stat_gov_kz_real_group
2020,Акмолинская область,Зерновые и бобовые (группа),Буландынский,200466.9,251666.56000000003,1340.0,stat_gov_kz_real_group
2021,Акмолинская область,Зерновые и бобовые (группа),Буландынский,196141.6,191959.72,988.7600000000001,stat_gov_kz_real_group
2022,Акмолинская область,Зерновые и бобовые (группа),Буландынский,193099.5,291942.36000000004,1511.88,stat_gov_kz_real_group
2023,Акмолинская область,Зерновые и бобовые (группа),Буландынский,211693.0,153604.66,750.0,stat_gov_kz_real_group
2024,Акмолинская область,Зерновые и бобовые (группа),Буландынский,195104.9,380489.37000000005,1970.0,stat_gov_kz_real_group
2025,Акмолинская область,Зерновые и бобовые (группа),Буландынский,202921.2,477134.43,2350.0,stat_gov_kz_real_group
1991,Акмолинская область,Масличные (группа),Буландынский,700.0,176.5,260.0,stat_gov_kz_real_group
1992,Акмолинская область,Масличные (группа),Буландынский,3100.0,1056.2,380.0,stat_gov_kz_real_group
1993,Акмолинская область,Масличные (группа),Буландынский,700.0,198.60000000000002,280.0,stat_gov_kz_real_group
1994,Акмолинская область,Масличные (группа),Буландынский,700.0,109.2,170.0,stat_gov_kz_real_group
1995,Акмолинская область,Масличные (группа),Буландынский,200.0,59.800000000000004,240.0,stat_gov_kz_real_group
1996,Акмолинская область,Масличные (группа),Буландынский,300.0,31.200000000000003,,stat_gov_kz_real_group
2004,Акмолинская область,Масличные (группа),Буландынский,20.0,1.0,50.0,stat_gov_kz_real_group
2006,Акмолинская область,Масличные (группа),Буландынский,1033.0,420.6,409.99999999999994,stat_gov_kz_real_group
2007,Акмолинская область,Масличные (группа),Буландынский,1453.0,484.0,330.0,stat_gov_kz_real_group
2008,Акмолинская область,Масличные (группа),Буландынский,1585.0,457.3,,stat_gov_kz_real_group
2009,Акмолинская область,Масличные (группа),Буландынский,2610.0,603.3000000000001,229.99999999999997,stat_gov_kz_real_group
2010,Акмолинская область,Масличные (группа),Буландынский,5049.0,1399.9,280.0,stat_gov_kz_real_group
2011,Акмолинская область,Масличные (группа),Буландынский,4201.0,3003.2000000000003,714.88,stat_gov_kz_real_group
2012,Акмолинская область,Масличные (группа),Буландынский,6118.0,2332.3,381.21999999999997,stat_gov_kz_real_group
2013,Акмолинская область,Масличные (группа),Буландынский,11335.0,6818.700000000001,601.5600000000001,stat_gov_kz_real_group
2014,Акмолинская область,Масличные (группа),Буландынский,27275.0,11017.1,543.09,stat_gov_kz_real_group
2015,Акмолинская область,Масличные (группа),Буландынский,16451.0,10430.1,634.01,stat_gov_kz_real_group
2016,Акмолинская область,Масличные (группа),Буландынский,16675.03,16623.7,996.9200000000001,stat_gov_kz_real_group
2017,Акмолинская область,Масличные (группа),Буландынский,20051.8,14062.800000000001,701.32,stat_gov_kz_real_group
2018,Акмолинская область,Масличные (группа),Буландынский,17249.0,16208.900000000001,940.0,stat_gov_kz_real_group
2019,Акмолинская область,Масличные (группа),Буландынский,23346.0,14711.24,630.0,stat_gov_kz_real_group
2020,Акмолинская область,Масличные (группа),Буландынский,17140.5,20702.770000000004,1250.0,stat_gov_kz_real_group
2021,Акмолинская область,Масличные (группа),Буландынский,27585.7,16887.86,612.2,stat_gov_kz_real_group
2022,Акмолинская область,Масличные (группа),Буландынский,42728.3,35526.840000000004,840.0,stat_gov_kz_real_group
2023,Акмолинская область,Масличные (группа),Буландынский,31787.0,23482.100000000002,780.0,stat_gov_kz_real_group
2024,Акмолинская область,Масличные (группа),Буландынский,41122.9,49579.78,1270.0,stat_gov_kz_real_group
2025,Акмолинская область,Масличные (группа),Буландынский,44462.6,86587.98000000001,1950.0,stat_gov_kz_real_group
1991,Акмолинская область,Подсолнечник,Буландынский,,60.0,260.0,stat_gov_kz_real
1992,Акмолинская область,Подсолнечник,Буландынский,,49.7,40.0,stat_gov_kz_real
1993,Акмолинская область,Подсолнечник,Буландынский,,105.4,210.0,stat_gov_kz_real
1994,Акмолинская область,Подсолнечник,Буландынский,,90.2,150.0,stat_gov_kz_real
1995,Акмолинская область,Подсолнечник,Буландынский,,25.0,240.0,stat_gov_kz_real
1996,Акмолинская область,Подсолнечник,Буландынский,,31.0,,stat_gov_kz_real
2010,Акмолинская область,Подсолнечник,Буландынский,,321.0,280.0,stat_gov_kz_real
2011,Акмолинская область,Подсолнечник,Буландынский,,164.3,190.0,stat_gov_kz_real
2012,Акмолинская область,Подсолнечник,Буландынский,,140.0,400.0,stat_gov_kz_real
2016,Акмолинская область,Подсолнечник,Буландынский,,1056.0,1650.0,stat_gov_kz_real
2017,Акмолинская область,Подсолнечник,Буландынский,,557.0,930.0000000000001,stat_gov_kz_real
2019,Акмолинская область,Подсолнечник,Буландынский,,260.0,650.0,stat_gov_kz_real
2020,Акмолинская область,Подсолнечник,Буландынский,,1679.4,1090.0,stat_gov_kz_real
2021,Акмолинская область,Подсолнечник,Буландынский,,1857.5,620.0,stat_gov_kz_real
2022,Акмолинская область,Подсолнечник,Буландынский,,10548.5,1200.0,stat_gov_kz_real
2023,Акмолинская область,Подсолнечник,Буландынский,,10722.49,1030.0,stat_gov_kz_real
2024,Акмолинская область,Подсолнечник,Буландынский,,17948.920000000002,1070.0,stat_gov_kz_real
2025,Акмолинская область,Подсолнечник,Буландынский,,35183.270000000004,2590.0,stat_gov_kz_real
1991,Акмолинская область,Пшеница,Буландынский,,72000.0,850.0,stat_gov_kz_real
1992,Акмолинская область,Пшеница,Буландынский,,164800.0,1950.0,stat_gov_kz_real
1993,Акмолинская область,Пшеница,Буландынский,,74900.0,969.9999999999999,stat_gov_kz_real
1994,Акмолинская область,Пшеница,Буландынский,,96900.0,910.0,stat_gov_kz_real
1995,Акмолинская область,Пшеница,Буландынский,,103900.0,850.0,stat_gov_kz_real
1996,Акмолинская область,Пшеница,Буландынский,,60100.0,530.0,stat_gov_kz_real
1997,Акмолинская область,Пшеница,Буландынский,,73800.0,710.0,stat_gov_kz_real
1998,Акмолинская область,Пшеница,Буландынский,,54700.0,440.00000000000006,stat_gov_kz_real
1999,Акмолинская область,Пшеница,Буландынский,127.1,169600.0,1330.0,stat_gov_kz_real
2000,Акмолинская область,Пшеница,Буландынский,144.2,110000.0,760.0,stat_gov_kz_real
2001,Акмолинская область,Пшеница,Буландынский,165.7,143440.0,869.9999999999999,stat_gov_kz_real
2002,Акмолинская область,Пшеница,Буландынский,178.7,109500.0,630.0,stat_gov_kz_real
2003,Акмолинская область,Пшеница,Буландынский,157.7,128199.99999999999,810.0,stat_gov_kz_real
2004,Акмолинская область,Пшеница,Буландынский,174494.0,104581.70000000001,640.0,stat_gov_kz_real
2005,Акмолинская область,Пшеница,Буландынский,158604.0,150550.5,950.0,stat_gov_kz_real
2006,Акмолинская область,Пшеница,Буландынский,169343.0,195784.30000000002,1160.0,stat_gov_kz_real
2007,Акмолинская область,Пшеница,Буландынский,176235.6,199470.5,1140.0,stat_gov_kz_real
2008,Акмолинская область,Пшеница,Буландынский,188106.7,115195.70000000001,640.0,stat_gov_kz_real
2009,Акмолинская область,Пшеница,Буландынский,200483.5,266204.65,1330.0,stat_gov_kz_real
2010,Акмолинская область,Пшеница,Буландынский,204271.8,136673.2,690.0,stat_gov_kz_real
2011,Акмолинская область,Пшеница,Буландынский,204847.0,318065.4,1580.0,stat_gov_kz_real
2012,Акмолинская область,Пшеница,Буландынский,192113.0,167147.0,890.0,stat_gov_kz_real
2013,Акмолинская область,Пшеница,Буландынский,187650.51,169398.5,910.0,stat_gov_kz_real
2014,Акмолинская область,Пшеница,Буландынский,157355.51,164953.757,1050.0,stat_gov_kz_real
2015,Акмолинская область,Пшеница,Буландынский,159864.4,198795.1,1240.0,stat_gov_kz_real
2016,Акмолинская область,Пшеница,Буландынский,169202.93,212396.30000000002,1260.0,stat_gov_kz_real
2017,Акмолинская область,Пшеница,Буландынский,162887.6,211044.0,1300.0,stat_gov_kz_real
2018,Акмолинская область,Пшеница,Буландынский,163585.5,210179.11000000002,1280.0,stat_gov_kz_real
2019,Акмолинская область,Пшеница,Буландынский,157981.0,178713.7,1180.0,stat_gov_kz_real
2020,Акмолинская область,Пшеница,Буландынский,165355.9,199462.86000000002,1280.0,stat_gov_kz_real
2021,Акмолинская область,Пшеница,Буландынский,165960.5,164112.76,1000.93,stat_gov_kz_real
2022,Акмолинская область,Пшеница,Буландынский,162618.0,247426.75,1521.52,stat_gov_kz_real
2023,Акмолинская область,Пшеница,Буландынский,178600.8,130421.19,750.0,stat_gov_kz_real
2024,Акмолинская область,Пшеница,Буландынский,160307.9,304348.87000000005,1900.0,stat_gov_kz_real
2025,Акмолинская область,Пшеница,Буландынский,163904.4,382702.23,2330.0,stat_gov_kz_real
1991,Акмолинская область,Зерновые и бобовые (группа),Бурабайский,135300.0,81000.0,,stat_gov_kz_real_group
1992,Акмолинская область,Зерновые и бобовые (группа),Бурабайский,132200.0,218800.0,,stat_gov_kz_real_group
1993,Акмолинская область,Зерновые и бобовые (группа),Бурабайский,123100.0,144600.0,,stat_gov_kz_real_group
1994,Акмолинская область,Зерновые и бобовые (группа),Бурабайский,122700.0,177000.0,,stat_gov_kz_real_group
1995,Акмолинская область,Зерновые и бобовые (группа),Бурабайский,120700.0,123700.0,,stat_gov_kz_real_group
1996,Акмолинская область,Зерновые и бобовые (группа),Бурабайский,123700.0,147800.0,,stat_gov_kz_real_group
1997,Акмолинская область,Зерновые и бобовые (группа),Бурабайский,143800.0,167800.0,,stat_gov_kz_real_group
1998,Акмолинская область,Зерновые и бобовые (группа),Бурабайский,139600.0,70100.0,500.0,stat_gov_kz_real_group
1999,Акмолинская область,Зерновые и бобовые (группа),Бурабайский,137000.0,246900.0,1789.9999999999998,stat_gov_kz_real_group
2000,Акмолинская область,Зерновые и бобовые (группа),Бурабайский,160756.0,174300.0,1080.0,stat_gov_kz_real_group
2001,Акмолинская область,Зерновые и бобовые (группа),Бурабайский,164047.0,265400.0,1620.0,stat_gov_kz_real_group
2002,Акмолинская область,Зерновые и бобовые (группа),Бурабайский,168569.0,203200.0,1210.0,stat_gov_kz_real_group
2003,Акмолинская область,Зерновые и бобовые (группа),Бурабайский,167835.0,173000.0,1030.0,stat_gov_kz_real_group
2004,Акмолинская область,Зерновые и бобовые (группа),Бурабайский,152225.0,129772.5,869.9999999999999,stat_gov_kz_real_group
2005,Акмолинская область,Зерновые и бобовые (группа),Бурабайский,150148.0,185066.6,1230.0,stat_gov_kz_real_group
2006,Акмолинская область,Зерновые и бобовые (группа),Бурабайский,147428.5,208462.5,1420.0,stat_gov_kz_real_group
2007,Акмолинская область,Зерновые и бобовые (группа),Бурабайский,147339.7,192108.0,1300.0,stat_gov_kz_real_group
2008,Акмолинская область,Зерновые и бобовые (группа),Бурабайский,156139.3,116186.6,760.0,stat_gov_kz_real_group
2009,Акмолинская область,Зерновые и бобовые (группа),Бурабайский,167087.4,237323.7,1420.0,stat_gov_kz_real_group
2010,Акмолинская область,Зерновые и бобовые (группа),Бурабайский,132936.0,77805.0,640.0,stat_gov_kz_real_group
2011,Акмолинская область,Зерновые и бобовые (группа),Бурабайский,125635.4,228122.30000000002,1820.0,stat_gov_kz_real_group
2012,Акмолинская область,Зерновые и бобовые (группа),Бурабайский,131122.0,139166.5,1070.0,stat_gov_kz_real_group
2013,Акмолинская область,Зерновые и бобовые (группа),Бурабайский,125593.0,119197.86499999999,960.0,stat_gov_kz_real_group
2014,Акмолинская область,Зерновые и бобовые (группа),Бурабайский,112675.35,137402.118,1280.0,stat_gov_kz_real_group
2015,Акмолинская область,Зерновые и бобовые (группа),Бурабайский,111820.9,139608.432,1325.1799999999998,stat_gov_kz_real_group
2016,Акмолинская область,Зерновые и бобовые (группа),Бурабайский,123220.0,157678.35,1286.02,stat_gov_kz_real_group
2017,Акмолинская область,Зерновые и бобовые (группа),Бурабайский,110875.2,264014.9,1312.6200000000001,stat_gov_kz_real_group
2018,Акмолинская область,Зерновые и бобовые (группа),Бурабайский,101418.8,155415.49,1540.0,stat_gov_kz_real_group
2019,Акмолинская область,Зерновые и бобовые (группа),Бурабайский,107143.9,147022.85,1380.0,stat_gov_kz_real_group
2020,Акмолинская область,Зерновые и бобовые (группа),Бурабайский,121635.7,167943.78000000003,1380.0,stat_gov_kz_real_group
2021,Акмолинская область,Зерновые и бобовые (группа),Бурабайский,126944.48,135454.2,1069.99,stat_gov_kz_real_group
2022,Акмолинская область,Зерновые и бобовые (группа),Бурабайский,120453.9,166800.65000000002,1384.77,stat_gov_kz_real_group
2023,Акмолинская область,Зерновые и бобовые (группа),Бурабайский,140501.8,102605.82,750.0,stat_gov_kz_real_group
2024,Акмолинская область,Зерновые и бобовые (группа),Бурабайский,125871.42,241758.2,1920.0,stat_gov_kz_real_group
2025,Акмолинская область,Зерновые и бобовые (группа),Бурабайский,125179.48,275685.67000000004,2200.0,stat_gov_kz_real_group
1991,Акмолинская область,Масличные (группа),Бурабайский,1900.0,,,stat_gov_kz_real_group
1992,Акмолинская область,Масличные (группа),Бурабайский,4500.0,,,stat_gov_kz_real_group
1993,Акмолинская область,Масличные (группа),Бурабайский,2400.0,,,stat_gov_kz_real_group
1994,Акмолинская область,Масличные (группа),Бурабайский,1700.0,,,stat_gov_kz_real_group
1995,Акмолинская область,Масличные (группа),Бурабайский,900.0,,,stat_gov_kz_real_group
1996,Акмолинская область,Масличные (группа),Бурабайский,1100.0,,,stat_gov_kz_real_group
1997,Акмолинская область,Масличные (группа),Бурабайский,200.0,,,stat_gov_kz_real_group
1998,Акмолинская область,Масличные (группа),Бурабайский,100.0,12.0,,stat_gov_kz_real_group
1999,Акмолинская область,Масличные (группа),Бурабайский,200.0,16.3,90.0,stat_gov_kz_real_group
2000,Акмолинская область,Масличные (группа),Бурабайский,100.0,6.4,120.0,stat_gov_kz_real_group
2003,Акмолинская область,Масличные (группа),Бурабайский,200.0,14.0,70.0,stat_gov_kz_real_group
2006,Акмолинская область,Масличные (группа),Бурабайский,5090.0,2755.0,540.0,stat_gov_kz_real_group
2007,Акмолинская область,Масличные (группа),Бурабайский,5450.0,3083.0,570.0,stat_gov_kz_real_group
2008,Акмолинская область,Масличные (группа),Бурабайский,4528.0,805.5,,stat_gov_kz_real_group
2009,Акмолинская область,Масличные (группа),Бурабайский,4094.0,827.1,200.0,stat_gov_kz_real_group
2010,Акмолинская область,Масличные (группа),Бурабайский,9653.0,2847.7000000000003,330.0,stat_gov_kz_real_group
2011,Акмолинская область,Масличные (группа),Бурабайский,12758.0,8976.6,703.61,stat_gov_kz_real_group
2012,Акмолинская область,Масличные (группа),Бурабайский,25201.0,11984.300000000001,475.54999999999995,stat_gov_kz_real_group
2013,Акмолинская область,Масличные (группа),Бурабайский,26021.0,22279.600000000002,856.22,stat_gov_kz_real_group
2014,Акмолинская область,Масличные (группа),Бурабайский,34778.0,23552.100000000002,703.8000000000001,stat_gov_kz_real_group
2015,Акмолинская область,Масличные (группа),Бурабайский,33525.8,19202.56,572.77,stat_gov_kz_real_group
2016,Акмолинская область,Масличные (группа),Бурабайский,26131.899999999994,28082.990000000005,1074.66,stat_gov_kz_real_group
2017,Акмолинская область,Масличные (группа),Бурабайский,33373.0,31955.0,970.13,stat_gov_kz_real_group
2018,Акмолинская область,Масличные (группа),Бурабайский,43144.8,47644.66,1130.0,stat_gov_kz_real_group
2019,Акмолинская область,Масличные (группа),Бурабайский,36605.0,28445.78,780.0,stat_gov_kz_real_group
2020,Акмолинская область,Масличные (группа),Бурабайский,25069.7,26930.41,1070.0,stat_gov_kz_real_group
2021,Акмолинская область,Масличные (группа),Бурабайский,36429.94,20816.210000000003,575.7900000000001,stat_gov_kz_real_group
2022,Акмолинская область,Масличные (группа),Бурабайский,41258.9,27522.920000000002,670.0,stat_gov_kz_real_group
2023,Акмолинская область,Масличные (группа),Бурабайский,21417.5,14876.800000000001,730.0,stat_gov_kz_real_group
2024,Акмолинская область,Масличные (группа),Бурабайский,27194.2,25525.53,990.0,stat_gov_kz_real_group
2025,Акмолинская область,Масличные (группа),Бурабайский,37610.0,55536.77,1480.0,stat_gov_kz_real_group
1998,Акмолинская область,Подсолнечник,Бурабайский,,12.0,,stat_gov_kz_real
1999,Акмолинская область,Подсолнечник,Бурабайский,,16.3,90.0,stat_gov_kz_real
2000,Акмолинская область,Подсолнечник,Бурабайский,,6.4,50.0,stat_gov_kz_real
2003,Акмолинская область,Подсолнечник,Бурабайский,,14.0,70.0,stat_gov_kz_real
2009,Акмолинская область,Подсолнечник,Бурабайский,,22.5,330.0,stat_gov_kz_real
2010,Акмолинская область,Подсолнечник,Бурабайский,,6.5,30.0,stat_gov_kz_real
2013,Акмолинская область,Подсолнечник,Бурабайский,,2248.8,780.0,stat_gov_kz_real
2014,Акмолинская область,Подсолнечник,Бурабайский,,2123.8,860.0,stat_gov_kz_real
2015,Акмолинская область,Подсолнечник,Бурабайский,,516.0600000000001,599.37,stat_gov_kz_real
2016,Акмолинская область,Подсолнечник,Бурабайский,,296.6,720.0,stat_gov_kz_real
2017,Акмолинская область,Подсолнечник,Бурабайский,,1224.2,810.0,stat_gov_kz_real
2018,Акмолинская область,Подсолнечник,Бурабайский,,655.2,1130.0,stat_gov_kz_real
2019,Акмолинская область,Подсолнечник,Бурабайский,,461.70000000000005,900.0,stat_gov_kz_real
2020,Акмолинская область,Подсолнечник,Бурабайский,,418.90000000000003,1340.0,stat_gov_kz_real
2021,Акмолинская область,Подсолнечник,Бурабайский,,589.58,1639.9999999999998,stat_gov_kz_real
2022,Акмолинская область,Подсолнечник,Бурабайский,,1756.68,1170.0,stat_gov_kz_real
2023,Акмолинская область,Подсолнечник,Бурабайский,,4472.54,969.9999999999999,stat_gov_kz_real
2024,Акмолинская область,Подсолнечник,Бурабайский,,8228.18,1140.0,stat_gov_kz_real
2025,Акмолинская область,Подсолнечник,Бурабайский,,16159.800000000001,1710.0000000000002,stat_gov_kz_real
1991,Акмолинская область,Пшеница,Бурабайский,,47400.0,,stat_gov_kz_real
1992,Акмолинская область,Пшеница,Бурабайский,,112200.0,,stat_gov_kz_real
1993,Акмолинская область,Пшеница,Бурабайский,,59400.0,,stat_gov_kz_real
1994,Акмолинская область,Пшеница,Бурабайский,,64099.99999999999,,stat_gov_kz_real
1995,Акмолинская область,Пшеница,Бурабайский,,68400.0,,stat_gov_kz_real
1996,Акмолинская область,Пшеница,Бурабайский,,74500.0,,stat_gov_kz_real
1997,Акмолинская область,Пшеница,Бурабайский,,114800.0,,stat_gov_kz_real
1998,Акмолинская область,Пшеница,Бурабайский,,55100.0,490.00000000000006,stat_gov_kz_real
1999,Акмолинская область,Пшеница,Бурабайский,107.2,177600.0,1650.0,stat_gov_kz_real
2000,Акмолинская область,Пшеница,Бурабайский,117.3,118000.0,1010.0,stat_gov_kz_real
2001,Акмолинская область,Пшеница,Бурабайский,117.4,172430.0,1460.0,stat_gov_kz_real
2002,Акмолинская область,Пшеница,Бурабайский,125.0,136800.0,1100.0,stat_gov_kz_real
2003,Акмолинская область,Пшеница,Бурабайский,128.5,124700.0,969.9999999999999,stat_gov_kz_real
2004,Акмолинская область,Пшеница,Бурабайский,119647.0,96134.8,819.9999999999999,stat_gov_kz_real
2005,Акмолинская область,Пшеница,Бурабайский,118065.0,138383.5,1170.0,stat_gov_kz_real
2006,Акмолинская область,Пшеница,Бурабайский,114379.0,157687.7,1380.0,stat_gov_kz_real
2007,Акмолинская область,Пшеница,Бурабайский,110640.7,138690.4,1250.0,stat_gov_kz_real
2008,Акмолинская область,Пшеница,Бурабайский,115848.3,85613.1,750.0,stat_gov_kz_real
2009,Акмолинская область,Пшеница,Бурабайский,135117.4,190858.6,1410.0,stat_gov_kz_real
2010,Акмолинская область,Пшеница,Бурабайский,104931.0,66063.40000000001,660.0,stat_gov_kz_real
2011,Акмолинская область,Пшеница,Бурабайский,106790.4,191317.80000000002,1789.9999999999998,stat_gov_kz_real
2012,Акмолинская область,Пшеница,Бурабайский,106561.0,116494.90000000001,1100.0,stat_gov_kz_real
2013,Акмолинская область,Пшеница,Бурабайский,101306.0,85087.20000000001,850.0,stat_gov_kz_real
2014,Акмолинская область,Пшеница,Бурабайский,79878.05,93075.72200000001,1210.0,stat_gov_kz_real
2015,Акмолинская область,Пшеница,Бурабайский,67633.0,80068.011,1190.0,stat_gov_kz_real
2016,Акмолинская область,Пшеница,Бурабайский,71889.4,78871.07,1110.0,stat_gov_kz_real
2017,Акмолинская область,Пшеница,Бурабайский,48465.7,69435.40000000001,1430.0,stat_gov_kz_real
2018,Акмолинская область,Пшеница,Бурабайский,45278.1,67167.01,1490.0,stat_gov_kz_real
2019,Акмолинская область,Пшеница,Бурабайский,48645.0,67534.45,1390.0,stat_gov_kz_real
2020,Акмолинская область,Пшеница,Бурабайский,63950.6,77560.91,1220.0,stat_gov_kz_real
2021,Акмолинская область,Пшеница,Бурабайский,84128.72,85399.0,1015.5799999999999,stat_gov_kz_real
2022,Акмолинская область,Пшеница,Бурабайский,87101.7,116832.47,1341.33,stat_gov_kz_real
2023,Акмолинская область,Пшеница,Бурабайский,95109.0,76654.12,819.9999999999999,stat_gov_kz_real
2024,Акмолинская область,Пшеница,Бурабайский,90453.32,176539.6,1950.0,stat_gov_kz_real
2025,Акмолинская область,Пшеница,Бурабайский,77986.08,177709.19,2280.0,stat_gov_kz_real
1991,Акмолинская область,Зерновые и бобовые (группа),Егиндыкольский,258000.0,164000.0,670.0,stat_gov_kz_real_group
1992,Акмолинская область,Зерновые и бобовые (группа),Егиндыкольский,258399.99999999997,439700.0,1930.0,stat_gov_kz_real_group
1993,Акмолинская область,Зерновые и бобовые (группа),Егиндыкольский,258899.99999999997,228100.0,980.0000000000001,stat_gov_kz_real_group
1994,Акмолинская область,Зерновые и бобовые (группа),Егиндыкольский,249200.0,128300.00000000001,509.99999999999994,stat_gov_kz_real_group
1995,Акмолинская область,Зерновые и бобовые (группа),Егиндыкольский,250000.0,111300.0,430.0,stat_gov_kz_real_group
1996,Акмолинская область,Зерновые и бобовые (группа),Егиндыкольский,234300.0,146700.0,690.0,stat_gov_kz_real_group
1997,Акмолинская область,Зерновые и бобовые (группа),Егиндыкольский,234400.0,82700.0,390.0,stat_gov_kz_real_group
1998,Акмолинская область,Зерновые и бобовые (группа),Егиндыкольский,208000.0,65500.0,310.0,stat_gov_kz_real_group
1999,Акмолинская область,Зерновые и бобовые (группа),Егиндыкольский,148000.0,171800.0,1160.0,stat_gov_kz_real_group
2000,Акмолинская область,Зерновые и бобовые (группа),Егиндыкольский,160160.0,96000.0,600.0,stat_gov_kz_real_group
2001,Акмолинская область,Зерновые и бобовые (группа),Егиндыкольский,165000.0,198600.0,1200.0,stat_gov_kz_real_group
2002,Акмолинская область,Зерновые и бобовые (группа),Егиндыкольский,200000.0,128500.0,640.0,stat_gov_kz_real_group
2003,Акмолинская область,Зерновые и бобовые (группа),Егиндыкольский,200300.0,145700.0,730.0,stat_gov_kz_real_group
2004,Акмолинская область,Зерновые и бобовые (группа),Егиндыкольский,216610.0,146512.6,680.0,stat_gov_kz_real_group
2005,Акмолинская область,Зерновые и бобовые (группа),Егиндыкольский,221697.0,129759.8,620.0,stat_gov_kz_real_group
2006,Акмолинская область,Зерновые и бобовые (группа),Егиндыкольский,227176.0,143314.80000000002,640.0,stat_gov_kz_real_group
2007,Акмолинская область,Зерновые и бобовые (группа),Егиндыкольский,256416.0,189266.6,750.0,stat_gov_kz_real_group
2008,Акмолинская область,Зерновые и бобовые (группа),Егиндыкольский,265055.3,167502.30000000002,660.0,stat_gov_kz_real_group
2009,Акмолинская область,Зерновые и бобовые (группа),Егиндыкольский,296988.9,232107.80000000002,800.0,stat_gov_kz_real_group
2010,Акмолинская область,Зерновые и бобовые (группа),Егиндыкольский,303204.0,125245.0,430.0,stat_gov_kz_real_group
2011,Акмолинская область,Зерновые и бобовые (группа),Егиндыкольский,303907.2,332900.0,1100.0,stat_gov_kz_real_group
2012,Акмолинская область,Зерновые и бобовые (группа),Егиндыкольский,318366.0,167520.80000000002,560.0,stat_gov_kz_real_group
2013,Акмолинская область,Зерновые и бобовые (группа),Егиндыкольский,313789.0,321235.9,1030.0,stat_gov_kz_real_group
2014,Акмолинская область,Зерновые и бобовые (группа),Егиндыкольский,318832.2,332525.0,1060.0,stat_gov_kz_real_group
2015,Акмолинская область,Зерновые и бобовые (группа),Егиндыкольский,319985.2,312257.10000000003,975.85,stat_gov_kz_real_group
2016,Акмолинская область,Зерновые и бобовые (группа),Егиндыкольский,323920.0,336133.4,1037.7,stat_gov_kz_real_group
2017,Акмолинская область,Зерновые и бобовые (группа),Егиндыкольский,318775.0,153013.88999999998,1380.06,stat_gov_kz_real_group
2018,Акмолинская область,Зерновые и бобовые (группа),Егиндыкольский,310259.6,289439.01,930.0000000000001,stat_gov_kz_real_group
2019,Акмолинская область,Зерновые и бобовые (группа),Егиндыкольский,313813.9,227464.90000000002,720.0,stat_gov_kz_real_group
2020,Акмолинская область,Зерновые и бобовые (группа),Егиндыкольский,292785.8,328522.30000000005,1120.0,stat_gov_kz_real_group
2021,Акмолинская область,Зерновые и бобовые (группа),Егиндыкольский,307564.9,297126.32,1016.1099999999999,stat_gov_kz_real_group
2022,Акмолинская область,Зерновые и бобовые (группа),Егиндыкольский,299683.2,292870.10000000003,975.98,stat_gov_kz_real_group
2023,Акмолинская область,Зерновые и бобовые (группа),Егиндыкольский,325535.9,186891.05000000002,590.0,stat_gov_kz_real_group
2024,Акмолинская область,Зерновые и бобовые (группа),Егиндыкольский,322657.05,326548.73,1010.0,stat_gov_kz_real_group
2025,Акмолинская область,Зерновые и бобовые (группа),Егиндыкольский,309213.6,371313.03,1220.0,stat_gov_kz_real_group
1991,Акмолинская область,Масличные (группа),Егиндыкольский,900.0,107.2,110.00000000000001,stat_gov_kz_real_group
1992,Акмолинская область,Масличные (группа),Егиндыкольский,3200.0,764.8000000000001,250.0,stat_gov_kz_real_group
1993,Акмолинская область,Масличные (группа),Егиндыкольский,2500.0,446.5,180.0,stat_gov_kz_real_group
1994,Акмолинская область,Масличные (группа),Егиндыкольский,1500.0,283.2,190.0,stat_gov_kz_real_group
1995,Акмолинская область,Масличные (группа),Егиндыкольский,1000.0,140.6,140.0,stat_gov_kz_real_group
1996,Акмолинская область,Масличные (группа),Егиндыкольский,900.0,217.5,,stat_gov_kz_real_group
1997,Акмолинская область,Масличные (группа),Егиндыкольский,400.0,48.0,,stat_gov_kz_real_group
1998,Акмолинская область,Масличные (группа),Егиндыкольский,500.0,51.0,,stat_gov_kz_real_group
2000,Акмолинская область,Масличные (группа),Егиндыкольский,600.0,51.1,90.0,stat_gov_kz_real_group
2001,Акмолинская область,Масличные (группа),Егиндыкольский,340.0,48.0,140.0,stat_gov_kz_real_group
2002,Акмолинская область,Масличные (группа),Егиндыкольский,200.0,9.0,50.0,stat_gov_kz_real_group
2003,Акмолинская область,Масличные (группа),Егиндыкольский,500.0,112.0,220.00000000000003,stat_gov_kz_real_group
2004,Акмолинская область,Масличные (группа),Егиндыкольский,200.0,0.6000000000000001,0.0,stat_gov_kz_real_group
2005,Акмолинская область,Масличные (группа),Егиндыкольский,100.0,3.5,40.0,stat_gov_kz_real_group
2006,Акмолинская область,Масличные (группа),Егиндыкольский,580.0,114.0,440.00000000000006,stat_gov_kz_real_group
2007,Акмолинская область,Масличные (группа),Егиндыкольский,100.0,,,stat_gov_kz_real_group
2008,Акмолинская область,Масличные (группа),Егиндыкольский,250.0,21.0,,stat_gov_kz_real_group
2010,Акмолинская область,Масличные (группа),Егиндыкольский,90.0,,,stat_gov_kz_real_group
2013,Акмолинская область,Масличные (группа),Егиндыкольский,420.0,125.0,297.62,stat_gov_kz_real_group
2014,Акмолинская область,Масличные (группа),Егиндыкольский,3100.0,963.0,310.65,stat_gov_kz_real_group
2015,Акмолинская область,Масличные (группа),Егиндыкольский,3693.0,1007.3000000000001,272.76,stat_gov_kz_real_group
2016,Акмолинская область,Масличные (группа),Егиндыкольский,1696.0,1324.28,780.83,stat_gov_kz_real_group
2017,Акмолинская область,Масличные (группа),Егиндыкольский,2440.0,897.0,367.62,stat_gov_kz_real_group
2018,Акмолинская область,Масличные (группа),Егиндыкольский,2397.0,811.0,409.99999999999994,stat_gov_kz_real_group
2019,Акмолинская область,Масличные (группа),Егиндыкольский,2400.0,421.6,180.0,stat_gov_kz_real_group
2020,Акмолинская область,Масличные (группа),Егиндыкольский,1109.0,838.0,760.0,stat_gov_kz_real_group
2021,Акмолинская область,Масличные (группа),Егиндыкольский,2018.0,1568.5,777.25,stat_gov_kz_real_group
2022,Акмолинская область,Масличные (группа),Егиндыкольский,4248.0,2817.7000000000003,660.0,stat_gov_kz_real_group
2023,Акмолинская область,Масличные (группа),Егиндыкольский,4748.0,1801.0,480.0,stat_gov_kz_real_group
2024,Акмолинская область,Масличные (группа),Егиндыкольский,6863.0,4519.86,660.0,stat_gov_kz_real_group
2025,Акмолинская область,Масличные (группа),Егиндыкольский,9077.0,5823.0,640.0,stat_gov_kz_real_group
1991,Акмолинская область,Подсолнечник,Егиндыкольский,,95.0,110.00000000000001,stat_gov_kz_real
1992,Акмолинская область,Подсолнечник,Егиндыкольский,,747.0,250.0,stat_gov_kz_real
1993,Акмолинская область,Подсолнечник,Егиндыкольский,,447.0,180.0,stat_gov_kz_real
1994,Акмолинская область,Подсолнечник,Егиндыкольский,,283.2,190.0,stat_gov_kz_real
1995,Акмолинская область,Подсолнечник,Егиндыкольский,,100.4,140.0,stat_gov_kz_real
1996,Акмолинская область,Подсолнечник,Егиндыкольский,,214.5,250.0,stat_gov_kz_real
1997,Акмолинская область,Подсолнечник,Егиндыкольский,,48.0,120.0,stat_gov_kz_real
1998,Акмолинская область,Подсолнечник,Егиндыкольский,,51.0,100.0,stat_gov_kz_real
2000,Акмолинская область,Подсолнечник,Егиндыкольский,,51.1,90.0,stat_gov_kz_real
2001,Акмолинская область,Подсолнечник,Егиндыкольский,,48.0,140.0,stat_gov_kz_real
2002,Акмолинская область,Подсолнечник,Егиндыкольский,,9.0,50.0,stat_gov_kz_real
2003,Акмолинская область,Подсолнечник,Егиндыкольский,,112.0,60.0,stat_gov_kz_real
2004,Акмолинская область,Подсолнечник,Егиндыкольский,,0.6000000000000001,0.0,stat_gov_kz_real
2005,Акмолинская область,Подсолнечник,Егиндыкольский,,3.5,40.0,stat_gov_kz_real
2006,Акмолинская область,Подсолнечник,Егиндыкольский,,114.0,440.00000000000006,stat_gov_kz_real
2008,Акмолинская область,Подсолнечник,Егиндыкольский,,21.0,80.0,stat_gov_kz_real
2013,Акмолинская область,Подсолнечник,Егиндыкольский,,125.0,300.0,stat_gov_kz_real
2014,Акмолинская область,Подсолнечник,Егиндыкольский,,60.0,100.0,stat_gov_kz_real
2022,Акмолинская область,Подсолнечник,Егиндыкольский,,104.0,350.0,stat_gov_kz_real
2023,Акмолинская область,Подсолнечник,Егиндыкольский,,540.0,360.0,stat_gov_kz_real
2024,Акмолинская область,Подсолнечник,Егиндыкольский,,1200.0,800.0,stat_gov_kz_real
2025,Акмолинская область,Подсолнечник,Егиндыкольский,,2250.0,900.0,stat_gov_kz_real
1991,Акмолинская область,Пшеница,Егиндыкольский,,156000.0,750.0,stat_gov_kz_real
1992,Акмолинская область,Пшеница,Егиндыкольский,,413400.0,1960.0000000000002,stat_gov_kz_real
1993,Акмолинская область,Пшеница,Егиндыкольский,,203700.0,930.0000000000001,stat_gov_kz_real
1994,Акмолинская область,Пшеница,Егиндыкольский,,111900.0,480.0,stat_gov_kz_real
1995,Акмолинская область,Пшеница,Егиндыкольский,,106500.0,440.00000000000006,stat_gov_kz_real
1996,Акмолинская область,Пшеница,Егиндыкольский,,144200.0,690.0,stat_gov_kz_real
1997,Акмолинская область,Пшеница,Егиндыкольский,,82000.0,390.0,stat_gov_kz_real
1998,Акмолинская область,Пшеница,Егиндыкольский,,65099.99999999999,320.0,stat_gov_kz_real
1999,Акмолинская область,Пшеница,Егиндыкольский,147.1,170500.0,1160.0,stat_gov_kz_real
2000,Акмолинская область,Пшеница,Егиндыкольский,156.2,93300.0,600.0,stat_gov_kz_real
2001,Акмолинская область,Пшеница,Егиндыкольский,158.0,190060.0,1200.0,stat_gov_kz_real
2002,Акмолинская область,Пшеница,Егиндыкольский,190.4,122000.0,640.0,stat_gov_kz_real
2003,Акмолинская область,Пшеница,Егиндыкольский,192.5,140400.0,730.0,stat_gov_kz_real
2004,Акмолинская область,Пшеница,Егиндыкольский,205329.0,140366.1,680.0,stat_gov_kz_real
2005,Акмолинская область,Пшеница,Егиндыкольский,215426.0,126919.8,620.0,stat_gov_kz_real
2006,Акмолинская область,Пшеница,Егиндыкольский,219651.0,139903.2,640.0,stat_gov_kz_real
2007,Акмолинская область,Пшеница,Егиндыкольский,249198.0,184727.86000000002,750.0,stat_gov_kz_real
2008,Акмолинская область,Пшеница,Егиндыкольский,255277.3,163284.09,670.0,stat_gov_kz_real
2009,Акмолинская область,Пшеница,Егиндыкольский,290023.9,227320.2,800.0,stat_gov_kz_real
2010,Акмолинская область,Пшеница,Егиндыкольский,297934.9,123013.20000000001,430.0,stat_gov_kz_real
2011,Акмолинская область,Пшеница,Егиндыкольский,299270.2,325315.60000000003,1090.0,stat_gov_kz_real
2012,Акмолинская область,Пшеница,Егиндыкольский,305785.0,164071.0,570.0,stat_gov_kz_real
2013,Акмолинская область,Пшеница,Егиндыкольский,306175.0,310590.60000000003,1019.9999999999999,stat_gov_kz_real
2014,Акмолинская область,Пшеница,Егиндыкольский,308254.2,325639.0,1080.0,stat_gov_kz_real
2015,Акмолинская область,Пшеница,Егиндыкольский,314797.2,308793.10000000003,980.0000000000001,stat_gov_kz_real
2016,Акмолинская область,Пшеница,Егиндыкольский,318497.0,328478.2,1030.0,stat_gov_kz_real
2017,Акмолинская область,Пшеница,Егиндыкольский,311163.0,270659.9,869.9999999999999,stat_gov_kz_real
2018,Акмолинская область,Пшеница,Егиндыкольский,298238.6,278061.19,930.0000000000001,stat_gov_kz_real
2019,Акмолинская область,Пшеница,Егиндыкольский,303030.9,219271.0,720.0,stat_gov_kz_real
2020,Акмолинская область,Пшеница,Егиндыкольский,280986.3,315973.30000000005,1120.0,stat_gov_kz_real
2021,Акмолинская область,Пшеница,Егиндыкольский,294648.9,289097.32,1032.91,stat_gov_kz_real
2022,Акмолинская область,Пшеница,Егиндыкольский,291573.2,284672.8,975.01,stat_gov_kz_real
2023,Акмолинская область,Пшеница,Егиндыкольский,316977.9,182703.26,590.0,stat_gov_kz_real
2024,Акмолинская область,Пшеница,Егиндыкольский,311554.55,306827.95,990.0,stat_gov_kz_real
2025,Акмолинская область,Пшеница,Егиндыкольский,300459.1,359612.45,1220.0,stat_gov_kz_real
1991,Акмолинская область,Масличные (группа),Енбекшильдерский,3500.0,,,stat_gov_kz_real_group
1992,Акмолинская область,Масличные (группа),Енбекшильдерский,6000.0,,,stat_gov_kz_real_group
1993,Акмолинская область,Масличные (группа),Енбекшильдерский,4700.0,,,stat_gov_kz_real_group
1994,Акмолинская область,Масличные (группа),Енбекшильдерский,2500.0,,,stat_gov_kz_real_group
1995,Акмолинская область,Масличные (группа),Енбекшильдерский,1700.0,,,stat_gov_kz_real_group
1996,Акмолинская область,Масличные (группа),Енбекшильдерский,1300.0,,,stat_gov_kz_real_group
1997,Акмолинская область,Масличные (группа),Енбекшильдерский,100.0,,,stat_gov_kz_real_group
2000,Акмолинская область,Масличные (группа),Енбекшильдерский,1500.0,,,stat_gov_kz_real_group
2001,Акмолинская область,Масличные (группа),Енбекшильдерский,500.0,,,stat_gov_kz_real_group
2004,Акмолинская область,Масличные (группа),Енбекшильдерский,224.0,,,stat_gov_kz_real_group
2006,Акмолинская область,Масличные (группа),Енбекшильдерский,2560.0,,,stat_gov_kz_real_group
2007,Акмолинская область,Масличные (группа),Енбекшильдерский,2877.0,,,stat_gov_kz_real_group
2008,Акмолинская область,Масличные (группа),Енбекшильдерский,3267.0,,,stat_gov_kz_real_group
2009,Акмолинская область,Масличные (группа),Енбекшильдерский,3606.0,,,stat_gov_kz_real_group
2010,Акмолинская область,Масличные (группа),Енбекшильдерский,7456.0,,,stat_gov_kz_real_group
2011,Акмолинская область,Масличные (группа),Енбекшильдерский,13253.0,,,stat_gov_kz_real_group
2012,Акмолинская область,Масличные (группа),Енбекшильдерский,20848.0,,,stat_gov_kz_real_group
2013,Акмолинская область,Масличные (группа),Енбекшильдерский,16316.0,,,stat_gov_kz_real_group
2014,Акмолинская область,Масличные (группа),Енбекшильдерский,19250.03,,,stat_gov_kz_real_group
2015,Акмолинская область,Масличные (группа),Енбекшильдерский,17139.0,,,stat_gov_kz_real_group
2016,Акмолинская область,Масличные (группа),Енбекшильдерский,13275.0,,,stat_gov_kz_real_group
2017,Акмолинская область,Масличные (группа),Енбекшильдерский,23294.0,,,stat_gov_kz_real_group
2018,Акмолинская область,Масличные (группа),Енбекшильдерский,20856.0,,,stat_gov_kz_real_group
2019,Акмолинская область,Масличные (группа),Енбекшильдерский,24380.0,,,stat_gov_kz_real_group
2020,Акмолинская область,Масличные (группа),Енбекшильдерский,22064.8,,,stat_gov_kz_real_group
2021,Акмолинская область,Масличные (группа),Енбекшильдерский,16210.81,,,stat_gov_kz_real_group
2022,Акмолинская область,Масличные (группа),Енбекшильдерский,17390.1,,,stat_gov_kz_real_group
2023,Акмолинская область,Масличные (группа),Енбекшильдерский,7885.5,,,stat_gov_kz_real_group
2024,Акмолинская область,Масличные (группа),Енбекшильдерский,4113.0,,,stat_gov_kz_real_group
2025,Акмолинская область,Масличные (группа),Енбекшильдерский,25823.5,,,stat_gov_kz_real_group
1991,Акмолинская область,Зерновые и бобовые (группа),Ерейментауский,295200.0,113500.0,500.0,stat_gov_kz_real_group
1992,Акмолинская область,Зерновые и бобовые (группа),Ерейментауский,275200.0,388300.0,1590.0,stat_gov_kz_real_group
1993,Акмолинская область,Зерновые и бобовые (группа),Ерейментауский,253400.0,247800.0,950.0,stat_gov_kz_real_group
1994,Акмолинская область,Зерновые и бобовые (группа),Ерейментауский,231700.0,137100.0,470.0,stat_gov_kz_real_group
1995,Акмолинская область,Зерновые и бобовые (группа),Ерейментауский,225100.0,116400.0,509.99999999999994,stat_gov_kz_real_group
1996,Акмолинская область,Зерновые и бобовые (группа),Ерейментауский,223000.0,151700.0,810.0,stat_gov_kz_real_group
1997,Акмолинская область,Зерновые и бобовые (группа),Ерейментауский,164000.0,62000.0,430.0,stat_gov_kz_real_group
1998,Акмолинская область,Зерновые и бобовые (группа),Ерейментауский,124600.0,3900.0,200.0,stat_gov_kz_real_group
1999,Акмолинская область,Зерновые и бобовые (группа),Ерейментауский,64000.0,35900.0,640.0,stat_gov_kz_real_group
2000,Акмолинская область,Зерновые и бобовые (группа),Ерейментауский,100000.0,71500.0,720.0,stat_gov_kz_real_group
2001,Акмолинская область,Зерновые и бобовые (группа),Ерейментауский,100244.0,114800.0,1150.0,stat_gov_kz_real_group
2002,Акмолинская область,Зерновые и бобовые (группа),Ерейментауский,115563.0,95600.0,830.0000000000001,stat_gov_kz_real_group
2003,Акмолинская область,Зерновые и бобовые (группа),Ерейментауский,102150.0,55500.0,540.0,stat_gov_kz_real_group
2004,Акмолинская область,Зерновые и бобовые (группа),Ерейментауский,91802.0,45131.3,560.0,stat_gov_kz_real_group
2005,Акмолинская область,Зерновые и бобовые (группа),Ерейментауский,93392.0,30774.7,440.00000000000006,stat_gov_kz_real_group
2006,Акмолинская область,Зерновые и бобовые (группа),Ерейментауский,93736.0,79130.3,869.9999999999999,stat_gov_kz_real_group
2007,Акмолинская область,Зерновые и бобовые (группа),Ерейментауский,87510.0,82703.3,969.9999999999999,stat_gov_kz_real_group
2008,Акмолинская область,Зерновые и бобовые (группа),Ерейментауский,81262.0,28716.600000000002,420.0,stat_gov_kz_real_group
2009,Акмолинская область,Зерновые и бобовые (группа),Ерейментауский,94087.0,74770.2,790.0,stat_gov_kz_real_group
2010,Акмолинская область,Зерновые и бобовые (группа),Ерейментауский,83105.0,23561.09,370.0,stat_gov_kz_real_group
2011,Акмолинская область,Зерновые и бобовые (группа),Ерейментауский,77661.0,37414.700000000004,570.0,stat_gov_kz_real_group
2012,Акмолинская область,Зерновые и бобовые (группа),Ерейментауский,71039.0,20642.570000000003,480.0,stat_gov_kz_real_group
2013,Акмолинская область,Зерновые и бобовые (группа),Ерейментауский,73422.98,70575.2,969.9999999999999,stat_gov_kz_real_group
2014,Акмолинская область,Зерновые и бобовые (группа),Ерейментауский,71515.1,26313.692,500.0,stat_gov_kz_real_group
2015,Акмолинская область,Зерновые и бобовые (группа),Ерейментауский,66023.0,38729.700000000004,589.29,stat_gov_kz_real_group
2016,Акмолинская область,Зерновые и бобовые (группа),Ерейментауский,74574.0,52532.79000000001,762.96,stat_gov_kz_real_group
2017,Акмолинская область,Зерновые и бобовые (группа),Ерейментауский,63208.0,25373.45,453.59999999999997,stat_gov_kz_real_group
2018,Акмолинская область,Зерновые и бобовые (группа),Ерейментауский,64272.0,56933.07,910.0,stat_gov_kz_real_group
2019,Акмолинская область,Зерновые и бобовые (группа),Ерейментауский,63996.3,40595.55,630.0,stat_gov_kz_real_group
2020,Акмолинская область,Зерновые и бобовые (группа),Ерейментауский,76018.2,70974.35,940.0,stat_gov_kz_real_group
2021,Акмолинская область,Зерновые и бобовые (группа),Ерейментауский,90084.8,88164.40000000001,978.68,stat_gov_kz_real_group
2022,Акмолинская область,Зерновые и бобовые (группа),Ерейментауский,93875.0,97354.90000000001,1037.07,stat_gov_kz_real_group
2023,Акмолинская область,Зерновые и бобовые (группа),Ерейментауский,115985.7,19839.620000000003,260.0,stat_gov_kz_real_group
2024,Акмолинская область,Зерновые и бобовые (группа),Ерейментауский,88203.5,103252.22,1180.0,stat_gov_kz_real_group
2025,Акмолинская область,Зерновые и бобовые (группа),Ерейментауский,80920.6,111489.16000000002,1380.0,stat_gov_kz_real_group
1991,Акмолинская область,Масличные (группа),Ерейментауский,2300.0,521.0,300.0,stat_gov_kz_real_group
1992,Акмолинская область,Масличные (группа),Ерейментауский,4200.0,769.4000000000001,229.99999999999997,stat_gov_kz_real_group
1993,Акмолинская область,Масличные (группа),Ерейментауский,1800.0,560.1,350.0,stat_gov_kz_real_group
1994,Акмолинская область,Масличные (группа),Ерейментауский,2100.0,498.5,240.0,stat_gov_kz_real_group
1995,Акмолинская область,Масличные (группа),Ерейментауский,1400.0,399.40000000000003,300.0,stat_gov_kz_real_group
1996,Акмолинская область,Масличные (группа),Ерейментауский,1700.0,232.9,,stat_gov_kz_real_group
1997,Акмолинская область,Масличные (группа),Ерейментауский,900.0,230.9,,stat_gov_kz_real_group
1998,Акмолинская область,Масличные (группа),Ерейментауский,1200.0,57.6,,stat_gov_kz_real_group
1999,Акмолинская область,Масличные (группа),Ерейментауский,900.0,126.60000000000001,140.0,stat_gov_kz_real_group
2000,Акмолинская область,Масличные (группа),Ерейментауский,1800.0,649.5,360.0,stat_gov_kz_real_group
2001,Акмолинская область,Масличные (группа),Ерейментауский,660.0,66.60000000000001,100.0,stat_gov_kz_real_group
2002,Акмолинская область,Масличные (группа),Ерейментауский,1070.0,100.7,90.0,stat_gov_kz_real_group
2003,Акмолинская область,Масличные (группа),Ерейментауский,1070.0,86.7,80.0,stat_gov_kz_real_group
2004,Акмолинская область,Масличные (группа),Ерейментауский,10688.0,1254.2,120.0,stat_gov_kz_real_group
2005,Акмолинская область,Масличные (группа),Ерейментауский,4840.0,200.5,100.0,stat_gov_kz_real_group
2009,Акмолинская область,Масличные (группа),Ерейментауский,376.0,151.8,400.0,stat_gov_kz_real_group
2010,Акмолинская область,Масличные (группа),Ерейментауский,3130.0,42.5,100.0,stat_gov_kz_real_group
2011,Акмолинская область,Масличные (группа),Ерейментауский,1400.0,207.20000000000002,259.96999999999997,stat_gov_kz_real_group
2012,Акмолинская область,Масличные (группа),Ерейментауский,1404.5,,,stat_gov_kz_real_group
2013,Акмолинская область,Масличные (группа),Ерейментауский,6545.0,4047.7000000000003,668.38,stat_gov_kz_real_group
2014,Акмолинская область,Масличные (группа),Ерейментауский,12521.0,1046.3,178.25,stat_gov_kz_real_group
2015,Акмолинская область,Масличные (группа),Ерейментауский,5113.0,1221.3,238.85999999999999,stat_gov_kz_real_group
2016,Акмолинская область,Масличные (группа),Ерейментауский,4534.0,2696.5,594.73,stat_gov_kz_real_group
2017,Акмолинская область,Масличные (группа),Ерейментауский,13054.0,2283.0,271.03999999999996,stat_gov_kz_real_group
2018,Акмолинская область,Масличные (группа),Ерейментауский,1640.0,847.1,520.0,stat_gov_kz_real_group
2019,Акмолинская область,Масличные (группа),Ерейментауский,1026.1,543.5600000000001,530.0,stat_gov_kz_real_group
2020,Акмолинская область,Масличные (группа),Ерейментауский,1060.0,830.0,780.0,stat_gov_kz_real_group
2021,Акмолинская область,Масличные (группа),Ерейментауский,1225.0,565.0,461.21999999999997,stat_gov_kz_real_group
2022,Акмолинская область,Масличные (группа),Ерейментауский,5977.0,2605.5,440.00000000000006,stat_gov_kz_real_group
2023,Акмолинская область,Масличные (группа),Ерейментауский,2387.0,426.0,320.0,stat_gov_kz_real_group
2024,Акмолинская область,Масличные (группа),Ерейментауский,4262.0,3340.3,850.0,stat_gov_kz_real_group
2025,Акмолинская область,Масличные (группа),Ерейментауский,12068.0,11392.550000000001,940.0,stat_gov_kz_real_group
1991,Акмолинская область,Подсолнечник,Ерейментауский,,264.0,320.0,stat_gov_kz_real
1992,Акмолинская область,Подсолнечник,Ерейментауский,,640.0,240.0,stat_gov_kz_real
1993,Акмолинская область,Подсолнечник,Ерейментауский,,544.8000000000001,370.0,stat_gov_kz_real
1994,Акмолинская область,Подсолнечник,Ерейментауский,,498.5,240.0,stat_gov_kz_real
1995,Акмолинская область,Подсолнечник,Ерейментауский,,145.5,300.0,stat_gov_kz_real
1996,Акмолинская область,Подсолнечник,Ерейментауский,,232.9,140.0,stat_gov_kz_real
1997,Акмолинская область,Подсолнечник,Ерейментауский,,230.9,250.0,stat_gov_kz_real
1998,Акмолинская область,Подсолнечник,Ерейментауский,,57.6,50.0,stat_gov_kz_real
1999,Акмолинская область,Подсолнечник,Ерейментауский,,126.60000000000001,140.0,stat_gov_kz_real
2000,Акмолинская область,Подсолнечник,Ерейментауский,,649.5,450.0,stat_gov_kz_real
2001,Акмолинская область,Подсолнечник,Ерейментауский,,66.60000000000001,100.0,stat_gov_kz_real
2002,Акмолинская область,Подсолнечник,Ерейментауский,,100.7,70.0,stat_gov_kz_real
2003,Акмолинская область,Подсолнечник,Ерейментауский,,86.7,60.0,stat_gov_kz_real
2004,Акмолинская область,Подсолнечник,Ерейментауский,,642.2,120.0,stat_gov_kz_real
2005,Акмолинская область,Подсолнечник,Ерейментауский,,197.70000000000002,120.0,stat_gov_kz_real
2009,Акмолинская область,Подсолнечник,Ерейментауский,,151.8,400.0,stat_gov_kz_real
2010,Акмолинская область,Подсолнечник,Ерейментауский,,22.5,60.0,stat_gov_kz_real
2011,Акмолинская область,Подсолнечник,Ерейментауский,,25.0,180.0,stat_gov_kz_real
2013,Акмолинская область,Подсолнечник,Ерейментауский,,213.0,210.0,stat_gov_kz_real
2014,Акмолинская область,Подсолнечник,Ерейментауский,,8.5,90.0,stat_gov_kz_real
2015,Акмолинская область,Подсолнечник,Ерейментауский,,76.0,55.230000000000004,stat_gov_kz_real
2016,Акмолинская область,Подсолнечник,Ерейментауский,,119.0,990.0,stat_gov_kz_real
2017,Акмолинская область,Подсолнечник,Ерейментауский,,95.0,480.0,stat_gov_kz_real
2018,Акмолинская область,Подсолнечник,Ерейментауский,,47.5,480.0,stat_gov_kz_real
2023,Акмолинская область,Подсолнечник,Ерейментауский,,370.0,310.0,stat_gov_kz_real
2024,Акмолинская область,Подсолнечник,Ерейментауский,,2899.3,919.9999999999999,stat_gov_kz_real
2025,Акмолинская область,Подсолнечник,Ерейментауский,,2782.42,780.0,stat_gov_kz_real
1991,Акмолинская область,Пшеница,Ерейментауский,,91800.0,1000.0,stat_gov_kz_real
1992,Акмолинская область,Пшеница,Ерейментауский,,306200.0,1650.0,stat_gov_kz_real
1993,Акмолинская область,Пшеница,Ерейментауский,,182800.0,940.0,stat_gov_kz_real
1994,Акмолинская область,Пшеница,Ерейментауский,,93900.0,380.0,stat_gov_kz_real
1995,Акмолинская область,Пшеница,Ерейментауский,,87400.0,490.00000000000006,stat_gov_kz_real
1996,Акмолинская область,Пшеница,Ерейментауский,,130800.00000000001,830.0000000000001,stat_gov_kz_real
1997,Акмолинская область,Пшеница,Ерейментауский,,57400.0,459.99999999999994,stat_gov_kz_real
1998,Акмолинская область,Пшеница,Ерейментауский,,1500.0,320.0,stat_gov_kz_real
1999,Акмолинская область,Пшеница,Ерейментауский,61.6,34200.0,630.0,stat_gov_kz_real
2000,Акмолинская область,Пшеница,Ерейментауский,87.0,61900.0,710.0,stat_gov_kz_real
2001,Акмолинская область,Пшеница,Ерейментауский,84.1,95560.0,1140.0,stat_gov_kz_real
2002,Акмолинская область,Пшеница,Ерейментауский,97.8,85400.0,860.0,stat_gov_kz_real
2003,Акмолинская область,Пшеница,Ерейментауский,85.2,46300.0,540.0,stat_gov_kz_real
2004,Акмолинская область,Пшеница,Ерейментауский,81008.0,41821.200000000004,590.0,stat_gov_kz_real
2005,Акмолинская область,Пшеница,Ерейментауский,85159.0,28325.5,440.00000000000006,stat_gov_kz_real
2006,Акмолинская область,Пшеница,Ерейментауский,85435.0,74560.3,869.9999999999999,stat_gov_kz_real
2007,Акмолинская область,Пшеница,Ерейментауский,79815.0,73377.90000000001,930.0000000000001,stat_gov_kz_real
2008,Акмолинская область,Пшеница,Ерейментауский,72067.0,26611.300000000003,430.0,stat_gov_kz_real
2009,Акмолинская область,Пшеница,Ерейментауский,86619.0,69044.08,800.0,stat_gov_kz_real
2010,Акмолинская область,Пшеница,Ерейментауский,76987.0,22362.210000000003,370.0,stat_gov_kz_real
2011,Акмолинская область,Пшеница,Ерейментауский,70832.0,34866.5,560.0,stat_gov_kz_real
2012,Акмолинская область,Пшеница,Ерейментауский,61299.0,17313.7,470.0,stat_gov_kz_real
2013,Акмолинская область,Пшеница,Ерейментауский,56878.0,51981.200000000004,919.9999999999999,stat_gov_kz_real
2014,Акмолинская область,Пшеница,Ерейментауский,53723.13,21207.072,500.0,stat_gov_kz_real
2015,Акмолинская область,Пшеница,Ерейментауский,48598.0,31845.600000000002,660.0,stat_gov_kz_real
2016,Акмолинская область,Пшеница,Ерейментауский,59170.0,41079.700000000004,760.0,stat_gov_kz_real
2017,Акмолинская область,Пшеница,Ерейментауский,43568.0,18226.9,470.0,stat_gov_kz_real
2018,Акмолинская область,Пшеница,Ерейментауский,45980.0,44819.01,969.9999999999999,stat_gov_kz_real
2019,Акмолинская область,Пшеница,Ерейментауский,47122.3,29022.65,620.0,stat_gov_kz_real
2020,Акмолинская область,Пшеница,Ерейментауский,59347.2,56272.9,950.0,stat_gov_kz_real
2021,Акмолинская область,Пшеница,Ерейментауский,70778.2,71756.3,1013.8199999999999,stat_gov_kz_real
2022,Акмолинская область,Пшеница,Ерейментауский,74166.0,78097.90000000001,1053.01,stat_gov_kz_real
2023,Акмолинская область,Пшеница,Ерейментауский,94334.7,17936.72,270.0,stat_gov_kz_real
2024,Акмолинская область,Пшеница,Ерейментауский,69689.5,83366.82,1200.0,stat_gov_kz_real
2025,Акмолинская область,Пшеница,Ерейментауский,63670.6,89586.41,1410.0,stat_gov_kz_real
1991,Акмолинская область,Зерновые и бобовые (группа),Есильский,475500.0,289400.0,,stat_gov_kz_real_group
1992,Акмолинская область,Зерновые и бобовые (группа),Есильский,488400.0,582600.0,,stat_gov_kz_real_group
1993,Акмолинская область,Зерновые и бобовые (группа),Есильский,498400.0,319900.0,,stat_gov_kz_real_group
1994,Акмолинская область,Зерновые и бобовые (группа),Есильский,471600.0,247400.0,,stat_gov_kz_real_group
1995,Акмолинская область,Зерновые и бобовые (группа),Есильский,395500.0,197800.0,,stat_gov_kz_real_group
1996,Акмолинская область,Зерновые и бобовые (группа),Есильский,379600.0,207000.0,,stat_gov_kz_real_group
1997,Акмолинская область,Зерновые и бобовые (группа),Есильский,362900.0,220700.0,660.0,stat_gov_kz_real_group
1998,Акмолинская область,Зерновые и бобовые (группа),Есильский,337100.0,88200.0,280.0,stat_gov_kz_real_group
1999,Акмолинская область,Зерновые и бобовые (группа),Есильский,300848.0,317100.0,1050.0,stat_gov_kz_real_group
2000,Акмолинская область,Зерновые и бобовые (группа),Есильский,380107.0,192100.0,509.99999999999994,stat_gov_kz_real_group
2001,Акмолинская область,Зерновые и бобовые (группа),Есильский,310585.0,279100.0,900.0,stat_gov_kz_real_group
2002,Акмолинская область,Зерновые и бобовые (группа),Есильский,305000.0,277700.0,910.0,stat_gov_kz_real_group
2003,Акмолинская область,Зерновые и бобовые (группа),Есильский,305993.0,258300.0,840.0,stat_gov_kz_real_group
2004,Акмолинская область,Зерновые и бобовые (группа),Есильский,349883.0,182222.90000000002,540.0,stat_gov_kz_real_group
2005,Акмолинская область,Зерновые и бобовые (группа),Есильский,332064.0,236249.2,720.0,stat_gov_kz_real_group
2006,Акмолинская область,Зерновые и бобовые (группа),Есильский,403831.0,325044.80000000005,810.0,stat_gov_kz_real_group
2007,Акмолинская область,Зерновые и бобовые (группа),Есильский,421761.0,522902.30000000005,1240.0,stat_gov_kz_real_group
2008,Акмолинская область,Зерновые и бобовые (группа),Есильский,438857.0,281694.4,650.0,stat_gov_kz_real_group
2009,Акмолинская область,Зерновые и бобовые (группа),Есильский,481843.0,391649.9,810.0,stat_gov_kz_real_group
2010,Акмолинская область,Зерновые и бобовые (группа),Есильский,471197.0,142703.6,310.0,stat_gov_kz_real_group
2011,Акмолинская область,Зерновые и бобовые (группа),Есильский,426675.0,826015.5,1960.0000000000002,stat_gov_kz_real_group
2012,Акмолинская область,Зерновые и бобовые (группа),Есильский,454864.2,250275.54,590.0,stat_gov_kz_real_group
2013,Акмолинская область,Зерновые и бобовые (группа),Есильский,437048.4,379496.5,869.9999999999999,stat_gov_kz_real_group
2014,Акмолинская область,Зерновые и бобовые (группа),Есильский,438289.37,455785.20700000005,1040.0,stat_gov_kz_real_group
2015,Акмолинская область,Зерновые и бобовые (группа),Есильский,450763.4,470600.99000000005,1047.7,stat_gov_kz_real_group
2016,Акмолинская область,Зерновые и бобовые (группа),Есильский,453804.0,510103.10000000003,1149.34,stat_gov_kz_real_group
2017,Акмолинская область,Зерновые и бобовые (группа),Есильский,435942.4,520020.10000000003,1211.77,stat_gov_kz_real_group
2018,Акмолинская область,Зерновые и бобовые (группа),Есильский,440092.4,402718.02,919.9999999999999,stat_gov_kz_real_group
2019,Акмолинская область,Зерновые и бобовые (группа),Есильский,446786.7,372140.2,830.0000000000001,stat_gov_kz_real_group
2020,Акмолинская область,Зерновые и бобовые (группа),Есильский,419207.7,387598.96,919.9999999999999,stat_gov_kz_real_group
2021,Акмолинская область,Зерновые и бобовые (группа),Есильский,446029.58,293551.419,659.34,stat_gov_kz_real_group
2022,Акмолинская область,Зерновые и бобовые (группа),Есильский,446597.1,509087.32000000007,1139.93,stat_gov_kz_real_group
2023,Акмолинская область,Зерновые и бобовые (группа),Есильский,452019.2,342733.68,760.0,stat_gov_kz_real_group
2024,Акмолинская область,Зерновые и бобовые (группа),Есильский,442624.05,493509.01,1120.0,stat_gov_kz_real_group
2025,Акмолинская область,Зерновые и бобовые (группа),Есильский,430825.7,573654.9,1340.0,stat_gov_kz_real_group
1991,Акмолинская область,Масличные (группа),Есильский,600.0,,,stat_gov_kz_real_group
1992,Акмолинская область,Масличные (группа),Есильский,5200.0,,,stat_gov_kz_real_group
1993,Акмолинская область,Масличные (группа),Есильский,2400.0,,,stat_gov_kz_real_group
1994,Акмолинская область,Масличные (группа),Есильский,2100.0,,,stat_gov_kz_real_group
1995,Акмолинская область,Масличные (группа),Есильский,1400.0,,,stat_gov_kz_real_group
1996,Акмолинская область,Масличные (группа),Есильский,800.0,,,stat_gov_kz_real_group
1997,Акмолинская область,Масличные (группа),Есильский,400.0,12.4,,stat_gov_kz_real_group
1998,Акмолинская область,Масличные (группа),Есильский,100.0,0.8,,stat_gov_kz_real_group
1999,Акмолинская область,Масличные (группа),Есильский,100.0,68.60000000000001,520.0,stat_gov_kz_real_group
2000,Акмолинская область,Масличные (группа),Есильский,1000.0,25.0,30.0,stat_gov_kz_real_group
2001,Акмолинская область,Масличные (группа),Есильский,440.0,7.6000000000000005,20.0,stat_gov_kz_real_group
2002,Акмолинская область,Масличные (группа),Есильский,120.0,24.8,210.0,stat_gov_kz_real_group
2003,Акмолинская область,Масличные (группа),Есильский,1330.0,164.70000000000002,120.0,stat_gov_kz_real_group
2004,Акмолинская область,Масличные (группа),Есильский,120.0,7.6000000000000005,60.0,stat_gov_kz_real_group
2005,Акмолинская область,Масличные (группа),Есильский,120.0,14.4,120.0,stat_gov_kz_real_group
2006,Акмолинская область,Масличные (группа),Есильский,20.0,1.6,80.0,stat_gov_kz_real_group
2007,Акмолинская область,Масличные (группа),Есильский,210.0,45.0,210.0,stat_gov_kz_real_group
2008,Акмолинская область,Масличные (группа),Есильский,1000.0,0.30000000000000004,,stat_gov_kz_real_group
2009,Акмолинская область,Масличные (группа),Есильский,500.0,16.900000000000002,120.0,stat_gov_kz_real_group
2010,Акмолинская область,Масличные (группа),Есильский,4533.0,631.95,140.0,stat_gov_kz_real_group
2011,Акмолинская область,Масличные (группа),Есильский,26361.0,13116.1,497.56,stat_gov_kz_real_group
2012,Акмолинская область,Масличные (группа),Есильский,17800.0,2659.6000000000004,228.82,stat_gov_kz_real_group
2013,Акмолинская область,Масличные (группа),Есильский,26213.0,13499.0,514.97,stat_gov_kz_real_group
2014,Акмолинская область,Масличные (группа),Есильский,34434.6,13774.900000000001,400.03000000000003,stat_gov_kz_real_group
2015,Акмолинская область,Масличные (группа),Есильский,30131.0,16499.9,547.61,stat_gov_kz_real_group
2016,Акмолинская область,Масличные (группа),Есильский,22569.0,18839.3,1063.8899999999999,stat_gov_kz_real_group
2017,Акмолинская область,Масличные (группа),Есильский,23714.0,21011.410000000003,886.0300000000001,stat_gov_kz_real_group
2018,Акмолинская область,Масличные (группа),Есильский,22285.0,12481.300000000001,600.0,stat_gov_kz_real_group
2019,Акмолинская область,Масличные (группа),Есильский,24045.0,11348.0,560.0,stat_gov_kz_real_group
2020,Акмолинская область,Масличные (группа),Есильский,18492.0,11075.2,600.0,stat_gov_kz_real_group
2021,Акмолинская область,Масличные (группа),Есильский,21724.5,9157.300000000001,421.52000000000004,stat_gov_kz_real_group
2022,Акмолинская область,Масличные (группа),Есильский,36254.1,21701.88,600.0,stat_gov_kz_real_group
2023,Акмолинская область,Масличные (группа),Есильский,21458.5,7956.200000000001,420.0,stat_gov_kz_real_group
2024,Акмолинская область,Масличные (группа),Есильский,24871.6,23527.83,950.0,stat_gov_kz_real_group
2025,Акмолинская область,Масличные (группа),Есильский,45788.2,37102.770000000004,810.0,stat_gov_kz_real_group
1997,Акмолинская область,Подсолнечник,Есильский,,12.4,60.0,stat_gov_kz_real
1998,Акмолинская область,Подсолнечник,Есильский,,0.8,20.0,stat_gov_kz_real
2000,Акмолинская область,Подсолнечник,Есильский,,25.0,30.0,stat_gov_kz_real
2001,Акмолинская область,Подсолнечник,Есильский,,2.0,10.0,stat_gov_kz_real
2003,Акмолинская область,Подсолнечник,Есильский,,99.0,,stat_gov_kz_real
2007,Акмолинская область,Подсолнечник,Есильский,,34.0,340.0,stat_gov_kz_real
2008,Акмолинская область,Подсолнечник,Есильский,,,10.0,stat_gov_kz_real
2009,Акмолинская область,Подсолнечник,Есильский,,4.2,40.0,stat_gov_kz_real
2010,Акмолинская область,Подсолнечник,Есильский,,382.5,190.0,stat_gov_kz_real
2011,Акмолинская область,Подсолнечник,Есильский,,1047.6000000000001,150.0,stat_gov_kz_real
2012,Акмолинская область,Подсолнечник,Есильский,,321.8,180.0,stat_gov_kz_real
2013,Акмолинская область,Подсолнечник,Есильский,,3096.0,550.0,stat_gov_kz_real
2014,Акмолинская область,Подсолнечник,Есильский,,1565.0,360.0,stat_gov_kz_real
2015,Акмолинская область,Подсолнечник,Есильский,,1991.0,738.23,stat_gov_kz_real
2016,Акмолинская область,Подсолнечник,Есильский,,6833.1,1330.0,stat_gov_kz_real
2017,Акмолинская область,Подсолнечник,Есильский,,14117.210000000001,1210.0,stat_gov_kz_real
2018,Акмолинская область,Подсолнечник,Есильский,,4617.2,530.0,stat_gov_kz_real
2019,Акмолинская область,Подсолнечник,Есильский,,3583.2000000000003,630.0,stat_gov_kz_real
2020,Акмолинская область,Подсолнечник,Есильский,,3560.4,730.0,stat_gov_kz_real
2021,Акмолинская область,Подсолнечник,Есильский,,3873.5,470.0,stat_gov_kz_real
2022,Акмолинская область,Подсолнечник,Есильский,,9006.300000000001,890.0,stat_gov_kz_real
2023,Акмолинская область,Подсолнечник,Есильский,,4828.6,560.0,stat_gov_kz_real
2024,Акмолинская область,Подсолнечник,Есильский,,13036.45,1310.0,stat_gov_kz_real
2025,Акмолинская область,Подсолнечник,Есильский,,17440.120000000003,1060.0,stat_gov_kz_real
1991,Акмолинская область,Пшеница,Есильский,,233700.0,,stat_gov_kz_real
1992,Акмолинская область,Пшеница,Есильский,,459200.0,,stat_gov_kz_real
1993,Акмолинская область,Пшеница,Есильский,,213200.0,,stat_gov_kz_real
1994,Акмолинская область,Пшеница,Есильский,,179500.0,,stat_gov_kz_real
1995,Акмолинская область,Пшеница,Есильский,,152400.0,,stat_gov_kz_real
1996,Акмолинская область,Пшеница,Есильский,,167300.0,,stat_gov_kz_real
1997,Акмолинская область,Пшеница,Есильский,,191800.0,680.0,stat_gov_kz_real
1998,Акмолинская область,Пшеница,Есильский,,78700.0,290.0,stat_gov_kz_real
1999,Акмолинская область,Пшеница,Есильский,269.2,279200.0,1040.0,stat_gov_kz_real
2000,Акмолинская область,Пшеница,Есильский,336.8,170300.0,509.99999999999994,stat_gov_kz_real
2001,Акмолинская область,Пшеница,Есильский,275.9,241000.0,869.9999999999999,stat_gov_kz_real
2002,Акмолинская область,Пшеница,Есильский,282.0,245400.0,869.9999999999999,stat_gov_kz_real
2003,Акмолинская область,Пшеница,Есильский,271.2,222400.0,819.9999999999999,stat_gov_kz_real
2004,Акмолинская область,Пшеница,Есильский,313351.0,164129.80000000002,540.0,stat_gov_kz_real
2005,Акмолинская область,Пшеница,Есильский,303184.0,215082.40000000002,720.0,stat_gov_kz_real
2006,Акмолинская область,Пшеница,Есильский,365428.0,293192.0,800.0,stat_gov_kz_real
2007,Акмолинская область,Пшеница,Есильский,389726.0,469231.80000000005,1210.0,stat_gov_kz_real
2008,Акмолинская область,Пшеница,Есильский,399061.0,252297.5,650.0,stat_gov_kz_real
2009,Акмолинская область,Пшеница,Есильский,446986.0,360951.5,810.0,stat_gov_kz_real
2010,Акмолинская область,Пшеница,Есильский,439866.0,133416.5,310.0,stat_gov_kz_real
2011,Акмолинская область,Пшеница,Есильский,398859.0,762087.5,1939.9999999999998,stat_gov_kz_real
2012,Акмолинская область,Пшеница,Есильский,415564.0,226684.90000000002,590.0,stat_gov_kz_real
2013,Акмолинская область,Пшеница,Есильский,394749.4,331282.7,840.0,stat_gov_kz_real
2014,Акмолинская область,Пшеница,Есильский,400368.4,408034.943,1019.9999999999999,stat_gov_kz_real
2015,Акмолинская область,Пшеница,Есильский,417518.4,431721.10000000003,1040.0,stat_gov_kz_real
2016,Акмолинская область,Пшеница,Есильский,415742.4,444420.4,1090.0,stat_gov_kz_real
2017,Акмолинская область,Пшеница,Есильский,385739.4,446427.4,1180.0,stat_gov_kz_real
2018,Акмолинская область,Пшеница,Есильский,379931.4,334102.10000000003,880.0000000000001,stat_gov_kz_real
2019,Акмолинская область,Пшеница,Есильский,373392.2,307167.37000000005,819.9999999999999,stat_gov_kz_real
2020,Акмолинская область,Пшеница,Есильский,359367.7,337596.54000000004,940.0,stat_gov_kz_real
2021,Акмолинская область,Пшеница,Есильский,405733.92,267121.5,658.37,stat_gov_kz_real
2022,Акмолинская область,Пшеница,Есильский,402833.6,450955.01,1119.46,stat_gov_kz_real
2023,Акмолинская область,Пшеница,Есильский,401300.2,299070.31,750.0,stat_gov_kz_real
2024,Акмолинская область,Пшеница,Есильский,393640.3,410857.74,1050.0,stat_gov_kz_real
2025,Акмолинская область,Пшеница,Есильский,367682.7,481270.67000000004,1310.0,stat_gov_kz_real
1991,Акмолинская область,Зерновые и бобовые (группа),Жаксынский,435800.0,243400.0,,stat_gov_kz_real_group
1992,Акмолинская область,Зерновые и бобовые (группа),Жаксынский,449200.0,509200.0,,stat_gov_kz_real_group
1993,Акмолинская область,Зерновые и бобовые (группа),Жаксынский,446700.0,305000.0,,stat_gov_kz_real_group
1994,Акмолинская область,Зерновые и бобовые (группа),Жаксынский,441900.0,238700.0,,stat_gov_kz_real_group
1995,Акмолинская область,Зерновые и бобовые (группа),Жаксынский,370500.0,206200.0,,stat_gov_kz_real_group
1996,Акмолинская область,Зерновые и бобовые (группа),Жаксынский,354800.0,189600.0,,stat_gov_kz_real_group
1997,Акмолинская область,Зерновые и бобовые (группа),Жаксынский,308000.0,166800.0,580.0,stat_gov_kz_real_group
1998,Акмолинская область,Зерновые и бобовые (группа),Жаксынский,233700.0,66800.0,310.0,stat_gov_kz_real_group
1999,Акмолинская область,Зерновые и бобовые (группа),Жаксынский,200050.0,266600.0,1330.0,stat_gov_kz_real_group
2000,Акмолинская область,Зерновые и бобовые (группа),Жаксынский,251925.0,134100.0,530.0,stat_gov_kz_real_group
2001,Акмолинская область,Зерновые и бобовые (группа),Жаксынский,253136.0,205000.0,910.0,stat_gov_kz_real_group
2002,Акмолинская область,Зерновые и бобовые (группа),Жаксынский,273616.0,225900.0,840.0,stat_gov_kz_real_group
2003,Акмолинская область,Зерновые и бобовые (группа),Жаксынский,252683.0,287700.0,1140.0,stat_gov_kz_real_group
2004,Акмолинская область,Зерновые и бобовые (группа),Жаксынский,311865.0,277256.3,900.0,stat_gov_kz_real_group
2005,Акмолинская область,Зерновые и бобовые (группа),Жаксынский,326346.0,303186.7,930.0000000000001,stat_gov_kz_real_group
2006,Акмолинская область,Зерновые и бобовые (группа),Жаксынский,360486.0,431350.5,1200.0,stat_gov_kz_real_group
2007,Акмолинская область,Зерновые и бобовые (группа),Жаксынский,373461.0,619560.9,1660.0000000000002,stat_gov_kz_real_group
2008,Акмолинская область,Зерновые и бобовые (группа),Жаксынский,388489.0,350943.2,910.0,stat_gov_kz_real_group
2009,Акмолинская область,Зерновые и бобовые (группа),Жаксынский,404593.0,501322.10000000003,1240.0,stat_gov_kz_real_group
2010,Акмолинская область,Зерновые и бобовые (группа),Жаксынский,411531.0,217051.2,540.0,stat_gov_kz_real_group
2011,Акмолинская область,Зерновые и бобовые (группа),Жаксынский,407226.0,831474.3,2050.0,stat_gov_kz_real_group
2012,Акмолинская область,Зерновые и бобовые (группа),Жаксынский,412913.5,317184.08,800.0,stat_gov_kz_real_group
2013,Акмолинская область,Зерновые и бобовые (группа),Жаксынский,411028.78,420981.65700000006,1050.0,stat_gov_kz_real_group
2014,Акмолинская область,Зерновые и бобовые (группа),Жаксынский,410079.11,545407.219,1330.0,stat_gov_kz_real_group
2015,Акмолинская область,Зерновые и бобовые (группа),Жаксынский,408807.0,530813.802,1298.45,stat_gov_kz_real_group
2016,Акмолинская область,Зерновые и бобовые (группа),Жаксынский,437243.0,560456.75,1283.29,stat_gov_kz_real_group
2017,Акмолинская область,Зерновые и бобовые (группа),Жаксынский,435587.6,589681.5300000001,1372.0,stat_gov_kz_real_group
2018,Акмолинская область,Зерновые и бобовые (группа),Жаксынский,427880.9,559619.4900000001,1310.0,stat_gov_kz_real_group
2019,Акмолинская область,Зерновые и бобовые (группа),Жаксынский,447784.7,499358.12000000005,1150.0,stat_gov_kz_real_group
2020,Акмолинская область,Зерновые и бобовые (группа),Жаксынский,451317.0,460010.30000000005,1019.9999999999999,stat_gov_kz_real_group
2021,Акмолинская область,Зерновые и бобовые (группа),Жаксынский,450294.3,353305.7,805.79,stat_gov_kz_real_group
2022,Акмолинская область,Зерновые и бобовые (группа),Жаксынский,460733.7,557238.7000000001,1209.46,stat_gov_kz_real_group
2023,Акмолинская область,Зерновые и бобовые (группа),Жаксынский,477056.5,362720.10000000003,790.0,stat_gov_kz_real_group
2024,Акмолинская область,Зерновые и бобовые (группа),Жаксынский,473652.9,465973.10000000003,1000.0,stat_gov_kz_real_group
2025,Акмолинская область,Зерновые и бобовые (группа),Жаксынский,470763.3,731916.43,1570.0,stat_gov_kz_real_group
1991,Акмолинская область,Масличные (группа),Жаксынский,700.0,,,stat_gov_kz_real_group
1992,Акмолинская область,Масличные (группа),Жаксынский,3500.0,,,stat_gov_kz_real_group
1993,Акмолинская область,Масличные (группа),Жаксынский,2600.0,,,stat_gov_kz_real_group
1994,Акмолинская область,Масличные (группа),Жаксынский,1100.0,,,stat_gov_kz_real_group
1995,Акмолинская область,Масличные (группа),Жаксынский,700.0,,,stat_gov_kz_real_group
1996,Акмолинская область,Масличные (группа),Жаксынский,300.0,,,stat_gov_kz_real_group
2000,Акмолинская область,Масличные (группа),Жаксынский,700.0,37.6,50.0,stat_gov_kz_real_group
2001,Акмолинская область,Масличные (группа),Жаксынский,840.0,267.6,320.0,stat_gov_kz_real_group
2003,Акмолинская область,Масличные (группа),Жаксынский,1250.0,424.0,340.0,stat_gov_kz_real_group
2004,Акмолинская область,Масличные (группа),Жаксынский,1250.0,,,stat_gov_kz_real_group
2005,Акмолинская область,Масличные (группа),Жаксынский,1200.0,540.0,450.0,stat_gov_kz_real_group
2006,Акмолинская область,Масличные (группа),Жаксынский,3009.0,796.8000000000001,260.0,stat_gov_kz_real_group
2008,Акмолинская область,Масличные (группа),Жаксынский,1189.0,445.43000000000006,,stat_gov_kz_real_group
2009,Акмолинская область,Масличные (группа),Жаксынский,610.0,32.0,90.0,stat_gov_kz_real_group
2010,Акмолинская область,Масличные (группа),Жаксынский,685.0,116.0,170.0,stat_gov_kz_real_group
2011,Акмолинская область,Масличные (группа),Жаксынский,1756.0,2336.2000000000003,1330.41,stat_gov_kz_real_group
2012,Акмолинская область,Масличные (группа),Жаксынский,2229.0,1129.2,506.59000000000003,stat_gov_kz_real_group
2013,Акмолинская область,Масличные (группа),Жаксынский,6190.0,1422.0,271.63,stat_gov_kz_real_group
2014,Акмолинская область,Масличные (группа),Жаксынский,14018.01,6422.843000000001,458.19,stat_gov_kz_real_group
2015,Акмолинская область,Масличные (группа),Жаксынский,10923.0,5928.9800000000005,542.8,stat_gov_kz_real_group
2016,Акмолинская область,Масличные (группа),Жаксынский,8468.0,7329.1,865.5099999999999,stat_gov_kz_real_group
2017,Акмолинская область,Масличные (группа),Жаксынский,17445.0,12897.400000000001,739.32,stat_gov_kz_real_group
2018,Акмолинская область,Масличные (группа),Жаксынский,21242.0,12897.0,610.0,stat_gov_kz_real_group
2019,Акмолинская область,Масличные (группа),Жаксынский,13913.0,11900.7,860.0,stat_gov_kz_real_group
2020,Акмолинская область,Масличные (группа),Жаксынский,11155.0,9281.1,830.0000000000001,stat_gov_kz_real_group
2021,Акмолинская область,Масличные (группа),Жаксынский,13780.5,5240.400000000001,393.10999999999996,stat_gov_kz_real_group
2022,Акмолинская область,Масличные (группа),Жаксынский,13082.0,5549.5,440.00000000000006,stat_gov_kz_real_group
2023,Акмолинская область,Масличные (группа),Жаксынский,5255.0,3223.6000000000004,630.0,stat_gov_kz_real_group
2024,Акмолинская область,Масличные (группа),Жаксынский,4328.0,9388.0,2170.0,stat_gov_kz_real_group
2025,Акмолинская область,Масличные (группа),Жаксынский,13930.6,14609.160000000002,1050.0,stat_gov_kz_real_group
1996,Акмолинская область,Подсолнечник,Жаксынский,,,120.0,stat_gov_kz_real
2000,Акмолинская область,Подсолнечник,Жаксынский,,37.6,50.0,stat_gov_kz_real
2001,Акмолинская область,Подсолнечник,Жаксынский,,267.6,320.0,stat_gov_kz_real
2003,Акмолинская область,Подсолнечник,Жаксынский,,424.0,350.0,stat_gov_kz_real
2005,Акмолинская область,Подсолнечник,Жаксынский,,540.0,450.0,stat_gov_kz_real
2006,Акмолинская область,Подсолнечник,Жаксынский,,155.5,190.0,stat_gov_kz_real
2008,Акмолинская область,Подсолнечник,Жаксынский,,0.30000000000000004,370.0,stat_gov_kz_real
2009,Акмолинская область,Подсолнечник,Жаксынский,,32.0,90.0,stat_gov_kz_real
2010,Акмолинская область,Подсолнечник,Жаксынский,,51.0,110.00000000000001,stat_gov_kz_real
2012,Акмолинская область,Подсолнечник,Жаксынский,,157.0,430.0,stat_gov_kz_real
2013,Акмолинская область,Подсолнечник,Жаксынский,,479.0,120.0,stat_gov_kz_real
2014,Акмолинская область,Подсолнечник,Жаксынский,,230.5,130.0,stat_gov_kz_real
2017,Акмолинская область,Подсолнечник,Жаксынский,,980.0,630.0,stat_gov_kz_real
2018,Акмолинская область,Подсолнечник,Жаксынский,,750.0,980.0000000000001,stat_gov_kz_real
2019,Акмолинская область,Подсолнечник,Жаксынский,,1647.8000000000002,1100.0,stat_gov_kz_real
2020,Акмолинская область,Подсолнечник,Жаксынский,,1764.0,1500.0,stat_gov_kz_real
2021,Акмолинская область,Подсолнечник,Жаксынский,,1434.0,690.0,stat_gov_kz_real
2022,Акмолинская область,Подсолнечник,Жаксынский,,1654.0,900.0,stat_gov_kz_real
2023,Акмолинская область,Подсолнечник,Жаксынский,,2600.0,1010.0,stat_gov_kz_real
2024,Акмолинская область,Подсолнечник,Жаксынский,,7705.0,2950.0,stat_gov_kz_real
2025,Акмолинская область,Подсолнечник,Жаксынский,,6764.200000000001,1410.0,stat_gov_kz_real
1991,Акмолинская область,Пшеница,Жаксынский,,188100.0,,stat_gov_kz_real
1992,Акмолинская область,Пшеница,Жаксынский,,391100.0,,stat_gov_kz_real
1993,Акмолинская область,Пшеница,Жаксынский,,217100.0,,stat_gov_kz_real
1994,Акмолинская область,Пшеница,Жаксынский,,147700.0,,stat_gov_kz_real
1995,Акмолинская область,Пшеница,Жаксынский,,157600.0,,stat_gov_kz_real
1996,Акмолинская область,Пшеница,Жаксынский,,145700.0,,stat_gov_kz_real
1997,Акмолинская область,Пшеница,Жаксынский,,142600.0,610.0,stat_gov_kz_real
1998,Акмолинская область,Пшеница,Жаксынский,,56900.0,310.0,stat_gov_kz_real
1999,Акмолинская область,Пшеница,Жаксынский,173.2,230000.0,1330.0,stat_gov_kz_real
2000,Акмолинская область,Пшеница,Жаксынский,219.3,111700.0,509.99999999999994,stat_gov_kz_real
2001,Акмолинская область,Пшеница,Жаксынский,222.2,179390.0,910.0,stat_gov_kz_real
2002,Акмолинская область,Пшеница,Жаксынский,240.8,198600.0,830.0000000000001,stat_gov_kz_real
2003,Акмолинская область,Пшеница,Жаксынский,222.7,250700.0,1130.0,stat_gov_kz_real
2004,Акмолинская область,Пшеница,Жаксынский,284865.0,260292.90000000002,919.9999999999999,stat_gov_kz_real
2005,Акмолинская область,Пшеница,Жаксынский,304209.0,279587.4,919.9999999999999,stat_gov_kz_real
2006,Акмолинская область,Пшеница,Жаксынский,335538.0,401760.7,1200.0,stat_gov_kz_real
2007,Акмолинская область,Пшеница,Жаксынский,353196.0,581958.6,1650.0,stat_gov_kz_real
2008,Акмолинская область,Пшеница,Жаксынский,364931.0,327208.5,900.0,stat_gov_kz_real
2009,Акмолинская область,Пшеница,Жаксынский,380111.0,467208.0,1230.0,stat_gov_kz_real
2010,Акмолинская область,Пшеница,Жаксынский,395005.0,209905.30000000002,540.0,stat_gov_kz_real
2011,Акмолинская область,Пшеница,Жаксынский,388452.0,789321.3,2039.9999999999998,stat_gov_kz_real
2012,Акмолинская область,Пшеница,Жаксынский,394833.4,307310.08,810.0,stat_gov_kz_real
2013,Акмолинская область,Пшеница,Жаксынский,393224.77,391766.9,1019.9999999999999,stat_gov_kz_real
2014,Акмолинская область,Пшеница,Жаксынский,384230.41,512681.85400000005,1330.0,stat_gov_kz_real
2015,Акмолинская область,Пшеница,Жаксынский,383111.6,507933.85199999996,1330.0,stat_gov_kz_real
2016,Акмолинская область,Пшеница,Жаксынский,398441.0,491796.31,1230.0,stat_gov_kz_real
2017,Акмолинская область,Пшеница,Жаксынский,390469.0,522179.1400000001,1360.0,stat_gov_kz_real
2018,Акмолинская область,Пшеница,Жаксынский,368976.8,472598.07000000007,1280.0,stat_gov_kz_real
2019,Акмолинская область,Пшеница,Жаксынский,369481.7,403494.60000000003,1130.0,stat_gov_kz_real
2020,Акмолинская область,Пшеница,Жаксынский,376138.0,381742.80000000005,1010.0,stat_gov_kz_real
2021,Акмолинская область,Пшеница,Жаксынский,395308.8,314546.0,815.79,stat_gov_kz_real
2022,Акмолинская область,Пшеница,Жаксынский,421809.1,512638.5,1215.33,stat_gov_kz_real
2023,Акмолинская область,Пшеница,Жаксынский,437902.9,334942.2,790.0,stat_gov_kz_real
2024,Акмолинская область,Пшеница,Жаксынский,435712.6,398257.0,930.0000000000001,stat_gov_kz_real
2025,Акмолинская область,Пшеница,Жаксынский,422793.7,653855.38,1560.0,stat_gov_kz_real
1991,Акмолинская область,Зерновые и бобовые (группа),Жаркаинский,409900.0,238400.0,,stat_gov_kz_real_group
1992,Акмолинская область,Зерновые и бобовые (группа),Жаркаинский,413400.0,697900.0,,stat_gov_kz_real_group
1993,Акмолинская область,Зерновые и бобовые (группа),Жаркаинский,423100.0,489300.0,,stat_gov_kz_real_group
1994,Акмолинская область,Зерновые и бобовые (группа),Жаркаинский,437300.0,167800.0,,stat_gov_kz_real_group
1995,Акмолинская область,Зерновые и бобовые (группа),Жаркаинский,477200.0,185500.0,,stat_gov_kz_real_group
1996,Акмолинская область,Зерновые и бобовые (группа),Жаркаинский,450700.0,195900.0,,stat_gov_kz_real_group
1997,Акмолинская область,Зерновые и бобовые (группа),Жаркаинский,348100.0,103100.0,330.0,stat_gov_kz_real_group
1998,Акмолинская область,Зерновые и бобовые (группа),Жаркаинский,236500.0,45200.0,210.0,stat_gov_kz_real_group
1999,Акмолинская область,Зерновые и бобовые (группа),Жаркаинский,165000.0,144000.0,919.9999999999999,stat_gov_kz_real_group
2000,Акмолинская область,Зерновые и бобовые (группа),Жаркаинский,179783.0,140400.0,780.0,stat_gov_kz_real_group
2001,Акмолинская область,Зерновые и бобовые (группа),Жаркаинский,201467.0,181900.0,910.0,stat_gov_kz_real_group
2002,Акмолинская область,Зерновые и бобовые (группа),Жаркаинский,226830.0,164700.0,730.0,stat_gov_kz_real_group
2003,Акмолинская область,Зерновые и бобовые (группа),Жаркаинский,260861.0,229300.0,880.0000000000001,stat_gov_kz_real_group
2004,Акмолинская область,Зерновые и бобовые (группа),Жаркаинский,309669.0,216873.2,740.0,stat_gov_kz_real_group
2005,Акмолинская область,Зерновые и бобовые (группа),Жаркаинский,327490.0,195279.5,640.0,stat_gov_kz_real_group
2006,Акмолинская область,Зерновые и бобовые (группа),Жаркаинский,319742.4,123872.5,490.00000000000006,stat_gov_kz_real_group
2007,Акмолинская область,Зерновые и бобовые (группа),Жаркаинский,334879.2,350971.9,1080.0,stat_gov_kz_real_group
2008,Акмолинская область,Зерновые и бобовые (группа),Жаркаинский,395116.9,358976.10000000003,919.9999999999999,stat_gov_kz_real_group
2009,Акмолинская область,Зерновые и бобовые (группа),Жаркаинский,485994.2,437905.30000000005,910.0,stat_gov_kz_real_group
2010,Акмолинская область,Зерновые и бобовые (группа),Жаркаинский,521183.9,219669.80000000002,430.0,stat_gov_kz_real_group
2011,Акмолинская область,Зерновые и бобовые (группа),Жаркаинский,509122.3,860546.0,1689.9999999999998,stat_gov_kz_real_group
2012,Акмолинская область,Зерновые и бобовые (группа),Жаркаинский,543965.0,298918.4,620.0,stat_gov_kz_real_group
2013,Акмолинская область,Зерновые и бобовые (группа),Жаркаинский,528830.47,625212.4,1190.0,stat_gov_kz_real_group
2014,Акмолинская область,Зерновые и бобовые (группа),Жаркаинский,547076.48,572975.114,1050.0,stat_gov_kz_real_group
2015,Акмолинская область,Зерновые и бобовые (группа),Жаркаинский,553073.3,533869.3,967.17,stat_gov_kz_real_group
2016,Акмолинская область,Зерновые и бобовые (группа),Жаркаинский,591129.2,616882.0700000002,1043.5700000000002,stat_gov_kz_real_group
2017,Акмолинская область,Зерновые и бобовые (группа),Жаркаинский,616883.6,538150.9,872.89,stat_gov_kz_real_group
2018,Акмолинская область,Зерновые и бобовые (группа),Жаркаинский,631080.7,516997.8400000001,819.9999999999999,stat_gov_kz_real_group
2019,Акмолинская область,Зерновые и бобовые (группа),Жаркаинский,635377.7,458405.4,720.0,stat_gov_kz_real_group
2020,Акмолинская область,Зерновые и бобовые (группа),Жаркаинский,620386.8,476366.67000000004,790.0,stat_gov_kz_real_group
2021,Акмолинская область,Зерновые и бобовые (группа),Жаркаинский,617069.7,278864.2,460.51,stat_gov_kz_real_group
2022,Акмолинская область,Зерновые и бобовые (группа),Жаркаинский,659527.5,678046.7000000001,1036.72,stat_gov_kz_real_group
2023,Акмолинская область,Зерновые и бобовые (группа),Жаркаинский,652043.2,295288.8,470.0,stat_gov_kz_real_group
2024,Акмолинская область,Зерновые и бобовые (группа),Жаркаинский,644556.5,526860.0700000001,850.0,stat_gov_kz_real_group
2025,Акмолинская область,Зерновые и бобовые (группа),Жаркаинский,670308.8,755500.46,1140.0,stat_gov_kz_real_group
1991,Акмолинская область,Масличные (группа),Жаркаинский,1200.0,,,stat_gov_kz_real_group
1992,Акмолинская область,Масличные (группа),Жаркаинский,7000.0,,,stat_gov_kz_real_group
1993,Акмолинская область,Масличные (группа),Жаркаинский,3900.0,,,stat_gov_kz_real_group
1994,Акмолинская область,Масличные (группа),Жаркаинский,2400.0,,,stat_gov_kz_real_group
1995,Акмолинская область,Масличные (группа),Жаркаинский,3400.0,,,stat_gov_kz_real_group
1996,Акмолинская область,Масличные (группа),Жаркаинский,400.0,,,stat_gov_kz_real_group
2000,Акмолинская область,Масличные (группа),Жаркаинский,400.0,138.5,320.0,stat_gov_kz_real_group
2001,Акмолинская область,Масличные (группа),Жаркаинский,110.0,22.0,200.0,stat_gov_kz_real_group
2003,Акмолинская область,Масличные (группа),Жаркаинский,300.0,24.5,80.0,stat_gov_kz_real_group
2004,Акмолинская область,Масличные (группа),Жаркаинский,100.0,,,stat_gov_kz_real_group
2005,Акмолинская область,Масличные (группа),Жаркаинский,300.0,,,stat_gov_kz_real_group
2006,Акмолинская область,Масличные (группа),Жаркаинский,7479.0,100.80000000000001,40.0,stat_gov_kz_real_group
2008,Акмолинская область,Масличные (группа),Жаркаинский,500.0,20.0,,stat_gov_kz_real_group
2010,Акмолинская область,Масличные (группа),Жаркаинский,3772.0,535.0,140.0,stat_gov_kz_real_group
2011,Акмолинская область,Масличные (группа),Жаркаинский,12086.0,3560.3,334.02,stat_gov_kz_real_group
2012,Акмолинская область,Масличные (группа),Жаркаинский,9635.0,743.0,227.98,stat_gov_kz_real_group
2013,Акмолинская область,Масличные (группа),Жаркаинский,15150.0,9123.0,602.18,stat_gov_kz_real_group
2014,Акмолинская область,Масличные (группа),Жаркаинский,10163.0,5801.3,570.83,stat_gov_kz_real_group
2015,Акмолинская область,Масличные (группа),Жаркаинский,8180.0,3456.2000000000003,438.6,stat_gov_kz_real_group
2016,Акмолинская область,Масличные (группа),Жаркаинский,8011.0,4277.1,533.9000000000001,stat_gov_kz_real_group
2017,Акмолинская область,Масличные (группа),Жаркаинский,5231.0,3335.5,637.64,stat_gov_kz_real_group
2018,Акмолинская область,Масличные (группа),Жаркаинский,4821.0,1833.0,380.0,stat_gov_kz_real_group
2019,Акмолинская область,Масличные (группа),Жаркаинский,3100.0,1502.8000000000002,480.0,stat_gov_kz_real_group
2020,Акмолинская область,Масличные (группа),Жаркаинский,300.0,145.0,480.0,stat_gov_kz_real_group
2021,Акмолинская область,Масличные (группа),Жаркаинский,1046.0,293.0,280.11,stat_gov_kz_real_group
2022,Акмолинская область,Масличные (группа),Жаркаинский,5731.0,2459.83,459.99999999999994,stat_gov_kz_real_group
2023,Акмолинская область,Масличные (группа),Жаркаинский,3066.0,805.4000000000001,570.0,stat_gov_kz_real_group
2024,Акмолинская область,Масличные (группа),Жаркаинский,1919.0,980.0,509.99999999999994,stat_gov_kz_real_group
2025,Акмолинская область,Масличные (группа),Жаркаинский,13581.8,8481.130000000001,650.0,stat_gov_kz_real_group
2000,Акмолинская область,Подсолнечник,Жаркаинский,,138.4,320.0,stat_gov_kz_real
2001,Акмолинская область,Подсолнечник,Жаркаинский,,22.0,200.0,stat_gov_kz_real
2003,Акмолинская область,Подсолнечник,Жаркаинский,,24.5,80.0,stat_gov_kz_real
2006,Акмолинская область,Подсолнечник,Жаркаинский,,100.80000000000001,40.0,stat_gov_kz_real
2008,Акмолинская область,Подсолнечник,Жаркаинский,,445.43000000000006,200.0,stat_gov_kz_real
2010,Акмолинская область,Подсолнечник,Жаркаинский,,465.0,130.0,stat_gov_kz_real
2011,Акмолинская область,Подсолнечник,Жаркаинский,,1275.0,260.0,stat_gov_kz_real
2013,Акмолинская область,Подсолнечник,Жаркаинский,,295.0,160.0,stat_gov_kz_real
2020,Акмолинская область,Подсолнечник,Жаркаинский,,50.0,500.0,stat_gov_kz_real
2021,Акмолинская область,Подсолнечник,Жаркаинский,,95.0,190.0,stat_gov_kz_real
2022,Акмолинская область,Подсолнечник,Жаркаинский,,200.0,280.0,stat_gov_kz_real
2023,Акмолинская область,Подсолнечник,Жаркаинский,,280.0,1870.0,stat_gov_kz_real
2024,Акмолинская область,Подсолнечник,Жаркаинский,,20.0,40.0,stat_gov_kz_real
2025,Акмолинская область,Подсолнечник,Жаркаинский,,696.0,580.0,stat_gov_kz_real
1991,Акмолинская область,Пшеница,Жаркаинский,,223700.0,,stat_gov_kz_real
1992,Акмолинская область,Пшеница,Жаркаинский,,639300.0,,stat_gov_kz_real
1993,Акмолинская область,Пшеница,Жаркаинский,,438900.0,,stat_gov_kz_real
1994,Акмолинская область,Пшеница,Жаркаинский,,161400.0,,stat_gov_kz_real
1995,Акмолинская область,Пшеница,Жаркаинский,,154400.0,,stat_gov_kz_real
1996,Акмолинская область,Пшеница,Жаркаинский,,186900.0,,stat_gov_kz_real
1997,Акмолинская область,Пшеница,Жаркаинский,,98700.0,330.0,stat_gov_kz_real
1998,Акмолинская область,Пшеница,Жаркаинский,,43700.0,220.00000000000003,stat_gov_kz_real
1999,Акмолинская область,Пшеница,Жаркаинский,158.3,138000.0,919.9999999999999,stat_gov_kz_real
2000,Акмолинская область,Пшеница,Жаркаинский,167.5,135900.0,800.0,stat_gov_kz_real
2001,Акмолинская область,Пшеница,Жаркаинский,188.8,171940.0,919.9999999999999,stat_gov_kz_real
2002,Акмолинская область,Пшеница,Жаркаинский,213.4,153900.0,720.0,stat_gov_kz_real
2003,Акмолинская область,Пшеница,Жаркаинский,240.0,208500.0,869.9999999999999,stat_gov_kz_real
2004,Акмолинская область,Пшеница,Жаркаинский,287944.0,206458.30000000002,750.0,stat_gov_kz_real
2005,Акмолинская область,Пшеница,Жаркаинский,308240.0,185625.30000000002,650.0,stat_gov_kz_real
2006,Акмолинская область,Пшеница,Жаркаинский,293672.4,111401.3,490.00000000000006,stat_gov_kz_real
2007,Акмолинская область,Пшеница,Жаркаинский,315652.3,330897.7,1080.0,stat_gov_kz_real
2008,Акмолинская область,Пшеница,Жаркаинский,363282.0,329704.14,919.9999999999999,stat_gov_kz_real
2009,Акмолинская область,Пшеница,Жаркаинский,455466.2,417419.93,919.9999999999999,stat_gov_kz_real
2010,Акмолинская область,Пшеница,Жаркаинский,496155.9,215792.80000000002,440.00000000000006,stat_gov_kz_real
2011,Акмолинская область,Пшеница,Жаркаинский,492450.1,833659.1000000001,1689.9999999999998,stat_gov_kz_real
2012,Акмолинская область,Пшеница,Жаркаинский,512849.0,291026.4,640.0,stat_gov_kz_real
2013,Акмолинская область,Пшеница,Жаркаинский,499989.8,590234.4,1180.0,stat_gov_kz_real
2014,Акмолинская область,Пшеница,Жаркаинский,524296.48,551878.587,1050.0,stat_gov_kz_real
2015,Акмолинская область,Пшеница,Жаркаинский,534471.3,522441.80000000005,980.0000000000001,stat_gov_kz_real
2016,Акмолинская область,Пшеница,Жаркаинский,577389.2,593368.87,1030.0,stat_gov_kz_real
2017,Акмолинская область,Пшеница,Жаркаинский,597310.2,522407.80000000005,880.0000000000001,stat_gov_kz_real
2018,Акмолинская область,Пшеница,Жаркаинский,600409.1,487723.02,810.0,stat_gov_kz_real
2019,Акмолинская область,Пшеница,Жаркаинский,593780.4,423813.5,710.0,stat_gov_kz_real
2020,Акмолинская область,Пшеница,Жаркаинский,569558.9,428486.37000000005,780.0,stat_gov_kz_real
2021,Акмолинская область,Пшеница,Жаркаинский,576983.0,263309.2,464.76,stat_gov_kz_real
2022,Акмолинская область,Пшеница,Жаркаинский,621632.5,631860.8,1024.1899999999998,stat_gov_kz_real
2023,Акмолинская область,Пшеница,Жаркаинский,606536.0,266302.0,450.0,stat_gov_kz_real
2024,Акмолинская область,Пшеница,Жаркаинский,583384.4,422713.02,750.0,stat_gov_kz_real
2025,Акмолинская область,Пшеница,Жаркаинский,576274.4,645603.93,1130.0,stat_gov_kz_real
1991,Акмолинская область,Зерновые и бобовые (группа),Зерендинский,231800.0,118400.0,530.0,stat_gov_kz_real_group
1992,Акмолинская область,Зерновые и бобовые (группа),Зерендинский,224500.0,363500.0,1639.9999999999998,stat_gov_kz_real_group
1993,Акмолинская область,Зерновые и бобовые (группа),Зерендинский,212000.0,186600.0,1040.0,stat_gov_kz_real_group
1994,Акмолинская область,Зерновые и бобовые (группа),Зерендинский,203700.0,258800.0,660.0,stat_gov_kz_real_group
1995,Акмолинская область,Зерновые и бобовые (группа),Зерендинский,204600.0,163400.0,580.0,stat_gov_kz_real_group
1996,Акмолинская область,Зерновые и бобовые (группа),Зерендинский,208000.0,183700.0,570.0,stat_gov_kz_real_group
1997,Акмолинская область,Зерновые и бобовые (группа),Зерендинский,194600.0,153800.0,,stat_gov_kz_real_group
1998,Акмолинская область,Зерновые и бобовые (группа),Зерендинский,167900.0,75400.0,450.0,stat_gov_kz_real_group
1999,Акмолинская область,Зерновые и бобовые (группа),Зерендинский,174012.0,309000.0,1780.0,stat_gov_kz_real_group
2000,Акмолинская область,Зерновые и бобовые (группа),Зерендинский,188168.0,202400.0,1080.0,stat_gov_kz_real_group
2001,Акмолинская область,Зерновые и бобовые (группа),Зерендинский,205552.0,281500.0,1370.0,stat_gov_kz_real_group
2002,Акмолинская область,Зерновые и бобовые (группа),Зерендинский,215002.0,248300.0,1150.0,stat_gov_kz_real_group
2003,Акмолинская область,Зерновые и бобовые (группа),Зерендинский,177600.0,166000.0,930.0000000000001,stat_gov_kz_real_group
2004,Акмолинская область,Зерновые и бобовые (группа),Зерендинский,202290.0,176248.40000000002,890.0,stat_gov_kz_real_group
2005,Акмолинская область,Зерновые и бобовые (группа),Зерендинский,205000.0,243181.1,1190.0,stat_gov_kz_real_group
2006,Акмолинская область,Зерновые и бобовые (группа),Зерендинский,210505.0,317818.30000000005,1510.0,stat_gov_kz_real_group
2007,Акмолинская область,Зерновые и бобовые (группа),Зерендинский,219004.0,356695.7,1630.0,stat_gov_kz_real_group
2008,Акмолинская область,Зерновые и бобовые (группа),Зерендинский,214260.0,230547.90000000002,1090.0,stat_gov_kz_real_group
2009,Акмолинская область,Зерновые и бобовые (группа),Зерендинский,223925.0,341969.60000000003,1530.0,stat_gov_kz_real_group
2010,Акмолинская область,Зерновые и бобовые (группа),Зерендинский,170959.0,134675.67,940.0,stat_gov_kz_real_group
2011,Акмолинская область,Зерновые и бобовые (группа),Зерендинский,162266.0,349439.4,2200.0,stat_gov_kz_real_group
2012,Акмолинская область,Зерновые и бобовые (группа),Зерендинский,166020.8,195100.40000000002,1210.0,stat_gov_kz_real_group
2013,Акмолинская область,Зерновые и бобовые (группа),Зерендинский,171357.5,197297.91000000003,1160.0,stat_gov_kz_real_group
2014,Акмолинская область,Зерновые и бобовые (группа),Зерендинский,155978.91,180647.746,1200.0,stat_gov_kz_real_group
2015,Акмолинская область,Зерновые и бобовые (группа),Зерендинский,163839.5,235734.019,1438.81,stat_gov_kz_real_group
2016,Акмолинская область,Зерновые и бобовые (группа),Зерендинский,181602.3,240248.72999999998,1338.33,stat_gov_kz_real_group
2017,Акмолинская область,Зерновые и бобовые (группа),Зерендинский,179714.4,329802.5,1835.3500000000001,stat_gov_kz_real_group
2018,Акмолинская область,Зерновые и бобовые (группа),Зерендинский,179788.9,321360.02,1830.0,stat_gov_kz_real_group
2019,Акмолинская область,Зерновые и бобовые (группа),Зерендинский,193251.6,252796.33,1310.0,stat_gov_kz_real_group
2020,Акмолинская область,Зерновые и бобовые (группа),Зерендинский,209108.4,291778.97000000003,1400.0,stat_gov_kz_real_group
2021,Акмолинская область,Зерновые и бобовые (группа),Зерендинский,205764.79,198205.61800000002,982.75,stat_gov_kz_real_group
2022,Акмолинская область,Зерновые и бобовые (группа),Зерендинский,207609.9,317276.89,1537.96,stat_gov_kz_real_group
2023,Акмолинская область,Зерновые и бобовые (группа),Зерендинский,247607.6,194178.97,840.0,stat_gov_kz_real_group
2024,Акмолинская область,Зерновые и бобовые (группа),Зерендинский,220397.54,414385.67000000004,1910.0000000000002,stat_gov_kz_real_group
2025,Акмолинская область,Зерновые и бобовые (группа),Зерендинский,217624.74,456641.55000000005,2100.0,stat_gov_kz_real_group
1991,Акмолинская область,Масличные (группа),Зерендинский,5500.0,162.20000000000002,190.0,stat_gov_kz_real_group
1992,Акмолинская область,Масличные (группа),Зерендинский,9100.0,381.20000000000005,270.0,stat_gov_kz_real_group
1993,Акмолинская область,Масличные (группа),Зерендинский,8900.0,259.6,170.0,stat_gov_kz_real_group
1994,Акмолинская область,Масличные (группа),Зерендинский,6300.0,135.6,140.0,stat_gov_kz_real_group
1995,Акмолинская область,Масличные (группа),Зерендинский,4600.0,58.300000000000004,130.0,stat_gov_kz_real_group
1996,Акмолинская область,Масличные (группа),Зерендинский,2500.0,17.0,,stat_gov_kz_real_group
1997,Акмолинская область,Масличные (группа),Зерендинский,1700.0,,,stat_gov_kz_real_group
1998,Акмолинская область,Масличные (группа),Зерендинский,300.0,30.0,,stat_gov_kz_real_group
1999,Акмолинская область,Масличные (группа),Зерендинский,200.0,71.0,390.0,stat_gov_kz_real_group
2000,Акмолинская область,Масличные (группа),Зерендинский,2200.0,302.5,140.0,stat_gov_kz_real_group
2001,Акмолинская область,Масличные (группа),Зерендинский,30.0,2.0,60.0,stat_gov_kz_real_group
2002,Акмолинская область,Масличные (группа),Зерендинский,150.0,35.0,229.99999999999997,stat_gov_kz_real_group
2003,Акмолинская область,Масличные (группа),Зерендинский,120.0,,,stat_gov_kz_real_group
2005,Акмолинская область,Масличные (группа),Зерендинский,2509.0,2423.7000000000003,969.9999999999999,stat_gov_kz_real_group
2006,Акмолинская область,Масличные (группа),Зерендинский,5772.0,1912.7,330.0,stat_gov_kz_real_group
2007,Акмолинская область,Масличные (группа),Зерендинский,4480.0,1387.3000000000002,310.0,stat_gov_kz_real_group
2008,Акмолинская область,Масличные (группа),Зерендинский,3805.0,1555.6000000000001,,stat_gov_kz_real_group
2009,Акмолинская область,Масличные (группа),Зерендинский,15570.0,5239.8,420.0,stat_gov_kz_real_group
2010,Акмолинская область,Масличные (группа),Зерендинский,34836.0,10380.910000000002,350.0,stat_gov_kz_real_group
2011,Акмолинская область,Масличные (группа),Зерендинский,30000.0,24564.84,891.0600000000001,stat_gov_kz_real_group
2012,Акмолинская область,Масличные (группа),Зерендинский,38373.0,22133.22,620.7099999999999,stat_gov_kz_real_group
2013,Акмолинская область,Масличные (группа),Зерендинский,48441.4,34643.950000000004,741.88,stat_gov_kz_real_group
2014,Акмолинская область,Масличные (группа),Зерендинский,70667.07,35982.781,751.01,stat_gov_kz_real_group
2015,Акмолинская область,Масличные (группа),Зерендинский,57431.0,28913.15,562.17,stat_gov_kz_real_group
2016,Акмолинская область,Масличные (группа),Зерендинский,50905.100000000006,32988.340000000004,707.1,stat_gov_kz_real_group
2017,Акмолинская область,Масличные (группа),Зерендинский,53957.0,58636.21,1088.1299999999999,stat_gov_kz_real_group
2018,Акмолинская область,Масличные (группа),Зерендинский,61234.2,60001.48000000001,1000.0,stat_gov_kz_real_group
2019,Акмолинская область,Масличные (группа),Зерендинский,66855.8,53412.07,819.9999999999999,stat_gov_kz_real_group
2020,Акмолинская область,Масличные (группа),Зерендинский,54177.0,44625.08,919.9999999999999,stat_gov_kz_real_group
2021,Акмолинская область,Масличные (группа),Зерендинский,67779.1,41140.43,593.47,stat_gov_kz_real_group
2022,Акмолинская область,Масличные (группа),Зерендинский,65866.1,48063.100000000006,750.0,stat_gov_kz_real_group
2023,Акмолинская область,Масличные (группа),Зерендинский,28642.6,16312.720000000001,630.0,stat_gov_kz_real_group
2024,Акмолинская область,Масличные (группа),Зерендинский,56233.11,57194.31,1060.0,stat_gov_kz_real_group
2025,Акмолинская область,Масличные (группа),Зерендинский,87575.22,95936.54000000001,1110.0,stat_gov_kz_real_group
1991,Акмолинская область,Подсолнечник,Зерендинский,,70.0,170.0,stat_gov_kz_real
1992,Акмолинская область,Подсолнечник,Зерендинский,,177.8,180.0,stat_gov_kz_real
1993,Акмолинская область,Подсолнечник,Зерендинский,,113.0,220.00000000000003,stat_gov_kz_real
1994,Акмолинская область,Подсолнечник,Зерендинский,,77.5,100.0,stat_gov_kz_real
1995,Акмолинская область,Подсолнечник,Зерендинский,,20.0,30.0,stat_gov_kz_real
1996,Акмолинская область,Подсолнечник,Зерендинский,,14.0,70.0,stat_gov_kz_real
1999,Акмолинская область,Подсолнечник,Зерендинский,,36.0,450.0,stat_gov_kz_real
2002,Акмолинская область,Подсолнечник,Зерендинский,,22.0,229.99999999999997,stat_gov_kz_real
2006,Акмолинская область,Подсолнечник,Зерендинский,,270.0,650.0,stat_gov_kz_real
2007,Акмолинская область,Подсолнечник,Зерендинский,,136.0,340.0,stat_gov_kz_real
2008,Акмолинская область,Подсолнечник,Зерендинский,,20.0,,stat_gov_kz_real
2010,Акмолинская область,Подсолнечник,Зерендинский,,494.20000000000005,180.0,stat_gov_kz_real
2011,Акмолинская область,Подсолнечник,Зерендинский,,2198.5400000000004,380.0,stat_gov_kz_real
2012,Акмолинская область,Подсолнечник,Зерендинский,,912.1200000000001,360.0,stat_gov_kz_real
2013,Акмолинская область,Подсолнечник,Зерендинский,,1057.2,320.0,stat_gov_kz_real
2014,Акмолинская область,Подсолнечник,Зерендинский,,1749.3000000000002,540.0,stat_gov_kz_real
2015,Акмолинская область,Подсолнечник,Зерендинский,,1166.4,555.16,stat_gov_kz_real
2016,Акмолинская область,Подсолнечник,Зерендинский,,563.0,480.0,stat_gov_kz_real
2017,Акмолинская область,Подсолнечник,Зерендинский,,16297.660000000002,1290.0,stat_gov_kz_real
2018,Акмолинская область,Подсолнечник,Зерендинский,,1404.1000000000001,700.0,stat_gov_kz_real
2019,Акмолинская область,Подсолнечник,Зерендинский,,344.88000000000005,360.0,stat_gov_kz_real
2020,Акмолинская область,Подсолнечник,Зерендинский,,607.85,1390.0,stat_gov_kz_real
2021,Акмолинская область,Подсолнечник,Зерендинский,,7418.02,780.0,stat_gov_kz_real
2022,Акмолинская область,Подсолнечник,Зерендинский,,9451.93,1140.0,stat_gov_kz_real
2023,Акмолинская область,Подсолнечник,Зерендинский,,4110.13,750.0,stat_gov_kz_real
2024,Акмолинская область,Подсолнечник,Зерендинский,,19091.89,1739.9999999999998,stat_gov_kz_real
2025,Акмолинская область,Подсолнечник,Зерендинский,,17979.18,1560.0,stat_gov_kz_real
1991,Акмолинская область,Пшеница,Зерендинский,,57800.0,670.0,stat_gov_kz_real
1992,Акмолинская область,Пшеница,Зерендинский,,167500.0,1750.0,stat_gov_kz_real
1993,Акмолинская область,Пшеница,Зерендинский,,78100.0,900.0,stat_gov_kz_real
1994,Акмолинская область,Пшеница,Зерендинский,,99800.0,500.0,stat_gov_kz_real
1995,Акмолинская область,Пшеница,Зерендинский,,96700.0,650.0,stat_gov_kz_real
1996,Акмолинская область,Пшеница,Зерендинский,,103300.0,570.0,stat_gov_kz_real
1997,Акмолинская область,Пшеница,Зерендинский,,114800.0,,stat_gov_kz_real
1998,Акмолинская область,Пшеница,Зерендинский,,56700.0,480.0,stat_gov_kz_real
1999,Акмолинская область,Пшеница,Зерендинский,120.1,215800.0,1800.0,stat_gov_kz_real
2000,Акмолинская область,Пшеница,Зерендинский,147.1,154200.0,1050.0,stat_gov_kz_real
2001,Акмолинская область,Пшеница,Зерендинский,173.7,236620.0,1360.0,stat_gov_kz_real
2002,Акмолинская область,Пшеница,Зерендинский,159.0,176000.0,1110.0,stat_gov_kz_real
2003,Акмолинская область,Пшеница,Зерендинский,131.0,120600.0,919.9999999999999,stat_gov_kz_real
2004,Акмолинская область,Пшеница,Зерендинский,152230.0,143636.30000000002,960.0,stat_gov_kz_real
2005,Акмолинская область,Пшеница,Зерендинский,169900.0,196889.6,1160.0,stat_gov_kz_real
2006,Акмолинская область,Пшеница,Зерендинский,176299.0,266213.16000000003,1510.0,stat_gov_kz_real
2007,Акмолинская область,Пшеница,Зерендинский,180803.0,291875.06,1610.0000000000002,stat_gov_kz_real
2008,Акмолинская область,Пшеница,Зерендинский,163723.3,166782.64,1030.0,stat_gov_kz_real
2009,Акмолинская область,Пшеница,Зерендинский,161561.8,231162.83,1440.0,stat_gov_kz_real
2010,Акмолинская область,Пшеница,Зерендинский,121051.0,106073.08000000002,950.0,stat_gov_kz_real
2011,Акмолинская область,Пшеница,Зерендинский,134450.0,290421.7,2220.0,stat_gov_kz_real
2012,Акмолинская область,Пшеница,Зерендинский,130154.3,158994.90000000002,1240.0,stat_gov_kz_real
2013,Акмолинская область,Пшеница,Зерендинский,134302.6,145751.5,1090.0,stat_gov_kz_real
2014,Акмолинская область,Пшеница,Зерендинский,111552.81,122330.975,1150.0,stat_gov_kz_real
2015,Акмолинская область,Пшеница,Зерендинский,110252.7,157314.08000000002,1430.0,stat_gov_kz_real
2016,Акмолинская область,Пшеница,Зерендинский,115013.4,140913.13,1230.0,stat_gov_kz_real
2017,Акмолинская область,Пшеница,Зерендинский,100955.3,189209.44,1870.0,stat_gov_kz_real
2018,Акмолинская область,Пшеница,Зерендинский,92258.0,174175.40000000002,1889.9999999999998,stat_gov_kz_real
2019,Акмолинская область,Пшеница,Зерендинский,111659.0,144375.56000000003,1290.0,stat_gov_kz_real
2020,Акмолинская область,Пшеница,Зерендинский,131447.83,181881.5,1380.0,stat_gov_kz_real
2021,Акмолинская область,Пшеница,Зерендинский,154171.89,146869.53,965.38,stat_gov_kz_real
2022,Акмолинская область,Пшеница,Зерендинский,144171.2,217262.72000000003,1519.73,stat_gov_kz_real
2023,Акмолинская область,Пшеница,Зерендинский,158864.5,131953.68000000002,869.9999999999999,stat_gov_kz_real
2024,Акмолинская область,Пшеница,Зерендинский,144284.73,272577.48,1920.0,stat_gov_kz_real
2025,Акмолинская область,Пшеница,Зерендинский,133069.74,300839.2,2260.0,stat_gov_kz_real
1991,Акмолинская область,Зерновые и бобовые (группа),Коргалжынский,188600.0,68100.0,459.99999999999994,stat_gov_kz_real_group
1992,Акмолинская область,Зерновые и бобовые (группа),Коргалжынский,188900.0,300900.0,1839.9999999999998,stat_gov_kz_real_group
1993,Акмолинская область,Зерновые и бобовые (группа),Коргалжынский,202100.0,162000.0,919.9999999999999,stat_gov_kz_real_group
1994,Акмолинская область,Зерновые и бобовые (группа),Коргалжынский,190400.0,69800.0,370.0,stat_gov_kz_real_group
1995,Акмолинская область,Зерновые и бобовые (группа),Коргалжынский,164700.0,45200.0,270.0,stat_gov_kz_real_group
1996,Акмолинская область,Зерновые и бобовые (группа),Коргалжынский,143300.0,87700.0,690.0,stat_gov_kz_real_group
1997,Акмолинская область,Зерновые и бобовые (группа),Коргалжынский,101900.0,33400.0,380.0,stat_gov_kz_real_group
1998,Акмолинская область,Зерновые и бобовые (группа),Коргалжынский,73300.0,19600.0,270.0,stat_gov_kz_real_group
1999,Акмолинская область,Зерновые и бобовые (группа),Коргалжынский,50025.0,40700.0,810.0,stat_gov_kz_real_group
2000,Акмолинская область,Зерновые и бобовые (группа),Коргалжынский,70000.0,33300.0,480.0,stat_gov_kz_real_group
2001,Акмолинская область,Зерновые и бобовые (группа),Коргалжынский,66003.0,58300.0,880.0000000000001,stat_gov_kz_real_group
2002,Акмолинская область,Зерновые и бобовые (группа),Коргалжынский,81800.0,40500.0,500.0,stat_gov_kz_real_group
2003,Акмолинская область,Зерновые и бобовые (группа),Коргалжынский,65000.0,31900.0,490.00000000000006,stat_gov_kz_real_group
2004,Акмолинская область,Зерновые и бобовые (группа),Коргалжынский,80000.0,29752.600000000002,459.99999999999994,stat_gov_kz_real_group
2005,Акмолинская область,Зерновые и бобовые (группа),Коргалжынский,72000.0,18624.9,370.0,stat_gov_kz_real_group
2006,Акмолинская область,Зерновые и бобовые (группа),Коргалжынский,54000.0,26451.5,509.99999999999994,stat_gov_kz_real_group
2007,Акмолинская область,Зерновые и бобовые (группа),Коргалжынский,54755.0,33743.6,680.0,stat_gov_kz_real_group
2008,Акмолинская область,Зерновые и бобовые (группа),Коргалжынский,65006.0,27853.0,509.99999999999994,stat_gov_kz_real_group
2009,Акмолинская область,Зерновые и бобовые (группа),Коргалжынский,85010.0,52231.5,620.0,stat_gov_kz_real_group
2010,Акмолинская область,Зерновые и бобовые (группа),Коргалжынский,87445.0,28352.0,380.0,stat_gov_kz_real_group
2011,Акмолинская область,Зерновые и бобовые (группа),Коргалжынский,80095.0,71322.6,900.0,stat_gov_kz_real_group
2012,Акмолинская область,Зерновые и бобовые (группа),Коргалжынский,82294.0,38245.9,570.0,stat_gov_kz_real_group
2013,Акмолинская область,Зерновые и бобовые (группа),Коргалжынский,80859.0,86378.70000000001,1070.0,stat_gov_kz_real_group
2014,Акмолинская область,Зерновые и бобовые (группа),Коргалжынский,88291.61,75691.201,860.0,stat_gov_kz_real_group
2015,Акмолинская область,Зерновые и бобовые (группа),Коргалжынский,96399.0,61682.14000000001,709.72,stat_gov_kz_real_group
2016,Акмолинская область,Зерновые и бобовые (группа),Коргалжынский,104500.0,94200.98000000001,904.8199999999999,stat_gov_kz_real_group
2017,Акмолинская область,Зерновые и бобовые (группа),Коргалжынский,117740.0,79252.08000000002,717.6,stat_gov_kz_real_group
2018,Акмолинская область,Зерновые и бобовые (группа),Коргалжынский,113322.0,116599.93000000001,1040.0,stat_gov_kz_real_group
2019,Акмолинская область,Зерновые и бобовые (группа),Коргалжынский,123463.4,72006.40000000001,650.0,stat_gov_kz_real_group
2020,Акмолинская область,Зерновые и бобовые (группа),Коргалжынский,132411.0,149062.05000000002,1140.0,stat_gov_kz_real_group
2021,Акмолинская область,Зерновые и бобовые (группа),Коргалжынский,139169.5,133315.1,986.65,stat_gov_kz_real_group
2022,Акмолинская область,Зерновые и бобовые (группа),Коргалжынский,152040.7,100441.26000000001,692.41,stat_gov_kz_real_group
2023,Акмолинская область,Зерновые и бобовые (группа),Коргалжынский,169343.0,69974.49,470.0,stat_gov_kz_real_group
2024,Акмолинская область,Зерновые и бобовые (группа),Коргалжынский,153426.0,184531.19,1200.0,stat_gov_kz_real_group
2025,Акмолинская область,Зерновые и бобовые (группа),Коргалжынский,155494.5,179428.87,1200.0,stat_gov_kz_real_group
1991,Акмолинская область,Масличные (группа),Коргалжынский,1200.0,104.7,90.0,stat_gov_kz_real_group
1992,Акмолинская область,Масличные (группа),Коргалжынский,2100.0,143.0,70.0,stat_gov_kz_real_group
1993,Акмолинская область,Масличные (группа),Коргалжынский,1600.0,121.0,80.0,stat_gov_kz_real_group
1994,Акмолинская область,Масличные (группа),Коргалжынский,1000.0,79.80000000000001,80.0,stat_gov_kz_real_group
1995,Акмолинская область,Масличные (группа),Коргалжынский,900.0,43.5,50.0,stat_gov_kz_real_group
1996,Акмолинская область,Масличные (группа),Коргалжынский,600.0,36.300000000000004,,stat_gov_kz_real_group
2009,Акмолинская область,Масличные (группа),Коргалжынский,120.0,,,stat_gov_kz_real_group
2010,Акмолинская область,Масличные (группа),Коргалжынский,490.0,8.0,110.00000000000001,stat_gov_kz_real_group
2011,Акмолинская область,Масличные (группа),Коргалжынский,490.0,4.0,26.669999999999998,stat_gov_kz_real_group
2012,Акмолинская область,Масличные (группа),Коргалжынский,1400.0,129.0,161.25,stat_gov_kz_real_group
2013,Акмолинская область,Масличные (группа),Коргалжынский,5572.0,607.0,108.94,stat_gov_kz_real_group
2014,Акмолинская область,Масличные (группа),Коргалжынский,6935.0,668.95,96.46000000000001,stat_gov_kz_real_group
2015,Акмолинская область,Масличные (группа),Коргалжынский,1800.0,713.0,475.33000000000004,stat_gov_kz_real_group
2016,Акмолинская область,Масличные (группа),Коргалжынский,2245.0,1684.0,750.11,stat_gov_kz_real_group
2017,Акмолинская область,Масличные (группа),Коргалжынский,2195.0,1097.5,500.0,stat_gov_kz_real_group
2018,Акмолинская область,Масличные (группа),Коргалжынский,2195.0,517.8000000000001,240.0,stat_gov_kz_real_group
2019,Акмолинская область,Масличные (группа),Коргалжынский,1071.0,280.51,600.0,stat_gov_kz_real_group
2020,Акмолинская область,Масличные (группа),Коргалжынский,4760.0,2889.8900000000003,610.0,stat_gov_kz_real_group
2021,Акмолинская область,Масличные (группа),Коргалжынский,4784.0,1890.2700000000002,395.12,stat_gov_kz_real_group
2022,Акмолинская область,Масличные (группа),Коргалжынский,7001.0,1434.2,250.0,stat_gov_kz_real_group
2023,Акмолинская область,Масличные (группа),Коргалжынский,3023.0,362.1,120.0,stat_gov_kz_real_group
2024,Акмолинская область,Масличные (группа),Коргалжынский,2234.0,1150.1299999999999,509.99999999999994,stat_gov_kz_real_group
2025,Акмолинская область,Масличные (группа),Коргалжынский,8609.0,5740.900000000001,670.0,stat_gov_kz_real_group
1991,Акмолинская область,Подсолнечник,Коргалжынский,,110.0,90.0,stat_gov_kz_real
1992,Акмолинская область,Подсолнечник,Коргалжынский,,137.0,70.0,stat_gov_kz_real
1993,Акмолинская область,Подсолнечник,Коргалжынский,,88.0,60.0,stat_gov_kz_real
1994,Акмолинская область,Подсолнечник,Коргалжынский,,59.800000000000004,70.0,stat_gov_kz_real
1995,Акмолинская область,Подсолнечник,Коргалжынский,,80.0,50.0,stat_gov_kz_real
1996,Акмолинская область,Подсолнечник,Коргалжынский,,27.8,50.0,stat_gov_kz_real
2010,Акмолинская область,Подсолнечник,Коргалжынский,,8.0,110.00000000000001,stat_gov_kz_real
2011,Акмолинская область,Подсолнечник,Коргалжынский,,4.0,30.0,stat_gov_kz_real
2014,Акмолинская область,Подсолнечник,Коргалжынский,,27.6,260.0,stat_gov_kz_real
2022,Акмолинская область,Подсолнечник,Коргалжынский,,205.20000000000002,400.0,stat_gov_kz_real
2023,Акмолинская область,Подсолнечник,Коргалжынский,,44.0,80.0,stat_gov_kz_real
2024,Акмолинская область,Подсолнечник,Коргалжынский,,346.38000000000005,700.0,stat_gov_kz_real
2025,Акмолинская область,Подсолнечник,Коргалжынский,,1788.6000000000001,700.0,stat_gov_kz_real
1991,Акмолинская область,Пшеница,Коргалжынский,,63900.0,700.0,stat_gov_kz_real
1992,Акмолинская область,Пшеница,Коргалжынский,,283800.0,1850.0,stat_gov_kz_real
1993,Акмолинская область,Пшеница,Коргалжынский,,145900.0,910.0,stat_gov_kz_real
1994,Акмолинская область,Пшеница,Коргалжынский,,67000.0,370.0,stat_gov_kz_real
1995,Акмолинская область,Пшеница,Коргалжынский,,44100.0,280.0,stat_gov_kz_real
1996,Акмолинская область,Пшеница,Коргалжынский,,86200.0,700.0,stat_gov_kz_real
1997,Акмолинская область,Пшеница,Коргалжынский,,33300.0,390.0,stat_gov_kz_real
1998,Акмолинская область,Пшеница,Коргалжынский,,19500.0,270.0,stat_gov_kz_real
1999,Акмолинская область,Пшеница,Коргалжынский,50.0,40700.0,810.0,stat_gov_kz_real
2000,Акмолинская область,Пшеница,Коргалжынский,64.0,29100.0,450.0,stat_gov_kz_real
2001,Акмолинская область,Пшеница,Коргалжынский,60.3,50999.4,850.0,stat_gov_kz_real
2002,Акмолинская область,Пшеница,Коргалжынский,79.6,39700.0,500.0,stat_gov_kz_real
2003,Акмолинская область,Пшеница,Коргалжынский,64.1,31100.0,490.00000000000006,stat_gov_kz_real
2004,Акмолинская область,Пшеница,Коргалжынский,78115.0,29240.100000000002,470.0,stat_gov_kz_real
2005,Акмолинская область,Пшеница,Коргалжынский,70480.0,18588.9,370.0,stat_gov_kz_real
2006,Акмолинская область,Пшеница,Коргалжынский,52380.0,26064.0,520.0,stat_gov_kz_real
2007,Акмолинская область,Пшеница,Коргалжынский,50920.0,32237.600000000002,690.0,stat_gov_kz_real
2008,Акмолинская область,Пшеница,Коргалжынский,58795.0,25719.0,509.99999999999994,stat_gov_kz_real
2009,Акмолинская область,Пшеница,Коргалжынский,82245.0,50313.51,620.0,stat_gov_kz_real
2010,Акмолинская область,Пшеница,Коргалжынский,84315.0,27730.0,380.0,stat_gov_kz_real
2011,Акмолинская область,Пшеница,Коргалжынский,76255.0,69362.0,919.9999999999999,stat_gov_kz_real
2012,Акмолинская область,Пшеница,Коргалжынский,78442.0,36717.5,580.0,stat_gov_kz_real
2013,Акмолинская область,Пшеница,Коргалжынский,72943.0,76175.7,1040.0,stat_gov_kz_real
2014,Акмолинская область,Пшеница,Коргалжынский,78304.57,70422.10100000001,900.0,stat_gov_kz_real
2015,Акмолинская область,Пшеница,Коргалжынский,88355.0,58121.5,730.0,stat_gov_kz_real
2016,Акмолинская область,Пшеница,Коргалжынский,98446.0,90109.38,919.9999999999999,stat_gov_kz_real
2017,Акмолинская область,Пшеница,Коргалжынский,110331.0,75388.76,730.0,stat_gov_kz_real
2018,Акмолинская область,Пшеница,Коргалжынский,100771.0,103641.36,1030.0,stat_gov_kz_real
2019,Акмолинская область,Пшеница,Коргалжынский,114028.0,65848.55,650.0,stat_gov_kz_real
2020,Акмолинская область,Пшеница,Коргалжынский,120083.0,134066.62,1130.0,stat_gov_kz_real
2021,Акмолинская область,Пшеница,Коргалжынский,128063.5,124110.20000000001,996.53,stat_gov_kz_real
2022,Акмолинская область,Пшеница,Коргалжынский,140886.7,94982.43000000001,704.6899999999999,stat_gov_kz_real
2023,Акмолинская область,Пшеница,Коргалжынский,151445.0,64876.89000000001,480.0,stat_gov_kz_real
2024,Акмолинская область,Пшеница,Коргалжынский,132684.0,154738.4,1170.0,stat_gov_kz_real
2025,Акмолинская область,Пшеница,Коргалжынский,140886.5,166604.7,1230.0,stat_gov_kz_real
1991,Акмолинская область,Зерновые и бобовые (группа),Область (итого),4700100.0,2607800.0,640.0,stat_gov_kz_real_group
1992,Акмолинская область,Зерновые и бобовые (группа),Область (итого),4670700.0,6918800.0,1780.0,stat_gov_kz_real_group
1993,Акмолинская область,Зерновые и бобовые (группа),Область (итого),4580600.0,4186000.0,1050.0,stat_gov_kz_real_group
1994,Акмолинская область,Зерновые и бобовые (группа),Область (итого),4390300.0,2954500.0,680.0,stat_gov_kz_real_group
1995,Акмолинская область,Зерновые и бобовые (группа),Область (итого),4193500.0,2444600.0,620.0,stat_gov_kz_real_group
1996,Акмолинская область,Зерновые и бобовые (группа),Область (итого),4054000.0,2616300.0,740.0,stat_gov_kz_real_group
1997,Акмолинская область,Зерновые и бобовые (группа),Область (итого),3633300.0,1973000.0,560.0,stat_gov_kz_real_group
1998,Акмолинская область,Зерновые и бобовые (группа),Область (итого),3080500.0,1055700.0,370.0,stat_gov_kz_real_group
1999,Акмолинская область,Зерновые и бобовые (группа),Область (итого),2728207.0,3577500.0,1330.0,stat_gov_kz_real_group
2000,Акмолинская область,Зерновые и бобовые (группа),Область (итого),3191176.0,2541900.0,790.0,stat_gov_kz_real_group
2001,Акмолинская область,Зерновые и бобовые (группа),Область (итого),3315824.0,3661800.0,1120.0,stat_gov_kz_real_group
2002,Акмолинская область,Зерновые и бобовые (группа),Область (итого),3590425.0,3233600.0,910.0,stat_gov_kz_real_group
2003,Акмолинская область,Зерновые и бобовые (группа),Область (итого),3425116.0,3112200.0,910.0,stat_gov_kz_real_group
2004,Акмолинская область,Зерновые и бобовые (группа),Область (итого),3606012.0,2475394.8000000003,710.0,stat_gov_kz_real_group
2005,Акмолинская область,Зерновые и бобовые (группа),Область (итого),3604292.0,2966748.9000000004,850.0,stat_gov_kz_real_group
2006,Акмолинская область,Зерновые и бобовые (группа),Область (итого),3702435.9,3475908.7,960.0,stat_gov_kz_real_group
2007,Акмолинская область,Зерновые и бобовые (группа),Область (итого),3875187.1,4456147.7,1160.0,stat_gov_kz_real_group
2008,Акмолинская область,Зерновые и бобовые (группа),Область (итого),4131350.1,3011589.6,750.0,stat_gov_kz_real_group
2009,Акмолинская область,Зерновые и бобовые (группа),Область (итого),4542656.4,5067792.5,1120.0,stat_gov_kz_real_group
2010,Акмолинская область,Зерновые и бобовые (группа),Область (итого),4433671.9,2141940.9,520.0,stat_gov_kz_real_group
2011,Акмолинская область,Зерновые и бобовые (группа),Область (итого),4278932.8,6597582.83,1560.0,stat_gov_kz_real_group
2012,Акмолинская область,Зерновые и бобовые (группа),Область (итого),4353709.2,2821989.18,700.0,stat_gov_kz_real_group
2013,Акмолинская область,Зерновые и бобовые (группа),Область (итого),4252009.04,4411681.732,1043.96,stat_gov_kz_real_group
2014,Акмолинская область,Зерновые и бобовые (группа),Область (итого),4173377.76,4502620.2530000005,1100.0,stat_gov_kz_real_group
2015,Акмолинская область,Зерновые и бобовые (группа),Область (итого),4193825.8,4434704.470000001,1080.0,stat_gov_kz_real_group
2016,Акмолинская область,Зерновые и бобовые (группа),Область (итого),4353422.57,5023770.648000001,1160.0,stat_gov_kz_real_group
2017,Акмолинская область,Зерновые и бобовые (группа),Область (итого),4350556.41,4822265.4399999995,1120.0,stat_gov_kz_real_group
2018,Акмолинская область,Зерновые и бобовые (группа),Область (итого),4334225.1,5037421.82,1166.86,stat_gov_kz_real_group
2019,Акмолинская область,Зерновые и бобовые (группа),Область (итого),4447889.9,4192521.44,951.7099999999999,stat_gov_kz_real_group
2020,Акмолинская область,Зерновые и бобовые (группа),Область (итого),4462838.2,5093947.010000001,1160.0,stat_gov_kz_real_group
2021,Акмолинская область,Зерновые и бобовые (группа),Область (итого),4585629.04,3875860.9420000003,869.9999999999999,stat_gov_kz_real_group
2022,Акмолинская область,Зерновые и бобовые (группа),Область (итого),4670645.5,5350226.460000001,1160.0,stat_gov_kz_real_group
2023,Акмолинская область,Зерновые и бобовые (группа),Область (итого),4915073.1,3215532.24,690.0,stat_gov_kz_real_group
2024,Акмолинская область,Зерновые и бобовые (группа),Область (итого),4693012.24,6036081.04,1310.0,stat_gov_kz_real_group
2025,Акмолинская область,Зерновые и бобовые (группа),Область (итого),4680325.36,7174034.220000001,1550.0,stat_gov_kz_real_group
1991,Акмолинская область,Масличные (группа),Область (итого),27800.0,2617.5,180.0,stat_gov_kz_real_group
1992,Акмолинская область,Масличные (группа),Область (итого),69000.0,9129.300000000001,300.0,stat_gov_kz_real_group
1993,Акмолинская область,Масличные (группа),Область (итого),42600.0,3800.6000000000004,229.99999999999997,stat_gov_kz_real_group
1994,Акмолинская область,Масличные (группа),Область (итого),33400.0,4417.900000000001,260.0,stat_gov_kz_real_group
1995,Акмолинская область,Масличные (группа),Область (итого),26500.0,2820.2000000000003,200.0,stat_gov_kz_real_group
1996,Акмолинская область,Масличные (группа),Область (итого),20000.0,1964.1000000000001,,stat_gov_kz_real_group
1997,Акмолинская область,Масличные (группа),Область (итого),6200.0,648.3000000000001,,stat_gov_kz_real_group
1998,Акмолинская область,Масличные (группа),Область (итого),5600.0,577.3000000000001,,stat_gov_kz_real_group
1999,Акмолинская область,Масличные (группа),Область (итого),9000.0,2300.0,260.0,stat_gov_kz_real_group
2000,Акмолинская область,Масличные (группа),Область (итого),15200.0,2508.3,160.0,stat_gov_kz_real_group
2001,Акмолинская область,Масличные (группа),Область (итого),8430.0,999.9000000000001,120.0,stat_gov_kz_real_group
2002,Акмолинская область,Масличные (группа),Область (итого),3600.0,439.0,130.0,stat_gov_kz_real_group
2003,Акмолинская область,Масличные (группа),Область (итого),10070.0,2192.3,250.0,stat_gov_kz_real_group
2004,Акмолинская область,Масличные (группа),Область (итого),17079.0,1944.5900000000001,120.0,stat_gov_kz_real_group
2005,Акмолинская область,Масличные (группа),Область (итого),13029.5,4896.580000000001,490.00000000000006,stat_gov_kz_real_group
2006,Акмолинская область,Масличные (группа),Область (итого),27956.0,8051.1,360.0,stat_gov_kz_real_group
2007,Акмолинская область,Масличные (группа),Область (итого),16901.0,6651.52,400.0,stat_gov_kz_real_group
2008,Акмолинская область,Масличные (группа),Область (итого),28725.5,7301.12,380.0,stat_gov_kz_real_group
2009,Акмолинская область,Масличные (группа),Область (итого),45760.5,13504.5,330.0,stat_gov_kz_real_group
2010,Акмолинская область,Масличные (группа),Область (итого),130456.0,28357.53,260.0,stat_gov_kz_real_group
2011,Акмолинская область,Масличные (группа),Область (итого),177827.2,95237.29000000001,560.0,stat_gov_kz_real_group
2012,Акмолинская область,Масличные (группа),Область (итого),198587.5,71538.22,432.78,stat_gov_kz_real_group
2013,Акмолинская область,Масличные (группа),Область (итого),251526.4,127506.0,617.1800000000001,stat_gov_kz_real_group
2014,Акмолинская область,Масличные (группа),Область (итого),349226.72,143012.084,490.00000000000006,stat_gov_kz_real_group
2015,Акмолинская область,Масличные (группа),Область (итого),245607.6,122750.33000000002,520.0,stat_gov_kz_real_group
2016,Акмолинская область,Масличные (группа),Область (итого),219714.0,173942.05000000002,830.0000000000001,stat_gov_kz_real_group
2017,Акмолинская область,Масличные (группа),Область (итого),276539.81,206082.85,770.0,stat_gov_kz_real_group
2018,Акмолинская область,Масличные (группа),Область (итого),278381.8,217338.87000000002,797.1,stat_gov_kz_real_group
2019,Акмолинская область,Масличные (группа),Область (итого),252971.8,164627.78000000003,674.61,stat_gov_kz_real_group
2020,Акмолинская область,Масличные (группа),Область (итого),213078.16,171967.56000000003,850.0,stat_gov_kz_real_group
2021,Акмолинская область,Масличные (группа),Область (итого),270544.76,141078.43000000002,550.0,stat_gov_kz_real_group
2022,Акмолинская область,Масличные (группа),Область (итого),368811.1,221334.14,620.0,stat_gov_kz_real_group
2023,Акмолинская область,Масличные (группа),Область (итого),197804.2,99024.49,580.0,stat_gov_kz_real_group
2024,Акмолинская область,Масличные (группа),Область (итого),267674.98,284657.88,1110.0,stat_gov_kz_real_group
2025,Акмолинская область,Масличные (группа),Область (итого),498610.24,570954.48,1150.0,stat_gov_kz_real_group
1991,Акмолинская область,Подсолнечник,Область (итого),,1288.8000000000002,190.0,stat_gov_kz_real
1992,Акмолинская область,Подсолнечник,Область (итого),,3852.8,180.0,stat_gov_kz_real
1993,Акмолинская область,Подсолнечник,Область (итого),,3161.0,220.00000000000003,stat_gov_kz_real
1994,Акмолинская область,Подсолнечник,Область (итого),,3752.7000000000003,240.0,stat_gov_kz_real
1995,Акмолинская область,Подсолнечник,Область (итого),,1301.4,210.0,stat_gov_kz_real
1996,Акмолинская область,Подсолнечник,Область (итого),,1907.5,150.0,stat_gov_kz_real
1997,Акмолинская область,Подсолнечник,Область (итого),,648.3000000000001,160.0,stat_gov_kz_real
1998,Акмолинская область,Подсолнечник,Область (итого),,527.3000000000001,100.0,stat_gov_kz_real
1999,Акмолинская область,Подсолнечник,Область (итого),,2111.6,250.0,stat_gov_kz_real
2000,Акмолинская область,Подсолнечник,Область (итого),,1965.1000000000001,160.0,stat_gov_kz_real
2001,Акмолинская область,Подсолнечник,Область (итого),,966.9000000000001,130.0,stat_gov_kz_real
2002,Акмолинская область,Подсолнечник,Область (итого),,381.20000000000005,120.0,stat_gov_kz_real
2003,Акмолинская область,Подсолнечник,Область (итого),,2116.5,300.0,stat_gov_kz_real
2004,Акмолинская область,Подсолнечник,Область (итого),,1323.99,130.0,stat_gov_kz_real
2005,Акмолинская область,Подсолнечник,Область (итого),,2455.38,350.0,stat_gov_kz_real
2006,Акмолинская область,Подсолнечник,Область (итого),,2465.1000000000004,300.0,stat_gov_kz_real
2007,Акмолинская область,Подсолнечник,Область (итого),,1799.18,330.0,stat_gov_kz_real
2008,Акмолинская область,Подсолнечник,Область (итого),,4457.32,350.0,stat_gov_kz_real
2009,Акмолинская область,Подсолнечник,Область (итого),,6566.900000000001,310.0,stat_gov_kz_real
2010,Акмолинская область,Подсолнечник,Область (итого),,9464.07,200.0,stat_gov_kz_real
2011,Акмолинская область,Подсолнечник,Область (итого),,23646.04,320.0,stat_gov_kz_real
2012,Акмолинская область,Подсолнечник,Область (итого),,18449.620000000003,442.12999999999994,stat_gov_kz_real
2013,Акмолинская область,Подсолнечник,Область (итого),,22512.850000000002,424.97999999999996,stat_gov_kz_real
2014,Акмолинская область,Подсолнечник,Область (итого),,17922.98,340.0,stat_gov_kz_real
2015,Акмолинская область,Подсолнечник,Область (итого),,14472.760000000002,520.0,stat_gov_kz_real
2016,Акмолинская область,Подсолнечник,Область (итого),,25505.2,850.0,stat_gov_kz_real
2017,Акмолинская область,Подсолнечник,Область (итого),,53700.5,960.0,stat_gov_kz_real
2018,Акмолинская область,Подсолнечник,Область (итого),,19808.84,681.29,stat_gov_kz_real
2019,Акмолинская область,Подсолнечник,Область (итого),,18548.59,723.58,stat_gov_kz_real
2020,Акмолинская область,Подсолнечник,Область (итого),,18896.9,890.0,stat_gov_kz_real
2021,Акмолинская область,Подсолнечник,Область (итого),,25552.39,620.0,stat_gov_kz_real
2022,Акмолинская область,Подсолнечник,Область (итого),,51581.8,1000.0,stat_gov_kz_real
2023,Акмолинская область,Подсолнечник,Область (итого),,44538.340000000004,780.0,stat_gov_kz_real
2024,Акмолинская область,Подсолнечник,Область (итого),,124104.66000000002,1370.0,stat_gov_kz_real
2025,Акмолинская область,Подсолнечник,Область (итого),,188503.33000000002,1390.0,stat_gov_kz_real
1991,Акмолинская область,Пшеница,Область (итого),,1971900.0000000002,770.0,stat_gov_kz_real
1992,Акмолинская область,Пшеница,Область (итого),,5105500.0,1770.0,stat_gov_kz_real
1993,Акмолинская область,Пшеница,Область (итого),,2779299.9999999995,969.9999999999999,stat_gov_kz_real
1994,Акмолинская область,Пшеница,Область (итого),,1852399.9999999998,590.0,stat_gov_kz_real
1995,Акмолинская область,Пшеница,Область (итого),,1841800.0000000002,600.0,stat_gov_kz_real
1996,Акмолинская область,Пшеница,Область (итого),,2022400.0,710.0,stat_gov_kz_real
1997,Акмолинская область,Пшеница,Область (итого),,1675300.0,560.0,stat_gov_kz_real
1998,Акмолинская область,Пшеница,Область (итого),,903700.0,360.0,stat_gov_kz_real
1999,Акмолинская область,Пшеница,Область (итого),2358.7,3013399.9999999995,1300.0,stat_gov_kz_real
2000,Акмолинская область,Пшеница,Область (итого),2776.6,2119200.0,760.0,stat_gov_kz_real
2001,Акмолинская область,Пшеница,Область (итого),2862.8,3071609.4000000004,1080.0,stat_gov_kz_real
2002,Акмолинская область,Пшеница,Область (итого),3158.0,2750100.000000001,869.9999999999999,stat_gov_kz_real
2003,Акмолинская область,Пшеница,Область (итого),2987.9,2680099.9999999995,900.0,stat_gov_kz_real
2004,Акмолинская область,Пшеница,Область (итого),3192227.0,2215348.2,710.0,stat_gov_kz_real
2005,Акмолинская область,Пшеница,Область (итого),3262823.0,2621909.4000000004,830.0000000000001,stat_gov_kz_real
2006,Акмолинская область,Пшеница,Область (итого),3320589.0,3060113.4600000004,950.0,stat_gov_kz_real
2007,Акмолинская область,Пшеница,Область (итого),3487311.0,3942025.3100000005,1140.0,stat_gov_kz_real
2008,Акмолинская область,Пшеница,Область (итого),3664724.6,2620380.95,740.0,stat_gov_kz_real
2009,Акмолинская область,Пшеница,Область (итого),4074357.4,4413770.5,1090.0,stat_gov_kz_real
2010,Акмолинская область,Пшеница,Область (итого),4080365.1,1968791.0799999998,509.99999999999994,stat_gov_kz_real
2011,Акмолинская область,Пшеница,Область (итого),3960405.6999999997,6052081.5,1550.0,stat_gov_kz_real
2012,Акмолинская область,Пшеница,Область (итого),3935361.4,2552481.67,696.1700000000001,stat_gov_kz_real
2013,Акмолинская область,Пшеница,Область (итого),3796225.72,3786784.2,1003.95,stat_gov_kz_real
2014,Акмолинская область,Пшеница,Область (итого),3663439.34,3936570.078,1090.0,stat_gov_kz_real
2015,Акмолинская область,Пшеница,Область (итого),3660565.4,3872557.4960000003,1080.0,stat_gov_kz_real
2016,Акмолинская область,Пшеница,Область (итого),3855877.33,4261588.8,1110.0,stat_gov_kz_real
2017,Акмолинская область,Пшеница,Область (итого),3719397.8,4006074.6,1090.0,stat_gov_kz_real
2018,Акмолинская область,Пшеница,Область (итого),3598995.3,3994820.0100000002,1111.94,stat_gov_kz_real
2019,Акмолинская область,Пшеница,Область (итого),3621208.7,3293610.2800000003,919.21,stat_gov_kz_real
2020,Акмолинская область,Пшеница,Область (итого),3703927.23,4127631.41,1130.0,stat_gov_kz_real
2021,Акмолинская область,Пшеница,Область (итого),3977882.4,3355029.09,869.9999999999999,stat_gov_kz_real
2022,Акмолинская область,Пшеница,Область (итого),4063703.2,4616325.0,1150.0,stat_gov_kz_real
2023,Акмолинская область,Пшеница,Область (итого),4224030.7,2765113.04,690.0,stat_gov_kz_real
2024,Акмолинская область,Пшеница,Область (итого),4005618.05,4847261.170000001,1240.0,stat_gov_kz_real
2025,Акмолинская область,Пшеница,Область (итого),3884035.8,5918920.08,1540.0,stat_gov_kz_real
1991,Акмолинская область,Зерновые и бобовые (группа),Сандыктауский,261700.0,199000.0,830.0000000000001,stat_gov_kz_real_group
1992,Акмолинская область,Зерновые и бобовые (группа),Сандыктауский,256899.99999999997,456000.0,2010.0000000000002,stat_gov_kz_real_group
1993,Акмолинская область,Зерновые и бобовые (группа),Сандыктауский,247400.0,192000.0,890.0,stat_gov_kz_real_group
1994,Акмолинская область,Зерновые и бобовые (группа),Сандыктауский,243800.0,240700.0,990.0,stat_gov_kz_real_group
1995,Акмолинская область,Зерновые и бобовые (группа),Сандыктауский,241800.0,213800.0,880.0000000000001,stat_gov_kz_real_group
1996,Акмолинская область,Зерновые и бобовые (группа),Сандыктауский,247300.0,173600.0,780.0,stat_gov_kz_real_group
1997,Акмолинская область,Зерновые и бобовые (группа),Сандыктауский,219300.0,200300.0,930.0000000000001,stat_gov_kz_real_group
1998,Акмолинская область,Зерновые и бобовые (группа),Сандыктауский,210000.0,136800.0,650.0,stat_gov_kz_real_group
1999,Акмолинская область,Зерновые и бобовые (группа),Сандыктауский,250910.0,391700.0,1639.9999999999998,stat_gov_kz_real_group
2000,Акмолинская область,Зерновые и бобовые (группа),Сандыктауский,254000.0,254200.0,1000.0,stat_gov_kz_real_group
2001,Акмолинская область,Зерновые и бобовые (группа),Сандыктауский,256500.0,319800.0,1250.0,stat_gov_kz_real_group
2002,Акмолинская область,Зерновые и бобовые (группа),Сандыктауский,285000.0,307300.0,1120.0,stat_gov_kz_real_group
2003,Акмолинская область,Зерновые и бобовые (группа),Сандыктауский,265900.0,311100.0,1170.0,stat_gov_kz_real_group
2004,Акмолинская область,Зерновые и бобовые (группа),Сандыктауский,268300.0,213806.6,800.0,stat_gov_kz_real_group
2005,Акмолинская область,Зерновые и бобовые (группа),Сандыктауский,271330.0,322081.30000000005,1190.0,stat_gov_kz_real_group
2006,Акмолинская область,Зерновые и бобовые (группа),Сандыктауский,281599.0,381851.5,1360.0,stat_gov_kz_real_group
2007,Акмолинская область,Зерновые и бобовые (группа),Сандыктауский,290986.6,395365.0,1360.0,stat_gov_kz_real_group
2008,Акмолинская область,Зерновые и бобовые (группа),Сандыктауский,292541.7,303505.5,1040.0,stat_gov_kz_real_group
2009,Акмолинская область,Зерновые и бобовые (группа),Сандыктауский,317015.7,437276.7,1380.0,stat_gov_kz_real_group
2010,Акмолинская область,Зерновые и бобовые (группа),Сандыктауский,315384.0,233399.80000000002,780.0,stat_gov_kz_real_group
2011,Акмолинская область,Зерновые и бобовые (группа),Сандыктауский,310389.9,552131.8,1820.0,stat_gov_kz_real_group
2012,Акмолинская область,Зерновые и бобовые (группа),Сандыктауский,313543.1,297535.7,969.9999999999999,stat_gov_kz_real_group
2013,Акмолинская область,Зерновые и бобовые (группа),Сандыктауский,306750.33,314955.7,1030.0,stat_gov_kz_real_group
2014,Акмолинская область,Зерновые и бобовые (группа),Сандыктауский,293927.05,391730.297,1430.0,stat_gov_kz_real_group
2015,Акмолинская область,Зерновые и бобовые (группа),Сандыктауский,295648.2,377512.97200000007,1360.47,stat_gov_kz_real_group
2016,Акмолинская область,Зерновые и бобовые (группа),Сандыктауский,280983.5,389019.62000000005,1393.58,stat_gov_kz_real_group
2017,Акмолинская область,Зерновые и бобовые (группа),Сандыктауский,295833.9,496987.65,1679.9600000000003,stat_gov_kz_real_group
2018,Акмолинская область,Зерновые и бобовые (группа),Сандыктауский,289554.9,443119.2,1530.0,stat_gov_kz_real_group
2019,Акмолинская область,Зерновые и бобовые (группа),Сандыктауский,294089.7,406690.60000000003,1380.0,stat_gov_kz_real_group
2020,Акмолинская область,Зерновые и бобовые (группа),Сандыктауский,305065.8,489391.30000000005,1610.0000000000002,stat_gov_kz_real_group
2021,Акмолинская область,Зерновые и бобовые (группа),Сандыктауский,309751.98,364255.68100000004,1177.29,stat_gov_kz_real_group
2022,Акмолинская область,Зерновые и бобовые (группа),Сандыктауский,314242.1,625177.35,1989.48,stat_gov_kz_real_group
2023,Акмолинская область,Зерновые и бобовые (группа),Сандыктауский,330385.6,389195.27,1220.0,stat_gov_kz_real_group
2024,Акмолинская область,Зерновые и бобовые (группа),Сандыктауский,311125.5,562634.92,1930.0,stat_gov_kz_real_group
2025,Акмолинская область,Зерновые и бобовые (группа),Сандыктауский,313239.8,694524.0800000001,2220.0,stat_gov_kz_real_group
1991,Акмолинская область,Масличные (группа),Сандыктауский,700.0,186.20000000000002,280.0,stat_gov_kz_real_group
1992,Акмолинская область,Масличные (группа),Сандыктауский,2800.0,1952.3000000000002,790.0,stat_gov_kz_real_group
1993,Акмолинская область,Масличные (группа),Сандыктауский,800.0,138.0,240.0,stat_gov_kz_real_group
1994,Акмолинская область,Масличные (группа),Сандыктауский,1000.0,91.0,90.0,stat_gov_kz_real_group
1995,Акмолинская область,Масличные (группа),Сандыктауский,400.0,26.8,70.0,stat_gov_kz_real_group
1996,Акмолинская область,Масличные (группа),Сандыктауский,200.0,39.0,,stat_gov_kz_real_group
1997,Акмолинская область,Масличные (группа),Сандыктауский,200.0,78.80000000000001,,stat_gov_kz_real_group
1998,Акмолинская область,Масличные (группа),Сандыктауский,200.0,71.8,,stat_gov_kz_real_group
1999,Акмолинская область,Масличные (группа),Сандыктауский,300.0,164.4,530.0,stat_gov_kz_real_group
2000,Акмолинская область,Масличные (группа),Сандыктауский,200.0,30.0,190.0,stat_gov_kz_real_group
2001,Акмолинская область,Масличные (группа),Сандыктауский,250.0,,,stat_gov_kz_real_group
2002,Акмолинская область,Масличные (группа),Сандыктауский,100.0,,,stat_gov_kz_real_group
2004,Акмолинская область,Масличные (группа),Сандыктауский,100.0,40.0,400.0,stat_gov_kz_real_group
2005,Акмолинская область,Масличные (группа),Сандыктауский,289.0,123.0,430.0,stat_gov_kz_real_group
2006,Акмолинская область,Масличные (группа),Сандыктауский,5.0,1.3,260.0,stat_gov_kz_real_group
2008,Акмолинская область,Масличные (группа),Сандыктауский,200.0,54.0,,stat_gov_kz_real_group
2009,Акмолинская область,Масличные (группа),Сандыктауский,500.0,720.0,1440.0,stat_gov_kz_real_group
2010,Акмолинская область,Масличные (группа),Сандыктауский,2872.0,1604.7,560.0,stat_gov_kz_real_group
2011,Акмолинская область,Масличные (группа),Сандыктауский,11488.0,7764.400000000001,887.06,stat_gov_kz_real_group
2012,Акмолинская область,Масличные (группа),Сандыктауский,12187.0,7666.6,676.8399999999999,stat_gov_kz_real_group
2013,Акмолинская область,Масличные (группа),Сандыктауский,14662.0,7103.400000000001,1089.48,stat_gov_kz_real_group
2014,Акмолинская область,Масличные (группа),Сандыктауский,14401.0,3334.3,801.3199999999999,stat_gov_kz_real_group
2015,Акмолинская область,Масличные (группа),Сандыктауский,6860.0,4741.5,691.1800000000001,stat_gov_kz_real_group
2016,Акмолинская область,Масличные (группа),Сандыктауский,12363.0,15735.6,1272.8,stat_gov_kz_real_group
2017,Акмолинская область,Масличные (группа),Сандыктауский,12905.0,11993.84,959.35,stat_gov_kz_real_group
2018,Акмолинская область,Масличные (группа),Сандыктауский,12928.0,12260.300000000001,950.0,stat_gov_kz_real_group
2019,Акмолинская область,Масличные (группа),Сандыктауский,11171.0,7362.400000000001,720.0,stat_gov_kz_real_group
2020,Акмолинская область,Масличные (группа),Сандыктауский,8869.0,8816.800000000001,1000.0,stat_gov_kz_real_group
2021,Акмолинская область,Масличные (группа),Сандыктауский,8497.8,6033.8,710.04,stat_gov_kz_real_group
2022,Акмолинская область,Масличные (группа),Сандыктауский,16062.5,13385.770000000002,830.0000000000001,stat_gov_kz_real_group
2023,Акмолинская область,Масличные (группа),Сандыктауский,5306.0,3955.2000000000003,750.0,stat_gov_kz_real_group
2024,Акмолинская область,Масличные (группа),Сандыктауский,16005.5,20567.2,1290.0,stat_gov_kz_real_group
2025,Акмолинская область,Масличные (группа),Сандыктауский,42953.3,65650.8,1570.0,stat_gov_kz_real_group
1991,Акмолинская область,Подсолнечник,Сандыктауский,,61.0,250.0,stat_gov_kz_real
1992,Акмолинская область,Подсолнечник,Сандыктауский,,140.6,270.0,stat_gov_kz_real
1993,Акмолинская область,Подсолнечник,Сандыктауский,,131.0,240.0,stat_gov_kz_real
1994,Акмолинская область,Подсолнечник,Сандыктауский,,91.0,90.0,stat_gov_kz_real
1995,Акмолинская область,Подсолнечник,Сандыктауский,,40.0,70.0,stat_gov_kz_real
1996,Акмолинская область,Подсолнечник,Сандыктауский,,39.0,190.0,stat_gov_kz_real
1997,Акмолинская область,Подсолнечник,Сандыктауский,,78.80000000000001,390.0,stat_gov_kz_real
1998,Акмолинская область,Подсолнечник,Сандыктауский,,71.8,360.0,stat_gov_kz_real
1999,Акмолинская область,Подсолнечник,Сандыктауский,,164.4,530.0,stat_gov_kz_real
2000,Акмолинская область,Подсолнечник,Сандыктауский,,30.0,190.0,stat_gov_kz_real
2004,Акмолинская область,Подсолнечник,Сандыктауский,,40.0,400.0,stat_gov_kz_real
2005,Акмолинская область,Подсолнечник,Сандыктауский,,123.0,430.0,stat_gov_kz_real
2006,Акмолинская область,Подсолнечник,Сандыктауский,,1.3,260.0,stat_gov_kz_real
2008,Акмолинская область,Подсолнечник,Сандыктауский,,54.0,270.0,stat_gov_kz_real
2009,Акмолинская область,Подсолнечник,Сандыктауский,,720.0,1440.0,stat_gov_kz_real
2010,Акмолинская область,Подсолнечник,Сандыктауский,,913.7,650.0,stat_gov_kz_real
2011,Акмолинская область,Подсолнечник,Сандыктауский,,2421.2000000000003,740.0,stat_gov_kz_real
2012,Акмолинская область,Подсолнечник,Сандыктауский,,3432.0,830.0000000000001,stat_gov_kz_real
2013,Акмолинская область,Подсолнечник,Сандыктауский,,440.20000000000005,700.0,stat_gov_kz_real
2014,Акмолинская область,Подсолнечник,Сандыктауский,,1076.0,710.0,stat_gov_kz_real
2015,Акмолинская область,Подсолнечник,Сандыктауский,,2934.1000000000004,877.4200000000001,stat_gov_kz_real
2016,Акмолинская область,Подсолнечник,Сандыктауский,,4683.5,1650.0,stat_gov_kz_real
2017,Акмолинская область,Подсолнечник,Сандыктауский,,4311.86,1520.0,stat_gov_kz_real
2018,Акмолинская область,Подсолнечник,Сандыктауский,,2881.7000000000003,1470.0,stat_gov_kz_real
2019,Акмолинская область,Подсолнечник,Сандыктауский,,1837.0,1330.0,stat_gov_kz_real
2020,Акмолинская область,Подсолнечник,Сандыктауский,,841.0,1050.0,stat_gov_kz_real
2021,Акмолинская область,Подсолнечник,Сандыктауский,,2789.4500000000003,910.0,stat_gov_kz_real
2022,Акмолинская область,Подсолнечник,Сандыктауский,,3103.5200000000004,1610.0000000000002,stat_gov_kz_real
2023,Акмолинская область,Подсолнечник,Сандыктауский,,1300.4,1460.0,stat_gov_kz_real
2024,Акмолинская область,Подсолнечник,Сандыктауский,,5833.580000000001,2910.0,stat_gov_kz_real
2025,Акмолинская область,Подсолнечник,Сандыктауский,,14687.210000000001,1960.0000000000002,stat_gov_kz_real
1991,Акмолинская область,Пшеница,Сандыктауский,,96900.0,650.0,stat_gov_kz_real
1992,Акмолинская область,Пшеница,Сандыктауский,,212600.0,1910.0000000000002,stat_gov_kz_real
1993,Акмолинская область,Пшеница,Сандыктауский,,62700.0,730.0,stat_gov_kz_real
1994,Акмолинская область,Пшеница,Сандыктауский,,108300.0,780.0,stat_gov_kz_real
1995,Акмолинская область,Пшеница,Сандыктауский,,130900.0,819.9999999999999,stat_gov_kz_real
1996,Акмолинская область,Пшеница,Сандыктауский,,110000.0,660.0,stat_gov_kz_real
1997,Акмолинская область,Пшеница,Сандыктауский,,148600.0,950.0,stat_gov_kz_real
1998,Акмолинская область,Пшеница,Сандыктауский,,103700.0,630.0,stat_gov_kz_real
1999,Акмолинская область,Пшеница,Сандыктауский,198.0,319300.0,1680.0,stat_gov_kz_real
2000,Акмолинская область,Пшеница,Сандыктауский,208.0,191900.0,919.9999999999999,stat_gov_kz_real
2001,Акмолинская область,Пшеница,Сандыктауский,206.4,235030.0,1140.0,stat_gov_kz_real
2002,Акмолинская область,Пшеница,Сандыктауский,235.1,239600.0,1060.0,stat_gov_kz_real
2003,Акмолинская область,Пшеница,Сандыктауский,213.6,244000.0,1140.0,stat_gov_kz_real
2004,Акмолинская область,Пшеница,Сандыктауский,229229.0,181382.1,790.0,stat_gov_kz_real
2005,Акмолинская область,Пшеница,Сандыктауский,231929.0,263651.9,1140.0,stat_gov_kz_real
2006,Акмолинская область,Пшеница,Сандыктауский,233570.0,305104.2,1310.0,stat_gov_kz_real
2007,Акмолинская область,Пшеница,Сандыктауский,243520.6,323707.2,1330.0,stat_gov_kz_real
2008,Акмолинская область,Пшеница,Сандыктауский,238852.7,237937.7,1000.0,stat_gov_kz_real
2009,Акмолинская область,Пшеница,Сандыктауский,260362.5,346260.5,1330.0,stat_gov_kz_real
2010,Акмолинская область,Пшеница,Сандыктауский,278475.0,196984.5,750.0,stat_gov_kz_real
2011,Акмолинская область,Пшеница,Сандыктауский,278283.8,492525.0,1810.0000000000002,stat_gov_kz_real
2012,Акмолинская область,Пшеница,Сандыктауский,273642.1,252680.2,940.0,stat_gov_kz_real
2013,Акмолинская область,Пшеница,Сандыктауский,264797.34,251939.30000000002,950.0,stat_gov_kz_real
2014,Акмолинская область,Пшеница,Сандыктауский,246140.89,317152.58700000006,1390.0,stat_gov_kz_real
2015,Акмолинская область,Пшеница,Сандыктауский,207002.4,271886.77200000006,1370.0,stat_gov_kz_real
2016,Акмолинская область,Пшеница,Сандыктауский,228829.7,304563.05,1340.0,stat_gov_kz_real
2017,Акмолинская область,Пшеница,Сандыктауский,229824.7,377623.2,1639.9999999999998,stat_gov_kz_real
2018,Акмолинская область,Пшеница,Сандыктауский,211126.1,315470.43,1490.0,stat_gov_kz_real
2019,Акмолинская область,Пшеница,Сандыктауский,202472.8,275933.10000000003,1360.0,stat_gov_kz_real
2020,Акмолинская область,Пшеница,Сандыктауский,231211.0,387958.93,1680.0,stat_gov_kz_real
2021,Акмолинская область,Пшеница,Сандыктауский,260984.88,308222.68,1181.0,stat_gov_kz_real
2022,Акмолинская область,Пшеница,Сандыктауский,258519.2,529588.1900000001,2048.54,stat_gov_kz_real
2023,Акмолинская область,Пшеница,Сандыктауский,266752.5,319101.53,1230.0,stat_gov_kz_real
2024,Акмолинская область,Пшеница,Сандыктауский,246753.99,428801.99000000005,1860.0000000000002,stat_gov_kz_real
2025,Акмолинская область,Пшеница,Сандыктауский,232465.7,550039.9,2370.0,stat_gov_kz_real
1991,Акмолинская область,Зерновые и бобовые (группа),Целиноградский,289800.0,202200.0,760.0,stat_gov_kz_real_group
1992,Акмолинская область,Зерновые и бобовые (группа),Целиноградский,282300.0,498500.0,1970.0,stat_gov_kz_real_group
1993,Акмолинская область,Зерновые и бобовые (группа),Целиноградский,277800.0,324100.0,1280.0,stat_gov_kz_real_group
1994,Акмолинская область,Зерновые и бобовые (группа),Целиноградский,258100.00000000003,161000.0,620.0,stat_gov_kz_real_group
1995,Акмолинская область,Зерновые и бобовые (группа),Целиноградский,182600.0,143600.0,580.0,stat_gov_kz_real_group
1996,Акмолинская область,Зерновые и бобовые (группа),Целиноградский,251700.0,231400.0,990.0,stat_gov_kz_real_group
1997,Акмолинская область,Зерновые и бобовые (группа),Целиноградский,251200.0,152900.0,610.0,stat_gov_kz_real_group
1998,Акмолинская область,Зерновые и бобовые (группа),Целиноградский,209900.0,99400.0,459.99999999999994,stat_gov_kz_real_group
1999,Акмолинская область,Зерновые и бобовые (группа),Целиноградский,216300.0,256500.0,1230.0,stat_gov_kz_real_group
2000,Акмолинская область,Зерновые и бобовые (группа),Целиноградский,217647.0,207700.0,910.0,stat_gov_kz_real_group
2001,Акмолинская область,Зерновые и бобовые (группа),Целиноградский,239082.0,273100.0,1140.0,stat_gov_kz_real_group
2002,Акмолинская область,Зерновые и бобовые (группа),Целиноградский,231996.0,208800.0,900.0,stat_gov_kz_real_group
2003,Акмолинская область,Зерновые и бобовые (группа),Целиноградский,221562.0,210600.0,950.0,stat_gov_kz_real_group
2004,Акмолинская область,Зерновые и бобовые (группа),Целиноградский,226115.0,154033.0,680.0,stat_gov_kz_real_group
2005,Акмолинская область,Зерновые и бобовые (группа),Целиноградский,228620.0,147517.6,690.0,stat_gov_kz_real_group
2006,Акмолинская область,Зерновые и бобовые (группа),Целиноградский,229826.0,161540.80000000002,710.0,stat_gov_kz_real_group
2007,Акмолинская область,Зерновые и бобовые (группа),Целиноградский,234096.8,191261.5,840.0,stat_gov_kz_real_group
2008,Акмолинская область,Зерновые и бобовые (группа),Целиноградский,247973.3,167258.7,680.0,stat_gov_kz_real_group
2009,Акмолинская область,Зерновые и бобовые (группа),Целиноградский,250543.5,230003.1,919.9999999999999,stat_gov_kz_real_group
2010,Акмолинская область,Зерновые и бобовые (группа),Целиноградский,238373.5,93482.90000000001,420.0,stat_gov_kz_real_group
2011,Акмолинская область,Зерновые и бобовые (группа),Целиноградский,239890.6,256597.47000000003,1070.0,stat_gov_kz_real_group
2012,Акмолинская область,Зерновые и бобовые (группа),Целиноградский,230525.6,115692.89,540.0,stat_gov_kz_real_group
2013,Акмолинская область,Зерновые и бобовые (группа),Целиноградский,230651.1,265180.10000000003,1150.0,stat_gov_kz_real_group
2014,Акмолинская область,Зерновые и бобовые (группа),Целиноградский,233909.66,217115.26200000002,930.0000000000001,stat_gov_kz_real_group
2015,Акмолинская область,Зерновые и бобовые (группа),Целиноградский,223549.3,194222.77300000002,881.5300000000001,stat_gov_kz_real_group
2016,Акмолинская область,Зерновые и бобовые (группа),Целиноградский,232266.3,265266.4,1142.08,stat_gov_kz_real_group
2017,Акмолинская область,Зерновые и бобовые (группа),Целиноградский,226748.8,166231.19,738.5,stat_gov_kz_real_group
2018,Акмолинская область,Зерновые и бобовые (группа),Целиноградский,203955.8,258401.36000000002,1270.0,stat_gov_kz_real_group
2019,Акмолинская область,Зерновые и бобовые (группа),Целиноградский,220219.9,176418.16000000003,810.0,stat_gov_kz_real_group
2020,Акмолинская область,Зерновые и бобовые (группа),Целиноградский,226402.0,298806.3,1320.0,stat_gov_kz_real_group
2021,Акмолинская область,Зерновые и бобовые (группа),Целиноградский,228625.83,213535.72999999998,965.54,stat_gov_kz_real_group
2022,Акмолинская область,Зерновые и бобовые (группа),Целиноградский,224724.9,168005.71000000002,754.16,stat_gov_kz_real_group
2023,Акмолинская область,Зерновые и бобовые (группа),Целиноградский,228083.2,113617.41000000002,509.99999999999994,stat_gov_kz_real_group
2024,Акмолинская область,Зерновые и бобовые (группа),Целиноградский,215077.74,291870.06,1400.0,stat_gov_kz_real_group
2025,Акмолинская область,Зерновые и бобовые (группа),Целиноградский,212061.0,276358.52999999997,1330.0,stat_gov_kz_real_group
1991,Акмолинская область,Масличные (группа),Целиноградский,1400.0,442.0,310.0,stat_gov_kz_real_group
1992,Акмолинская область,Масличные (группа),Целиноградский,4500.0,1194.5,320.0,stat_gov_kz_real_group
1993,Акмолинская область,Масличные (группа),Целиноградский,2700.0,935.4000000000001,390.0,stat_gov_kz_real_group
1994,Акмолинская область,Масличные (группа),Целиноградский,3400.0,1036.2,310.0,stat_gov_kz_real_group
1995,Акмолинская область,Масличные (группа),Целиноградский,4000.0,1106.5,280.0,stat_gov_kz_real_group
1996,Акмолинская область,Масличные (группа),Целиноградский,3400.0,542.6,,stat_gov_kz_real_group
1997,Акмолинская область,Масличные (группа),Целиноградский,800.0,161.5,,stat_gov_kz_real_group
1998,Акмолинская область,Масличные (группа),Целиноградский,500.0,153.20000000000002,,stat_gov_kz_real_group
1999,Акмолинская область,Масличные (группа),Целиноградский,800.0,199.10000000000002,240.0,stat_gov_kz_real_group
2000,Акмолинская область,Масличные (группа),Целиноградский,800.0,132.3,150.0,stat_gov_kz_real_group
2001,Акмолинская область,Масличные (группа),Целиноградский,610.0,22.900000000000002,40.0,stat_gov_kz_real_group
2005,Акмолинская область,Масличные (группа),Целиноградский,717.0,381.0,530.0,stat_gov_kz_real_group
2007,Акмолинская область,Масличные (группа),Целиноградский,600.0,233.0,390.0,stat_gov_kz_real_group
2008,Акмолинская область,Масличные (группа),Целиноградский,5756.0,2002.8000000000002,,stat_gov_kz_real_group
2009,Акмолинская область,Масличные (группа),Целиноградский,9755.0,2465.7000000000003,250.0,stat_gov_kz_real_group
2010,Акмолинская область,Масличные (группа),Целиноградский,17540.0,2592.8,180.0,stat_gov_kz_real_group
2011,Акмолинская область,Масличные (группа),Целиноградский,18632.2,3965.15,212.81,stat_gov_kz_real_group
2012,Акмолинская область,Масличные (группа),Целиноградский,6760.0,3113.2000000000003,580.82,stat_gov_kz_real_group
2013,Акмолинская область,Масличные (группа),Целиноградский,8762.0,1620.15,266.29999999999995,stat_gov_kz_real_group
2014,Акмолинская область,Масличные (группа),Целиноградский,12011.0,5068.35,437.45000000000005,stat_gov_kz_real_group
2015,Акмолинская область,Масличные (группа),Целиноградский,4662.8,1101.5,241.41,stat_gov_kz_real_group
2016,Акмолинская область,Масличные (группа),Целиноградский,1350.0,118.0,87.41,stat_gov_kz_real_group
2017,Акмолинская область,Масличные (группа),Целиноградский,10523.0,4083.3,404.49,stat_gov_kz_real_group
2018,Акмолинская область,Масличные (группа),Целиноградский,17037.0,8707.2,509.99999999999994,stat_gov_kz_real_group
2019,Акмолинская область,Масличные (группа),Целиноградский,10759.0,4387.21,420.0,stat_gov_kz_real_group
2020,Акмолинская область,Масличные (группа),Целиноградский,6932.7,7723.99,1130.0,stat_gov_kz_real_group
2021,Акмолинская область,Масличные (группа),Целиноградский,16889.2,10081.660000000002,619.0699999999999,stat_gov_kz_real_group
2022,Акмолинская область,Масличные (группа),Целиноградский,23429.6,12986.010000000002,560.0,stat_gov_kz_real_group
2023,Акмолинская область,Масличные (группа),Целиноградский,20007.0,6618.47,370.0,stat_gov_kz_real_group
2024,Акмолинская область,Масличные (группа),Целиноградский,17746.0,18740.47,1080.0,stat_gov_kz_real_group
2025,Акмолинская область,Масличные (группа),Целиноградский,27748.0,20048.210000000003,730.0,stat_gov_kz_real_group
1991,Акмолинская область,Подсолнечник,Целиноградский,,120.30000000000001,360.0,stat_gov_kz_real
1992,Акмолинская область,Подсолнечник,Целиноградский,,624.2,240.0,stat_gov_kz_real
1993,Акмолинская область,Подсолнечник,Целиноградский,,787.5,350.0,stat_gov_kz_real
1994,Акмолинская область,Подсолнечник,Целиноградский,,1026.1000000000001,330.0,stat_gov_kz_real
1995,Акмолинская область,Подсолнечник,Целиноградский,,388.6,280.0,stat_gov_kz_real
1996,Акмолинская область,Подсолнечник,Целиноградский,,539.2,170.0,stat_gov_kz_real
1997,Акмолинская область,Подсолнечник,Целиноградский,,161.5,190.0,stat_gov_kz_real
1998,Акмолинская область,Подсолнечник,Целиноградский,,153.20000000000002,290.0,stat_gov_kz_real
1999,Акмолинская область,Подсолнечник,Целиноградский,,199.10000000000002,240.0,stat_gov_kz_real
2000,Акмолинская область,Подсолнечник,Целиноградский,,132.3,150.0,stat_gov_kz_real
2001,Акмолинская область,Подсолнечник,Целиноградский,,20.5,30.0,stat_gov_kz_real
2005,Акмолинская область,Подсолнечник,Целиноградский,,381.0,530.0,stat_gov_kz_real
2007,Акмолинская область,Подсолнечник,Целиноградский,,233.0,390.0,stat_gov_kz_real
2008,Акмолинская область,Подсолнечник,Целиноградский,,2002.8000000000002,400.0,stat_gov_kz_real
2009,Акмолинская область,Подсолнечник,Целиноградский,,2465.7000000000003,250.0,stat_gov_kz_real
2010,Акмолинская область,Подсолнечник,Целиноградский,,2421.8,180.0,stat_gov_kz_real
2011,Акмолинская область,Подсолнечник,Целиноградский,,3407.8,210.0,stat_gov_kz_real
2012,Акмолинская область,Подсолнечник,Целиноградский,,2164.7000000000003,650.0,stat_gov_kz_real
2013,Акмолинская область,Подсолнечник,Целиноградский,,859.5500000000001,210.0,stat_gov_kz_real
2014,Акмолинская область,Подсолнечник,Целиноградский,,1562.0500000000002,400.0,stat_gov_kz_real
2015,Акмолинская область,Подсолнечник,Целиноградский,,79.0,395.0,stat_gov_kz_real
2016,Акмолинская область,Подсолнечник,Целиноградский,,22.0,90.0,stat_gov_kz_real
2017,Акмолинская область,Подсолнечник,Целиноградский,,259.90000000000003,220.00000000000003,stat_gov_kz_real
2018,Акмолинская область,Подсолнечник,Целиноградский,,138.9,90.0,stat_gov_kz_real
2019,Акмолинская область,Подсолнечник,Целиноградский,,1.4000000000000001,140.0,stat_gov_kz_real
2020,Акмолинская область,Подсолнечник,Целиноградский,,137.29000000000002,550.0,stat_gov_kz_real
2021,Акмолинская область,Подсолнечник,Целиноградский,,680.6700000000001,480.0,stat_gov_kz_real
2022,Акмолинская область,Подсолнечник,Целиноградский,,6114.35,800.0,stat_gov_kz_real
2023,Акмолинская область,Подсолнечник,Целиноградский,,5358.240000000001,640.0,stat_gov_kz_real
2024,Акмолинская область,Подсолнечник,Целиноградский,,13006.900000000001,1200.0,stat_gov_kz_real
2025,Акмолинская область,Подсолнечник,Целиноградский,,8375.1,690.0,stat_gov_kz_real
1991,Акмолинская область,Пшеница,Целиноградский,,167700.0,760.0,stat_gov_kz_real
1992,Акмолинская область,Пшеница,Целиноградский,,381000.0,1950.0,stat_gov_kz_real
1993,Акмолинская область,Пшеница,Целиноградский,,209200.0,1150.0,stat_gov_kz_real
1994,Акмолинская область,Пшеница,Целиноградский,,122300.0,630.0,stat_gov_kz_real
1995,Акмолинская область,Пшеница,Целиноградский,,121500.0,620.0,stat_gov_kz_real
1996,Акмолинская область,Пшеница,Целиноградский,,196500.0,1000.0,stat_gov_kz_real
1997,Акмолинская область,Пшеница,Целиноградский,,141300.0,640.0,stat_gov_kz_real
1998,Акмолинская область,Пшеница,Целиноградский,,93600.0,459.99999999999994,stat_gov_kz_real
1999,Акмолинская область,Пшеница,Целиноградский,185.6,218200.0,1210.0,stat_gov_kz_real
2000,Акмолинская область,Пшеница,Целиноградский,191.1,171300.0,850.0,stat_gov_kz_real
2001,Акмолинская область,Пшеница,Целиноградский,198.9,235230.0,1100.0,stat_gov_kz_real
2002,Акмолинская область,Пшеница,Целиноградский,205.2,179400.0,850.0,stat_gov_kz_real
2003,Акмолинская область,Пшеница,Целиноградский,202.5,191700.0,950.0,stat_gov_kz_real
2004,Акмолинская область,Пшеница,Целиноградский,204521.0,141164.80000000002,690.0,stat_gov_kz_real
2005,Акмолинская область,Пшеница,Целиноградский,209258.0,136217.7,690.0,stat_gov_kz_real
2006,Акмолинская область,Пшеница,Целиноградский,210634.0,145606.30000000002,700.0,stat_gov_kz_real
2007,Акмолинская область,Пшеница,Целиноградский,207194.8,167366.5,819.9999999999999,stat_gov_kz_real
2008,Акмолинская область,Пшеница,Целиноградский,222006.7,148114.91,670.0,stat_gov_kz_real
2009,Акмолинская область,Пшеница,Целиноградский,227228.5,204380.80000000002,900.0,stat_gov_kz_real
2010,Акмолинская область,Пшеница,Целиноградский,220294.0,86889.89000000001,420.0,stat_gov_kz_real
2011,Акмолинская область,Пшеница,Целиноградский,216722.2,225995.37000000002,1040.0,stat_gov_kz_real
2012,Акмолинская область,Пшеница,Целиноградский,201148.6,101279.69,540.0,stat_gov_kz_real
2013,Акмолинская область,Пшеница,Целиноградский,194592.4,215865.7,1110.0,stat_gov_kz_real
2014,Акмолинская область,Пшеница,Целиноградский,186344.19,181238.88300000003,969.9999999999999,stat_gov_kz_real
2015,Акмолинская область,Пшеница,Целиноградский,188192.4,168751.98100000003,910.0,stat_gov_kz_real
2016,Акмолинская область,Пшеница,Целиноградский,206197.4,228559.80000000002,1110.0,stat_gov_kz_real
2017,Акмолинская область,Пшеница,Целиноградский,185842.0,132654.13,720.0,stat_gov_kz_real
2018,Акмолинская область,Пшеница,Целиноградский,165765.8,195616.73,1180.0,stat_gov_kz_real
2019,Акмолинская область,Пшеница,Целиноградский,179520.7,142159.48,800.0,stat_gov_kz_real
2020,Акмолинская область,Пшеница,Целиноградский,185727.8,240257.38,1290.0,stat_gov_kz_real
2021,Акмолинская область,Пшеница,Целиноградский,187247.43,174139.26,963.27,stat_gov_kz_real
2022,Акмолинская область,Пшеница,Целиноградский,175633.8,125314.5,719.71,stat_gov_kz_real
2023,Акмолинская область,Пшеница,Целиноградский,184738.0,92693.90000000001,509.99999999999994,stat_gov_kz_real
2024,Акмолинская область,Пшеница,Целиноградский,165645.44,204881.83000000002,1290.0,stat_gov_kz_real
2025,Акмолинская область,Пшеница,Целиноградский,161697.6,217705.59,1380.0,stat_gov_kz_real
1991,Акмолинская область,Зерновые и бобовые (группа),Шортандинский,191600.0,128500.0,720.0,stat_gov_kz_real_group
1992,Акмолинская область,Зерновые и бобовые (группа),Шортандинский,190600.0,370500.0,2180.0,stat_gov_kz_real_group
1993,Акмолинская область,Зерновые и бобовые (группа),Шортандинский,184100.0,218800.0,1340.0,stat_gov_kz_real_group
1994,Акмолинская область,Зерновые и бобовые (группа),Шортандинский,177900.0,181500.0,969.9999999999999,stat_gov_kz_real_group
1995,Акмолинская область,Зерновые и бобовые (группа),Шортандинский,244300.0,152700.0,840.0,stat_gov_kz_real_group
1996,Акмолинская область,Зерновые и бобовые (группа),Шортандинский,181500.0,124100.0,750.0,stat_gov_kz_real_group
1997,Акмолинская область,Зерновые и бобовые (группа),Шортандинский,181900.0,119600.0,660.0,stat_gov_kz_real_group
1998,Акмолинская область,Зерновые и бобовые (группа),Шортандинский,179300.0,75100.0,420.0,stat_gov_kz_real_group
1999,Акмолинская область,Зерновые и бобовые (группа),Шортандинский,160261.0,269800.0,1680.0,stat_gov_kz_real_group
2000,Акмолинская область,Зерновые и бобовые (группа),Шортандинский,175702.0,193300.0,1100.0,stat_gov_kz_real_group
2001,Акмолинская область,Зерновые и бобовые (группа),Шортандинский,180097.0,233000.0,1290.0,stat_gov_kz_real_group
2002,Акмолинская область,Зерновые и бобовые (группа),Шортандинский,183183.0,200800.0,1100.0,stat_gov_kz_real_group
2003,Акмолинская область,Зерновые и бобовые (группа),Шортандинский,178800.0,202900.0,1130.0,stat_gov_kz_real_group
2004,Акмолинская область,Зерновые и бобовые (группа),Шортандинский,193000.0,156448.30000000002,830.0000000000001,stat_gov_kz_real_group
2005,Акмолинская область,Зерновые и бобовые (группа),Шортандинский,185447.0,172663.0,930.0000000000001,stat_gov_kz_real_group
2006,Акмолинская область,Зерновые и бобовые (группа),Шортандинский,186850.0,193575.7,1040.0,stat_gov_kz_real_group
2007,Акмолинская область,Зерновые и бобовые (группа),Шортандинский,190382.0,179067.6,960.0,stat_gov_kz_real_group
2008,Акмолинская область,Зерновые и бобовые (группа),Шортандинский,196240.6,133759.5,690.0,stat_gov_kz_real_group
2009,Акмолинская область,Зерновые и бобовые (группа),Шортандинский,226939.1,282830.0,1250.0,stat_gov_kz_real_group
2010,Акмолинская область,Зерновые и бобовые (группа),Шортандинский,218089.5,76615.68000000001,420.0,stat_gov_kz_real_group
2011,Акмолинская область,Зерновые и бобовые (группа),Шортандинский,205463.3,242656.6,1180.0,stat_gov_kz_real_group
2012,Акмолинская область,Зерновые и бобовые (группа),Шортандинский,199787.0,113326.20000000001,580.0,stat_gov_kz_real_group
2013,Акмолинская область,Зерновые и бобовые (группа),Шортандинский,197887.6,217402.80000000002,1110.0,stat_gov_kz_real_group
2014,Акмолинская область,Зерновые и бобовые (группа),Шортандинский,192054.48,167973.07,950.0,stat_gov_kz_real_group
2015,Акмолинская область,Зерновые и бобовые (группа),Шортандинский,189969.0,195673.32,1066.87,stat_gov_kz_real_group
2016,Акмолинская область,Зерновые и бобовые (группа),Шортандинский,199106.0,254182.67000000004,1308.76,stat_gov_kz_real_group
2017,Акмолинская область,Зерновые и бобовые (группа),Шортандинский,203089.0,187928.32,989.6000000000001,stat_gov_kz_real_group
2018,Акмолинская область,Зерновые и бобовые (группа),Шортандинский,203975.0,300393.5,1500.0,stat_gov_kz_real_group
2019,Акмолинская область,Зерновые и бобовые (группа),Шортандинский,206236.7,220776.09,1070.0,stat_gov_kz_real_group
2020,Акмолинская область,Зерновые и бобовые (группа),Шортандинский,199385.7,303194.95,1550.0,stat_gov_kz_real_group
2021,Акмолинская область,Зерновые и бобовые (группа),Шортандинский,204912.44,245452.771,1199.72,stat_gov_kz_real_group
2022,Акмолинская область,Зерновые и бобовые (группа),Шортандинский,212946.1,261836.17000000004,1229.59,stat_gov_kz_real_group
2023,Акмолинская область,Зерновые и бобовые (группа),Шортандинский,223597.4,141781.36000000002,640.0,stat_gov_kz_real_group
2024,Акмолинская область,Зерновые и бобовые (группа),Шортандинский,213746.27,328413.34,1540.0,stat_gov_kz_real_group
2025,Акмолинская область,Зерновые и бобовые (группа),Шортандинский,199450.79,327102.57000000007,1639.9999999999998,stat_gov_kz_real_group
1991,Акмолинская область,Масличные (группа),Шортандинский,1400.0,321.70000000000005,229.99999999999997,stat_gov_kz_real_group
1992,Акмолинская область,Масличные (группа),Шортандинский,2500.0,1316.0,590.0,stat_gov_kz_real_group
1993,Акмолинская область,Масличные (группа),Шортандинский,2100.0,581.5,280.0,stat_gov_kz_real_group
1994,Акмолинская область,Масличные (группа),Шортандинский,1900.0,716.7,380.0,stat_gov_kz_real_group
1995,Акмолинская область,Масличные (группа),Шортандинский,1600.0,341.5,220.00000000000003,stat_gov_kz_real_group
1996,Акмолинская область,Масличные (группа),Шортандинский,1400.0,103.60000000000001,,stat_gov_kz_real_group
1998,Акмолинская область,Масличные (группа),Шортандинский,500.0,38.800000000000004,,stat_gov_kz_real_group
1999,Акмолинская область,Масличные (группа),Шортандинский,300.0,3.4000000000000004,10.0,stat_gov_kz_real_group
2003,Акмолинская область,Масличные (группа),Шортандинский,10.0,0.1,10.0,stat_gov_kz_real_group
2004,Акмолинская область,Масличные (группа),Шортандинский,20.0,0.39,20.0,stat_gov_kz_real_group
2005,Акмолинская область,Масличные (группа),Шортандинский,12.5,1.5,120.0,stat_gov_kz_real_group
2006,Акмолинская область,Масличные (группа),Шортандинский,22.0,13.8,630.0,stat_gov_kz_real_group
2007,Акмолинская область,Масличные (группа),Шортандинский,8.0,5.82,730.0,stat_gov_kz_real_group
2008,Акмолинская область,Масличные (группа),Шортандинский,1247.0,4.0,,stat_gov_kz_real_group
2009,Акмолинская область,Масличные (группа),Шортандинский,13.5,6.0,440.00000000000006,stat_gov_kz_real_group
2010,Акмолинская область,Масличные (группа),Шортандинский,13521.0,2652.8700000000003,220.00000000000003,stat_gov_kz_real_group
2011,Акмолинская область,Масличные (группа),Шортандинский,13529.0,5844.5,432.0,stat_gov_kz_real_group
2012,Акмолинская область,Масличные (группа),Шортандинский,13584.0,2890.7000000000003,217.60999999999999,stat_gov_kz_real_group
2013,Акмолинская область,Масличные (группа),Шортандинский,12807.0,2665.3,301.90999999999997,stat_gov_kz_real_group
2014,Акмолинская область,Масличные (группа),Шортандинский,28538.0,8228.07,301.74,stat_gov_kz_real_group
2015,Акмолинская область,Масличные (группа),Шортандинский,11624.0,4329.37,407.01,stat_gov_kz_real_group
2016,Акмолинская область,Масличные (группа),Шортандинский,5437.0,4648.14,854.91,stat_gov_kz_real_group
2017,Акмолинская область,Масличные (группа),Шортандинский,4651.0,5260.89,1132.35,stat_gov_kz_real_group
2018,Акмолинская область,Масличные (группа),Шортандинский,4418.0,2845.51,650.0,stat_gov_kz_real_group
2019,Акмолинская область,Масличные (группа),Шортандинский,3410.9,1920.28,560.0,stat_gov_kz_real_group
2020,Акмолинская область,Масличные (группа),Шортандинский,6558.46,5305.96,810.0,stat_gov_kz_real_group
2021,Акмолинская область,Масличные (группа),Шортандинский,9046.91,5180.27,572.6,stat_gov_kz_real_group
2022,Акмолинская область,Масличные (группа),Шортандинский,14541.0,6597.09,450.0,stat_gov_kz_real_group
2023,Акмолинская область,Масличные (группа),Шортандинский,7751.9,1730.2700000000002,250.0,stat_gov_kz_real_group
2024,Акмолинская область,Масличные (группа),Шортандинский,20671.91,17152.0,890.0,stat_gov_kz_real_group
2025,Акмолинская область,Масличные (группа),Шортандинский,39625.52,38735.11,980.0000000000001,stat_gov_kz_real_group
1991,Акмолинская область,Подсолнечник,Шортандинский,,131.9,229.99999999999997,stat_gov_kz_real
1992,Акмолинская область,Подсолнечник,Шортандинский,,524.6,350.0,stat_gov_kz_real
1993,Акмолинская область,Подсолнечник,Шортандинский,,410.5,250.0,stat_gov_kz_real
1994,Акмолинская область,Подсолнечник,Шортандинский,,580.7,360.0,stat_gov_kz_real
1995,Акмолинская область,Подсолнечник,Шортандинский,,142.0,200.0,stat_gov_kz_real
1996,Акмолинская область,Подсолнечник,Шортандинский,,65.10000000000001,50.0,stat_gov_kz_real
1998,Акмолинская область,Подсолнечник,Шортандинский,,38.800000000000004,70.0,stat_gov_kz_real
1999,Акмолинская область,Подсолнечник,Шортандинский,,3.4000000000000004,10.0,stat_gov_kz_real
2004,Акмолинская область,Подсолнечник,Шортандинский,,0.39,20.0,stat_gov_kz_real
2005,Акмолинская область,Подсолнечник,Шортандинский,,1.2000000000000002,100.0,stat_gov_kz_real
2006,Акмолинская область,Подсолнечник,Шортандинский,,9.0,600.0,stat_gov_kz_real
2007,Акмолинская область,Подсолнечник,Шортандинский,,1.7800000000000002,590.0,stat_gov_kz_real
2008,Акмолинская область,Подсолнечник,Шортандинский,,4.0,130.0,stat_gov_kz_real
2009,Акмолинская область,Подсолнечник,Шортандинский,,1.0,670.0,stat_gov_kz_real
2010,Акмолинская область,Подсолнечник,Шортандинский,,713.97,220.00000000000003,stat_gov_kz_real
2011,Акмолинская область,Подсолнечник,Шортандинский,,846.4000000000001,200.0,stat_gov_kz_real
2012,Акмолинская область,Подсолнечник,Шортандинский,,220.70000000000002,210.0,stat_gov_kz_real
2013,Акмолинская область,Подсолнечник,Шортандинский,,1532.3000000000002,680.0,stat_gov_kz_real
2014,Акмолинская область,Подсолнечник,Шортандинский,,1809.93,370.0,stat_gov_kz_real
2015,Акмолинская область,Подсолнечник,Шортандинский,,1535.9,731.38,stat_gov_kz_real
2016,Акмолинская область,Подсолнечник,Шортандинский,,2377.2000000000003,1410.0,stat_gov_kz_real
2017,Акмолинская область,Подсолнечник,Шортандинский,,4605.67,1560.0,stat_gov_kz_real
2018,Акмолинская область,Подсолнечник,Шортандинский,,568.74,570.0,stat_gov_kz_real
2019,Акмолинская область,Подсолнечник,Шортандинский,,1086.6100000000001,560.0,stat_gov_kz_real
2020,Акмолинская область,Подсолнечник,Шортандинский,,0.66,330.0,stat_gov_kz_real
2021,Акмолинская область,Подсолнечник,Шортандинский,,2.23,50.0,stat_gov_kz_real
2022,Акмолинская область,Подсолнечник,Шортандинский,,38.85,250.0,stat_gov_kz_real
2023,Акмолинская область,Подсолнечник,Шортандинский,,8.38,150.0,stat_gov_kz_real
2024,Акмолинская область,Подсолнечник,Шортандинский,,1805.0500000000002,850.0,stat_gov_kz_real
2025,Акмолинская область,Подсолнечник,Шортандинский,,10758.1,1270.0,stat_gov_kz_real
1991,Акмолинская область,Пшеница,Шортандинский,,96200.0,690.0,stat_gov_kz_real
1992,Акмолинская область,Пшеница,Шортандинский,,258000.0,2200.0,stat_gov_kz_real
1993,Акмолинская область,Пшеница,Шортандинский,,115900.0,980.0000000000001,stat_gov_kz_real
1994,Акмолинская область,Пшеница,Шортандинский,,101700.0,840.0,stat_gov_kz_real
1995,Акмолинская область,Пшеница,Шортандинский,,119800.0,850.0,stat_gov_kz_real
1996,Акмолинская область,Пшеница,Шортандинский,,100100.0,740.0,stat_gov_kz_real
1997,Акмолинская область,Пшеница,Шортандинский,,105900.0,700.0,stat_gov_kz_real
1998,Акмолинская область,Пшеница,Шортандинский,,63000.0,409.99999999999994,stat_gov_kz_real
1999,Акмолинская область,Пшеница,Шортандинский,131.1,214600.0,,stat_gov_kz_real
2000,Акмолинская область,Пшеница,Шортандинский,151.0,156800.0,1040.0,stat_gov_kz_real
2001,Акмолинская область,Пшеница,Шортандинский,151.5,189820.0,1250.0,stat_gov_kz_real
2002,Акмолинская область,Пшеница,Шортандинский,158.0,168800.0,1070.0,stat_gov_kz_real
2003,Акмолинская область,Пшеница,Шортандинский,157.5,180100.0,1140.0,stat_gov_kz_real
2004,Акмолинская область,Пшеница,Шортандинский,166254.0,139860.4,850.0,stat_gov_kz_real
2005,Акмолинская область,Пшеница,Шортандинский,169705.0,153903.1,910.0,stat_gov_kz_real
2006,Акмолинская область,Пшеница,Шортандинский,169231.0,173779.40000000002,1040.0,stat_gov_kz_real
2007,Акмолинская область,Пшеница,Шортандинский,170344.0,156159.49,930.0000000000001,stat_gov_kz_real
2008,Акмолинская область,Пшеница,Шортандинский,174433.6,116461.40000000001,680.0,stat_gov_kz_real
2009,Акмолинская область,Пшеница,Шортандинский,202992.6,241183.35,1190.0,stat_gov_kz_real
2010,Акмолинская область,Пшеница,Шортандинский,207030.6,72331.0,420.0,stat_gov_kz_real
2011,Акмолинская область,Пшеница,Шортандинский,192956.0,222133.40000000002,1150.0,stat_gov_kz_real
2012,Акмолинская область,Пшеница,Шортандинский,180311.0,99949.70000000001,560.0,stat_gov_kz_real
2013,Акмолинская область,Пшеница,Шортандинский,175461.6,177786.80000000002,1019.9999999999999,stat_gov_kz_real
2014,Акмолинская область,Пшеница,Шортандинский,163392.26,135829.10700000002,890.0,stat_gov_kz_real
2015,Акмолинская область,Пшеница,Шортандинский,156792.0,164187.06000000003,1090.0,stat_gov_kz_real
2016,Акмолинская область,Пшеница,Шортандинский,168742.0,202303.26,1230.0,stat_gov_kz_real
2017,Акмолинская область,Пшеница,Шортандинский,165259.0,147967.6,960.0,stat_gov_kz_real
2018,Акмолинская область,Пшеница,Шортандинский,154707.0,219894.18,1430.0,stat_gov_kz_real
2019,Акмолинская область,Пшеница,Шортандинский,156344.4,160160.95,1019.9999999999999,stat_gov_kz_real
2020,Акмолинская область,Пшеница,Шортандинский,169618.0,246900.18,1490.0,stat_gov_kz_real
2021,Акмолинская область,Пшеница,Шортандинский,180878.14,214027.96000000002,1185.3799999999999,stat_gov_kz_real
2022,Акмолинская область,Пшеница,Шортандинский,184928.0,225077.92000000004,1217.11,stat_gov_kz_real
2023,Акмолинская область,Пшеница,Шортандинский,186153.9,120906.1,650.0,stat_gov_kz_real
2024,Акмолинская область,Пшеница,Шортандинский,185861.15,276280.11000000004,1490.0,stat_gov_kz_real
2025,Акмолинская область,Пшеница,Шортандинский,162210.5,270069.9,1670.0,stat_gov_kz_real
2022,Акмолинская область,Зерновые и бобовые (группа),г.а Косшы,,61.5,759.26,stat_gov_kz_real_group
2023,Акмолинская область,Зерновые и бобовые (группа),г.а Косшы,,39.300000000000004,570.0,stat_gov_kz_real_group
2024,Акмолинская область,Зерновые и бобовые (группа),г.а Косшы,,70.4,1639.9999999999998,stat_gov_kz_real_group
2025,Акмолинская область,Зерновые и бобовые (группа),г.а Косшы,,4.82,690.0,stat_gov_kz_real_group
1991,Акмолинская область,Зерновые и бобовые (группа),г.а. Кокшетау,4500.0,1700.0,,stat_gov_kz_real_group
1992,Акмолинская область,Зерновые и бобовые (группа),г.а. Кокшетау,3900.0,8100.0,,stat_gov_kz_real_group
1993,Акмолинская область,Зерновые и бобовые (группа),г.а. Кокшетау,3500.0,3900.0,,stat_gov_kz_real_group
1994,Акмолинская область,Зерновые и бобовые (группа),г.а. Кокшетау,3700.0,5200.0,,stat_gov_kz_real_group
1995,Акмолинская область,Зерновые и бобовые (группа),г.а. Кокшетау,3500.0,3500.0,,stat_gov_kz_real_group
1996,Акмолинская область,Зерновые и бобовые (группа),г.а. Кокшетау,2300.0,2200.0,,stat_gov_kz_real_group
1997,Акмолинская область,Зерновые и бобовые (группа),г.а. Кокшетау,4400.0,3800.0,,stat_gov_kz_real_group
1998,Акмолинская область,Зерновые и бобовые (группа),г.а. Кокшетау,3300.0,1700.0,509.99999999999994,stat_gov_kz_real_group
1999,Акмолинская область,Зерновые и бобовые (группа),г.а. Кокшетау,383.0,1000.0,1110.0,stat_gov_kz_real_group
2000,Акмолинская область,Зерновые и бобовые (группа),г.а. Кокшетау,1891.0,600.0,310.0,stat_gov_kz_real_group
2001,Акмолинская область,Зерновые и бобовые (группа),г.а. Кокшетау,1450.0,900.0,630.0,stat_gov_kz_real_group
2002,Акмолинская область,Зерновые и бобовые (группа),г.а. Кокшетау,2620.0,2300.0,890.0,stat_gov_kz_real_group
2003,Акмолинская область,Зерновые и бобовые (группа),г.а. Кокшетау,3665.0,1900.0,520.0,stat_gov_kz_real_group
2004,Акмолинская область,Зерновые и бобовые (группа),г.а. Кокшетау,3198.0,592.4,210.0,stat_gov_kz_real_group
2005,Акмолинская область,Зерновые и бобовые (группа),г.а. Кокшетау,2709.0,1172.4,470.0,stat_gov_kz_real_group
2006,Акмолинская область,Зерновые и бобовые (группа),г.а. Кокшетау,615.0,388.0,730.0,stat_gov_kz_real_group
2007,Акмолинская область,Зерновые и бобовые (группа),г.а. Кокшетау,540.0,497.90000000000003,969.9999999999999,stat_gov_kz_real_group
2008,Акмолинская область,Зерновые и бобовые (группа),г.а. Кокшетау,2152.0,459.3,300.0,stat_gov_kz_real_group
2009,Акмолинская область,Зерновые и бобовые (группа),г.а. Кокшетау,2263.0,1198.2,630.0,stat_gov_kz_real_group
2010,Акмолинская область,Зерновые и бобовые (группа),г.а. Кокшетау,3016.0,630.9000000000001,310.0,stat_gov_kz_real_group
2011,Акмолинская область,Зерновые и бобовые (группа),г.а. Кокшетау,2604.0,4361.0,1670.0,stat_gov_kz_real_group
2012,Акмолинская область,Зерновые и бобовые (группа),г.а. Кокшетау,3704.0,2037.5,550.0,stat_gov_kz_real_group
2013,Акмолинская область,Зерновые и бобовые (группа),г.а. Кокшетау,2822.0,2288.1,810.0,stat_gov_kz_real_group
2014,Акмолинская область,Зерновые и бобовые (группа),г.а. Кокшетау,1801.0,1839.9,1019.9999999999999,stat_gov_kz_real_group
2015,Акмолинская область,Зерновые и бобовые (группа),г.а. Кокшетау,1884.0,1236.4,656.26,stat_gov_kz_real_group
2016,Акмолинская область,Зерновые и бобовые (группа),г.а. Кокшетау,1859.0,2900.0,1559.98,stat_gov_kz_real_group
2017,Акмолинская область,Зерновые и бобовые (группа),г.а. Кокшетау,3450.0,6702.700000000001,1942.81,stat_gov_kz_real_group
2018,Акмолинская область,Зерновые и бобовые (группа),г.а. Кокшетау,3449.0,5173.880000000001,1500.0,stat_gov_kz_real_group
2019,Акмолинская область,Зерновые и бобовые (группа),г.а. Кокшетау,3615.8,4232.35,1170.0,stat_gov_kz_real_group
2020,Акмолинская область,Зерновые и бобовые (группа),г.а. Кокшетау,3679.0,5725.5,1580.0,stat_gov_kz_real_group
2021,Акмолинская область,Зерновые и бобовые (группа),г.а. Кокшетау,3885.38,3878.7000000000003,998.28,stat_gov_kz_real_group
2022,Акмолинская область,Зерновые и бобовые (группа),г.а. Кокшетау,3807.0,4791.05,1446.05,stat_gov_kz_real_group
2023,Акмолинская область,Зерновые и бобовые (группа),г.а. Кокшетау,4093.0,3572.3,1019.9999999999999,stat_gov_kz_real_group
2024,Акмолинская область,Зерновые и бобовые (группа),г.а. Кокшетау,3832.0,6875.1,1789.9999999999998,stat_gov_kz_real_group
2025,Акмолинская область,Зерновые и бобовые (группа),г.а. Кокшетау,2682.0,3356.8800000000006,1290.0,stat_gov_kz_real_group
1991,Акмолинская область,Масличные (группа),г.а. Кокшетау,100.0,,,stat_gov_kz_real_group
1992,Акмолинская область,Масличные (группа),г.а. Кокшетау,100.0,,,stat_gov_kz_real_group
1993,Акмолинская область,Масличные (группа),г.а. Кокшетау,100.0,,,stat_gov_kz_real_group
2005,Акмолинская область,Масличные (группа),г.а. Кокшетау,4.0,0.08000000000000002,20.0,stat_gov_kz_real_group
2010,Акмолинская область,Масличные (группа),г.а. Кокшетау,,,229.99999999999997,stat_gov_kz_real_group
2011,Акмолинская область,Масличные (группа),г.а. Кокшетау,967.0,616.1,637.13,stat_gov_kz_real_group
2013,Акмолинская область,Масличные (группа),г.а. Кокшетау,1037.0,988.0,952.75,stat_gov_kz_real_group
2014,Акмолинская область,Масличные (группа),г.а. Кокшетау,2326.0,2314.1,994.88,stat_gov_kz_real_group
2015,Акмолинская область,Масличные (группа),г.а. Кокшетау,912.0,624.1,684.32,stat_gov_kz_real_group
2016,Акмолинская область,Масличные (группа),г.а. Кокшетау,0.0,,,stat_gov_kz_real_group
2017,Акмолинская область,Масличные (группа),г.а. Кокшетау,995.0,1109.0,1186.1000000000001,stat_gov_kz_real_group
2018,Акмолинская область,Масличные (группа),г.а. Кокшетау,1013.8,895.1,880.0000000000001,stat_gov_kz_real_group
2019,Акмолинская область,Масличные (группа),г.а. Кокшетау,1335.0,986.7,940.0,stat_gov_kz_real_group
2020,Акмолинская область,Масличные (группа),г.а. Кокшетау,1431.0,2056.2000000000003,1440.0,stat_gov_kz_real_group
2021,Акмолинская область,Масличные (группа),г.а. Кокшетау,617.0,379.3,614.75,stat_gov_kz_real_group
2022,Акмолинская область,Масличные (группа),г.а. Кокшетау,1294.4,1000.85,770.0,stat_gov_kz_real_group
2023,Акмолинская область,Масличные (группа),г.а. Кокшетау,778.0,386.1,530.0,stat_gov_kz_real_group
2024,Акмолинская область,Масличные (группа),г.а. Кокшетау,539.0,288.0,530.0,stat_gov_kz_real_group
2025,Акмолинская область,Масличные (группа),г.а. Кокшетау,2768.8,2934.5400000000004,1120.0,stat_gov_kz_real_group
2005,Акмолинская область,Подсолнечник,г.а. Кокшетау,,0.08000000000000002,20.0,stat_gov_kz_real
2011,Акмолинская область,Подсолнечник,г.а. Кокшетау,,374.1,500.0,stat_gov_kz_real
2014,Акмолинская область,Подсолнечник,г.а. Кокшетау,,269.1,1300.0,stat_gov_kz_real
1991,Акмолинская область,Пшеница,г.а. Кокшетау,,700.0,,stat_gov_kz_real
1992,Акмолинская область,Пшеница,г.а. Кокшетау,,2600.0,,stat_gov_kz_real
1993,Акмолинская область,Пшеница,г.а. Кокшетау,,600.0,,stat_gov_kz_real
1994,Акмолинская область,Пшеница,г.а. Кокшетау,,800.0,,stat_gov_kz_real
1995,Акмолинская область,Пшеница,г.а. Кокшетау,,700.0,,stat_gov_kz_real
1996,Акмолинская область,Пшеница,г.а. Кокшетау,,300.0,,stat_gov_kz_real
1997,Акмолинская область,Пшеница,г.а. Кокшетау,,1600.0,,stat_gov_kz_real
1998,Акмолинская область,Пшеница,г.а. Кокшетау,,1600.0,550.0,stat_gov_kz_real
1999,Акмолинская область,Пшеница,г.а. Кокшетау,0.4,800.0,1280.0,stat_gov_kz_real
2000,Акмолинская область,Пшеница,г.а. Кокшетау,1.7,500.0,320.0,stat_gov_kz_real
2001,Акмолинская область,Пшеница,г.а. Кокшетау,1.2,820.0,670.0,stat_gov_kz_real
2002,Акмолинская область,Пшеница,г.а. Кокшетау,2.5,2300.0,910.0,stat_gov_kz_real
2003,Акмолинская область,Пшеница,г.а. Кокшетау,3.5,1800.0,509.99999999999994,stat_gov_kz_real
2004,Акмолинская область,Пшеница,г.а. Кокшетау,2678.0,476.70000000000005,210.0,stat_gov_kz_real
2005,Акмолинская область,Пшеница,г.а. Кокшетау,2464.0,1054.9,450.0,stat_gov_kz_real
2006,Акмолинская область,Пшеница,г.а. Кокшетау,590.0,388.0,730.0,stat_gov_kz_real
2007,Акмолинская область,Пшеница,г.а. Кокшетау,540.0,497.90000000000003,969.9999999999999,stat_gov_kz_real
2008,Акмолинская область,Пшеница,г.а. Кокшетау,1014.0,159.0,160.0,stat_gov_kz_real
2009,Акмолинская область,Пшеница,г.а. Кокшетау,1128.0,374.1,480.0,stat_gov_kz_real
2010,Акмолинская область,Пшеница,г.а. Кокшетау,1973.0,411.90000000000003,280.0,stat_gov_kz_real
2011,Акмолинская область,Пшеница,г.а. Кокшетау,1639.0,2753.9,1680.0,stat_gov_kz_real
2012,Акмолинская область,Пшеница,г.а. Кокшетау,2718.0,1481.0,540.0,stat_gov_kz_real
2013,Акмолинская область,Пшеница,г.а. Кокшетау,1666.0,1186.7,710.0,stat_gov_kz_real
2014,Акмолинская область,Пшеница,г.а. Кокшетау,965.0,896.9000000000001,930.0000000000001,stat_gov_kz_real
2015,Акмолинская область,Пшеница,г.а. Кокшетау,1335.0,798.8000000000001,600.0,stat_gov_kz_real
2016,Акмолинская область,Пшеница,г.а. Кокшетау,1095.0,1360.1000000000001,1240.0,stat_gov_kz_real
2017,Акмолинская область,Пшеница,г.а. Кокшетау,1157.0,2226.7000000000003,1920.0,stat_gov_kz_real
2018,Акмолинская область,Пшеница,г.а. Кокшетау,1552.0,1658.4400000000003,1070.0,stat_gov_kz_real
2019,Акмолинская область,Пшеница,г.а. Кокшетау,2275.8,2364.6,1040.0,stat_gov_kz_real
2020,Акмолинская область,Пшеница,г.а. Кокшетау,2299.0,3930.8,1710.0000000000002,stat_gov_kz_real
2021,Акмолинская область,Пшеница,г.а. Кокшетау,2830.38,2936.6000000000004,1037.53,stat_gov_kz_real
2022,Акмолинская область,Пшеница,г.а. Кокшетау,3003.8,3902.8500000000004,1470.44,stat_gov_kz_real
2023,Акмолинская область,Пшеница,г.а. Кокшетау,2649.0,1747.1000000000001,730.0,stat_gov_kz_real
2024,Акмолинская область,Пшеница,г.а. Кокшетау,3270.0,5826.1,1780.0,stat_gov_kz_real
2025,Акмолинская область,Пшеница,г.а. Кокшетау,1745.0,2324.35,1330.0,stat_gov_kz_real
1991,Акмолинская область,Зерновые и бобовые (группа),г.а. Степногорск,,100.0,,stat_gov_kz_real_group
1992,Акмолинская область,Зерновые и бобовые (группа),г.а. Степногорск,,500.0,,stat_gov_kz_real_group
1993,Акмолинская область,Зерновые и бобовые (группа),г.а. Степногорск,6500.0,1200.0,,stat_gov_kz_real_group
1994,Акмолинская область,Зерновые и бобовые (группа),г.а. Степногорск,7500.0,2500.0,,stat_gov_kz_real_group
1995,Акмолинская область,Зерновые и бобовые (группа),г.а. Степногорск,7100.0,600.0,,stat_gov_kz_real_group
1996,Акмолинская область,Зерновые и бобовые (группа),г.а. Степногорск,6600.0,3600.0,,stat_gov_kz_real_group
1997,Акмолинская область,Зерновые и бобовые (группа),г.а. Степногорск,4200.0,500.0,190.0,stat_gov_kz_real_group
1998,Акмолинская область,Зерновые и бобовые (группа),г.а. Степногорск,1400.0,,90.0,stat_gov_kz_real_group
2000,Акмолинская область,Зерновые и бобовые (группа),г.а. Степногорск,237.0,200.0,1080.0,stat_gov_kz_real_group
2001,Акмолинская область,Зерновые и бобовые (группа),г.а. Степногорск,2810.0,2200.0,840.0,stat_gov_kz_real_group
2002,Акмолинская область,Зерновые и бобовые (группа),г.а. Степногорск,6210.0,5600.0,900.0,stat_gov_kz_real_group
2003,Акмолинская область,Зерновые и бобовые (группа),г.а. Степногорск,5146.0,900.0,200.0,stat_gov_kz_real_group
2004,Акмолинская область,Зерновые и бобовые (группа),г.а. Степногорск,4805.0,1388.9,300.0,stat_gov_kz_real_group
2005,Акмолинская область,Зерновые и бобовые (группа),г.а. Степногорск,2155.0,432.6,229.99999999999997,stat_gov_kz_real_group
2006,Акмолинская область,Зерновые и бобовые (группа),г.а. Степногорск,1582.0,919.2,580.0,stat_gov_kz_real_group
2007,Акмолинская область,Зерновые и бобовые (группа),г.а. Степногорск,1230.0,1142.7,930.0000000000001,stat_gov_kz_real_group
2008,Акмолинская область,Зерновые и бобовые (группа),г.а. Степногорск,2720.0,,,stat_gov_kz_real_group
2009,Акмолинская область,Зерновые и бобовые (группа),г.а. Степногорск,3680.0,2511.0,680.0,stat_gov_kz_real_group
2010,Акмолинская область,Зерновые и бобовые (группа),г.а. Степногорск,3707.0,33.0,60.0,stat_gov_kz_real_group
2011,Акмолинская область,Зерновые и бобовые (группа),г.а. Степногорск,2972.0,1500.1000000000001,500.0,stat_gov_kz_real_group
2012,Акмолинская область,Зерновые и бобовые (группа),г.а. Степногорск,2050.0,815.7,400.0,stat_gov_kz_real_group
2013,Акмолинская область,Зерновые и бобовые (группа),г.а. Степногорск,1470.0,1554.8000000000002,1060.0,stat_gov_kz_real_group
2014,Акмолинская область,Зерновые и бобовые (группа),г.а. Степногорск,4898.01,219.0,229.99999999999997,stat_gov_kz_real_group
2015,Акмолинская область,Зерновые и бобовые (группа),г.а. Степногорск,3250.0,1318.0,405.53999999999996,stat_gov_kz_real_group
2016,Акмолинская область,Зерновые и бобовые (группа),г.а. Степногорск,2680.0,1403.0,523.51,stat_gov_kz_real_group
2017,Акмолинская область,Зерновые и бобовые (группа),г.а. Степногорск,2970.0,1466.0,493.6,stat_gov_kz_real_group
2018,Акмолинская область,Зерновые и бобовые (группа),г.а. Степногорск,4200.0,4388.07,1040.0,stat_gov_kz_real_group
2019,Акмолинская область,Зерновые и бобовые (группа),г.а. Степногорск,2850.0,2265.8,800.0,stat_gov_kz_real_group
2020,Акмолинская область,Зерновые и бобовые (группа),г.а. Степногорск,3546.2,3142.8,950.0,stat_gov_kz_real_group
2021,Акмолинская область,Зерновые и бобовые (группа),г.а. Степногорск,13961.0,13620.2,979.1,stat_gov_kz_real_group
2022,Акмолинская область,Зерновые и бобовые (группа),г.а. Степногорск,15360.0,13307.1,868.38,stat_gov_kz_real_group
2023,Акмолинская область,Зерновые и бобовые (группа),г.а. Степногорск,16329.0,1566.9,290.0,stat_gov_kz_real_group
2024,Акмолинская область,Зерновые и бобовые (группа),г.а. Степногорск,7379.0,10999.800000000001,1490.0,stat_gov_kz_real_group
2025,Акмолинская область,Зерновые и бобовые (группа),г.а. Степногорск,7268.0,13378.88,1839.9999999999998,stat_gov_kz_real_group
2013,Акмолинская область,Масличные (группа),г.а. Степногорск,700.0,76.0,108.57000000000001,stat_gov_kz_real_group
2014,Акмолинская область,Масличные (группа),г.а. Степногорск,1100.0,,,stat_gov_kz_real_group
2015,Акмолинская область,Масличные (группа),г.а. Степногорск,1670.0,668.6,400.35999999999996,stat_gov_kz_real_group
2016,Акмолинская область,Масличные (группа),г.а. Степногорск,2000.0,402.40000000000003,201.2,stat_gov_kz_real_group
2017,Акмолинская область,Масличные (группа),г.а. Степногорск,2400.0,1964.0,818.3299999999999,stat_gov_kz_real_group
2018,Акмолинская область,Масличные (группа),г.а. Степногорск,1200.0,812.0,680.0,stat_gov_kz_real_group
2019,Акмолинская область,Масличные (группа),г.а. Степногорск,500.0,460.0,919.9999999999999,stat_gov_kz_real_group
2020,Акмолинская область,Масличные (группа),г.а. Степногорск,533.0,271.0,509.99999999999994,stat_gov_kz_real_group
2021,Акмолинская область,Масличные (группа),г.а. Степногорск,1000.0,200.0,400.0,stat_gov_kz_real_group
2022,Акмолинская область,Масличные (группа),г.а. Степногорск,1009.0,674.8000000000001,670.0,stat_gov_kz_real_group
2023,Акмолинская область,Масличные (группа),г.а. Степногорск,4.0,,,stat_gov_kz_real_group
2024,Акмолинская область,Масличные (группа),г.а. Степногорск,1.0,1.0,1000.0,stat_gov_kz_real_group
2025,Акмолинская область,Масличные (группа),г.а. Степногорск,2350.0,2319.43,990.0,stat_gov_kz_real_group
2013,Акмолинская область,Подсолнечник,г.а. Степногорск,,76.0,110.00000000000001,stat_gov_kz_real
2015,Акмолинская область,Подсолнечник,г.а. Степногорск,,668.6,400.35999999999996,stat_gov_kz_real
2016,Акмолинская область,Подсолнечник,г.а. Степногорск,,257.40000000000003,260.0,stat_gov_kz_real
2017,Акмолинская область,Подсолнечник,г.а. Степногорск,,1064.0,760.0,stat_gov_kz_real
2018,Акмолинская область,Подсолнечник,г.а. Степногорск,,432.0,620.0,stat_gov_kz_real
2024,Акмолинская область,Подсолнечник,г.а. Степногорск,,1.0,1000.0,stat_gov_kz_real
2025,Акмолинская область,Подсолнечник,г.а. Степногорск,,700.0,1000.0,stat_gov_kz_real
1994,Акмолинская область,Пшеница,г.а. Степногорск,,200.0,,stat_gov_kz_real
1995,Акмолинская область,Пшеница,г.а. Степногорск,,500.0,,stat_gov_kz_real
1996,Акмолинская область,Пшеница,г.а. Степногорск,,3600.0,,stat_gov_kz_real
1997,Акмолинская область,Пшеница,г.а. Степногорск,,500.0,220.00000000000003,stat_gov_kz_real
1998,Акмолинская область,Пшеница,г.а. Степногорск,,,90.0,stat_gov_kz_real
2000,Акмолинская область,Пшеница,г.а. Степногорск,0.1,100.0,1160.0,stat_gov_kz_real
2001,Акмолинская область,Пшеница,г.а. Степногорск,2.4,180.0,819.9999999999999,stat_gov_kz_real
2002,Акмолинская область,Пшеница,г.а. Степногорск,5.8,5300.0,910.0,stat_gov_kz_real
2003,Акмолинская область,Пшеница,г.а. Степногорск,4.0,700.0,180.0,stat_gov_kz_real
2004,Акмолинская область,Пшеница,г.а. Степногорск,4355.0,1261.3000000000002,300.0,stat_gov_kz_real
2005,Акмолинская область,Пшеница,г.а. Степногорск,1595.0,232.45000000000002,170.0,stat_gov_kz_real
2006,Акмолинская область,Пшеница,г.а. Степногорск,742.0,365.90000000000003,490.00000000000006,stat_gov_kz_real
2007,Акмолинская область,Пшеница,г.а. Степногорск,650.0,593.2,910.0,stat_gov_kz_real
2008,Акмолинская область,Пшеница,г.а. Степногорск,1460.0,,,stat_gov_kz_real
2009,Акмолинская область,Пшеница,г.а. Степногорск,2400.0,1496.0,620.0,stat_gov_kz_real
2010,Акмолинская область,Пшеница,г.а. Степногорск,2750.0,20.0,70.0,stat_gov_kz_real
2011,Акмолинская область,Пшеница,г.а. Степногорск,1570.0,811.8000000000001,520.0,stat_gov_kz_real
2012,Акмолинская область,Пшеница,г.а. Степногорск,1300.0,528.8000000000001,409.99999999999994,stat_gov_kz_real
2013,Акмолинская область,Пшеница,г.а. Степногорск,515.0,529.3000000000001,1030.0,stat_gov_kz_real
2014,Акмолинская область,Пшеница,г.а. Степногорск,2238.0,205.0,229.99999999999997,stat_gov_kz_real
2015,Акмолинская область,Пшеница,г.а. Степногорск,1600.0,677.0,420.0,stat_gov_kz_real
2016,Акмолинская область,Пшеница,г.а. Степногорск,800.0,413.0,520.0,stat_gov_kz_real
2017,Акмолинская область,Пшеница,г.а. Степногорск,400.0,202.0,509.99999999999994,stat_gov_kz_real
2018,Акмолинская область,Пшеница,г.а. Степногорск,800.0,508.46000000000004,640.0,stat_gov_kz_real
2019,Акмолинская область,Пшеница,г.а. Степногорск,850.0,466.0,550.0,stat_gov_kz_real
2020,Акмолинская область,Пшеница,г.а. Степногорск,1068.0,906.4000000000001,960.0,stat_gov_kz_real
2021,Акмолинская область,Пшеница,г.а. Степногорск,11608.0,11749.800000000001,1012.2199999999999,stat_gov_kz_real
2022,Акмолинская область,Пшеница,г.а. Степногорск,12890.0,11652.300000000001,903.98,stat_gov_kz_real
2023,Акмолинская область,Пшеница,г.а. Степногорск,14474.0,1018.4000000000001,240.0,stat_gov_kz_real
2024,Акмолинская область,Пшеница,г.а. Степногорск,5709.0,8097.3,1420.0,stat_gov_kz_real
2025,Акмолинская область,Пшеница,г.а. Степногорск,5203.0,9533.460000000001,1830.0,stat_gov_kz_real
2022,Акмолинская область,Зерновые и бобовые (группа),г.а.Косшы,81.0,,,stat_gov_kz_real_group
2023,Акмолинская область,Зерновые и бобовые (группа),г.а.Косшы,69.0,,,stat_gov_kz_real_group
2024,Акмолинская область,Зерновые и бобовые (группа),г.а.Косшы,43.0,,,stat_gov_kz_real_group
2025,Акмолинская область,Зерновые и бобовые (группа),г.а.Косшы,53.0,,,stat_gov_kz_real_group
2021,Костанайская область,Кукуруза,Алтынсаринский,2008.0,2929.0,1460.0,stat_gov_kz_real
2022,Костанайская область,Кукуруза,Алтынсаринский,1733.0,3213.8,1850.0,stat_gov_kz_real
2023,Костанайская область,Кукуруза,Алтынсаринский,803.0,1000.0,1200.0,stat_gov_kz_real
2024,Костанайская область,Кукуруза,Алтынсаринский,355.0,1165.1000000000001,3279.9999999999995,stat_gov_kz_real
1991,Костанайская область,Подсолнечник,Алтынсаринский,500.0,80.0,170.0,stat_gov_kz_real
1992,Костанайская область,Подсолнечник,Алтынсаринский,700.0,130.0,180.0,stat_gov_kz_real
1993,Костанайская область,Подсолнечник,Алтынсаринский,100.0,10.0,30.0,stat_gov_kz_real
1994,Костанайская область,Подсолнечник,Алтынсаринский,200.0,30.0,200.0,stat_gov_kz_real
1995,Костанайская область,Подсолнечник,Алтынсаринский,100.0,0.0,,stat_gov_kz_real
1997,Костанайская область,Подсолнечник,Алтынсаринский,100.0,,-50.0,stat_gov_kz_real
1999,Костанайская область,Подсолнечник,Алтынсаринский,,,1000.0,stat_gov_kz_real
2000,Костанайская область,Подсолнечник,Алтынсаринский,100.0,10.0,60.0,stat_gov_kz_real
2001,Костанайская область,Подсолнечник,Алтынсаринский,,,1400.0,stat_gov_kz_real
2002,Костанайская область,Подсолнечник,Алтынсаринский,,,1200.0,stat_gov_kz_real
2006,Костанайская область,Подсолнечник,Алтынсаринский,400.0,,,stat_gov_kz_real
2009,Костанайская область,Подсолнечник,Алтынсаринский,200.0,60.0,300.0,stat_gov_kz_real
2010,Костанайская область,Подсолнечник,Алтынсаринский,700.0,90.0,130.0,stat_gov_kz_real
2011,Костанайская область,Подсолнечник,Алтынсаринский,600.0,390.0,685.96,stat_gov_kz_real
2013,Костанайская область,Подсолнечник,Алтынсаринский,2300.0,1090.0,479.65,stat_gov_kz_real
2014,Костанайская область,Подсолнечник,Алтынсаринский,3800.0,1170.0,310.0,stat_gov_kz_real
2015,Костанайская область,Подсолнечник,Алтынсаринский,3000.0,1940.0,643.99,stat_gov_kz_real
2016,Костанайская область,Подсолнечник,Алтынсаринский,173.0,275.99999999999994,1595.3799999999999,stat_gov_kz_real
2017,Костанайская область,Подсолнечник,Алтынсаринский,1200.0,329.99999999999994,260.0,stat_gov_kz_real
2018,Костанайская область,Подсолнечник,Алтынсаринский,500.0,310.0,660.65,stat_gov_kz_real
2019,Костанайская область,Подсолнечник,Алтынсаринский,500.0,100.0,191.94,stat_gov_kz_real
2020,Костанайская область,Подсолнечник,Алтынсаринский,1200.0,1869.9999999999998,1500.0,stat_gov_kz_real
2021,Костанайская область,Подсолнечник,Алтынсаринский,6000.0,3900.0,650.0,stat_gov_kz_real
2022,Костанайская область,Подсолнечник,Алтынсаринский,10000.0,15600.0,1570.0,stat_gov_kz_real
2023,Костанайская область,Подсолнечник,Алтынсаринский,7696.0,7234.900000000001,1120.0,stat_gov_kz_real
2024,Костанайская область,Подсолнечник,Алтынсаринский,7775.7,9200.0,1180.0,stat_gov_kz_real
2025,Костанайская область,Подсолнечник,Алтынсаринский,19436.0,22427.500000000004,1150.0,stat_gov_kz_real
1990,Костанайская область,Пшеница,Алтынсаринский,147100.0,189320.0,1290.0,stat_gov_kz_real
1991,Костанайская область,Пшеница,Алтынсаринский,139000.0,54160.00000000001,390.0,stat_gov_kz_real
1992,Костанайская область,Пшеница,Алтынсаринский,131400.0,174000.0,1320.0,stat_gov_kz_real
1993,Костанайская область,Пшеница,Алтынсаринский,129000.0,91440.0,710.0,stat_gov_kz_real
1994,Костанайская область,Пшеница,Алтынсаринский,122300.0,122270.00000000001,1000.0,stat_gov_kz_real
1995,Костанайская область,Пшеница,Алтынсаринский,125500.0,46269.99999999999,370.0,stat_gov_kz_real
1996,Костанайская область,Пшеница,Алтынсаринский,109800.0,88390.0,800.0,stat_gov_kz_real
1997,Костанайская область,Пшеница,Алтынсаринский,106500.0,105890.00000000001,990.0,stat_gov_kz_real
1998,Костанайская область,Пшеница,Алтынсаринский,115100.0,33489.99999999999,380.0,stat_gov_kz_real
1999,Костанайская область,Пшеница,Алтынсаринский,90900.0,144060.0,1580.0,stat_gov_kz_real
2000,Костанайская область,Пшеница,Алтынсаринский,126900.0,124000.0,960.0,stat_gov_kz_real
2001,Костанайская область,Пшеница,Алтынсаринский,135000.0,152810.0,1130.0,stat_gov_kz_real
2002,Костанайская область,Пшеница,Алтынсаринский,146800.0,168560.0,1150.0,stat_gov_kz_real
2003,Костанайская область,Пшеница,Алтынсаринский,148800.0,168100.0,1130.0,stat_gov_kz_real
2004,Костанайская область,Пшеница,Алтынсаринский,151100.0,121570.00000000001,800.0,stat_gov_kz_real
2005,Костанайская область,Пшеница,Алтынсаринский,157600.0,161040.00000000003,1019.9999999999999,stat_gov_kz_real
2006,Костанайская область,Пшеница,Алтынсаринский,143900.0,229519.99999999997,1600.0,stat_gov_kz_real
2007,Костанайская область,Пшеница,Алтынсаринский,169900.0,284940.0,1680.0,stat_gov_kz_real
2008,Костанайская область,Пшеница,Алтынсаринский,175100.0,225590.0,1290.0,stat_gov_kz_real
2009,Костанайская область,Пшеница,Алтынсаринский,200200.0,258700.0,1290.0,stat_gov_kz_real
2010,Костанайская область,Пшеница,Алтынсаринский,187400.0,122590.0,660.0,stat_gov_kz_real
2011,Костанайская область,Пшеница,Алтынсаринский,198300.0,378900.0,1910.0000000000002,stat_gov_kz_real
2012,Костанайская область,Пшеница,Алтынсаринский,193500.0,105380.0,550.0,stat_gov_kz_real
2013,Костанайская область,Пшеница,Алтынсаринский,205400.0,183090.0,891.36,stat_gov_kz_real
2014,Костанайская область,Пшеница,Алтынсаринский,202900.0,223320.0,1112.52,stat_gov_kz_real
2015,Костанайская область,Пшеница,Алтынсаринский,185600.0,242709.99999999997,1307.6100000000001,stat_gov_kz_real
2016,Костанайская область,Пшеница,Алтынсаринский,189222.0,194627.58000000002,1028.57,stat_gov_kz_real
2017,Костанайская область,Пшеница,Алтынсаринский,177800.0,233719.99999999997,1310.0,stat_gov_kz_real
2018,Костанайская область,Пшеница,Алтынсаринский,142100.0,176530.0,1242.21,stat_gov_kz_real
2019,Костанайская область,Пшеница,Алтынсаринский,125600.0,93380.0,743.74,stat_gov_kz_real
2020,Костанайская область,Пшеница,Алтынсаринский,126400.0,131270.0,1040.0,stat_gov_kz_real
2021,Костанайская область,Пшеница,Алтынсаринский,140400.0,124840.0,890.0,stat_gov_kz_real
2022,Костанайская область,Пшеница,Алтынсаринский,141800.0,267770.0,1889.9999999999998,stat_gov_kz_real
2023,Костанайская область,Пшеница,Алтынсаринский,137947.5,153344.2,1160.0,stat_gov_kz_real
2024,Костанайская область,Пшеница,Алтынсаринский,127183.0,164903.5,1330.0,stat_gov_kz_real
2025,Костанайская область,Пшеница,Алтынсаринский,116671.2,188860.77,1620.0,stat_gov_kz_real
1990,Костанайская область,Ячмень,Алтынсаринский,33000.0,53370.0,1620.0,stat_gov_kz_real
1991,Костанайская область,Ячмень,Алтынсаринский,36000.0,11830.0,330.0,stat_gov_kz_real
1992,Костанайская область,Ячмень,Алтынсаринский,33700.0,54600.0,1620.0,stat_gov_kz_real
1993,Костанайская область,Ячмень,Алтынсаринский,41100.0,49850.0,1210.0,stat_gov_kz_real
1994,Костанайская область,Ячмень,Алтынсаринский,35400.0,42470.0,1200.0,stat_gov_kz_real
1995,Костанайская область,Ячмень,Алтынсаринский,30900.0,7240.0,229.99999999999997,stat_gov_kz_real
1996,Костанайская область,Ячмень,Алтынсаринский,24700.0,25980.0,1050.0,stat_gov_kz_real
1997,Костанайская область,Ячмень,Алтынсаринский,25800.0,21080.0,819.9999999999999,stat_gov_kz_real
1998,Костанайская область,Ячмень,Алтынсаринский,17100.0,3540.0,270.0,stat_gov_kz_real
1999,Костанайская область,Ячмень,Алтынсаринский,6200.0,8840.0,1440.0,stat_gov_kz_real
2000,Костанайская область,Ячмень,Алтынсаринский,13400.0,8109.999999999999,630.0,stat_gov_kz_real
2001,Костанайская область,Ячмень,Алтынсаринский,3800.0,2400.0,620.0,stat_gov_kz_real
2002,Костанайская область,Ячмень,Алтынсаринский,3000.0,2040.0,680.0,stat_gov_kz_real
2003,Костанайская область,Ячмень,Алтынсаринский,1800.0,2410.0,1340.0,stat_gov_kz_real
2004,Костанайская область,Ячмень,Алтынсаринский,1600.0,1369.9999999999998,880.0000000000001,stat_gov_kz_real
2005,Костанайская область,Ячмень,Алтынсаринский,1400.0,1819.9999999999998,1250.0,stat_gov_kz_real
2006,Костанайская область,Ячмень,Алтынсаринский,3000.0,5160.0,1700.0,stat_gov_kz_real
2007,Костанайская область,Ячмень,Алтынсаринский,2000.0,3400.0,1670.0,stat_gov_kz_real
2008,Костанайская область,Ячмень,Алтынсаринский,3600.0,3851.5,1080.0,stat_gov_kz_real
2009,Костанайская область,Ячмень,Алтынсаринский,1900.0,2509.6,1310.0,stat_gov_kz_real
2010,Костанайская область,Ячмень,Алтынсаринский,2000.0,1398.8,710.0,stat_gov_kz_real
2011,Костанайская область,Ячмень,Алтынсаринский,3200.0,7207.5,2260.0,stat_gov_kz_real
2012,Костанайская область,Ячмень,Алтынсаринский,6578.0,3856.0,624.15,stat_gov_kz_real
2013,Костанайская область,Ячмень,Алтынсаринский,6417.0,8626.150000000001,1344.27,stat_gov_kz_real
2014,Костанайская область,Ячмень,Алтынсаринский,5180.0,8218.0,1586.49,stat_gov_kz_real
2015,Костанайская область,Ячмень,Алтынсаринский,9665.0,13963.0,1444.6999999999998,stat_gov_kz_real
2016,Костанайская область,Ячмень,Алтынсаринский,7327.0,10439.3,1424.77,stat_gov_kz_real
2017,Костанайская область,Ячмень,Алтынсаринский,9600.0,17145.15,1789.31,stat_gov_kz_real
2018,Костанайская область,Ячмень,Алтынсаринский,11924.0,15571.1,1305.8600000000001,stat_gov_kz_real
2019,Костанайская область,Ячмень,Алтынсаринский,23575.3,12323.85,527.22,stat_gov_kz_real
2020,Костанайская область,Ячмень,Алтынсаринский,16340.499999999998,14269.5,873.26,stat_gov_kz_real
2021,Костанайская область,Ячмень,Алтынсаринский,9491.0,4251.599999999999,450.0,stat_gov_kz_real
2022,Костанайская область,Ячмень,Алтынсаринский,9835.0,20892.600000000002,2120.0,stat_gov_kz_real
2023,Костанайская область,Ячмень,Алтынсаринский,18436.9,22174.5,1290.0,stat_gov_kz_real
2024,Костанайская область,Ячмень,Алтынсаринский,21696.0,28294.140000000003,1310.0,stat_gov_kz_real
2025,Костанайская область,Ячмень,Алтынсаринский,17400.0,18515.629999999997,1750.0,stat_gov_kz_real
1991,Костанайская область,Подсолнечник,Амангельдинский,300.0,20.0,70.0,stat_gov_kz_real
1995,Костанайская область,Подсолнечник,Амангельдинский,,0.0,,stat_gov_kz_real
1996,Костанайская область,Подсолнечник,Амангельдинский,700.0,10.0,20.0,stat_gov_kz_real
1999,Костанайская область,Подсолнечник,Амангельдинский,,,400.0,stat_gov_kz_real
2000,Костанайская область,Подсолнечник,Амангельдинский,200.0,,,stat_gov_kz_real
2011,Костанайская область,Подсолнечник,Амангельдинский,600.0,100.0,164.3,stat_gov_kz_real
2012,Костанайская область,Подсолнечник,Амангельдинский,800.0,40.0,44.84,stat_gov_kz_real
2013,Костанайская область,Подсолнечник,Амангельдинский,2900.0,430.0,149.24,stat_gov_kz_real
2014,Костанайская область,Подсолнечник,Амангельдинский,3300.0,440.00000000000006,140.0,stat_gov_kz_real
2015,Костанайская область,Подсолнечник,Амангельдинский,1700.0,260.0,154.12,stat_gov_kz_real
2017,Костанайская область,Подсолнечник,Амангельдинский,1000.0,,,stat_gov_kz_real
2018,Костанайская область,Подсолнечник,Амангельдинский,800.0,400.0,500.0,stat_gov_kz_real
2019,Костанайская область,Подсолнечник,Амангельдинский,200.0,,,stat_gov_kz_real
2020,Костанайская область,Подсолнечник,Амангельдинский,2900.0,339.99999999999994,120.0,stat_gov_kz_real
1991,Костанайская область,Пшеница,Амангельдинский,159200.0,38870.0,240.0,stat_gov_kz_real
1992,Костанайская область,Пшеница,Амангельдинский,165900.0,194980.0,1170.0,stat_gov_kz_real
1993,Костанайская область,Пшеница,Амангельдинский,159400.0,157180.0,990.0,stat_gov_kz_real
1994,Костанайская область,Пшеница,Амангельдинский,172400.0,45630.0,260.0,stat_gov_kz_real
1995,Костанайская область,Пшеница,Амангельдинский,146500.0,37860.0,260.0,stat_gov_kz_real
1996,Костанайская область,Пшеница,Амангельдинский,136100.0,40110.0,290.0,stat_gov_kz_real
1997,Костанайская область,Пшеница,Амангельдинский,91400.0,16970.0,250.0,stat_gov_kz_real
1998,Костанайская область,Пшеница,Амангельдинский,38500.0,4740.0,180.0,stat_gov_kz_real
1999,Костанайская область,Пшеница,Амангельдинский,26300.0,19280.0,730.0,stat_gov_kz_real
2000,Костанайская область,Пшеница,Амангельдинский,26900.0,15600.0,580.0,stat_gov_kz_real
2001,Костанайская область,Пшеница,Амангельдинский,20200.0,16490.000000000004,819.9999999999999,stat_gov_kz_real
2002,Костанайская область,Пшеница,Амангельдинский,24000.0,19720.0,819.9999999999999,stat_gov_kz_real
2003,Костанайская область,Пшеница,Амангельдинский,24000.0,20530.0,860.0,stat_gov_kz_real
2004,Костанайская область,Пшеница,Амангельдинский,24000.0,18440.0,770.0,stat_gov_kz_real
2005,Костанайская область,Пшеница,Амангельдинский,33500.0,24980.0,750.0,stat_gov_kz_real
2006,Костанайская область,Пшеница,Амангельдинский,44600.0,16080.000000000002,360.0,stat_gov_kz_real
2007,Костанайская область,Пшеница,Амангельдинский,59000.0,53010.00000000001,900.0,stat_gov_kz_real
2008,Костанайская область,Пшеница,Амангельдинский,69500.0,69240.0,1000.0,stat_gov_kz_real
2009,Костанайская область,Пшеница,Амангельдинский,69400.0,57339.99999999999,830.0000000000001,stat_gov_kz_real
2010,Костанайская область,Пшеница,Амангельдинский,74200.0,34089.99999999999,459.99999999999994,stat_gov_kz_real
2011,Костанайская область,Пшеница,Амангельдинский,79000.0,110160.0,1390.0,stat_gov_kz_real
2012,Костанайская область,Пшеница,Амангельдинский,83300.0,22880.000000000004,350.0,stat_gov_kz_real
2013,Костанайская область,Пшеница,Амангельдинский,80000.0,89650.0,1120.59,stat_gov_kz_real
2014,Костанайская область,Пшеница,Амангельдинский,80000.0,75550.0,944.35,stat_gov_kz_real
2015,Костанайская область,Пшеница,Амангельдинский,88500.0,78350.0,885.0300000000001,stat_gov_kz_real
2016,Костанайская область,Пшеница,Амангельдинский,98374.0,80189.15999999999,815.1500000000001,stat_gov_kz_real
2017,Костанайская область,Пшеница,Амангельдинский,112300.0,81510.0,730.0,stat_gov_kz_real
2018,Костанайская область,Пшеница,Амангельдинский,120000.0,80010.0,665.8299999999999,stat_gov_kz_real
2019,Костанайская область,Пшеница,Амангельдинский,126900.0,88060.0,694.06,stat_gov_kz_real
2020,Костанайская область,Пшеница,Амангельдинский,133000.0,90039.99999999999,680.0,stat_gov_kz_real
2021,Костанайская область,Пшеница,Амангельдинский,142500.0,51520.0,360.0,stat_gov_kz_real
2022,Костанайская область,Пшеница,Амангельдинский,135100.0,135570.0,1000.0,stat_gov_kz_real
2023,Костанайская область,Пшеница,Амангельдинский,155901.9,82897.2,540.0,stat_gov_kz_real
2024,Костанайская область,Пшеница,Амангельдинский,149017.0,143995.4,969.9999999999999,stat_gov_kz_real
2025,Костанайская область,Пшеница,Амангельдинский,152282.9,165727.63,1090.0,stat_gov_kz_real
1990,Костанайская область,Ячмень,Амангельдинский,,0.0,,stat_gov_kz_real
1991,Костанайская область,Ячмень,Амангельдинский,23300.0,4170.0,,stat_gov_kz_real
1992,Костанайская область,Ячмень,Амангельдинский,16600.0,20110.0,1340.0,stat_gov_kz_real
1993,Костанайская область,Ячмень,Амангельдинский,24000.0,28640.0,1290.0,stat_gov_kz_real
1994,Костанайская область,Ячмень,Амангельдинский,11200.0,1800.0,180.0,stat_gov_kz_real
1995,Костанайская область,Ячмень,Амангельдинский,13200.0,2540.0,220.00000000000003,stat_gov_kz_real
1996,Костанайская область,Ячмень,Амангельдинский,9500.0,2260.0,240.0,stat_gov_kz_real
1997,Костанайская область,Ячмень,Амангельдинский,3400.0,200.0,150.0,stat_gov_kz_real
1998,Костанайская область,Ячмень,Амангельдинский,500.0,50.0,90.0,stat_gov_kz_real
1999,Костанайская область,Ячмень,Амангельдинский,100.0,150.0,1010.0,stat_gov_kz_real
2000,Костанайская область,Ячмень,Амангельдинский,1000.0,110.0,350.0,stat_gov_kz_real
2001,Костанайская область,Ячмень,Амангельдинский,600.0,330.0,580.0,stat_gov_kz_real
2002,Костанайская область,Ячмень,Амангельдинский,1000.0,570.0,560.0,stat_gov_kz_real
2003,Костанайская область,Ячмень,Амангельдинский,1000.0,970.0,969.9999999999999,stat_gov_kz_real
2004,Костанайская область,Ячмень,Амангельдинский,1000.0,809.9999999999999,810.0,stat_gov_kz_real
2005,Костанайская область,Ячмень,Амангельдинский,1500.0,1440.0,960.0,stat_gov_kz_real
2006,Костанайская область,Ячмень,Амангельдинский,400.0,120.0,340.0,stat_gov_kz_real
2007,Костанайская область,Ячмень,Амангельдинский,1000.0,1000.0,990.0,stat_gov_kz_real
2008,Костанайская область,Ячмень,Амангельдинский,500.0,601.0,1110.0,stat_gov_kz_real
2009,Костанайская область,Ячмень,Амангельдинский,600.0,624.0,1040.0,stat_gov_kz_real
2010,Костанайская область,Ячмень,Амангельдинский,900.0,404.0,459.99999999999994,stat_gov_kz_real
2011,Костанайская область,Ячмень,Амангельдинский,1000.0,1521.0,1510.0,stat_gov_kz_real
2012,Костанайская область,Ячмень,Амангельдинский,1686.0,318.0,337.94,stat_gov_kz_real
2013,Костанайская область,Ячмень,Амангельдинский,1500.0,1089.2,726.13,stat_gov_kz_real
2014,Костанайская область,Ячмень,Амангельдинский,1500.0,1024.6,683.07,stat_gov_kz_real
2015,Костанайская область,Ячмень,Амангельдинский,1970.0,1674.0,849.75,stat_gov_kz_real
2016,Костанайская область,Ячмень,Амангельдинский,2700.0,2475.8,916.96,stat_gov_kz_real
2017,Костанайская область,Ячмень,Амангельдинский,1500.0,1248.0,815.69,stat_gov_kz_real
2018,Костанайская область,Ячмень,Амангельдинский,4075.9999999999995,4548.5,1115.92,stat_gov_kz_real
2019,Костанайская область,Ячмень,Амангельдинский,3644.0,1461.0,400.92999999999995,stat_gov_kz_real
2020,Костанайская область,Ячмень,Амангельдинский,9696.0,6354.0,655.32,stat_gov_kz_real
2021,Костанайская область,Ячмень,Амангельдинский,5327.0,736.3,140.0,stat_gov_kz_real
2022,Костанайская область,Ячмень,Амангельдинский,5052.0,5132.900000000001,1019.9999999999999,stat_gov_kz_real
2023,Костанайская область,Ячмень,Амангельдинский,8709.0,5035.700000000001,580.0,stat_gov_kz_real
2024,Костанайская область,Ячмень,Амангельдинский,9609.0,18358.3,1910.0000000000002,stat_gov_kz_real
2025,Костанайская область,Ячмень,Амангельдинский,11029.0,6817.5,620.0,stat_gov_kz_real
2016,Костанайская область,Кукуруза,Аркалык г.а.,0.1,0.418,3800.0,stat_gov_kz_real
2017,Костанайская область,Кукуруза,Аркалык г.а.,0.11,0.424,3850.0,stat_gov_kz_real
2018,Костанайская область,Кукуруза,Аркалык г.а.,0.11,0.44,4000.0,stat_gov_kz_real
2019,Костанайская область,Кукуруза,Аркалык г.а.,0.11,0.443,4400.0,stat_gov_kz_real
2020,Костанайская область,Кукуруза,Аркалык г.а.,50.11,0.49,4900.0,stat_gov_kz_real
2021,Костанайская область,Кукуруза,Аркалык г.а.,0.02,0.09000000000000001,4550.0,stat_gov_kz_real
2022,Костанайская область,Кукуруза,Аркалык г.а.,,0.09000000000000001,4600.0,stat_gov_kz_real
2025,Костанайская область,Кукуруза,Аркалык г.а.,256.0,258.5,1010.0,stat_gov_kz_real
1991,Костанайская область,Подсолнечник,Аркалык г.а.,500.0,40.0,80.0,stat_gov_kz_real
1992,Костанайская область,Подсолнечник,Аркалык г.а.,0.0,30.0,1800.0,stat_gov_kz_real
1993,Костанайская область,Подсолнечник,Аркалык г.а.,0.0,30.0,1800.0,stat_gov_kz_real
1994,Костанайская область,Подсолнечник,Аркалык г.а.,0.0,20.0,1210.0,stat_gov_kz_real
1995,Костанайская область,Подсолнечник,Аркалык г.а.,0.0,10.0,780.0,stat_gov_kz_real
1996,Костанайская область,Подсолнечник,Аркалык г.а.,700.0,10.0,20.0,stat_gov_kz_real
1997,Костанайская область,Подсолнечник,Аркалык г.а.,200.0,10.0,40.0,stat_gov_kz_real
1998,Костанайская область,Подсолнечник,Аркалык г.а.,200.0,10.0,50.0,stat_gov_kz_real
1999,Костанайская область,Подсолнечник,Аркалык г.а.,100.0,10.0,110.00000000000001,stat_gov_kz_real
2000,Костанайская область,Подсолнечник,Аркалык г.а.,,,1090.0,stat_gov_kz_real
2001,Костанайская область,Подсолнечник,Аркалык г.а.,,,910.0,stat_gov_kz_real
2002,Костанайская область,Подсолнечник,Аркалык г.а.,,,1000.0,stat_gov_kz_real
2003,Костанайская область,Подсолнечник,Аркалык г.а.,,,1100.0,stat_gov_kz_real
2004,Костанайская область,Подсолнечник,Аркалык г.а.,,,700.0,stat_gov_kz_real
2005,Костанайская область,Подсолнечник,Аркалык г.а.,,,120.0,stat_gov_kz_real
2007,Костанайская область,Подсолнечник,Аркалык г.а.,0.0,10.0,270.0,stat_gov_kz_real
2008,Костанайская область,Подсолнечник,Аркалык г.а.,0.0,10.0,210.0,stat_gov_kz_real
2009,Костанайская область,Подсолнечник,Аркалык г.а.,0.0,0.0,70.0,stat_gov_kz_real
2010,Костанайская область,Подсолнечник,Аркалык г.а.,100.0,,,stat_gov_kz_real
2011,Костанайская область,Подсолнечник,Аркалык г.а.,100.0,20.0,180.0,stat_gov_kz_real
2012,Костанайская область,Подсолнечник,Аркалык г.а.,100.0,,,stat_gov_kz_real
2013,Костанайская область,Подсолнечник,Аркалык г.а.,500.0,100.0,206.70999999999998,stat_gov_kz_real
2014,Костанайская область,Подсолнечник,Аркалык г.а.,100.0,0.0,10.0,stat_gov_kz_real
2015,Костанайская область,Подсолнечник,Аркалык г.а.,200.0,0.0,3.3300000000000005,stat_gov_kz_real
2016,Костанайская область,Подсолнечник,Аркалык г.а.,374.01,26.314999999999998,70.36,stat_gov_kz_real
2017,Костанайская область,Подсолнечник,Аркалык г.а.,1100.0,10.0,20.0,stat_gov_kz_real
2018,Костанайская область,Подсолнечник,Аркалык г.а.,0.0,0.0,1300.0,stat_gov_kz_real
2019,Костанайская область,Подсолнечник,Аркалык г.а.,0.0,0.0,1300.0,stat_gov_kz_real
2020,Костанайская область,Подсолнечник,Аркалык г.а.,0.0,0.0,1400.0,stat_gov_kz_real
2021,Костанайская область,Подсолнечник,Аркалык г.а.,0.0,0.0,1300.0,stat_gov_kz_real
2022,Костанайская область,Подсолнечник,Аркалык г.а.,0.0,0.0,1300.0,stat_gov_kz_real
2025,Костанайская область,Подсолнечник,Аркалык г.а.,1350.0,600.0,520.0,stat_gov_kz_real
1991,Костанайская область,Пшеница,Аркалык г.а.,210200.0,110550.0,530.0,stat_gov_kz_real
1992,Костанайская область,Пшеница,Аркалык г.а.,213800.0,357010.0,1670.0,stat_gov_kz_real
1993,Костанайская область,Пшеница,Аркалык г.а.,213800.0,263010.0,1230.0,stat_gov_kz_real
1994,Костанайская область,Пшеница,Аркалык г.а.,225800.0,124190.00000000001,550.0,stat_gov_kz_real
1995,Костанайская область,Пшеница,Аркалык г.а.,232000.0,89500.0,390.0,stat_gov_kz_real
1996,Костанайская область,Пшеница,Аркалык г.а.,244900.0,137180.0,560.0,stat_gov_kz_real
1997,Костанайская область,Пшеница,Аркалык г.а.,226300.0,63850.0,360.0,stat_gov_kz_real
1998,Костанайская область,Пшеница,Аркалык г.а.,143900.0,37220.0,330.0,stat_gov_kz_real
1999,Костанайская область,Пшеница,Аркалык г.а.,119900.0,131800.0,1100.0,stat_gov_kz_real
2000,Костанайская область,Пшеница,Аркалык г.а.,145100.0,87800.0,740.0,stat_gov_kz_real
2001,Костанайская область,Пшеница,Аркалык г.а.,114800.0,125300.0,1090.0,stat_gov_kz_real
2002,Костанайская область,Пшеница,Аркалык г.а.,134000.0,133690.0,1040.0,stat_gov_kz_real
2003,Костанайская область,Пшеница,Аркалык г.а.,133900.0,161980.0,1210.0,stat_gov_kz_real
2004,Костанайская область,Пшеница,Аркалык г.а.,151600.0,160490.0,1060.0,stat_gov_kz_real
2005,Костанайская область,Пшеница,Аркалык г.а.,215600.0,176380.0,840.0,stat_gov_kz_real
2006,Костанайская область,Пшеница,Аркалык г.а.,220800.0,106210.0,540.0,stat_gov_kz_real
2007,Костанайская область,Пшеница,Аркалык г.а.,232100.0,221660.0,990.0,stat_gov_kz_real
2008,Костанайская область,Пшеница,Аркалык г.а.,218500.0,217869.99999999997,1000.0,stat_gov_kz_real
2009,Костанайская область,Пшеница,Аркалык г.а.,249500.0,206459.99999999997,830.0000000000001,stat_gov_kz_real
2010,Костанайская область,Пшеница,Аркалык г.а.,259800.0,128100.0,509.99999999999994,stat_gov_kz_real
2011,Костанайская область,Пшеница,Аркалык г.а.,245500.0,392969.99999999994,1600.0,stat_gov_kz_real
2012,Костанайская область,Пшеница,Аркалык г.а.,254700.0,64470.0,350.0,stat_gov_kz_real
2013,Костанайская область,Пшеница,Аркалык г.а.,244400.0,270260.0,1110.37,stat_gov_kz_real
2014,Костанайская область,Пшеница,Аркалык г.а.,253500.0,185079.3,742.04,stat_gov_kz_real
2015,Костанайская область,Пшеница,Аркалык г.а.,248800.0,159770.0,650.84,stat_gov_kz_real
2016,Костанайская область,Пшеница,Аркалык г.а.,260107.00000000003,173697.1,667.79,stat_gov_kz_real
2017,Костанайская область,Пшеница,Аркалык г.а.,256300.0,132859.99999999997,530.0,stat_gov_kz_real
2018,Костанайская область,Пшеница,Аркалык г.а.,238200.0,173390.00000000003,735.9300000000001,stat_gov_kz_real
2019,Костанайская область,Пшеница,Аркалык г.а.,224500.0,157750.0,710.13,stat_gov_kz_real
2020,Костанайская область,Пшеница,Аркалык г.а.,225000.0,213119.99999999997,950.0,stat_gov_kz_real
2021,Костанайская область,Пшеница,Аркалык г.а.,253700.0,103220.0,409.99999999999994,stat_gov_kz_real
2022,Костанайская область,Пшеница,Аркалык г.а.,257899.99999999997,220310.0,860.0,stat_gov_kz_real
2023,Костанайская область,Пшеница,Аркалык г.а.,280131.5,113014.3,409.99999999999994,stat_gov_kz_real
2024,Костанайская область,Пшеница,Аркалык г.а.,263460.4,250686.99,950.0,stat_gov_kz_real
2025,Костанайская область,Пшеница,Аркалык г.а.,274629.4,293264.09,1070.0,stat_gov_kz_real
1991,Костанайская область,Ячмень,Аркалык г.а.,18800.0,8770.0,,stat_gov_kz_real
1992,Костанайская область,Ячмень,Аркалык г.а.,19600.0,33830.0,1880.0,stat_gov_kz_real
1993,Костанайская область,Ячмень,Аркалык г.а.,21900.0,42830.0,2130.0,stat_gov_kz_real
1994,Костанайская область,Ячмень,Аркалык г.а.,20700.0,5920.0,440.00000000000006,stat_gov_kz_real
1995,Костанайская область,Ячмень,Аркалык г.а.,17800.0,6210.0,390.0,stat_gov_kz_real
1996,Костанайская область,Ячмень,Аркалык г.а.,11900.0,8600.0,790.0,stat_gov_kz_real
1997,Костанайская область,Ячмень,Аркалык г.а.,11500.0,1720.0,200.0,stat_gov_kz_real
1998,Костанайская область,Ячмень,Аркалык г.а.,8700.0,1570.0,240.0,stat_gov_kz_real
1999,Костанайская область,Ячмень,Аркалык г.а.,4200.0,6470.0,1470.0,stat_gov_kz_real
2000,Костанайская область,Ячмень,Аркалык г.а.,10000.0,3420.0,600.0,stat_gov_kz_real
2001,Костанайская область,Ячмень,Аркалык г.а.,6900.0,7050.0,1010.0,stat_gov_kz_real
2002,Костанайская область,Ячмень,Аркалык г.а.,2900.0,2750.0,1430.0,stat_gov_kz_real
2003,Костанайская область,Ячмень,Аркалык г.а.,3000.0,3780.0,840.0,stat_gov_kz_real
2004,Костанайская область,Ячмень,Аркалык г.а.,3600.0,2360.0000000000005,1000.0,stat_gov_kz_real
2005,Костанайская область,Ячмень,Аркалык г.а.,4700.0,2360.0000000000005,580.0,stat_gov_kz_real
2006,Костанайская область,Ячмень,Аркалык г.а.,7100.0,880.0000000000001,150.0,stat_gov_kz_real
2007,Костанайская область,Ячмень,Аркалык г.а.,5300.0,4000.0,800.0,stat_gov_kz_real
2008,Костанайская область,Ячмень,Аркалык г.а.,6200.0,6854.4,1110.0,stat_gov_kz_real
2009,Костанайская область,Ячмень,Аркалык г.а.,5000.0,4642.8,930.0000000000001,stat_gov_kz_real
2010,Костанайская область,Ячмень,Аркалык г.а.,4100.0,1454.8799999999999,360.0,stat_gov_kz_real
2011,Костанайская область,Ячмень,Аркалык г.а.,5500.0,7117.200000000001,1300.0,stat_gov_kz_real
2012,Костанайская область,Ячмень,Аркалык г.а.,6355.0,1149.7,201.42000000000002,stat_gov_kz_real
2013,Костанайская область,Ячмень,Аркалык г.а.,9809.0,11434.17,1165.68,stat_gov_kz_real
2014,Костанайская область,Ячмень,Аркалык г.а.,7036.0,4625.4,657.39,stat_gov_kz_real
2015,Костанайская область,Ячмень,Аркалык г.а.,9906.0,4879.8,492.61,stat_gov_kz_real
2016,Костанайская область,Ячмень,Аркалык г.а.,10141.0,19492.6,1922.1599999999999,stat_gov_kz_real
2017,Костанайская область,Ячмень,Аркалык г.а.,18700.0,7617.24,462.62,stat_gov_kz_real
2018,Костанайская область,Ячмень,Аркалык г.а.,18275.0,18171.570000000003,997.07,stat_gov_kz_real
2019,Костанайская область,Ячмень,Аркалык г.а.,35357.0,26072.979999999996,740.0,stat_gov_kz_real
2020,Костанайская область,Ячмень,Аркалык г.а.,36062.0,36348.06,1014.8,stat_gov_kz_real
2021,Костанайская область,Ячмень,Аркалык г.а.,27897.0,6035.14,240.0,stat_gov_kz_real
2022,Костанайская область,Ячмень,Аркалык г.а.,16067.0,13397.4,830.0000000000001,stat_gov_kz_real
2023,Костанайская область,Ячмень,Аркалык г.а.,18450.0,7647.760000000001,430.0,stat_gov_kz_real
2024,Костанайская область,Ячмень,Аркалык г.а.,24023.8,28484.32,1190.0,stat_gov_kz_real
2025,Костанайская область,Ячмень,Аркалык г.а.,24204.0,30300.5,1250.0,stat_gov_kz_real
1992,Костанайская область,Подсолнечник,Аулиекольский,1000.0,150.0,150.0,stat_gov_kz_real
1993,Костанайская область,Подсолнечник,Аулиекольский,1000.0,130.0,130.0,stat_gov_kz_real
1994,Костанайская область,Подсолнечник,Аулиекольский,2300.0,329.99999999999994,140.0,stat_gov_kz_real
1995,Костанайская область,Подсолнечник,Аулиекольский,4200.0,470.00000000000006,110.00000000000001,stat_gov_kz_real
1996,Костанайская область,Подсолнечник,Аулиекольский,4600.0,290.0,90.0,stat_gov_kz_real
1997,Костанайская область,Подсолнечник,Аулиекольский,2300.0,220.00000000000003,110.00000000000001,stat_gov_kz_real
1998,Костанайская область,Подсолнечник,Аулиекольский,1400.0,60.0,70.0,stat_gov_kz_real
1999,Костанайская область,Подсолнечник,Аулиекольский,900.0,120.0,140.0,stat_gov_kz_real
2000,Костанайская область,Подсолнечник,Аулиекольский,1300.0,90.0,110.00000000000001,stat_gov_kz_real
2001,Костанайская область,Подсолнечник,Аулиекольский,600.0,80.0,140.0,stat_gov_kz_real
2002,Костанайская область,Подсолнечник,Аулиекольский,600.0,30.0,50.0,stat_gov_kz_real
2003,Костанайская область,Подсолнечник,Аулиекольский,400.0,50.0,130.0,stat_gov_kz_real
2004,Костанайская область,Подсолнечник,Аулиекольский,1000.0,10.0,10.0,stat_gov_kz_real
2011,Костанайская область,Подсолнечник,Аулиекольский,500.0,370.0,738.0,stat_gov_kz_real
2012,Костанайская область,Подсолнечник,Аулиекольский,1000.0,310.0,312.0,stat_gov_kz_real
2013,Костанайская область,Подсолнечник,Аулиекольский,2700.0,2620.0,963.1600000000001,stat_gov_kz_real
2014,Костанайская область,Подсолнечник,Аулиекольский,4500.0,1119.9999999999998,250.0,stat_gov_kz_real
2015,Костанайская область,Подсолнечник,Аулиекольский,3800.0,2170.0,571.84,stat_gov_kz_real
2016,Костанайская область,Подсолнечник,Аулиекольский,1976.0,1014.5,513.41,stat_gov_kz_real
2017,Костанайская область,Подсолнечник,Аулиекольский,1200.0,710.0,610.0,stat_gov_kz_real
2018,Костанайская область,Подсолнечник,Аулиекольский,200.0,80.0,449.73,stat_gov_kz_real
2019,Костанайская область,Подсолнечник,Аулиекольский,100.0,,,stat_gov_kz_real
2021,Костанайская область,Подсолнечник,Аулиекольский,1300.0,410.0,310.0,stat_gov_kz_real
2022,Костанайская область,Подсолнечник,Аулиекольский,2000.0,2100.0,1040.0,stat_gov_kz_real
2023,Костанайская область,Подсолнечник,Аулиекольский,2141.0,959.5,450.0,stat_gov_kz_real
2024,Костанайская область,Подсолнечник,Аулиекольский,675.0,600.0,810.0,stat_gov_kz_real
2025,Костанайская область,Подсолнечник,Аулиекольский,1227.0,715.7,1130.0,stat_gov_kz_real
1990,Костанайская область,Пшеница,Аулиекольский,201300.0,243719.99999999997,1210.0,stat_gov_kz_real
1991,Костанайская область,Пшеница,Аулиекольский,184200.0,62160.00000000001,340.0,stat_gov_kz_real
1992,Костанайская область,Пшеница,Аулиекольский,205100.0,273350.0,1330.0,stat_gov_kz_real
1993,Костанайская область,Пшеница,Аулиекольский,182900.0,109190.00000000001,600.0,stat_gov_kz_real
1994,Костанайская область,Пшеница,Аулиекольский,174300.0,175490.0,1010.0,stat_gov_kz_real
1995,Костанайская область,Пшеница,Аулиекольский,187700.0,57270.0,310.0,stat_gov_kz_real
1996,Костанайская область,Пшеница,Аулиекольский,174500.0,93289.99999999999,530.0,stat_gov_kz_real
1997,Костанайская область,Пшеница,Аулиекольский,163800.0,141340.0,910.0,stat_gov_kz_real
1998,Костанайская область,Пшеница,Аулиекольский,142400.0,39760.00000000001,320.0,stat_gov_kz_real
1999,Костанайская область,Пшеница,Аулиекольский,124000.0,191260.0,1540.0,stat_gov_kz_real
2000,Костанайская область,Пшеница,Аулиекольский,141800.0,110150.0,760.0,stat_gov_kz_real
2001,Костанайская область,Пшеница,Аулиекольский,155900.0,155910.0,1000.0,stat_gov_kz_real
2002,Костанайская область,Пшеница,Аулиекольский,163000.0,162579.99999999997,1000.0,stat_gov_kz_real
2003,Костанайская область,Пшеница,Аулиекольский,132600.0,116100.0,880.0000000000001,stat_gov_kz_real
2004,Костанайская область,Пшеница,Аулиекольский,149500.0,81450.0,540.0,stat_gov_kz_real
2005,Костанайская область,Пшеница,Аулиекольский,150600.0,121059.99999999999,800.0,stat_gov_kz_real
2006,Костанайская область,Пшеница,Аулиекольский,149600.0,133850.0,900.0,stat_gov_kz_real
2007,Костанайская область,Пшеница,Аулиекольский,164300.0,212950.0,1300.0,stat_gov_kz_real
2008,Костанайская область,Пшеница,Аулиекольский,171500.0,183750.0,1070.0,stat_gov_kz_real
2009,Костанайская область,Пшеница,Аулиекольский,198400.0,157490.0,800.0,stat_gov_kz_real
2010,Костанайская область,Пшеница,Аулиекольский,197000.0,91039.99999999999,480.0,stat_gov_kz_real
2011,Костанайская область,Пшеница,Аулиекольский,197000.0,322940.0,1639.9999999999998,stat_gov_kz_real
2012,Костанайская область,Пшеница,Аулиекольский,189200.0,62129.99999999999,350.0,stat_gov_kz_real
2013,Костанайская область,Пшеница,Аулиекольский,199600.0,144109.99999999997,721.77,stat_gov_kz_real
2014,Костанайская область,Пшеница,Аулиекольский,189800.0,168100.0,885.49,stat_gov_kz_real
2015,Костанайская область,Пшеница,Аулиекольский,192000.0,175209.99999999997,912.3799999999999,stat_gov_kz_real
2016,Костанайская область,Пшеница,Аулиекольский,212358.7,198242.16,933.53,stat_gov_kz_real
2017,Костанайская область,Пшеница,Аулиекольский,214400.0,211300.0,990.0,stat_gov_kz_real
2018,Костанайская область,Пшеница,Аулиекольский,196000.0,167750.0,855.85,stat_gov_kz_real
2019,Костанайская область,Пшеница,Аулиекольский,190200.0,53950.0,303.41999999999996,stat_gov_kz_real
2020,Костанайская область,Пшеница,Аулиекольский,195000.0,185680.0,950.0,stat_gov_kz_real
2021,Костанайская область,Пшеница,Аулиекольский,200500.0,83780.0,420.0,stat_gov_kz_real
2022,Костанайская область,Пшеница,Аулиекольский,198600.0,258830.00000000003,1300.0,stat_gov_kz_real
2023,Костанайская область,Пшеница,Аулиекольский,197049.0,152915.8,790.0,stat_gov_kz_real
2024,Костанайская область,Пшеница,Аулиекольский,203472.8,220321.99999999997,1080.0,stat_gov_kz_real
2025,Костанайская область,Пшеница,Аулиекольский,187100.8,259895.89,1390.0,stat_gov_kz_real
1990,Костанайская область,Ячмень,Аулиекольский,42300.0,62150.0,1470.0,stat_gov_kz_real
1991,Костанайская область,Ячмень,Аулиекольский,43400.0,7520.0,170.0,stat_gov_kz_real
1992,Костанайская область,Ячмень,Аулиекольский,21000.0,28040.0,1340.0,stat_gov_kz_real
1993,Костанайская область,Ячмень,Аулиекольский,42100.0,28220.0,670.0,stat_gov_kz_real
1994,Костанайская область,Ячмень,Аулиекольский,26800.0,27550.0,1030.0,stat_gov_kz_real
1995,Костанайская область,Ячмень,Аулиекольский,21600.0,4690.0,220.00000000000003,stat_gov_kz_real
1996,Костанайская область,Ячмень,Аулиекольский,18200.0,12820.0,700.0,stat_gov_kz_real
1997,Костанайская область,Ячмень,Аулиекольский,23000.0,14150.0,660.0,stat_gov_kz_real
1998,Костанайская область,Ячмень,Аулиекольский,8200.0,2180.0,300.0,stat_gov_kz_real
1999,Костанайская область,Ячмень,Аулиекольский,10500.0,12450.0,1460.0,stat_gov_kz_real
2000,Костанайская область,Ячмень,Аулиекольский,8800.0,6790.0,860.0,stat_gov_kz_real
2001,Костанайская область,Ячмень,Аулиекольский,12600.0,11630.0,919.9999999999999,stat_gov_kz_real
2002,Костанайская область,Ячмень,Аулиекольский,11100.0,8910.0,800.0,stat_gov_kz_real
2003,Костанайская область,Ячмень,Аулиекольский,11700.0,10830.0,919.9999999999999,stat_gov_kz_real
2004,Костанайская область,Ячмень,Аулиекольский,13400.0,6779.999999999999,509.99999999999994,stat_gov_kz_real
2005,Костанайская область,Ячмень,Аулиекольский,13600.0,12770.0,940.0,stat_gov_kz_real
2006,Костанайская область,Ячмень,Аулиекольский,16000.0,14069.999999999998,880.0000000000001,stat_gov_kz_real
2007,Костанайская область,Ячмень,Аулиекольский,17000.0,24500.0,1440.0,stat_gov_kz_real
2008,Костанайская область,Ячмень,Аулиекольский,14600.0,16455.100000000002,1130.0,stat_gov_kz_real
2009,Костанайская область,Ячмень,Аулиекольский,11500.0,7705.4,710.0,stat_gov_kz_real
2010,Костанайская область,Ячмень,Аулиекольский,12000.0,3520.6,390.0,stat_gov_kz_real
2011,Костанайская область,Ячмень,Аулиекольский,8300.0,16667.2,2000.0,stat_gov_kz_real
2012,Костанайская область,Ячмень,Аулиекольский,11332.0,4572.0,409.97,stat_gov_kz_real
2013,Костанайская область,Ячмень,Аулиекольский,12576.0,9250.14,735.5400000000001,stat_gov_kz_real
2014,Костанайская область,Ячмень,Аулиекольский,11644.0,9773.300000000001,839.3399999999999,stat_gov_kz_real
2015,Костанайская область,Ячмень,Аулиекольский,6567.0,5243.7,798.49,stat_gov_kz_real
2016,Костанайская область,Ячмень,Аулиекольский,3983.0,4838.5,1214.79,stat_gov_kz_real
2017,Костанайская область,Ячмень,Аулиекольский,11300.0,14584.0,1289.09,stat_gov_kz_real
2018,Костанайская область,Ячмень,Аулиекольский,20597.0,19567.6,950.02,stat_gov_kz_real
2019,Костанайская область,Ячмень,Аулиекольский,23775.0,9156.9,386.91,stat_gov_kz_real
2020,Костанайская область,Ячмень,Аулиекольский,23040.35,19977.8,867.0799999999999,stat_gov_kz_real
2021,Костанайская область,Ячмень,Аулиекольский,19269.25,6180.0,320.0,stat_gov_kz_real
2022,Костанайская область,Ячмень,Аулиекольский,13301.0,17335.28,1320.0,stat_gov_kz_real
2023,Костанайская область,Ячмень,Аулиекольский,18125.0,15537.0,910.0,stat_gov_kz_real
2024,Костанайская область,Ячмень,Аулиекольский,16636.8,19976.600000000002,1200.0,stat_gov_kz_real
2025,Костанайская область,Ячмень,Аулиекольский,16149.0,24649.68,1530.0,stat_gov_kz_real
2010,Костанайская область,Кукуруза,Беимбета Майлина,0.0,1.0,30.0,stat_gov_kz_real
2013,Костанайская область,Кукуруза,Беимбета Майлина,54.0,100.0,1590.0,stat_gov_kz_real
2014,Костанайская область,Кукуруза,Беимбета Майлина,200.0,100.0,380.0,stat_gov_kz_real
2015,Костанайская область,Кукуруза,Беимбета Майлина,1.5,3.3,2200.0,stat_gov_kz_real
2017,Костанайская область,Кукуруза,Беимбета Майлина,0.5,0.25,500.0,stat_gov_kz_real
2018,Костанайская область,Кукуруза,Беимбета Майлина,11.700000000000001,24.5,2090.0,stat_gov_kz_real
2019,Костанайская область,Кукуруза,Беимбета Майлина,1.7,0.7,409.99999999999994,stat_gov_kz_real
2020,Костанайская область,Кукуруза,Беимбета Майлина,1.0,0.5,500.0,stat_gov_kz_real
2021,Костанайская область,Кукуруза,Беимбета Майлина,0.5,0.1,200.0,stat_gov_kz_real
2023,Костанайская область,Кукуруза,Беимбета Майлина,3.0,,,stat_gov_kz_real
2024,Костанайская область,Кукуруза,Беимбета Майлина,2.0,0.0,1250.0,stat_gov_kz_real
1991,Костанайская область,Подсолнечник,Беимбета Майлина,1100.0,80.0,70.0,stat_gov_kz_real
1992,Костанайская область,Подсолнечник,Беимбета Майлина,1900.0,470.00000000000006,250.0,stat_gov_kz_real
1993,Костанайская область,Подсолнечник,Беимбета Майлина,1500.0,180.0,120.0,stat_gov_kz_real
1994,Костанайская область,Подсолнечник,Беимбета Майлина,1000.0,160.0,160.0,stat_gov_kz_real
1995,Костанайская область,Подсолнечник,Беимбета Майлина,200.0,10.0,30.0,stat_gov_kz_real
1996,Костанайская область,Подсолнечник,Беимбета Майлина,200.0,10.0,60.0,stat_gov_kz_real
1997,Костанайская область,Подсолнечник,Беимбета Майлина,400.0,80.0,200.0,stat_gov_kz_real
1998,Костанайская область,Подсолнечник,Беимбета Майлина,100.0,10.0,130.0,stat_gov_kz_real
1999,Костанайская область,Подсолнечник,Беимбета Майлина,300.0,40.0,170.0,stat_gov_kz_real
2000,Костанайская область,Подсолнечник,Беимбета Майлина,300.0,40.0,260.0,stat_gov_kz_real
2001,Костанайская область,Подсолнечник,Беимбета Майлина,200.0,69.99999999999999,320.0,stat_gov_kz_real
2002,Костанайская область,Подсолнечник,Беимбета Майлина,100.0,40.0,310.0,stat_gov_kz_real
2003,Костанайская область,Подсолнечник,Беимбета Майлина,700.0,150.0,190.0,stat_gov_kz_real
2004,Костанайская область,Подсолнечник,Беимбета Майлина,,,710.0,stat_gov_kz_real
2006,Костанайская область,Подсолнечник,Беимбета Майлина,900.0,279.99999999999994,400.0,stat_gov_kz_real
2007,Костанайская область,Подсолнечник,Беимбета Майлина,900.0,730.0,830.0000000000001,stat_gov_kz_real
2008,Костанайская область,Подсолнечник,Беимбета Майлина,900.0,440.00000000000006,520.0,stat_gov_kz_real
2009,Костанайская область,Подсолнечник,Беимбета Майлина,600.0,320.0,500.0,stat_gov_kz_real
2010,Костанайская область,Подсолнечник,Беимбета Майлина,1600.0,510.0,320.0,stat_gov_kz_real
2011,Костанайская область,Подсолнечник,Беимбета Майлина,3700.0,1750.0,476.67,stat_gov_kz_real
2012,Костанайская область,Подсолнечник,Беимбета Майлина,3400.0,1530.0,550.0,stat_gov_kz_real
2013,Костанайская область,Подсолнечник,Беимбета Майлина,8200.0,6020.000000000001,878.54,stat_gov_kz_real
2014,Костанайская область,Подсолнечник,Беимбета Майлина,12200.0,7500.0,670.0,stat_gov_kz_real
2015,Костанайская область,Подсолнечник,Беимбета Майлина,8600.0,6160.0,716.16,stat_gov_kz_real
2016,Костанайская область,Подсолнечник,Беимбета Майлина,5697.0,6923.900000000001,1215.3600000000001,stat_gov_kz_real
2017,Костанайская область,Подсолнечник,Беимбета Майлина,6700.0,8370.000000000002,1260.0,stat_gov_kz_real
2018,Костанайская область,Подсолнечник,Беимбета Майлина,9300.0,8959.999999999998,959.36,stat_gov_kz_real
2019,Костанайская область,Подсолнечник,Беимбета Майлина,7300.0,3739.9999999999995,514.31,stat_gov_kz_real
2020,Костанайская область,Подсолнечник,Беимбета Майлина,6300.0,8559.999999999998,1370.0,stat_gov_kz_real
2021,Костанайская область,Подсолнечник,Беимбета Майлина,10000.0,7830.0,780.0,stat_gov_kz_real
2022,Костанайская область,Подсолнечник,Беимбета Майлина,20600.0,17550.0,850.0,stat_gov_kz_real
2023,Костанайская область,Подсолнечник,Беимбета Майлина,21212.0,22393.42,1220.0,stat_gov_kz_real
2024,Костанайская область,Подсолнечник,Беимбета Майлина,23599.0,38566.97000000001,1650.0,stat_gov_kz_real
2025,Костанайская область,Подсолнечник,Беимбета Майлина,35182.0,47134.990000000005,1380.0,stat_gov_kz_real
1990,Костанайская область,Пшеница,Беимбета Майлина,123200.0,137750.0,1120.0,stat_gov_kz_real
1991,Костанайская область,Пшеница,Беимбета Майлина,114600.0,29150.0,250.0,stat_gov_kz_real
1992,Костанайская область,Пшеница,Беимбета Майлина,109100.0,137310.0,1260.0,stat_gov_kz_real
1993,Костанайская область,Пшеница,Беимбета Майлина,101200.0,66979.99999999999,660.0,stat_gov_kz_real
1994,Костанайская область,Пшеница,Беимбета Майлина,95300.0,101840.0,1070.0,stat_gov_kz_real
1995,Костанайская область,Пшеница,Беимбета Майлина,92000.0,30839.999999999996,340.0,stat_gov_kz_real
1996,Костанайская область,Пшеница,Беимбета Майлина,100900.0,46140.0,459.99999999999994,stat_gov_kz_real
1997,Костанайская область,Пшеница,Беимбета Майлина,93500.0,88880.0,950.0,stat_gov_kz_real
1998,Костанайская область,Пшеница,Беимбета Майлина,98400.0,20390.0,270.0,stat_gov_kz_real
1999,Костанайская область,Пшеница,Беимбета Майлина,93000.0,120740.00000000001,1300.0,stat_gov_kz_real
2000,Костанайская область,Пшеница,Беимбета Майлина,104500.0,93450.0,880.0000000000001,stat_gov_kz_real
2001,Костанайская область,Пшеница,Беимбета Майлина,109000.0,118950.0,1090.0,stat_gov_kz_real
2002,Костанайская область,Пшеница,Беимбета Майлина,110200.0,119340.0,1080.0,stat_gov_kz_real
2003,Костанайская область,Пшеница,Беимбета Майлина,113000.0,131359.99999999997,1160.0,stat_gov_kz_real
2004,Костанайская область,Пшеница,Беимбета Майлина,122300.0,94990.0,780.0,stat_gov_kz_real
2005,Костанайская область,Пшеница,Беимбета Майлина,110300.0,110380.0,1000.0,stat_gov_kz_real
2006,Костанайская область,Пшеница,Беимбета Майлина,114400.0,163030.0,1430.0,stat_gov_kz_real
2007,Костанайская область,Пшеница,Беимбета Майлина,119400.0,168520.0,1420.0,stat_gov_kz_real
2008,Костанайская область,Пшеница,Беимбета Майлина,129100.0,125420.0,980.0000000000001,stat_gov_kz_real
2009,Костанайская область,Пшеница,Беимбета Майлина,135200.0,134200.0,990.0,stat_gov_kz_real
2010,Костанайская область,Пшеница,Беимбета Майлина,129500.0,82100.0,640.0,stat_gov_kz_real
2011,Костанайская область,Пшеница,Беимбета Майлина,126200.0,239560.0,1900.0,stat_gov_kz_real
2012,Костанайская область,Пшеница,Беимбета Майлина,130600.0,64539.99999999999,520.0,stat_gov_kz_real
2013,Костанайская область,Пшеница,Беимбета Майлина,124800.0,77720.0,622.53,stat_gov_kz_real
2014,Костанайская область,Пшеница,Беимбета Майлина,91000.0,79210.00000000001,870.88,stat_gov_kz_real
2015,Костанайская область,Пшеница,Беимбета Майлина,98200.0,109559.99999999999,1130.0,stat_gov_kz_real
2016,Костанайская область,Пшеница,Беимбета Майлина,107475.0,111288.63999999998,1035.48,stat_gov_kz_real
2017,Костанайская область,Пшеница,Беимбета Майлина,106200.0,128930.0,1210.0,stat_gov_kz_real
2018,Костанайская область,Пшеница,Беимбета Майлина,91600.0,101320.00000000001,1105.8600000000001,stat_gov_kz_real
2019,Костанайская область,Пшеница,Беимбета Майлина,90500.0,49800.0,569.96,stat_gov_kz_real
2020,Костанайская область,Пшеница,Беимбета Майлина,104300.0,81510.0,780.0,stat_gov_kz_real
2021,Костанайская область,Пшеница,Беимбета Майлина,110500.0,53710.0,500.0,stat_gov_kz_real
2022,Костанайская область,Пшеница,Беимбета Майлина,109500.0,141220.0,1290.0,stat_gov_kz_real
2023,Костанайская область,Пшеница,Беимбета Майлина,127284.9,154103.23,1380.0,stat_gov_kz_real
2024,Костанайская область,Пшеница,Беимбета Майлина,114245.41,133588.59999999998,1170.0,stat_gov_kz_real
2025,Костанайская область,Пшеница,Беимбета Майлина,101721.95,154280.07,1520.0,stat_gov_kz_real
1990,Костанайская область,Ячмень,Беимбета Майлина,56900.0,72400.0,1270.0,stat_gov_kz_real
1991,Костанайская область,Ячмень,Беимбета Майлина,51300.0,10420.0,200.0,stat_gov_kz_real
1992,Костанайская область,Ячмень,Беимбета Майлина,38400.0,53760.0,1400.0,stat_gov_kz_real
1993,Костанайская область,Ячмень,Беимбета Майлина,74900.0,46330.0,620.0,stat_gov_kz_real
1994,Костанайская область,Ячмень,Беимбета Майлина,55300.0,60770.0,1100.0,stat_gov_kz_real
1995,Костанайская область,Ячмень,Беимбета Майлина,42600.0,9510.0,220.00000000000003,stat_gov_kz_real
1996,Костанайская область,Ячмень,Беимбета Майлина,25200.0,17480.0,690.0,stat_gov_kz_real
1997,Костанайская область,Ячмень,Беимбета Майлина,28000.0,25360.0,900.0,stat_gov_kz_real
1998,Костанайская область,Ячмень,Беимбета Майлина,9300.0,2100.0,320.0,stat_gov_kz_real
1999,Костанайская область,Ячмень,Беимбета Майлина,6600.0,10340.0,1560.0,stat_gov_kz_real
2000,Костанайская область,Ячмень,Беимбета Майлина,8100.0,5380.0,690.0,stat_gov_kz_real
2001,Костанайская область,Ячмень,Беимбета Майлина,9800.0,10570.0,1080.0,stat_gov_kz_real
2002,Костанайская область,Ячмень,Беимбета Майлина,11600.0,12990.0,1120.0,stat_gov_kz_real
2003,Костанайская область,Ячмень,Беимбета Майлина,15000.0,18930.0,1260.0,stat_gov_kz_real
2004,Костанайская область,Ячмень,Беимбета Майлина,12000.0,9840.0,819.9999999999999,stat_gov_kz_real
2005,Костанайская область,Ячмень,Беимбета Майлина,11900.0,9879.999999999998,830.0000000000001,stat_gov_kz_real
2006,Костанайская область,Ячмень,Беимбета Майлина,11600.0,17990.000000000004,1550.0,stat_gov_kz_real
2007,Костанайская область,Ячмень,Беимбета Майлина,11000.0,14800.0,1340.0,stat_gov_kz_real
2008,Костанайская область,Ячмень,Беимбета Майлина,18600.0,15063.1,810.0,stat_gov_kz_real
2009,Костанайская область,Ячмень,Беимбета Майлина,14300.0,13566.5,950.0,stat_gov_kz_real
2010,Костанайская область,Ячмень,Беимбета Майлина,11200.0,6959.3,620.0,stat_gov_kz_real
2011,Костанайская область,Ячмень,Беимбета Майлина,16300.0,31820.090000000004,1950.0,stat_gov_kz_real
2012,Костанайская область,Ячмень,Беимбета Майлина,17438.0,9426.5,576.97,stat_gov_kz_real
2013,Костанайская область,Ячмень,Беимбета Майлина,13292.5,10034.63,775.92,stat_gov_kz_real
2014,Костанайская область,Ячмень,Беимбета Майлина,26931.4,21899.6,909.6999999999999,stat_gov_kz_real
2015,Костанайская область,Ячмень,Беимбета Майлина,16417.7,12700.0,819.9999999999999,stat_gov_kz_real
2016,Костанайская область,Ячмень,Беимбета Майлина,12577.0,19296.9,1534.3,stat_gov_kz_real
2017,Костанайская область,Ячмень,Беимбета Майлина,14500.0,21822.7,1505.01,stat_gov_kz_real
2018,Костанайская область,Ячмень,Беимбета Майлина,21606.5,24860.22,1150.5900000000001,stat_gov_kz_real
2019,Костанайская область,Ячмень,Беимбета Майлина,29206.7,9374.419999999998,369.13,stat_gov_kz_real
2020,Костанайская область,Ячмень,Беимбета Майлина,19215.5,13184.38,686.13,stat_gov_kz_real
2021,Костанайская область,Ячмень,Беимбета Майлина,12967.1,4971.3,520.0,stat_gov_kz_real
2022,Костанайская область,Ячмень,Беимбета Майлина,11167.1,19013.62,1700.0,stat_gov_kz_real
2023,Костанайская область,Ячмень,Беимбета Майлина,20623.2,18950.600000000002,1200.0,stat_gov_kz_real
2024,Костанайская область,Ячмень,Беимбета Майлина,20537.1,26765.43,1350.0,stat_gov_kz_real
2025,Костанайская область,Ячмень,Беимбета Майлина,21200.0,30544.390000000003,1470.0,stat_gov_kz_real
2010,Костанайская область,Кукуруза,Денисовский,400.0,800.0,1939.9999999999998,stat_gov_kz_real
2017,Костанайская область,Кукуруза,Денисовский,50.0,50.0,1000.0,stat_gov_kz_real
1992,Костанайская область,Подсолнечник,Денисовский,1500.0,169.99999999999997,110.00000000000001,stat_gov_kz_real
1993,Костанайская область,Подсолнечник,Денисовский,300.0,50.0,170.0,stat_gov_kz_real
1994,Костанайская область,Подсолнечник,Денисовский,1100.0,120.0,110.00000000000001,stat_gov_kz_real
1995,Костанайская область,Подсолнечник,Денисовский,1300.0,169.99999999999997,130.0,stat_gov_kz_real
1996,Костанайская область,Подсолнечник,Денисовский,2600.0,210.00000000000003,130.0,stat_gov_kz_real
1997,Костанайская область,Подсолнечник,Денисовский,1800.0,160.0,110.00000000000001,stat_gov_kz_real
1998,Костанайская область,Подсолнечник,Денисовский,900.0,30.0,30.0,stat_gov_kz_real
1999,Костанайская область,Подсолнечник,Денисовский,500.0,210.00000000000003,350.0,stat_gov_kz_real
2000,Костанайская область,Подсолнечник,Денисовский,500.0,40.0,90.0,stat_gov_kz_real
2001,Костанайская область,Подсолнечник,Денисовский,100.0,30.0,190.0,stat_gov_kz_real
2002,Костанайская область,Подсолнечник,Денисовский,100.0,30.0,280.0,stat_gov_kz_real
2003,Костанайская область,Подсолнечник,Денисовский,100.0,20.0,409.99999999999994,stat_gov_kz_real
2004,Костанайская область,Подсолнечник,Денисовский,600.0,60.0,100.0,stat_gov_kz_real
2005,Костанайская область,Подсолнечник,Денисовский,100.0,69.99999999999999,500.0,stat_gov_kz_real
2006,Костанайская область,Подсолнечник,Денисовский,500.0,100.0,190.0,stat_gov_kz_real
2007,Костанайская область,Подсолнечник,Денисовский,400.0,240.0,600.0,stat_gov_kz_real
2008,Костанайская область,Подсолнечник,Денисовский,200.0,120.0,550.0,stat_gov_kz_real
2009,Костанайская область,Подсолнечник,Денисовский,300.0,60.0,220.00000000000003,stat_gov_kz_real
2010,Костанайская область,Подсолнечник,Денисовский,800.0,540.0,670.0,stat_gov_kz_real
2011,Костанайская область,Подсолнечник,Денисовский,1900.0,1440.0,757.79,stat_gov_kz_real
2012,Костанайская область,Подсолнечник,Денисовский,3400.0,1030.0,342.84,stat_gov_kz_real
2013,Костанайская область,Подсолнечник,Денисовский,9000.0,6940.0,774.24,stat_gov_kz_real
2014,Костанайская область,Подсолнечник,Денисовский,14600.0,6300.0,430.0,stat_gov_kz_real
2015,Костанайская область,Подсолнечник,Денисовский,12600.0,7120.0,598.39,stat_gov_kz_real
2016,Костанайская область,Подсолнечник,Денисовский,15511.0,12168.5,827.11,stat_gov_kz_real
2017,Костанайская область,Подсолнечник,Денисовский,15400.0,11520.0,750.0,stat_gov_kz_real
2018,Костанайская область,Подсолнечник,Денисовский,13100.0,14700.0,1118.61,stat_gov_kz_real
2019,Костанайская область,Подсолнечник,Денисовский,10900.0,3979.9999999999995,366.19,stat_gov_kz_real
2020,Костанайская область,Подсолнечник,Денисовский,8200.0,8420.0,1030.0,stat_gov_kz_real
2021,Костанайская область,Подсолнечник,Денисовский,19900.0,6510.0,500.0,stat_gov_kz_real
2022,Костанайская область,Подсолнечник,Денисовский,21400.0,14450.0,670.0,stat_gov_kz_real
2023,Костанайская область,Подсолнечник,Денисовский,30459.3,28764.8,1320.0,stat_gov_kz_real
2024,Костанайская область,Подсолнечник,Денисовский,17540.27,28370.100000000002,1620.0,stat_gov_kz_real
2025,Костанайская область,Подсолнечник,Денисовский,50773.2,64801.0,1320.0,stat_gov_kz_real
1990,Костанайская область,Пшеница,Денисовский,218900.0,259760.0,1190.0,stat_gov_kz_real
1991,Костанайская область,Пшеница,Денисовский,210000.0,53279.99999999999,250.0,stat_gov_kz_real
1992,Костанайская область,Пшеница,Денисовский,203800.0,301290.0,1480.0,stat_gov_kz_real
1993,Костанайская область,Пшеница,Денисовский,176700.0,92320.00000000001,520.0,stat_gov_kz_real
1994,Костанайская область,Пшеница,Денисовский,155700.0,152560.0,980.0000000000001,stat_gov_kz_real
1995,Костанайская область,Пшеница,Денисовский,175900.0,81960.00000000001,470.0,stat_gov_kz_real
1996,Костанайская область,Пшеница,Денисовский,156600.0,101450.0,650.0,stat_gov_kz_real
1997,Костанайская область,Пшеница,Денисовский,158600.0,149100.0,950.0,stat_gov_kz_real
1998,Костанайская область,Пшеница,Денисовский,151400.0,44750.0,350.0,stat_gov_kz_real
1999,Костанайская область,Пшеница,Денисовский,142100.0,225230.00000000003,1580.0,stat_gov_kz_real
2000,Костанайская область,Пшеница,Денисовский,170000.0,212769.99999999997,1240.0,stat_gov_kz_real
2001,Костанайская область,Пшеница,Денисовский,181100.0,220080.0,1220.0,stat_gov_kz_real
2002,Костанайская область,Пшеница,Денисовский,199100.0,187910.0,950.0,stat_gov_kz_real
2003,Костанайская область,Пшеница,Денисовский,194000.0,216150.0,1110.0,stat_gov_kz_real
2004,Костанайская область,Пшеница,Денисовский,199700.0,153660.0,810.0,stat_gov_kz_real
2005,Костанайская область,Пшеница,Денисовский,198500.0,218680.0,1120.0,stat_gov_kz_real
2006,Костанайская область,Пшеница,Денисовский,207400.0,355380.0,1710.0000000000002,stat_gov_kz_real
2007,Костанайская область,Пшеница,Денисовский,238100.0,345850.0,1480.0,stat_gov_kz_real
2008,Костанайская область,Пшеница,Денисовский,239800.0,223660.0,940.0,stat_gov_kz_real
2009,Костанайская область,Пшеница,Денисовский,253000.0,231600.0,919.9999999999999,stat_gov_kz_real
2010,Костанайская область,Пшеница,Денисовский,237800.0,167030.0,700.0,stat_gov_kz_real
2011,Костанайская область,Пшеница,Денисовский,249800.0,480360.0,1920.0,stat_gov_kz_real
2012,Костанайская область,Пшеница,Денисовский,231600.0,105910.0,480.0,stat_gov_kz_real
2013,Костанайская область,Пшеница,Денисовский,249700.0,171500.0,690.65,stat_gov_kz_real
2014,Костанайская область,Пшеница,Денисовский,246100.0,187490.0,771.86,stat_gov_kz_real
2015,Костанайская область,Пшеница,Денисовский,241600.0,278300.0,1151.73,stat_gov_kz_real
2016,Костанайская область,Пшеница,Денисовский,252882.0,243785.62000000002,964.03,stat_gov_kz_real
2017,Костанайская область,Пшеница,Денисовский,252100.0,309070.0,1230.0,stat_gov_kz_real
2018,Костанайская область,Пшеница,Денисовский,242600.0,266500.0,1098.6499999999999,stat_gov_kz_real
2019,Костанайская область,Пшеница,Денисовский,219600.0,91860.0,418.98999999999995,stat_gov_kz_real
2020,Костанайская область,Пшеница,Денисовский,233900.0,129459.99999999999,610.0,stat_gov_kz_real
2021,Костанайская область,Пшеница,Денисовский,217400.0,93210.00000000001,459.99999999999994,stat_gov_kz_real
2022,Костанайская область,Пшеница,Денисовский,199800.0,222070.0,1110.0,stat_gov_kz_real
2023,Костанайская область,Пшеница,Денисовский,226134.7,239320.69999999998,1270.0,stat_gov_kz_real
2024,Костанайская область,Пшеница,Денисовский,223244.87,221825.9,1000.0,stat_gov_kz_real
2025,Костанайская область,Пшеница,Денисовский,186547.81,304220.2,1639.9999999999998,stat_gov_kz_real
1990,Костанайская область,Ячмень,Денисовский,50100.0,89480.0,1780.0,stat_gov_kz_real
1991,Костанайская область,Ячмень,Денисовский,49700.0,13280.0,270.0,stat_gov_kz_real
1992,Костанайская область,Ячмень,Денисовский,35400.0,67630.0,1910.0000000000002,stat_gov_kz_real
1993,Костанайская область,Ячмень,Денисовский,73300.0,63790.0,869.9999999999999,stat_gov_kz_real
1994,Костанайская область,Ячмень,Денисовский,71900.0,81260.0,1130.0,stat_gov_kz_real
1995,Костанайская область,Ячмень,Денисовский,50600.0,18610.0,370.0,stat_gov_kz_real
1996,Костанайская область,Ячмень,Денисовский,44300.0,36870.0,830.0000000000001,stat_gov_kz_real
1997,Костанайская область,Ячмень,Денисовский,50300.0,41990.0,840.0,stat_gov_kz_real
1998,Костанайская область,Ячмень,Денисовский,13200.0,5210.0,490.00000000000006,stat_gov_kz_real
1999,Костанайская область,Ячмень,Денисовский,17800.0,19220.0,1080.0,stat_gov_kz_real
2000,Костанайская область,Ячмень,Денисовский,18500.0,11150.0,660.0,stat_gov_kz_real
2001,Костанайская область,Ячмень,Денисовский,13500.0,14860.0,1100.0,stat_gov_kz_real
2002,Костанайская область,Ячмень,Денисовский,12600.0,14020.0,1110.0,stat_gov_kz_real
2003,Костанайская область,Ячмень,Денисовский,16900.0,17230.0,1019.9999999999999,stat_gov_kz_real
2004,Костанайская область,Ячмень,Денисовский,16400.0,9830.0,680.0,stat_gov_kz_real
2005,Костанайская область,Ячмень,Денисовский,16000.0,14300.0,910.0,stat_gov_kz_real
2006,Костанайская область,Ячмень,Денисовский,20000.0,29700.0,1490.0,stat_gov_kz_real
2007,Костанайская область,Ячмень,Денисовский,10700.0,18000.0,1810.0000000000002,stat_gov_kz_real
2008,Костанайская область,Ячмень,Денисовский,13700.0,12990.9,950.0,stat_gov_kz_real
2009,Костанайская область,Ячмень,Денисовский,10800.0,11481.6,1060.0,stat_gov_kz_real
2010,Костанайская область,Ячмень,Денисовский,11800.0,9305.0,790.0,stat_gov_kz_real
2011,Костанайская область,Ячмень,Денисовский,14700.0,28297.0,1920.0,stat_gov_kz_real
2012,Костанайская область,Ячмень,Денисовский,21590.0,8610.0,436.28,stat_gov_kz_real
2013,Костанайская область,Ячмень,Денисовский,19067.0,15232.289999999999,828.9,stat_gov_kz_real
2014,Костанайская область,Ячмень,Денисовский,17110.0,12553.0,746.98,stat_gov_kz_real
2015,Костанайская область,Ячмень,Денисовский,16667.0,16880.0,1018.89,stat_gov_kz_real
2016,Костанайская область,Ячмень,Денисовский,15861.0,18801.0,1185.3600000000001,stat_gov_kz_real
2017,Костанайская область,Ячмень,Денисовский,16200.0,25851.0,1600.2199999999998,stat_gov_kz_real
2018,Костанайская область,Ячмень,Денисовский,18629.7,21865.0,1173.6599999999999,stat_gov_kz_real
2019,Костанайская область,Ячмень,Денисовский,29384.0,9919.3,337.57,stat_gov_kz_real
2020,Костанайская область,Ячмень,Денисовский,30868.4,17834.3,618.68,stat_gov_kz_real
2021,Костанайская область,Ячмень,Денисовский,29239.8,8321.199999999999,380.0,stat_gov_kz_real
2022,Костанайская область,Ячмень,Денисовский,21047.2,23850.100000000002,1130.0,stat_gov_kz_real
2023,Костанайская область,Ячмень,Денисовский,29757.7,36294.9,1430.0,stat_gov_kz_real
2024,Костанайская область,Ячмень,Денисовский,30426.0,37172.1,1220.0,stat_gov_kz_real
2025,Костанайская область,Ячмень,Денисовский,24700.0,33726.6,1380.0,stat_gov_kz_real
1992,Костанайская область,Подсолнечник,Джангельдинский,,0.0,,stat_gov_kz_real
1999,Костанайская область,Подсолнечник,Джангельдинский,,,400.0,stat_gov_kz_real
2009,Костанайская область,Подсолнечник,Джангельдинский,300.0,40.0,140.0,stat_gov_kz_real
2010,Костанайская область,Подсолнечник,Джангельдинский,100.0,20.0,150.0,stat_gov_kz_real
2025,Костанайская область,Подсолнечник,Джангельдинский,5.0,9.4,1880.0,stat_gov_kz_real
1991,Костанайская область,Пшеница,Джангельдинский,54600.0,22970.0,420.0,stat_gov_kz_real
1992,Костанайская область,Пшеница,Джангельдинский,51500.0,56660.00000000001,1100.0,stat_gov_kz_real
1993,Костанайская область,Пшеница,Джангельдинский,51000.0,48450.0,950.0,stat_gov_kz_real
1994,Костанайская область,Пшеница,Джангельдинский,52300.0,31380.000000000004,600.0,stat_gov_kz_real
1995,Костанайская область,Пшеница,Джангельдинский,57300.0,9150.0,160.0,stat_gov_kz_real
1996,Костанайская область,Пшеница,Джангельдинский,52200.0,12969.999999999998,250.0,stat_gov_kz_real
1997,Костанайская область,Пшеница,Джангельдинский,43600.0,22540.0,590.0,stat_gov_kz_real
1998,Костанайская область,Пшеница,Джангельдинский,22600.0,1119.9999999999998,110.00000000000001,stat_gov_kz_real
1999,Костанайская область,Пшеница,Джангельдинский,14300.0,10730.0,750.0,stat_gov_kz_real
2000,Костанайская область,Пшеница,Джангельдинский,13900.0,2580.0,200.0,stat_gov_kz_real
2001,Костанайская область,Пшеница,Джангельдинский,8000.0,5229.999999999999,650.0,stat_gov_kz_real
2002,Костанайская область,Пшеница,Джангельдинский,8200.0,5779.999999999999,700.0,stat_gov_kz_real
2003,Костанайская область,Пшеница,Джангельдинский,8000.0,5800.0,730.0,stat_gov_kz_real
2004,Костанайская область,Пшеница,Джангельдинский,7000.0,4560.000000000001,650.0,stat_gov_kz_real
2005,Костанайская область,Пшеница,Джангельдинский,6200.0,4330.0,700.0,stat_gov_kz_real
2006,Костанайская область,Пшеница,Джангельдинский,7000.0,3250.0,470.0,stat_gov_kz_real
2007,Костанайская область,Пшеница,Джангельдинский,7000.0,4560.000000000001,650.0,stat_gov_kz_real
2008,Костанайская область,Пшеница,Джангельдинский,8000.0,5580.0,700.0,stat_gov_kz_real
2009,Костанайская область,Пшеница,Джангельдинский,10700.0,5330.0,500.0,stat_gov_kz_real
2010,Костанайская область,Пшеница,Джангельдинский,14900.0,5880.0,420.0,stat_gov_kz_real
2011,Костанайская область,Пшеница,Джангельдинский,15000.0,18780.0,1250.0,stat_gov_kz_real
2012,Костанайская область,Пшеница,Джангельдинский,14900.0,4010.0,380.0,stat_gov_kz_real
2013,Костанайская область,Пшеница,Джангельдинский,14500.0,13040.000000000002,898.39,stat_gov_kz_real
2014,Костанайская область,Пшеница,Джангельдинский,16300.0,11040.000000000002,678.28,stat_gov_kz_real
2015,Костанайская область,Пшеница,Джангельдинский,18000.0,13450.0,749.37,stat_gov_kz_real
2016,Костанайская область,Пшеница,Джангельдинский,19580.0,15794.79,806.6800000000001,stat_gov_kz_real
2017,Костанайская область,Пшеница,Джангельдинский,20000.0,16300.0,810.0,stat_gov_kz_real
2018,Костанайская область,Пшеница,Джангельдинский,20900.0,15340.0,734.0,stat_gov_kz_real
2019,Костанайская область,Пшеница,Джангельдинский,19900.0,5090.0,256.34000000000003,stat_gov_kz_real
2020,Костанайская область,Пшеница,Джангельдинский,20800.0,17130.000000000004,830.0000000000001,stat_gov_kz_real
2021,Костанайская область,Пшеница,Джангельдинский,23800.0,6620.0,280.0,stat_gov_kz_real
2022,Костанайская область,Пшеница,Джангельдинский,15300.0,12940.000000000002,850.0,stat_gov_kz_real
2023,Костанайская область,Пшеница,Джангельдинский,27706.4,12215.300000000001,459.99999999999994,stat_gov_kz_real
2024,Костанайская область,Пшеница,Джангельдинский,28389.0,20691.7,770.0,stat_gov_kz_real
2025,Костанайская область,Пшеница,Джангельдинский,26025.4,17296.8,660.0,stat_gov_kz_real
1991,Костанайская область,Ячмень,Джангельдинский,11300.0,3140.0,,stat_gov_kz_real
1992,Костанайская область,Ячмень,Джангельдинский,13700.0,13190.0,969.9999999999999,stat_gov_kz_real
1993,Костанайская область,Ячмень,Джангельдинский,15800.0,15450.0,980.0000000000001,stat_gov_kz_real
1994,Костанайская область,Ячмень,Джангельдинский,14400.0,2740.0,190.0,stat_gov_kz_real
1995,Костанайская область,Ячмень,Джангельдинский,8000.0,550.0,70.0,stat_gov_kz_real
1996,Костанайская область,Ячмень,Джангельдинский,1700.0,130.0,90.0,stat_gov_kz_real
1998,Костанайская область,Ячмень,Джангельдинский,100.0,,,stat_gov_kz_real
2000,Костанайская область,Ячмень,Джангельдинский,400.0,,,stat_gov_kz_real
2004,Костанайская область,Ячмень,Джангельдинский,,20.0,560.0,stat_gov_kz_real
2005,Костанайская область,Ячмень,Джангельдинский,400.0,160.0,509.99999999999994,stat_gov_kz_real
2011,Костанайская область,Ячмень,Джангельдинский,100.0,60.0,1000.0,stat_gov_kz_real
2012,Костанайская область,Ячмень,Джангельдинский,200.0,60.0,300.0,stat_gov_kz_real
2013,Костанайская область,Ячмень,Джангельдинский,200.0,126.30999999999997,631.55,stat_gov_kz_real
2014,Костанайская область,Ячмень,Джангельдинский,440.0,308.0,700.0,stat_gov_kz_real
2015,Костанайская область,Ячмень,Джангельдинский,700.0,427.0,610.0,stat_gov_kz_real
2016,Костанайская область,Ячмень,Джангельдинский,590.0,443.0,750.85,stat_gov_kz_real
2017,Костанайская область,Ячмень,Джангельдинский,700.0,407.0,589.86,stat_gov_kz_real
2018,Костанайская область,Ячмень,Джангельдинский,590.0,274.0,464.40999999999997,stat_gov_kz_real
2019,Костанайская область,Ячмень,Джангельдинский,799.0,129.0,161.45000000000002,stat_gov_kz_real
2020,Костанайская область,Ячмень,Джангельдинский,1269.0,939.2,740.1099999999999,stat_gov_kz_real
2021,Костанайская область,Ячмень,Джангельдинский,1000.0,186.0,190.0,stat_gov_kz_real
2022,Костанайская область,Ячмень,Джангельдинский,300.0,195.0,650.0,stat_gov_kz_real
2023,Костанайская область,Ячмень,Джангельдинский,790.0,275.0,350.0,stat_gov_kz_real
2024,Костанайская область,Ячмень,Джангельдинский,1290.0,1900.0,1470.0,stat_gov_kz_real
2025,Костанайская область,Ячмень,Джангельдинский,3190.0,2509.1299999999997,790.0,stat_gov_kz_real
1991,Костанайская область,Подсолнечник,Житикаринский,700.0,30.0,40.0,stat_gov_kz_real
1992,Костанайская область,Подсолнечник,Житикаринский,2700.0,329.99999999999994,120.0,stat_gov_kz_real
1993,Костанайская область,Подсолнечник,Житикаринский,1600.0,210.00000000000003,130.0,stat_gov_kz_real
1994,Костанайская область,Подсолнечник,Житикаринский,1200.0,180.0,160.0,stat_gov_kz_real
1995,Костанайская область,Подсолнечник,Житикаринский,700.0,10.0,20.0,stat_gov_kz_real
1996,Костанайская область,Подсолнечник,Житикаринский,900.0,110.00000000000001,170.0,stat_gov_kz_real
1997,Костанайская область,Подсолнечник,Житикаринский,500.0,20.0,50.0,stat_gov_kz_real
1998,Костанайская область,Подсолнечник,Житикаринский,200.0,10.0,50.0,stat_gov_kz_real
1999,Костанайская область,Подсолнечник,Житикаринский,200.0,,10.0,stat_gov_kz_real
2000,Костанайская область,Подсолнечник,Житикаринский,200.0,,10.0,stat_gov_kz_real
2001,Костанайская область,Подсолнечник,Житикаринский,,,1000.0,stat_gov_kz_real
2002,Костанайская область,Подсолнечник,Житикаринский,,,860.0,stat_gov_kz_real
2010,Костанайская область,Подсолнечник,Житикаринский,400.0,40.0,100.0,stat_gov_kz_real
2011,Костанайская область,Подсолнечник,Житикаринский,200.0,60.0,371.88,stat_gov_kz_real
2013,Костанайская область,Подсолнечник,Житикаринский,800.0,50.0,57.49999999999999,stat_gov_kz_real
2015,Костанайская область,Подсолнечник,Житикаринский,1900.0,300.0,160.06,stat_gov_kz_real
2017,Костанайская область,Подсолнечник,Житикаринский,600.0,120.0,229.99999999999997,stat_gov_kz_real
2019,Костанайская область,Подсолнечник,Житикаринский,400.0,40.0,100.0,stat_gov_kz_real
2020,Костанайская область,Подсолнечник,Житикаринский,2400.0,3300.0,1350.0,stat_gov_kz_real
2021,Костанайская область,Подсолнечник,Житикаринский,2400.0,300.0,150.0,stat_gov_kz_real
2022,Костанайская область,Подсолнечник,Житикаринский,700.0,720.0,980.0000000000001,stat_gov_kz_real
2023,Костанайская область,Подсолнечник,Житикаринский,200.0,65.0,330.0,stat_gov_kz_real
2024,Костанайская область,Подсолнечник,Житикаринский,2251.0,4311.9800000000005,1920.0,stat_gov_kz_real
2025,Костанайская область,Подсолнечник,Житикаринский,10652.0,14678.0,1380.0,stat_gov_kz_real
1990,Костанайская область,Пшеница,Житикаринский,197700.0,190030.0,960.0,stat_gov_kz_real
1991,Костанайская область,Пшеница,Житикаринский,186600.0,42550.0,229.99999999999997,stat_gov_kz_real
1992,Костанайская область,Пшеница,Житикаринский,184600.0,286090.00000000006,1550.0,stat_gov_kz_real
1993,Костанайская область,Пшеница,Житикаринский,163600.0,64580.0,390.0,stat_gov_kz_real
1994,Костанайская область,Пшеница,Житикаринский,119300.0,122490.00000000001,1030.0,stat_gov_kz_real
1995,Костанайская область,Пшеница,Житикаринский,147500.0,52100.0,350.0,stat_gov_kz_real
1996,Костанайская область,Пшеница,Житикаринский,151800.0,83280.0,550.0,stat_gov_kz_real
1997,Костанайская область,Пшеница,Житикаринский,119800.0,104370.0,869.9999999999999,stat_gov_kz_real
1998,Костанайская область,Пшеница,Житикаринский,141100.0,38860.0,290.0,stat_gov_kz_real
1999,Костанайская область,Пшеница,Житикаринский,113800.0,146320.0,1290.0,stat_gov_kz_real
2000,Костанайская область,Пшеница,Житикаринский,122100.0,114840.0,910.0,stat_gov_kz_real
2001,Костанайская область,Пшеница,Житикаринский,129900.0,117670.0,910.0,stat_gov_kz_real
2002,Костанайская область,Пшеница,Житикаринский,126900.0,106460.0,840.0,stat_gov_kz_real
2003,Костанайская область,Пшеница,Житикаринский,114300.0,99170.0,869.9999999999999,stat_gov_kz_real
2004,Костанайская область,Пшеница,Житикаринский,123900.0,84130.0,680.0,stat_gov_kz_real
2005,Костанайская область,Пшеница,Житикаринский,143200.0,100640.0,700.0,stat_gov_kz_real
2006,Костанайская область,Пшеница,Житикаринский,140600.0,129209.99999999999,919.9999999999999,stat_gov_kz_real
2007,Костанайская область,Пшеница,Житикаринский,158300.0,170359.99999999997,1080.0,stat_gov_kz_real
2008,Костанайская область,Пшеница,Житикаринский,196300.0,151840.0,770.0,stat_gov_kz_real
2009,Костанайская область,Пшеница,Житикаринский,230600.0,170150.0,740.0,stat_gov_kz_real
2010,Костанайская область,Пшеница,Житикаринский,227200.0,118870.0,560.0,stat_gov_kz_real
2011,Костанайская область,Пшеница,Житикаринский,212800.0,251450.0,1180.0,stat_gov_kz_real
2012,Костанайская область,Пшеница,Житикаринский,200200.0,45630.0,280.0,stat_gov_kz_real
2013,Костанайская область,Пшеница,Житикаринский,201500.0,99760.0,495.13,stat_gov_kz_real
2014,Костанайская область,Пшеница,Житикаринский,163600.0,84860.0,522.82,stat_gov_kz_real
2015,Костанайская область,Пшеница,Житикаринский,163600.0,107790.0,658.95,stat_gov_kz_real
2016,Костанайская область,Пшеница,Житикаринский,177184.2,124276.26999999999,717.36,stat_gov_kz_real
2017,Костанайская область,Пшеница,Житикаринский,179000.0,168560.0,940.0,stat_gov_kz_real
2018,Костанайская область,Пшеница,Житикаринский,183700.0,120859.99999999999,662.34,stat_gov_kz_real
2019,Костанайская область,Пшеница,Житикаринский,176700.0,41830.0,263.96999999999997,stat_gov_kz_real
2020,Костанайская область,Пшеница,Житикаринский,173100.0,75270.00000000001,440.00000000000006,stat_gov_kz_real
2021,Костанайская область,Пшеница,Житикаринский,177300.0,49320.0,280.0,stat_gov_kz_real
2022,Костанайская область,Пшеница,Житикаринский,149800.0,120390.00000000001,810.0,stat_gov_kz_real
2023,Костанайская область,Пшеница,Житикаринский,179831.2,126802.13,810.0,stat_gov_kz_real
2024,Костанайская область,Пшеница,Житикаринский,175779.7,158980.63,910.0,stat_gov_kz_real
2025,Костанайская область,Пшеница,Житикаринский,170408.99,217460.92000000004,1280.0,stat_gov_kz_real
1990,Костанайская область,Ячмень,Житикаринский,56600.0,80770.0,1430.0,stat_gov_kz_real
1991,Костанайская область,Ячмень,Житикаринский,54000.0,7770.0,140.0,stat_gov_kz_real
1992,Костанайская область,Ячмень,Житикаринский,34400.0,58570.0,1700.0,stat_gov_kz_real
1993,Костанайская область,Ячмень,Житикаринский,62700.0,48770.0,780.0,stat_gov_kz_real
1994,Костанайская область,Ячмень,Житикаринский,72600.0,103620.0,1430.0,stat_gov_kz_real
1995,Костанайская область,Ячмень,Житикаринский,54900.0,22690.0,409.99999999999994,stat_gov_kz_real
1996,Костанайская область,Ячмень,Житикаринский,46300.0,40490.0,880.0000000000001,stat_gov_kz_real
1997,Костанайская область,Ячмень,Житикаринский,59200.0,44080.0,740.0,stat_gov_kz_real
1998,Костанайская область,Ячмень,Житикаринский,14200.0,1910.0,170.0,stat_gov_kz_real
1999,Костанайская область,Ячмень,Житикаринский,16800.0,19270.0,1150.0,stat_gov_kz_real
2000,Костанайская область,Ячмень,Житикаринский,16700.0,11320.0,720.0,stat_gov_kz_real
2001,Костанайская область,Ячмень,Житикаринский,14800.0,12700.0,860.0,stat_gov_kz_real
2002,Костанайская область,Ячмень,Житикаринский,11700.0,10750.0,919.9999999999999,stat_gov_kz_real
2003,Костанайская область,Ячмень,Житикаринский,8100.0,5590.0,690.0,stat_gov_kz_real
2004,Костанайская область,Ячмень,Житикаринский,12700.0,6200.0,500.0,stat_gov_kz_real
2005,Костанайская область,Ячмень,Житикаринский,6300.0,3929.9999999999995,650.0,stat_gov_kz_real
2006,Костанайская область,Ячмень,Житикаринский,8400.0,5450.0,650.0,stat_gov_kz_real
2007,Костанайская область,Ячмень,Житикаринский,5900.0,7200.0,1220.0,stat_gov_kz_real
2008,Костанайская область,Ячмень,Житикаринский,6700.0,6356.900000000001,950.0,stat_gov_kz_real
2009,Костанайская область,Ячмень,Житикаринский,5700.0,4699.3,830.0000000000001,stat_gov_kz_real
2010,Костанайская область,Ячмень,Житикаринский,3700.0,2490.0,680.0,stat_gov_kz_real
2011,Костанайская область,Ячмень,Житикаринский,3500.0,4893.6900000000005,1390.0,stat_gov_kz_real
2012,Костанайская область,Ячмень,Житикаринский,8857.0,2444.7000000000003,334.3,stat_gov_kz_real
2013,Костанайская область,Ячмень,Житикаринский,10763.0,4703.1,436.96999999999997,stat_gov_kz_real
2014,Костанайская область,Ячмень,Житикаринский,8369.0,3966.5,495.87,stat_gov_kz_real
2015,Костанайская область,Ячмень,Житикаринский,8630.0,4491.7,520.48,stat_gov_kz_real
2016,Костанайская область,Ячмень,Житикаринский,8741.0,7044.0,879.4000000000001,stat_gov_kz_real
2017,Костанайская область,Ячмень,Житикаринский,12000.0,14305.77,1200.65,stat_gov_kz_real
2018,Костанайская область,Ячмень,Житикаринский,14547.0,15096.199999999999,1037.75,stat_gov_kz_real
2019,Костанайская область,Ячмень,Житикаринский,14025.5,4616.0,337.78000000000003,stat_gov_kz_real
2020,Костанайская область,Ячмень,Житикаринский,14380.0,7298.6,521.33,stat_gov_kz_real
2021,Костанайская область,Ячмень,Житикаринский,10722.0,2681.2999999999997,270.0,stat_gov_kz_real
2022,Костанайская область,Ячмень,Житикаринский,12760.2,10270.36,810.0,stat_gov_kz_real
2023,Костанайская область,Ячмень,Житикаринский,16658.7,11136.2,790.0,stat_gov_kz_real
2024,Костанайская область,Ячмень,Житикаринский,20844.5,23504.4,1150.0,stat_gov_kz_real
2025,Костанайская область,Ячмень,Житикаринский,19112.0,21982.07,1150.0,stat_gov_kz_real
1991,Костанайская область,Подсолнечник,Камыстинский,1000.0,60.0,70.0,stat_gov_kz_real
1992,Костанайская область,Подсолнечник,Камыстинский,1900.0,69.99999999999999,30.0,stat_gov_kz_real
1993,Костанайская область,Подсолнечник,Камыстинский,500.0,100.0,180.0,stat_gov_kz_real
1994,Костанайская область,Подсолнечник,Камыстинский,1200.0,90.0,80.0,stat_gov_kz_real
1995,Костанайская область,Подсолнечник,Камыстинский,800.0,30.0,40.0,stat_gov_kz_real
1996,Костанайская область,Подсолнечник,Камыстинский,2000.0,50.0,40.0,stat_gov_kz_real
1997,Костанайская область,Подсолнечник,Камыстинский,600.0,100.0,220.00000000000003,stat_gov_kz_real
1998,Костанайская область,Подсолнечник,Камыстинский,800.0,20.0,20.0,stat_gov_kz_real
1999,Костанайская область,Подсолнечник,Камыстинский,600.0,160.0,260.0,stat_gov_kz_real
2000,Костанайская область,Подсолнечник,Камыстинский,1000.0,150.0,150.0,stat_gov_kz_real
2001,Костанайская область,Подсолнечник,Камыстинский,600.0,40.0,70.0,stat_gov_kz_real
2002,Костанайская область,Подсолнечник,Камыстинский,100.0,10.0,90.0,stat_gov_kz_real
2003,Костанайская область,Подсолнечник,Камыстинский,100.0,20.0,180.0,stat_gov_kz_real
2004,Костанайская область,Подсолнечник,Камыстинский,,10.0,290.0,stat_gov_kz_real
2005,Костанайская область,Подсолнечник,Камыстинский,100.0,,,stat_gov_kz_real
2006,Костанайская область,Подсолнечник,Камыстинский,0.0,10.0,260.0,stat_gov_kz_real
2007,Костанайская область,Подсолнечник,Камыстинский,100.0,10.0,100.0,stat_gov_kz_real
2008,Костанайская область,Подсолнечник,Камыстинский,100.0,10.0,100.0,stat_gov_kz_real
2009,Костанайская область,Подсолнечник,Камыстинский,100.0,10.0,180.0,stat_gov_kz_real
2010,Костанайская область,Подсолнечник,Камыстинский,100.0,20.0,160.0,stat_gov_kz_real
2011,Костанайская область,Подсолнечник,Камыстинский,100.0,20.0,100.0,stat_gov_kz_real
2012,Костанайская область,Подсолнечник,Камыстинский,1100.0,110.00000000000001,280.0,stat_gov_kz_real
2013,Костанайская область,Подсолнечник,Камыстинский,2800.0,329.99999999999994,121.13000000000001,stat_gov_kz_real
2014,Костанайская область,Подсолнечник,Камыстинский,2100.0,620.0,300.0,stat_gov_kz_real
2015,Костанайская область,Подсолнечник,Камыстинский,3000.0,659.9999999999999,293.03,stat_gov_kz_real
2016,Костанайская область,Подсолнечник,Камыстинский,1765.0,1535.9,870.2,stat_gov_kz_real
2017,Костанайская область,Подсолнечник,Камыстинский,2600.0,1850.0,720.0,stat_gov_kz_real
2018,Костанайская область,Подсолнечник,Камыстинский,2400.0,1920.0,804.9799999999999,stat_gov_kz_real
2019,Костанайская область,Подсолнечник,Камыстинский,1300.0,210.00000000000003,156.76000000000002,stat_gov_kz_real
2020,Костанайская область,Подсолнечник,Камыстинский,1000.0,100.0,100.0,stat_gov_kz_real
2021,Костанайская область,Подсолнечник,Камыстинский,1200.0,150.0,270.0,stat_gov_kz_real
2022,Костанайская область,Подсолнечник,Камыстинский,500.0,510.0,1120.0,stat_gov_kz_real
2023,Костанайская область,Подсолнечник,Камыстинский,908.0,805.7,1010.0,stat_gov_kz_real
2024,Костанайская область,Подсолнечник,Камыстинский,919.0,1710.6999999999998,1860.0000000000002,stat_gov_kz_real
2025,Костанайская область,Подсолнечник,Камыстинский,3466.0,2216.9,800.0,stat_gov_kz_real
1990,Костанайская область,Пшеница,Камыстинский,290500.0,415789.99999999994,1430.0,stat_gov_kz_real
1991,Костанайская область,Пшеница,Камыстинский,287800.0,81179.99999999999,280.0,stat_gov_kz_real
1992,Костанайская область,Пшеница,Камыстинский,273600.0,450060.00000000006,1650.0,stat_gov_kz_real
1993,Костанайская область,Пшеница,Камыстинский,280300.0,184060.0,660.0,stat_gov_kz_real
1994,Костанайская область,Пшеница,Камыстинский,264600.0,279580.00000000006,1060.0,stat_gov_kz_real
1995,Костанайская область,Пшеница,Камыстинский,271100.0,82200.0,300.0,stat_gov_kz_real
1996,Костанайская область,Пшеница,Камыстинский,267200.0,132620.0,500.0,stat_gov_kz_real
1997,Костанайская область,Пшеница,Камыстинский,200200.0,200450.0,1000.0,stat_gov_kz_real
1998,Костанайская область,Пшеница,Камыстинский,250500.0,77229.99999999999,320.0,stat_gov_kz_real
1999,Костанайская область,Пшеница,Камыстинский,165000.0,224900.0,1360.0,stat_gov_kz_real
2000,Костанайская область,Пшеница,Камыстинский,161100.0,130720.0,790.0,stat_gov_kz_real
2001,Костанайская область,Пшеница,Камыстинский,166700.0,191300.0,1150.0,stat_gov_kz_real
2002,Костанайская область,Пшеница,Камыстинский,170200.0,199070.0,1170.0,stat_gov_kz_real
2003,Костанайская область,Пшеница,Камыстинский,169900.0,188709.99999999997,1110.0,stat_gov_kz_real
2004,Костанайская область,Пшеница,Камыстинский,191900.0,153250.0,800.0,stat_gov_kz_real
2005,Костанайская область,Пшеница,Камыстинский,250600.0,192760.0,780.0,stat_gov_kz_real
2006,Костанайская область,Пшеница,Камыстинский,285700.0,173660.0,700.0,stat_gov_kz_real
2007,Костанайская область,Пшеница,Камыстинский,287200.0,361360.0,1270.0,stat_gov_kz_real
2008,Костанайская область,Пшеница,Камыстинский,295000.0,305680.0,1040.0,stat_gov_kz_real
2009,Костанайская область,Пшеница,Камыстинский,312200.0,192560.0,620.0,stat_gov_kz_real
2010,Костанайская область,Пшеница,Камыстинский,290800.0,208290.00000000003,730.0,stat_gov_kz_real
2011,Костанайская область,Пшеница,Камыстинский,301400.0,393870.0,1310.0,stat_gov_kz_real
2012,Костанайская область,Пшеница,Камыстинский,288000.0,84750.0,340.0,stat_gov_kz_real
2013,Костанайская область,Пшеница,Камыстинский,283900.0,167720.0,590.79,stat_gov_kz_real
2014,Костанайская область,Пшеница,Камыстинский,272500.0,202310.0,743.9,stat_gov_kz_real
2015,Костанайская область,Пшеница,Камыстинский,269300.0,241609.99999999997,897.3000000000001,stat_gov_kz_real
2016,Костанайская область,Пшеница,Камыстинский,272150.5,258852.57,952.8700000000001,stat_gov_kz_real
2017,Костанайская область,Пшеница,Камыстинский,287000.0,311180.0,1080.0,stat_gov_kz_real
2018,Костанайская область,Пшеница,Камыстинский,289400.0,304120.0,1052.58,stat_gov_kz_real
2019,Костанайская область,Пшеница,Камыстинский,283500.0,66850.0,254.54,stat_gov_kz_real
2020,Костанайская область,Пшеница,Камыстинский,265200.0,235580.0,930.0000000000001,stat_gov_kz_real
2021,Костанайская область,Пшеница,Камыстинский,272900.0,113330.0,420.0,stat_gov_kz_real
2022,Костанайская область,Пшеница,Камыстинский,265600.0,301510.0,1140.0,stat_gov_kz_real
2023,Костанайская область,Пшеница,Камыстинский,278680.3,203390.86000000004,830.0000000000001,stat_gov_kz_real
2024,Костанайская область,Пшеница,Камыстинский,260271.7,254071.8,1000.0,stat_gov_kz_real
2025,Костанайская область,Пшеница,Камыстинский,237578.0,327192.81,1460.0,stat_gov_kz_real
1990,Костанайская область,Ячмень,Камыстинский,49700.0,100640.0,2020.0,stat_gov_kz_real
1991,Костанайская область,Ячмень,Камыстинский,49500.0,12670.0,260.0,stat_gov_kz_real
1992,Костанайская область,Ячмень,Камыстинский,49200.0,95920.0,1950.0,stat_gov_kz_real
1993,Костанайская область,Ячмень,Камыстинский,51900.0,56090.0,1080.0,stat_gov_kz_real
1994,Костанайская область,Ячмень,Камыстинский,48000.0,73540.0,1530.0,stat_gov_kz_real
1995,Костанайская область,Ячмень,Камыстинский,33900.0,10390.0,310.0,stat_gov_kz_real
1996,Костанайская область,Ячмень,Камыстинский,25000.0,12040.0,480.0,stat_gov_kz_real
1997,Костанайская область,Ячмень,Камыстинский,22600.0,19990.0,890.0,stat_gov_kz_real
1998,Костанайская область,Ячмень,Камыстинский,22900.0,3570.0,229.99999999999997,stat_gov_kz_real
1999,Костанайская область,Ячмень,Камыстинский,12700.0,13600.0,1320.0,stat_gov_kz_real
2000,Костанайская область,Ячмень,Камыстинский,11000.0,8150.0,750.0,stat_gov_kz_real
2001,Костанайская область,Ячмень,Камыстинский,11400.0,23840.0,2100.0,stat_gov_kz_real
2002,Костанайская область,Ячмень,Камыстинский,10200.0,10040.0,980.0000000000001,stat_gov_kz_real
2003,Костанайская область,Ячмень,Камыстинский,10200.0,8940.0,880.0000000000001,stat_gov_kz_real
2004,Костанайская область,Ячмень,Камыстинский,6200.0,3960.0,640.0,stat_gov_kz_real
2005,Костанайская область,Ячмень,Камыстинский,9300.0,6850.0,770.0,stat_gov_kz_real
2006,Костанайская область,Ячмень,Камыстинский,12200.0,6459.999999999999,600.0,stat_gov_kz_real
2007,Костанайская область,Ячмень,Камыстинский,10200.0,14300.0,1400.0,stat_gov_kz_real
2008,Костанайская область,Ячмень,Камыстинский,10600.0,14142.75,1340.0,stat_gov_kz_real
2009,Костанайская область,Ячмень,Камыстинский,6000.0,4236.95,710.0,stat_gov_kz_real
2010,Костанайская область,Ячмень,Камыстинский,5600.0,4169.1,740.0,stat_gov_kz_real
2011,Костанайская область,Ячмень,Камыстинский,4400.0,6466.0,1460.0,stat_gov_kz_real
2012,Костанайская область,Ячмень,Камыстинский,8045.0,1302.8999999999999,198.60999999999999,stat_gov_kz_real
2013,Костанайская область,Ячмень,Камыстинский,8002.000000000001,4181.91,522.61,stat_gov_kz_real
2014,Костанайская область,Ячмень,Камыстинский,10450.0,5766.4,551.81,stat_gov_kz_real
2015,Костанайская область,Ячмень,Камыстинский,14668.3,10879.6,779.2099999999999,stat_gov_kz_real
2016,Костанайская область,Ячмень,Камыстинский,9303.5,9763.3,1049.4199999999998,stat_gov_kz_real
2017,Костанайская область,Ячмень,Камыстинский,6400.0,10240.199999999999,1601.53,stat_gov_kz_real
2018,Костанайская область,Ячмень,Камыстинский,12845.0,21891.5,1704.28,stat_gov_kz_real
2019,Костанайская область,Ячмень,Камыстинский,13415.0,3483.2999999999997,305.71000000000004,stat_gov_kz_real
2020,Костанайская область,Ячмень,Камыстинский,16047.0,11912.5,790.79,stat_gov_kz_real
2021,Костанайская область,Ячмень,Камыстинский,10575.0,2194.7999999999997,280.0,stat_gov_kz_real
2022,Костанайская область,Ячмень,Камыстинский,10803.0,14365.3,1330.0,stat_gov_kz_real
2023,Костанайская область,Ячмень,Камыстинский,15503.5,12986.4,1000.0,stat_gov_kz_real
2024,Костанайская область,Ячмень,Камыстинский,16792.5,24172.1,1510.0,stat_gov_kz_real
2025,Костанайская область,Ячмень,Камыстинский,20900.0,26173.75,1330.0,stat_gov_kz_real
2022,Костанайская область,Кукуруза,Карабалыкский,1329.0,995.9,750.0,stat_gov_kz_real
2023,Костанайская область,Кукуруза,Карабалыкский,10.0,0.0,450.0,stat_gov_kz_real
1991,Костанайская область,Подсолнечник,Карабалыкский,100.0,10.0,190.0,stat_gov_kz_real
1992,Костанайская область,Подсолнечник,Карабалыкский,600.0,40.0,70.0,stat_gov_kz_real
1993,Костанайская область,Подсолнечник,Карабалыкский,100.0,10.0,160.0,stat_gov_kz_real
1994,Костанайская область,Подсолнечник,Карабалыкский,500.0,80.0,170.0,stat_gov_kz_real
1995,Костанайская область,Подсолнечник,Карабалыкский,800.0,210.00000000000003,250.0,stat_gov_kz_real
1996,Костанайская область,Подсолнечник,Карабалыкский,2400.0,210.00000000000003,160.0,stat_gov_kz_real
1997,Костанайская область,Подсолнечник,Карабалыкский,1400.0,380.0,270.0,stat_gov_kz_real
1998,Костанайская область,Подсолнечник,Карабалыкский,500.0,40.0,100.0,stat_gov_kz_real
1999,Костанайская область,Подсолнечник,Карабалыкский,600.0,290.0,370.0,stat_gov_kz_real
2000,Костанайская область,Подсолнечник,Карабалыкский,1000.0,139.99999999999997,210.0,stat_gov_kz_real
2001,Костанайская область,Подсолнечник,Карабалыкский,800.0,600.0,760.0,stat_gov_kz_real
2002,Костанайская область,Подсолнечник,Карабалыкский,1400.0,490.00000000000006,340.0,stat_gov_kz_real
2003,Костанайская область,Подсолнечник,Карабалыкский,2200.0,1460.0,660.0,stat_gov_kz_real
2004,Костанайская область,Подсолнечник,Карабалыкский,3800.0,640.0,170.0,stat_gov_kz_real
2005,Костанайская область,Подсолнечник,Карабалыкский,7000.0,3370.0,480.0,stat_gov_kz_real
2006,Костанайская область,Подсолнечник,Карабалыкский,6400.0,270.0,40.0,stat_gov_kz_real
2007,Костанайская область,Подсолнечник,Карабалыкский,800.0,180.0,240.0,stat_gov_kz_real
2011,Костанайская область,Подсолнечник,Карабалыкский,1400.0,840.0000000000001,613.52,stat_gov_kz_real
2012,Костанайская область,Подсолнечник,Карабалыкский,1300.0,120.0,90.0,stat_gov_kz_real
2013,Костанайская область,Подсолнечник,Карабалыкский,1400.0,930.0,637.64,stat_gov_kz_real
2014,Костанайская область,Подсолнечник,Карабалыкский,6800.0,4330.0,630.0,stat_gov_kz_real
2015,Костанайская область,Подсолнечник,Карабалыкский,8600.0,7250.0,847.03,stat_gov_kz_real
2016,Костанайская область,Подсолнечник,Карабалыкский,6526.0,6308.3,966.64,stat_gov_kz_real
2017,Костанайская область,Подсолнечник,Карабалыкский,8000.0,3770.0000000000005,470.0,stat_gov_kz_real
2018,Костанайская область,Подсолнечник,Карабалыкский,5300.0,3929.9999999999995,736.4499999999999,stat_gov_kz_real
2019,Костанайская область,Подсолнечник,Карабалыкский,4400.0,2040.0,465.36,stat_gov_kz_real
2020,Костанайская область,Подсолнечник,Карабалыкский,1800.0,1550.0,850.0,stat_gov_kz_real
2021,Костанайская область,Подсолнечник,Карабалыкский,6900.0,6170.0,890.0,stat_gov_kz_real
2022,Костанайская область,Подсолнечник,Карабалыкский,22700.0,19580.000000000004,860.0,stat_gov_kz_real
2023,Костанайская область,Подсолнечник,Карабалыкский,20298.4,21906.26,1090.0,stat_gov_kz_real
2024,Костанайская область,Подсолнечник,Карабалыкский,24681.4,33300.75,1470.0,stat_gov_kz_real
2025,Костанайская область,Подсолнечник,Карабалыкский,33427.5,50935.189999999995,1520.0,stat_gov_kz_real
1990,Костанайская область,Пшеница,Карабалыкский,185900.0,277460.0,1490.0,stat_gov_kz_real
1991,Костанайская область,Пшеница,Карабалыкский,177100.0,42700.0,240.0,stat_gov_kz_real
1992,Костанайская область,Пшеница,Карабалыкский,142600.0,230920.0,1620.0,stat_gov_kz_real
1993,Костанайская область,Пшеница,Карабалыкский,139000.0,130020.00000000001,940.0,stat_gov_kz_real
1994,Костанайская область,Пшеница,Карабалыкский,143900.0,175130.0,1220.0,stat_gov_kz_real
1995,Костанайская область,Пшеница,Карабалыкский,153800.0,116759.99999999999,760.0,stat_gov_kz_real
1996,Костанайская область,Пшеница,Карабалыкский,152400.0,136230.0,890.0,stat_gov_kz_real
1997,Костанайская область,Пшеница,Карабалыкский,140200.0,200250.0,1430.0,stat_gov_kz_real
1998,Костанайская область,Пшеница,Карабалыкский,163300.0,66490.0,480.0,stat_gov_kz_real
1999,Костанайская область,Пшеница,Карабалыкский,156400.0,282240.0,1800.0,stat_gov_kz_real
2000,Костанайская область,Пшеница,Карабалыкский,171000.0,222160.0,1260.0,stat_gov_kz_real
2001,Костанайская область,Пшеница,Карабалыкский,177500.0,253920.0,1430.0,stat_gov_kz_real
2002,Костанайская область,Пшеница,Карабалыкский,182100.0,259260.0,1420.0,stat_gov_kz_real
2003,Костанайская область,Пшеница,Карабалыкский,183100.0,226450.0,1230.0,stat_gov_kz_real
2004,Костанайская область,Пшеница,Карабалыкский,178400.0,145450.0,819.9999999999999,stat_gov_kz_real
2005,Костанайская область,Пшеница,Карабалыкский,192300.0,250920.0,1300.0,stat_gov_kz_real
2006,Костанайская область,Пшеница,Карабалыкский,191100.0,384419.99999999994,2010.0000000000002,stat_gov_kz_real
2007,Костанайская область,Пшеница,Карабалыкский,210000.0,320460.0,1530.0,stat_gov_kz_real
2008,Костанайская область,Пшеница,Карабалыкский,218100.0,263200.0,1210.0,stat_gov_kz_real
2009,Костанайская область,Пшеница,Карабалыкский,240000.0,287460.0,1200.0,stat_gov_kz_real
2010,Костанайская область,Пшеница,Карабалыкский,231300.0,258719.99999999997,1150.0,stat_gov_kz_real
2011,Костанайская область,Пшеница,Карабалыкский,219900.0,425080.00000000006,1939.9999999999998,stat_gov_kz_real
2012,Костанайская область,Пшеница,Карабалыкский,208200.0,176100.0,860.0,stat_gov_kz_real
2013,Костанайская область,Пшеница,Карабалыкский,212200.0,229060.0,1079.3100000000002,stat_gov_kz_real
2014,Костанайская область,Пшеница,Карабалыкский,197500.0,223080.0,1130.8500000000001,stat_gov_kz_real
2015,Костанайская область,Пшеница,Карабалыкский,171400.0,225240.0,1314.28,stat_gov_kz_real
2016,Костанайская область,Пшеница,Карабалыкский,175463.8,231225.63999999996,1317.8000000000002,stat_gov_kz_real
2017,Костанайская область,Пшеница,Карабалыкский,161000.0,167359.99999999997,1040.0,stat_gov_kz_real
2018,Костанайская область,Пшеница,Карабалыкский,145600.0,175840.0,1207.81,stat_gov_kz_real
2019,Костанайская область,Пшеница,Карабалыкский,136300.0,154260.0,1131.9,stat_gov_kz_real
2020,Костанайская область,Пшеница,Карабалыкский,152400.0,131170.00000000003,860.0,stat_gov_kz_real
2021,Костанайская область,Пшеница,Карабалыкский,173300.0,133760.0,770.0,stat_gov_kz_real
2022,Костанайская область,Пшеница,Карабалыкский,158000.0,224750.0,1420.0,stat_gov_kz_real
2023,Костанайская область,Пшеница,Карабалыкский,185150.6,246449.77000000002,1380.0,stat_gov_kz_real
2024,Костанайская область,Пшеница,Карабалыкский,177212.9,289108.98,1639.9999999999998,stat_gov_kz_real
2025,Костанайская область,Пшеница,Карабалыкский,151810.2,262629.63,1730.0,stat_gov_kz_real
1990,Костанайская область,Ячмень,Карабалыкский,60600.0,124690.0,2060.0,stat_gov_kz_real
1991,Костанайская область,Ячмень,Карабалыкский,63500.0,23630.0,370.0,stat_gov_kz_real
1992,Костанайская область,Ячмень,Карабалыкский,58200.0,114640.0,1970.0,stat_gov_kz_real
1993,Костанайская область,Ячмень,Карабалыкский,75600.0,66820.0,890.0,stat_gov_kz_real
1994,Костанайская область,Ячмень,Карабалыкский,56700.0,66160.0,1170.0,stat_gov_kz_real
1995,Костанайская область,Ячмень,Карабалыкский,35900.0,22500.0,630.0,stat_gov_kz_real
1996,Костанайская область,Ячмень,Карабалыкский,33800.0,46460.0,1380.0,stat_gov_kz_real
1997,Костанайская область,Ячмень,Карабалыкский,37000.0,63340.0,1710.0000000000002,stat_gov_kz_real
1998,Костанайская область,Ячмень,Карабалыкский,27700.0,9530.0,440.00000000000006,stat_gov_kz_real
1999,Костанайская область,Ячмень,Карабалыкский,19600.0,21300.0,1070.0,stat_gov_kz_real
2000,Костанайская область,Ячмень,Карабалыкский,15000.0,11010.0,790.0,stat_gov_kz_real
2001,Костанайская область,Ячмень,Карабалыкский,6300.0,7940.0,1270.0,stat_gov_kz_real
2002,Костанайская область,Ячмень,Карабалыкский,12200.0,11150.0,910.0,stat_gov_kz_real
2003,Костанайская область,Ячмень,Карабалыкский,13000.0,12570.0,969.9999999999999,stat_gov_kz_real
2004,Костанайская область,Ячмень,Карабалыкский,8400.0,4770.000000000001,570.0,stat_gov_kz_real
2005,Костанайская область,Ячмень,Карабалыкский,7600.0,7659.999999999999,1010.0,stat_gov_kz_real
2006,Костанайская область,Ячмень,Карабалыкский,7300.0,14550.0,2000.0,stat_gov_kz_real
2007,Костанайская область,Ячмень,Карабалыкский,6200.0,7800.0,1260.0,stat_gov_kz_real
2008,Костанайская область,Ячмень,Карабалыкский,11300.0,11178.800000000001,990.0,stat_gov_kz_real
2009,Костанайская область,Ячмень,Карабалыкский,8300.0,11433.7,1380.0,stat_gov_kz_real
2010,Костанайская область,Ячмень,Карабалыкский,4300.0,4233.5,1030.0,stat_gov_kz_real
2011,Костанайская область,Ячмень,Карабалыкский,7100.0,12457.599999999999,1760.0000000000002,stat_gov_kz_real
2012,Костанайская область,Ячмень,Карабалыкский,10217.0,4313.900000000001,452.56999999999994,stat_gov_kz_real
2013,Костанайская область,Ячмень,Карабалыкский,11421.0,11665.32,1021.3900000000001,stat_gov_kz_real
2014,Костанайская область,Ячмень,Карабалыкский,12302.0,13601.522,1105.64,stat_gov_kz_real
2015,Костанайская область,Ячмень,Карабалыкский,20224.7,22811.19,1127.89,stat_gov_kz_real
2016,Костанайская область,Ячмень,Карабалыкский,19196.3,27744.6,1445.31,stat_gov_kz_real
2017,Костанайская область,Ячмень,Карабалыкский,18600.0,26221.629999999997,1411.35,stat_gov_kz_real
2018,Костанайская область,Ячмень,Карабалыкский,28841.7,36247.69,1268.26,stat_gov_kz_real
2019,Костанайская область,Ячмень,Карабалыкский,33692.3,43554.62,1292.7199999999998,stat_gov_kz_real
2020,Костанайская область,Ячмень,Карабалыкский,25642.3,22510.32,877.8600000000001,stat_gov_kz_real
2021,Костанайская область,Ячмень,Карабалыкский,15966.3,9714.99,610.0,stat_gov_kz_real
2022,Костанайская область,Ячмень,Карабалыкский,13077.0,20285.69,1550.0,stat_gov_kz_real
2023,Костанайская область,Ячмень,Карабалыкский,22976.2,35782.97,1610.0000000000002,stat_gov_kz_real
2024,Костанайская область,Ячмень,Карабалыкский,27379.3,46648.19,1700.0,stat_gov_kz_real
2025,Костанайская область,Ячмень,Карабалыкский,25552.0,39855.96,1560.0,stat_gov_kz_real
1991,Костанайская область,Подсолнечник,Карасуский,1200.0,80.0,170.0,stat_gov_kz_real
1992,Костанайская область,Подсолнечник,Карасуский,600.0,120.0,190.0,stat_gov_kz_real
1993,Костанайская область,Подсолнечник,Карасуский,300.0,20.0,50.0,stat_gov_kz_real
1994,Костанайская область,Подсолнечник,Карасуский,200.0,10.0,50.0,stat_gov_kz_real
1995,Костанайская область,Подсолнечник,Карасуский,,0.0,,stat_gov_kz_real
1996,Костанайская область,Подсолнечник,Карасуский,500.0,50.0,110.00000000000001,stat_gov_kz_real
1997,Костанайская область,Подсолнечник,Карасуский,200.0,20.0,70.0,stat_gov_kz_real
1998,Костанайская область,Подсолнечник,Карасуский,400.0,40.0,90.0,stat_gov_kz_real
1999,Костанайская область,Подсолнечник,Карасуский,500.0,190.0,380.0,stat_gov_kz_real
2000,Костанайская область,Подсолнечник,Карасуский,1400.0,80.0,80.0,stat_gov_kz_real
2001,Костанайская область,Подсолнечник,Карасуский,400.0,120.0,290.0,stat_gov_kz_real
2002,Костанайская область,Подсолнечник,Карасуский,600.0,20.0,30.0,stat_gov_kz_real
2003,Костанайская область,Подсолнечник,Карасуский,1200.0,370.0,300.0,stat_gov_kz_real
2005,Костанайская область,Подсолнечник,Карасуский,1000.0,459.99999999999994,459.99999999999994,stat_gov_kz_real
2009,Костанайская область,Подсолнечник,Карасуский,700.0,210.00000000000003,310.0,stat_gov_kz_real
2010,Костанайская область,Подсолнечник,Карасуский,6000.0,1240.0,240.0,stat_gov_kz_real
2011,Костанайская область,Подсолнечник,Карасуский,11100.0,4290.0,385.86,stat_gov_kz_real
2012,Костанайская область,Подсолнечник,Карасуский,3800.0,970.0,320.0,stat_gov_kz_real
2013,Костанайская область,Подсолнечник,Карасуский,6400.0,3440.0,548.75,stat_gov_kz_real
2014,Костанайская область,Подсолнечник,Карасуский,6100.0,3970.0,1230.0,stat_gov_kz_real
2015,Костанайская область,Подсолнечник,Карасуский,3800.0,550.0,220.2,stat_gov_kz_real
2016,Костанайская область,Подсолнечник,Карасуский,5023.0,3400.0,666.1400000000001,stat_gov_kz_real
2017,Костанайская область,Подсолнечник,Карасуский,2500.0,2010.0000000000002,810.0,stat_gov_kz_real
2019,Костанайская область,Подсолнечник,Карасуский,300.0,60.0,206.74,stat_gov_kz_real
2020,Костанайская область,Подсолнечник,Карасуский,100.0,60.0,500.0,stat_gov_kz_real
2021,Костанайская область,Подсолнечник,Карасуский,1300.0,500.0,380.0,stat_gov_kz_real
2022,Костанайская область,Подсолнечник,Карасуский,6800.0,6010.0,890.0,stat_gov_kz_real
2023,Костанайская область,Подсолнечник,Карасуский,6799.0,1569.9999999999998,1340.0,stat_gov_kz_real
2024,Костанайская область,Подсолнечник,Карасуский,5383.0,7818.4,1450.0,stat_gov_kz_real
2025,Костанайская область,Подсолнечник,Карасуский,9654.0,10661.27,1100.0,stat_gov_kz_real
1990,Костанайская область,Пшеница,Карасуский,195300.0,251390.00000000003,1290.0,stat_gov_kz_real
1991,Костанайская область,Пшеница,Карасуский,474600.0,245090.0,520.0,stat_gov_kz_real
1992,Костанайская область,Пшеница,Карасуский,455100.0,677480.0,1490.0,stat_gov_kz_real
1993,Костанайская область,Пшеница,Карасуский,373600.0,240700.0,640.0,stat_gov_kz_real
1994,Костанайская область,Пшеница,Карасуский,404000.0,299760.0,740.0,stat_gov_kz_real
1995,Костанайская область,Пшеница,Карасуский,393000.0,123450.0,310.0,stat_gov_kz_real
1996,Костанайская область,Пшеница,Карасуский,358000.0,182329.99999999997,509.99999999999994,stat_gov_kz_real
1997,Костанайская область,Пшеница,Карасуский,323300.0,199930.0,660.0,stat_gov_kz_real
1998,Костанайская область,Пшеница,Карасуский,265900.0,73140.0,320.0,stat_gov_kz_real
1999,Костанайская область,Пшеница,Карасуский,237200.0,319200.0,1350.0,stat_gov_kz_real
2000,Костанайская область,Пшеница,Карасуский,289500.0,254269.99999999997,850.0,stat_gov_kz_real
2001,Костанайская область,Пшеница,Карасуский,327700.0,318700.0,969.9999999999999,stat_gov_kz_real
2002,Костанайская область,Пшеница,Карасуский,292100.0,342219.99999999994,1170.0,stat_gov_kz_real
2003,Костанайская область,Пшеница,Карасуский,302200.0,336690.0,1110.0,stat_gov_kz_real
2004,Костанайская область,Пшеница,Карасуский,329500.0,208609.99999999997,630.0,stat_gov_kz_real
2005,Костанайская область,Пшеница,Карасуский,422100.0,391380.0,930.0000000000001,stat_gov_kz_real
2006,Костанайская область,Пшеница,Карасуский,455500.0,495039.99999999994,1090.0,stat_gov_kz_real
2007,Костанайская область,Пшеница,Карасуский,502300.0,756290.0,1510.0,stat_gov_kz_real
2008,Костанайская область,Пшеница,Карасуский,537200.0,603240.0,1120.0,stat_gov_kz_real
2009,Костанайская область,Пшеница,Карасуский,604200.0,574630.0,950.0,stat_gov_kz_real
2010,Костанайская область,Пшеница,Карасуский,585900.0,313640.0,550.0,stat_gov_kz_real
2011,Костанайская область,Пшеница,Карасуский,578100.0,1139520.0,1970.0,stat_gov_kz_real
2012,Костанайская область,Пшеница,Карасуский,571300.0,331219.99999999994,590.0,stat_gov_kz_real
2013,Костанайская область,Пшеница,Карасуский,573800.0,681200.0,1187.0900000000001,stat_gov_kz_real
2014,Костанайская область,Пшеница,Карасуский,549000.0,624960.0,1156.94,stat_gov_kz_real
2015,Костанайская область,Пшеница,Карасуский,544000.0,631750.0,1161.41,stat_gov_kz_real
2016,Костанайская область,Пшеница,Карасуский,578491.0,676169.4199999999,1168.85,stat_gov_kz_real
2017,Костанайская область,Пшеница,Карасуский,526700.0,648730.0,1230.0,stat_gov_kz_real
2018,Костанайская область,Пшеница,Карасуский,503800.0,668860.0,1334.3500000000001,stat_gov_kz_real
2019,Костанайская область,Пшеница,Карасуский,508800.0,353080.00000000006,694.17,stat_gov_kz_real
2020,Костанайская область,Пшеница,Карасуский,530400.0,632069.9999999999,1190.0,stat_gov_kz_real
2021,Костанайская область,Пшеница,Карасуский,568400.0,438800.0,770.0,stat_gov_kz_real
2022,Костанайская область,Пшеница,Карасуский,574500.0,890390.0,1550.0,stat_gov_kz_real
2023,Костанайская область,Пшеница,Карасуский,596096.0,652232.1900000001,1130.0,stat_gov_kz_real
2024,Костанайская область,Пшеница,Карасуский,574821.09,817092.0,1430.0,stat_gov_kz_real
2025,Костанайская область,Пшеница,Карасуский,545626.36,924855.4900000001,1700.0,stat_gov_kz_real
1990,Костанайская область,Ячмень,Карасуский,78500.0,111080.0,1420.0,stat_gov_kz_real
1991,Костанайская область,Ячмень,Карасуский,118600.0,55120.0,450.0,stat_gov_kz_real
1992,Костанайская область,Ячмень,Карасуский,112700.0,207400.0,1939.9999999999998,stat_gov_kz_real
1993,Костанайская область,Ячмень,Карасуский,183800.0,129500.0,730.0,stat_gov_kz_real
1994,Костанайская область,Ячмень,Карасуский,137500.0,141260.0,1060.0,stat_gov_kz_real
1995,Костанайская область,Ячмень,Карасуский,113500.0,25400.0,240.0,stat_gov_kz_real
1996,Костанайская область,Ячмень,Карасуский,69900.0,51890.0,740.0,stat_gov_kz_real
1997,Костанайская область,Ячмень,Карасуский,81000.0,42980.0,760.0,stat_gov_kz_real
1998,Костанайская область,Ячмень,Карасуский,50500.0,13330.0,340.0,stat_gov_kz_real
1999,Костанайская область,Ячмень,Карасуский,29300.0,37650.0,1290.0,stat_gov_kz_real
2000,Костанайская область,Ячмень,Карасуский,29600.0,22630.0,850.0,stat_gov_kz_real
2001,Костанайская область,Ячмень,Карасуский,36700.0,53980.0,1470.0,stat_gov_kz_real
2002,Костанайская область,Ячмень,Карасуский,19400.0,29630.0,1560.0,stat_gov_kz_real
2003,Костанайская область,Ячмень,Карасуский,28600.0,40090.0,1400.0,stat_gov_kz_real
2004,Костанайская область,Ячмень,Карасуский,30900.0,19850.0,640.0,stat_gov_kz_real
2005,Костанайская область,Ячмень,Карасуский,40600.0,47400.0,1170.0,stat_gov_kz_real
2006,Костанайская область,Ячмень,Карасуский,48500.0,67990.0,1400.0,stat_gov_kz_real
2007,Костанайская область,Ячмень,Карасуский,50500.0,90300.0,1789.9999999999998,stat_gov_kz_real
2008,Костанайская область,Ячмень,Карасуский,57900.0,75780.4,1310.0,stat_gov_kz_real
2009,Костанайская область,Ячмень,Карасуский,46900.0,55762.9,1190.0,stat_gov_kz_real
2010,Костанайская область,Ячмень,Карасуский,41400.0,41766.3,1010.0,stat_gov_kz_real
2011,Костанайская область,Ячмень,Карасуский,43700.0,109219.09999999999,2500.0,stat_gov_kz_real
2012,Костанайская область,Ячмень,Карасуский,60621.0,35165.700000000004,583.35,stat_gov_kz_real
2013,Костанайская область,Ячмень,Карасуский,60907.0,94875.10999999999,1557.7,stat_gov_kz_real
2014,Костанайская область,Ячмень,Карасуский,56756.0,74129.40000000001,1306.11,stat_gov_kz_real
2015,Костанайская область,Ячмень,Карасуский,71581.0,79339.6,1108.3899999999999,stat_gov_kz_real
2016,Костанайская область,Ячмень,Карасуский,58404.0,105112.48999999999,1799.7499999999998,stat_gov_kz_real
2017,Костанайская область,Ячмень,Карасуский,72600.0,117308.04999999999,1615.57,stat_gov_kz_real
2018,Костанайская область,Ячмень,Карасуский,77272.0,116306.66,1509.74,stat_gov_kz_real
2019,Костанайская область,Ячмень,Карасуский,88212.0,77050.78,880.0000000000001,stat_gov_kz_real
2020,Костанайская область,Ячмень,Карасуский,84781.0,97155.85,1145.96,stat_gov_kz_real
2021,Костанайская область,Ячмень,Карасуский,58965.6,31490.77,530.0,stat_gov_kz_real
2022,Костанайская область,Ячмень,Карасуский,59349.6,99746.77,1680.0,stat_gov_kz_real
2023,Костанайская область,Ячмень,Карасуский,70111.7,83096.14,1260.0,stat_gov_kz_real
2024,Костанайская область,Ячмень,Карасуский,74646.2,133201.2,1800.0,stat_gov_kz_real
2025,Костанайская область,Ячмень,Карасуский,89318.4,163625.12,1830.0,stat_gov_kz_real
2016,Костанайская область,Кукуруза,Костанайский,1.5,5.4,3600.0,stat_gov_kz_real
2017,Костанайская область,Кукуруза,Костанайский,131.3,155.35999999999999,1180.0,stat_gov_kz_real
2018,Костанайская область,Кукуруза,Костанайский,104.5,131.5,1260.0,stat_gov_kz_real
2019,Костанайская область,Кукуруза,Костанайский,0.8,4.6,5750.0,stat_gov_kz_real
2020,Костанайская область,Кукуруза,Костанайский,608.1999999999999,1467.3,2410.0,stat_gov_kz_real
2021,Костанайская область,Кукуруза,Костанайский,2376.2,3040.77,1280.0,stat_gov_kz_real
2022,Костанайская область,Кукуруза,Костанайский,1676.8,5006.880000000001,2990.0,stat_gov_kz_real
2023,Костанайская область,Кукуруза,Костанайский,1537.3,3000.0,1950.0,stat_gov_kz_real
2024,Костанайская область,Кукуруза,Костанайский,500.29999999999995,1174.1,2350.0,stat_gov_kz_real
2025,Костанайская область,Кукуруза,Костанайский,904.1,1700.0,1839.9999999999998,stat_gov_kz_real
1991,Костанайская область,Подсолнечник,Костанайский,600.0,69.99999999999999,70.0,stat_gov_kz_real
1992,Костанайская область,Подсолнечник,Костанайский,1400.0,190.0,140.0,stat_gov_kz_real
1993,Костанайская область,Подсолнечник,Костанайский,600.0,120.0,210.0,stat_gov_kz_real
1994,Костанайская область,Подсолнечник,Костанайский,300.0,180.0,600.0,stat_gov_kz_real
1995,Костанайская область,Подсолнечник,Костанайский,300.0,30.0,100.0,stat_gov_kz_real
1996,Костанайская область,Подсолнечник,Костанайский,300.0,30.0,180.0,stat_gov_kz_real
1997,Костанайская область,Подсолнечник,Костанайский,400.0,60.0,140.0,stat_gov_kz_real
1999,Костанайская область,Подсолнечник,Костанайский,100.0,20.0,160.0,stat_gov_kz_real
2000,Костанайская область,Подсолнечник,Костанайский,100.0,10.0,1200.0,stat_gov_kz_real
2001,Костанайская область,Подсолнечник,Костанайский,,10.0,1230.0,stat_gov_kz_real
2002,Костанайская область,Подсолнечник,Костанайский,200.0,10.0,1060.0,stat_gov_kz_real
2003,Костанайская область,Подсолнечник,Костанайский,300.0,100.0,350.0,stat_gov_kz_real
2008,Костанайская область,Подсолнечник,Костанайский,100.0,20.0,380.0,stat_gov_kz_real
2009,Костанайская область,Подсолнечник,Костанайский,400.0,200.0,550.0,stat_gov_kz_real
2010,Костанайская область,Подсолнечник,Костанайский,1700.0,1380.0000000000002,810.0,stat_gov_kz_real
2011,Костанайская область,Подсолнечник,Костанайский,5100.0,4200.0,817.35,stat_gov_kz_real
2012,Костанайская область,Подсолнечник,Костанайский,6100.0,2210.0,380.0,stat_gov_kz_real
2013,Костанайская область,Подсолнечник,Костанайский,14300.0,8320.0,674.66,stat_gov_kz_real
2014,Костанайская область,Подсолнечник,Костанайский,26800.0,15600.0,600.0,stat_gov_kz_real
2015,Костанайская область,Подсолнечник,Костанайский,18600.0,14130.0,759.6700000000001,stat_gov_kz_real
2016,Костанайская область,Подсолнечник,Костанайский,13390.3,12544.36,936.8199999999999,stat_gov_kz_real
2017,Костанайская область,Подсолнечник,Костанайский,10400.0,8650.0,830.0000000000001,stat_gov_kz_real
2018,Костанайская область,Подсолнечник,Костанайский,6800.0,5540.0,811.49,stat_gov_kz_real
2019,Костанайская область,Подсолнечник,Костанайский,8000.0,4450.0,564.82,stat_gov_kz_real
2020,Костанайская область,Подсолнечник,Костанайский,5100.0,4189.999999999999,930.0000000000001,stat_gov_kz_real
2021,Костанайская область,Подсолнечник,Костанайский,7100.0,5439.999999999999,1030.0,stat_gov_kz_real
2022,Костанайская область,Подсолнечник,Костанайский,13200.0,11340.0,880.0000000000001,stat_gov_kz_real
2023,Костанайская область,Подсолнечник,Костанайский,7183.9,8704.17,1270.0,stat_gov_kz_real
2024,Костанайская область,Подсолнечник,Костанайский,12101.7,16031.659999999998,1330.0,stat_gov_kz_real
2025,Костанайская область,Подсолнечник,Костанайский,21638.5,29304.870000000003,1350.0,stat_gov_kz_real
1990,Костанайская область,Пшеница,Костанайский,174300.0,291600.0,1670.0,stat_gov_kz_real
1991,Костанайская область,Пшеница,Костанайский,164500.0,67100.0,409.99999999999994,stat_gov_kz_real
1992,Костанайская область,Пшеница,Костанайский,174100.0,317300.0,1820.0,stat_gov_kz_real
1993,Костанайская область,Пшеница,Костанайский,119700.0,112120.0,940.0,stat_gov_kz_real
1994,Костанайская область,Пшеница,Костанайский,129600.0,189230.0,1460.0,stat_gov_kz_real
1995,Костанайская область,Пшеница,Костанайский,144800.0,69110.0,480.0,stat_gov_kz_real
1996,Костанайская область,Пшеница,Костанайский,150400.0,163100.0,1080.0,stat_gov_kz_real
1997,Костанайская область,Пшеница,Костанайский,160900.0,243119.99999999997,1510.0,stat_gov_kz_real
1998,Костанайская область,Пшеница,Костанайский,157100.0,74600.0,540.0,stat_gov_kz_real
1999,Костанайская область,Пшеница,Костанайский,156100.0,291930.0,1870.0,stat_gov_kz_real
2000,Костанайская область,Пшеница,Костанайский,141500.0,240570.0,1600.0,stat_gov_kz_real
2001,Костанайская область,Пшеница,Костанайский,205000.0,262909.99999999994,1280.0,stat_gov_kz_real
2002,Костанайская область,Пшеница,Костанайский,196000.0,253800.0,1320.0,stat_gov_kz_real
2003,Костанайская область,Пшеница,Костанайский,192900.0,235469.99999999997,1220.0,stat_gov_kz_real
2004,Костанайская область,Пшеница,Костанайский,191300.0,171440.0,900.0,stat_gov_kz_real
2005,Костанайская область,Пшеница,Костанайский,229000.0,262219.99999999994,1150.0,stat_gov_kz_real
2006,Костанайская область,Пшеница,Костанайский,236700.0,451980.0,1910.0000000000002,stat_gov_kz_real
2007,Костанайская область,Пшеница,Костанайский,257000.0,442860.0,1730.0,stat_gov_kz_real
2008,Костанайская область,Пшеница,Костанайский,270700.0,323490.0,1200.0,stat_gov_kz_real
2009,Костанайская область,Пшеница,Костанайский,276800.0,384180.0,1400.0,stat_gov_kz_real
2010,Костанайская область,Пшеница,Костанайский,259200.0,208700.0,819.9999999999999,stat_gov_kz_real
2011,Костанайская область,Пшеница,Костанайский,247900.0,547040.0,2210.0,stat_gov_kz_real
2012,Костанайская область,Пшеница,Костанайский,254400.0,206380.00000000003,850.0,stat_gov_kz_real
2013,Костанайская область,Пшеница,Костанайский,242000.0,239040.00000000003,999.76,stat_gov_kz_real
2014,Костанайская область,Пшеница,Костанайский,209000.0,250190.0,1198.36,stat_gov_kz_real
2015,Костанайская область,Пшеница,Костанайский,209700.0,309919.99999999994,1478.05,stat_gov_kz_real
2016,Костанайская область,Пшеница,Костанайский,227864.6,295537.36,1297.16,stat_gov_kz_real
2017,Костанайская область,Пшеница,Костанайский,214900.0,293740.0,1370.0,stat_gov_kz_real
2018,Костанайская область,Пшеница,Костанайский,195500.0,263780.00000000006,1349.3600000000001,stat_gov_kz_real
2019,Костанайская область,Пшеница,Костанайский,182700.0,171640.00000000003,941.01,stat_gov_kz_real
2020,Костанайская область,Пшеница,Костанайский,197600.0,237320.0,1200.0,stat_gov_kz_real
2021,Костанайская область,Пшеница,Костанайский,214000.0,221890.00000000003,1070.0,stat_gov_kz_real
2022,Костанайская область,Пшеница,Костанайский,209900.0,298320.0,1420.0,stat_gov_kz_real
2023,Костанайская область,Пшеница,Костанайский,236482.6,325666.42000000004,1410.0,stat_gov_kz_real
2024,Костанайская область,Пшеница,Костанайский,238114.6,310615.61,1320.0,stat_gov_kz_real
2025,Костанайская область,Пшеница,Костанайский,216947.0,348305.94,1610.0000000000002,stat_gov_kz_real
1990,Костанайская область,Ячмень,Костанайский,63600.0,134400.0,2110.0,stat_gov_kz_real
1991,Костанайская область,Ячмень,Костанайский,62800.0,20350.0,320.0,stat_gov_kz_real
1992,Костанайская область,Ячмень,Костанайский,47800.0,114710.0,2400.0,stat_gov_kz_real
1993,Костанайская область,Ячмень,Костанайский,96000.0,119030.0,1240.0,stat_gov_kz_real
1994,Костанайская область,Ячмень,Костанайский,72700.0,119670.0,1650.0,stat_gov_kz_real
1995,Костанайская область,Ячмень,Костанайский,64400.00000000001,27630.0,430.0,stat_gov_kz_real
1996,Костанайская область,Ячмень,Костанайский,50300.0,67100.0,1330.0,stat_gov_kz_real
1997,Костанайская область,Ячмень,Костанайский,39800.0,70680.0,1780.0,stat_gov_kz_real
1998,Костанайская область,Ячмень,Костанайский,25200.0,7670.0,430.0,stat_gov_kz_real
1999,Костанайская область,Ячмень,Костанайский,21600.0,35110.0,1630.0,stat_gov_kz_real
2000,Костанайская область,Ячмень,Костанайский,15900.0,15410.0,1140.0,stat_gov_kz_real
2001,Костанайская область,Ячмень,Костанайский,13000.0,19920.0,1530.0,stat_gov_kz_real
2002,Костанайская область,Ячмень,Костанайский,10000.0,13500.0,1370.0,stat_gov_kz_real
2003,Костанайская область,Ячмень,Костанайский,9700.0,10370.0,1070.0,stat_gov_kz_real
2004,Костанайская область,Ячмень,Костанайский,11800.0,10780.0,910.0,stat_gov_kz_real
2005,Костанайская область,Ячмень,Костанайский,10000.0,13740.0,1370.0,stat_gov_kz_real
2006,Костанайская область,Ячмень,Костанайский,17800.0,29220.0,1639.9999999999998,stat_gov_kz_real
2007,Костанайская область,Ячмень,Костанайский,15600.0,31300.0,2000.0,stat_gov_kz_real
2008,Костанайская область,Ячмень,Костанайский,21900.0,31233.04,1430.0,stat_gov_kz_real
2009,Костанайская область,Ячмень,Костанайский,18700.0,29837.73,1600.0,stat_gov_kz_real
2010,Костанайская область,Ячмень,Костанайский,13400.0,9661.669999999998,730.0,stat_gov_kz_real
2011,Костанайская область,Ячмень,Костанайский,16900.0,41629.2,2460.0,stat_gov_kz_real
2012,Костанайская область,Ячмень,Костанайский,17776.66,13187.63,831.6800000000001,stat_gov_kz_real
2013,Костанайская область,Ячмень,Костанайский,19539.1,30017.346000000005,1540.3700000000001,stat_gov_kz_real
2014,Костанайская область,Ячмень,Костанайский,20288.3,32194.44,1586.85,stat_gov_kz_real
2015,Костанайская область,Ячмень,Костанайский,26136.1,40421.37899999999,1546.57,stat_gov_kz_real
2016,Костанайская область,Ячмень,Костанайский,24128.4,39945.51,1655.54,stat_gov_kz_real
2017,Костанайская область,Ячмень,Костанайский,32100.0,54129.28,1687.7199999999998,stat_gov_kz_real
2018,Костанайская область,Ячмень,Костанайский,43211.7,66779.15,1545.4,stat_gov_kz_real
2019,Костанайская область,Ячмень,Костанайский,54931.6,48556.86,886.37,stat_gov_kz_real
2020,Костанайская область,Ячмень,Костанайский,43872.89,40333.6,951.22,stat_gov_kz_real
2021,Костанайская область,Ячмень,Костанайский,23652.72,21366.420000000002,950.0,stat_gov_kz_real
2022,Костанайская область,Ячмень,Костанайский,23271.55,34398.78,1490.0,stat_gov_kz_real
2023,Костанайская область,Ячмень,Костанайский,31950.0,42844.39000000001,1490.0,stat_gov_kz_real
2024,Костанайская область,Ячмень,Костанайский,23531.4,33852.70999999999,1530.0,stat_gov_kz_real
2025,Костанайская область,Ячмень,Костанайский,24700.0,45713.42,1870.0,stat_gov_kz_real
1999,Костанайская область,Подсолнечник,Лисаковск г.а.,,10.0,1250.0,stat_gov_kz_real
2000,Костанайская область,Подсолнечник,Лисаковск г.а.,,,1180.0,stat_gov_kz_real
2001,Костанайская область,Подсолнечник,Лисаковск г.а.,,,1140.0,stat_gov_kz_real
2002,Костанайская область,Подсолнечник,Лисаковск г.а.,,,1000.0,stat_gov_kz_real
2003,Костанайская область,Подсолнечник,Лисаковск г.а.,,,1100.0,stat_gov_kz_real
2004,Костанайская область,Подсолнечник,Лисаковск г.а.,,,750.0,stat_gov_kz_real
2005,Костанайская область,Подсолнечник,Лисаковск г.а.,,,750.0,stat_gov_kz_real
2006,Костанайская область,Подсолнечник,Лисаковск г.а.,0.0,0.0,350.0,stat_gov_kz_real
1990,Костанайская область,Пшеница,Лисаковск г.а.,100.0,169.99999999999997,1220.0,stat_gov_kz_real
1991,Костанайская область,Пшеница,Лисаковск г.а.,100.0,40.0,250.0,stat_gov_kz_real
1992,Костанайская область,Пшеница,Лисаковск г.а.,100.0,190.0,1220.0,stat_gov_kz_real
1993,Костанайская область,Пшеница,Лисаковск г.а.,200.0,130.0,680.0,stat_gov_kz_real
1994,Костанайская область,Пшеница,Лисаковск г.а.,600.0,430.0,760.0,stat_gov_kz_real
1995,Костанайская область,Пшеница,Лисаковск г.а.,200.0,40.0,200.0,stat_gov_kz_real
1996,Костанайская область,Пшеница,Лисаковск г.а.,1200.0,459.99999999999994,390.0,stat_gov_kz_real
2022,Костанайская область,Пшеница,Лисаковск г.а.,400.0,260.0,660.0,stat_gov_kz_real
2023,Костанайская область,Пшеница,Лисаковск г.а.,839.0,440.29999999999995,700.0,stat_gov_kz_real
2024,Костанайская область,Пшеница,Лисаковск г.а.,793.0,1386.1000000000001,1750.0,stat_gov_kz_real
2025,Костанайская область,Пшеница,Лисаковск г.а.,138.0,157.29999999999998,1140.0,stat_gov_kz_real
1990,Костанайская область,Ячмень,Лисаковск г.а.,500.0,830.0,1760.0000000000002,stat_gov_kz_real
1991,Костанайская область,Ячмень,Лисаковск г.а.,500.0,,220.00000000000003,stat_gov_kz_real
1992,Костанайская область,Ячмень,Лисаковск г.а.,700.0,1100.0,1590.0,stat_gov_kz_real
1993,Костанайская область,Ячмень,Лисаковск г.а.,800.0,380.0,459.99999999999994,stat_gov_kz_real
1994,Костанайская область,Ячмень,Лисаковск г.а.,1000.0,1520.0,1680.0,stat_gov_kz_real
1995,Костанайская область,Ячмень,Лисаковск г.а.,1400.0,340.0,250.0,stat_gov_kz_real
1997,Костанайская область,Ячмень,Лисаковск г.а.,1000.0,630.0,670.0,stat_gov_kz_real
1998,Костанайская область,Ячмень,Лисаковск г.а.,800.0,20.0,30.0,stat_gov_kz_real
1999,Костанайская область,Ячмень,Лисаковск г.а.,200.0,210.0,840.0,stat_gov_kz_real
2008,Костанайская область,Ячмень,Лисаковск г.а.,,,380.0,stat_gov_kz_real
2021,Костанайская область,Ячмень,Лисаковск г.а.,265.0,151.10000000000002,570.0,stat_gov_kz_real
2022,Костанайская область,Ячмень,Лисаковск г.а.,94.0,98.8,1050.0,stat_gov_kz_real
2023,Костанайская область,Ячмень,Лисаковск г.а.,94.0,13.0,500.0,stat_gov_kz_real
2020,Костанайская область,Кукуруза,Мендыкаринский,335.0,483.9,1440.0,stat_gov_kz_real
2021,Костанайская область,Кукуруза,Мендыкаринский,2349.0,3966.9,1689.9999999999998,stat_gov_kz_real
2022,Костанайская область,Кукуруза,Мендыкаринский,2456.0,1876.8,,stat_gov_kz_real
2023,Костанайская область,Кукуруза,Мендыкаринский,902.0,600.0,640.0,stat_gov_kz_real
1991,Костанайская область,Подсолнечник,Мендыкаринский,1500.0,300.0,200.0,stat_gov_kz_real
1992,Костанайская область,Подсолнечник,Мендыкаринский,2600.0,520.0,20.0,stat_gov_kz_real
1993,Костанайская область,Подсолнечник,Мендыкаринский,1200.0,210.00000000000003,170.0,stat_gov_kz_real
1994,Костанайская область,Подсолнечник,Мендыкаринский,1400.0,260.0,180.0,stat_gov_kz_real
1995,Костанайская область,Подсолнечник,Мендыкаринский,1700.0,339.99999999999994,190.0,stat_gov_kz_real
1996,Костанайская область,Подсолнечник,Мендыкаринский,2000.0,290.0,210.0,stat_gov_kz_real
1997,Костанайская область,Подсолнечник,Мендыкаринский,500.0,180.0,380.0,stat_gov_kz_real
1998,Костанайская область,Подсолнечник,Мендыкаринский,300.0,10.0,60.0,stat_gov_kz_real
1999,Костанайская область,Подсолнечник,Мендыкаринский,,,1000.0,stat_gov_kz_real
2000,Костанайская область,Подсолнечник,Мендыкаринский,1700.0,430.0,250.0,stat_gov_kz_real
2001,Костанайская область,Подсолнечник,Мендыкаринский,800.0,329.99999999999994,400.0,stat_gov_kz_real
2002,Костанайская область,Подсолнечник,Мендыкаринский,1400.0,690.0000000000001,509.99999999999994,stat_gov_kz_real
2003,Костанайская область,Подсолнечник,Мендыкаринский,1500.0,1430.0000000000002,980.0000000000001,stat_gov_kz_real
2004,Костанайская область,Подсолнечник,Мендыкаринский,2500.0,279.99999999999994,110.00000000000001,stat_gov_kz_real
2008,Костанайская область,Подсолнечник,Мендыкаринский,1100.0,450.0,409.99999999999994,stat_gov_kz_real
2009,Костанайская область,Подсолнечник,Мендыкаринский,500.0,110.00000000000001,240.0,stat_gov_kz_real
2010,Костанайская область,Подсолнечник,Мендыкаринский,5600.0,1710.0000000000002,320.0,stat_gov_kz_real
2011,Костанайская область,Подсолнечник,Мендыкаринский,6300.0,4010.0,639.15,stat_gov_kz_real
2012,Костанайская область,Подсолнечник,Мендыкаринский,4100.0,2000.0,490.00000000000006,stat_gov_kz_real
2013,Костанайская область,Подсолнечник,Мендыкаринский,12300.0,10090.0,815.64,stat_gov_kz_real
2014,Костанайская область,Подсолнечник,Мендыкаринский,22600.0,14219.999999999998,750.0,stat_gov_kz_real
2015,Костанайская область,Подсолнечник,Мендыкаринский,13500.0,9320.0,696.1700000000001,stat_gov_kz_real
2016,Костанайская область,Подсолнечник,Мендыкаринский,12377.0,7468.200000000001,683.28,stat_gov_kz_real
2017,Костанайская область,Подсолнечник,Мендыкаринский,11600.0,7070.0,640.0,stat_gov_kz_real
2018,Костанайская область,Подсолнечник,Мендыкаринский,10000.0,7430.0,744.01,stat_gov_kz_real
2019,Костанайская область,Подсолнечник,Мендыкаринский,8200.0,6040.0,740.63,stat_gov_kz_real
2020,Костанайская область,Подсолнечник,Мендыкаринский,9100.0,6040.0,660.0,stat_gov_kz_real
2021,Костанайская область,Подсолнечник,Мендыкаринский,10100.0,9180.0,919.9999999999999,stat_gov_kz_real
2022,Костанайская область,Подсолнечник,Мендыкаринский,15000.0,15080.000000000002,1010.0,stat_gov_kz_real
2023,Костанайская область,Подсолнечник,Мендыкаринский,19506.4,25367.68,1300.0,stat_gov_kz_real
2024,Костанайская область,Подсолнечник,Мендыкаринский,20937.4,31383.249999999996,1500.0,stat_gov_kz_real
2025,Костанайская область,Подсолнечник,Мендыкаринский,27781.5,48095.27,1730.0,stat_gov_kz_real
1990,Костанайская область,Пшеница,Мендыкаринский,183200.0,291630.0,1590.0,stat_gov_kz_real
1991,Костанайская область,Пшеница,Мендыкаринский,182400.0,77740.0,430.0,stat_gov_kz_real
1992,Костанайская область,Пшеница,Мендыкаринский,166700.0,236340.0,1420.0,stat_gov_kz_real
1993,Костанайская область,Пшеница,Мендыкаринский,148200.0,113130.0,760.0,stat_gov_kz_real
1994,Костанайская область,Пшеница,Мендыкаринский,140500.0,143310.0,1019.9999999999999,stat_gov_kz_real
1995,Костанайская область,Пшеница,Мендыкаринский,146200.0,92270.00000000001,630.0,stat_gov_kz_real
1996,Костанайская область,Пшеница,Мендыкаринский,145900.0,144340.0,990.0,stat_gov_kz_real
1997,Костанайская область,Пшеница,Мендыкаринский,149900.0,211890.00000000003,1410.0,stat_gov_kz_real
1998,Костанайская область,Пшеница,Мендыкаринский,142000.0,63040.0,520.0,stat_gov_kz_real
1999,Костанайская область,Пшеница,Мендыкаринский,133700.0,226030.00000000003,1689.9999999999998,stat_gov_kz_real
2000,Костанайская область,Пшеница,Мендыкаринский,155200.0,200150.0,1250.0,stat_gov_kz_real
2001,Костанайская область,Пшеница,Мендыкаринский,181300.0,227530.00000000003,1260.0,stat_gov_kz_real
2002,Костанайская область,Пшеница,Мендыкаринский,185200.0,242420.0,1310.0,stat_gov_kz_real
2003,Костанайская область,Пшеница,Мендыкаринский,173200.0,207590.0,1210.0,stat_gov_kz_real
2004,Костанайская область,Пшеница,Мендыкаринский,183000.0,148060.0,810.0,stat_gov_kz_real
2005,Костанайская область,Пшеница,Мендыкаринский,187800.0,208869.99999999997,1110.0,stat_gov_kz_real
2006,Костанайская область,Пшеница,Мендыкаринский,205900.0,332020.0,1610.0000000000002,stat_gov_kz_real
2007,Костанайская область,Пшеница,Мендыкаринский,225500.0,357100.0,1590.0,stat_gov_kz_real
2008,Костанайская область,Пшеница,Мендыкаринский,231700.0,335800.0,1450.0,stat_gov_kz_real
2009,Костанайская область,Пшеница,Мендыкаринский,245700.0,372469.99999999994,1520.0,stat_gov_kz_real
2010,Костанайская область,Пшеница,Мендыкаринский,232300.0,246959.99999999997,1140.0,stat_gov_kz_real
2011,Костанайская область,Пшеница,Мендыкаринский,225600.0,444390.0,1980.0,stat_gov_kz_real
2012,Костанайская область,Пшеница,Мендыкаринский,230100.0,192420.00000000003,890.0,stat_gov_kz_real
2013,Костанайская область,Пшеница,Мендыкаринский,237100.0,254500.0,1073.69,stat_gov_kz_real
2014,Костанайская область,Пшеница,Мендыкаринский,212300.0,217490.0,1099.3,stat_gov_kz_real
2015,Костанайская область,Пшеница,Мендыкаринский,183800.0,237600.0,1292.97,stat_gov_kz_real
2016,Костанайская область,Пшеница,Мендыкаринский,199878.3,244246.18999999997,1221.97,stat_gov_kz_real
2017,Костанайская область,Пшеница,Мендыкаринский,193300.0,270500.0,1400.0,stat_gov_kz_real
2018,Костанайская область,Пшеница,Мендыкаринский,170800.0,240260.0,1406.73,stat_gov_kz_real
2019,Костанайская область,Пшеница,Мендыкаринский,162500.0,192040.00000000003,1186.44,stat_gov_kz_real
2020,Костанайская область,Пшеница,Мендыкаринский,189300.0,248000.0,1310.0,stat_gov_kz_real
2021,Костанайская область,Пшеница,Мендыкаринский,204800.0,228130.00000000003,1120.0,stat_gov_kz_real
2022,Костанайская область,Пшеница,Мендыкаринский,201200.0,291230.0,1470.0,stat_gov_kz_real
2023,Костанайская область,Пшеница,Мендыкаринский,197765.8,226995.56,1180.0,stat_gov_kz_real
2024,Костанайская область,Пшеница,Мендыкаринский,189968.2,320796.07,1689.9999999999998,stat_gov_kz_real
2025,Костанайская область,Пшеница,Мендыкаринский,182982.7,389546.05000000005,2130.0,stat_gov_kz_real
1990,Костанайская область,Ячмень,Мендыкаринский,59700.0,121130.0,2030.0,stat_gov_kz_real
1991,Костанайская область,Ячмень,Мендыкаринский,60200.0,29890.0,500.0,stat_gov_kz_real
1992,Костанайская область,Ячмень,Мендыкаринский,61100.0,108100.0,1770.0,stat_gov_kz_real
1993,Костанайская область,Ячмень,Мендыкаринский,78600.0,62230.0,790.0,stat_gov_kz_real
1994,Костанайская область,Ячмень,Мендыкаринский,55100.0,73210.0,1330.0,stat_gov_kz_real
1995,Костанайская область,Ячмень,Мендыкаринский,34000.0,11520.0,340.0,stat_gov_kz_real
1996,Костанайская область,Ячмень,Мендыкаринский,33400.0,33080.0,990.0,stat_gov_kz_real
1997,Костанайская область,Ячмень,Мендыкаринский,26100.0,40010.0,1530.0,stat_gov_kz_real
1998,Костанайская область,Ячмень,Мендыкаринский,14800.0,5810.0,409.99999999999994,stat_gov_kz_real
1999,Костанайская область,Ячмень,Мендыкаринский,10500.0,15170.0,1450.0,stat_gov_kz_real
2000,Костанайская область,Ячмень,Мендыкаринский,11800.0,9960.0,910.0,stat_gov_kz_real
2001,Костанайская область,Ячмень,Мендыкаринский,7900.0,9870.0,1250.0,stat_gov_kz_real
2002,Костанайская область,Ячмень,Мендыкаринский,10000.0,10630.0,1070.0,stat_gov_kz_real
2003,Костанайская область,Ячмень,Мендыкаринский,12900.0,12930.0,1000.0,stat_gov_kz_real
2004,Костанайская область,Ячмень,Мендыкаринский,13300.0,7370.0,550.0,stat_gov_kz_real
2005,Костанайская область,Ячмень,Мендыкаринский,11500.0,13530.000000000002,1180.0,stat_gov_kz_real
2006,Костанайская область,Ячмень,Мендыкаринский,13100.0,22750.0,1730.0,stat_gov_kz_real
2007,Костанайская область,Ячмень,Мендыкаринский,18300.0,32600.0,1789.9999999999998,stat_gov_kz_real
2008,Костанайская область,Ячмень,Мендыкаринский,17300.0,25271.4,1460.0,stat_gov_kz_real
2009,Костанайская область,Ячмень,Мендыкаринский,9700.0,12715.26,1340.0,stat_gov_kz_real
2010,Костанайская область,Ячмень,Мендыкаринский,9600.0,8054.089999999998,1160.0,stat_gov_kz_real
2011,Костанайская область,Ячмень,Мендыкаринский,12100.0,26452.6,2190.0,stat_gov_kz_real
2012,Костанайская область,Ячмень,Мендыкаринский,18117.5,11237.9,726.3499999999999,stat_gov_kz_real
2013,Костанайская область,Ячмень,Мендыкаринский,12754.4,18150.03,1423.04,stat_gov_kz_real
2014,Костанайская область,Ячмень,Мендыкаринский,14557.1,21216.0,1467.09,stat_gov_kz_real
2015,Костанайская область,Ячмень,Мендыкаринский,20857.0,28265.221999999998,1355.19,stat_gov_kz_real
2016,Костанайская область,Ячмень,Мендыкаринский,19365.5,28483.22,1473.87,stat_gov_kz_real
2017,Костанайская область,Ячмень,Мендыкаринский,34500.0,46374.08,1440.25,stat_gov_kz_real
2018,Костанайская область,Ячмень,Мендыкаринский,38776.0,49195.69,1319.77,stat_gov_kz_real
2019,Костанайская область,Ячмень,Мендыкаринский,41604.2,42801.1,1041.28,stat_gov_kz_real
2020,Костанайская область,Ячмень,Мендыкаринский,29911.6,26296.0,879.12,stat_gov_kz_real
2021,Костанайская область,Ячмень,Мендыкаринский,17117.5,13380.679999999998,780.0,stat_gov_kz_real
2022,Костанайская область,Ячмень,Мендыкаринский,18671.34,24505.8,1310.0,stat_gov_kz_real
2023,Костанайская область,Ячмень,Мендыкаринский,26596.4,24483.41,930.0000000000001,stat_gov_kz_real
2024,Костанайская область,Ячмень,Мендыкаринский,19407.2,25161.579999999998,1300.0,stat_gov_kz_real
2025,Костанайская область,Ячмень,Мендыкаринский,15557.6,27450.540000000005,1760.0000000000002,stat_gov_kz_real
2016,Костанайская область,Кукуруза,Наурзумский,10.0,1.0,100.0,stat_gov_kz_real
2022,Костанайская область,Кукуруза,Наурзумский,,,900.0,stat_gov_kz_real
1992,Костанайская область,Подсолнечник,Наурзумский,700.0,69.99999999999999,10.0,stat_gov_kz_real
1993,Костанайская область,Подсолнечник,Наурзумский,1000.0,139.99999999999997,150.0,stat_gov_kz_real
1994,Костанайская область,Подсолнечник,Наурзумский,1700.0,169.99999999999997,100.0,stat_gov_kz_real
1995,Костанайская область,Подсолнечник,Наурзумский,900.0,30.0,30.0,stat_gov_kz_real
1996,Костанайская область,Подсолнечник,Наурзумский,800.0,30.0,60.0,stat_gov_kz_real
1997,Костанайская область,Подсолнечник,Наурзумский,300.0,10.0,40.0,stat_gov_kz_real
1999,Костанайская область,Подсолнечник,Наурзумский,,,500.0,stat_gov_kz_real
2011,Костанайская область,Подсолнечник,Наурзумский,100.0,90.0,900.0,stat_gov_kz_real
2012,Костанайская область,Подсолнечник,Наурзумский,900.0,,,stat_gov_kz_real
2014,Костанайская область,Подсолнечник,Наурзумский,1400.0,1550.0,1100.0,stat_gov_kz_real
2015,Костанайская область,Подсолнечник,Наурзумский,600.0,210.00000000000003,364.57,stat_gov_kz_real
2023,Костанайская область,Подсолнечник,Наурзумский,2033.9999999999998,1607.2,790.0,stat_gov_kz_real
2024,Костанайская область,Подсолнечник,Наурзумский,449.0,208.00000000000003,459.99999999999994,stat_gov_kz_real
2025,Костанайская область,Подсолнечник,Наурзумский,950.0,710.0,1000.0,stat_gov_kz_real
1990,Костанайская область,Пшеница,Наурзумский,285000.0,386600.0,1360.0,stat_gov_kz_real
1991,Костанайская область,Пшеница,Наурзумский,275800.0,91010.0,330.0,stat_gov_kz_real
1992,Костанайская область,Пшеница,Наурзумский,279300.0,311440.0,1110.0,stat_gov_kz_real
1993,Костанайская область,Пшеница,Наурзумский,260500.0,218600.0,840.0,stat_gov_kz_real
1994,Костанайская область,Пшеница,Наурзумский,255700.0,180990.0,710.0,stat_gov_kz_real
1995,Костанайская область,Пшеница,Наурзумский,206200.0,54460.0,260.0,stat_gov_kz_real
1996,Костанайская область,Пшеница,Наурзумский,199600.0,76650.0,380.0,stat_gov_kz_real
1997,Костанайская область,Пшеница,Наурзумский,160400.0,114990.00000000001,730.0,stat_gov_kz_real
1998,Костанайская область,Пшеница,Наурзумский,134800.0,28910.000000000004,280.0,stat_gov_kz_real
1999,Костанайская область,Пшеница,Наурзумский,86800.0,102460.0,1180.0,stat_gov_kz_real
2000,Костанайская область,Пшеница,Наурзумский,114200.0,102450.0,900.0,stat_gov_kz_real
2001,Костанайская область,Пшеница,Наурзумский,137900.0,148250.0,1070.0,stat_gov_kz_real
2002,Костанайская область,Пшеница,Наурзумский,150200.0,165200.0,1100.0,stat_gov_kz_real
2003,Костанайская область,Пшеница,Наурзумский,164300.0,158670.00000000003,969.9999999999999,stat_gov_kz_real
2004,Костанайская область,Пшеница,Наурзумский,168100.0,110559.99999999999,660.0,stat_gov_kz_real
2005,Костанайская область,Пшеница,Наурзумский,173600.0,138620.0,819.9999999999999,stat_gov_kz_real
2006,Костанайская область,Пшеница,Наурзумский,193500.0,89330.0,480.0,stat_gov_kz_real
2007,Костанайская область,Пшеница,Наурзумский,218800.0,280450.0,1290.0,stat_gov_kz_real
2008,Костанайская область,Пшеница,Наурзумский,218000.0,197950.0,919.9999999999999,stat_gov_kz_real
2009,Костанайская область,Пшеница,Наурзумский,239800.0,142459.99999999997,600.0,stat_gov_kz_real
2010,Костанайская область,Пшеница,Наурзумский,231500.0,107790.0,480.0,stat_gov_kz_real
2011,Костанайская область,Пшеница,Наурзумский,226600.0,251400.0,1110.0,stat_gov_kz_real
2012,Костанайская область,Пшеница,Наурзумский,220400.0,60190.0,290.0,stat_gov_kz_real
2013,Костанайская область,Пшеница,Наурзумский,221500.0,157700.0,719.73,stat_gov_kz_real
2014,Костанайская область,Пшеница,Наурзумский,193900.0,116679.99999999999,603.1,stat_gov_kz_real
2015,Костанайская область,Пшеница,Наурзумский,192100.0,150120.0,781.39,stat_gov_kz_real
2016,Костанайская область,Пшеница,Наурзумский,203436.0,153015.63999999998,752.1600000000001,stat_gov_kz_real
2017,Костанайская область,Пшеница,Наурзумский,205700.0,174430.0,850.0,stat_gov_kz_real
2018,Костанайская область,Пшеница,Наурзумский,216100.0,161310.0,746.5600000000001,stat_gov_kz_real
2019,Костанайская область,Пшеница,Наурзумский,218500.0,63020.0,289.54,stat_gov_kz_real
2020,Костанайская область,Пшеница,Наурзумский,221500.0,175900.0,800.0,stat_gov_kz_real
2021,Костанайская область,Пшеница,Наурзумский,221300.0,72840.0,350.0,stat_gov_kz_real
2022,Костанайская область,Пшеница,Наурзумский,212500.0,205109.99999999997,969.9999999999999,stat_gov_kz_real
2023,Костанайская область,Пшеница,Наурзумский,231717.0,164389.6,710.0,stat_gov_kz_real
2024,Костанайская область,Пшеница,Наурзумский,217520.0,183254.62,840.0,stat_gov_kz_real
2025,Костанайская область,Пшеница,Наурзумский,209840.0,185398.7,910.0,stat_gov_kz_real
1990,Костанайская область,Ячмень,Наурзумский,16500.0,32009.999999999996,1939.9999999999998,stat_gov_kz_real
1991,Костанайская область,Ячмень,Наурзумский,20800.0,4640.0,220.00000000000003,stat_gov_kz_real
1992,Костанайская область,Ячмень,Наурзумский,15100.0,23230.0,1540.0,stat_gov_kz_real
1993,Костанайская область,Ячмень,Наурзумский,23100.0,21630.0,940.0,stat_gov_kz_real
1994,Костанайская область,Ячмень,Наурзумский,24500.0,13860.0,560.0,stat_gov_kz_real
1995,Костанайская область,Ячмень,Наурзумский,17500.0,4370.0,250.0,stat_gov_kz_real
1996,Костанайская область,Ячмень,Наурзумский,12200.0,5360.0,440.00000000000006,stat_gov_kz_real
1997,Костанайская область,Ячмень,Наурзумский,13700.0,7510.0,550.0,stat_gov_kz_real
1998,Костанайская область,Ячмень,Наурзумский,5800.0,1290.0,260.0,stat_gov_kz_real
1999,Костанайская область,Ячмень,Наурзумский,3400.0,2980.0,880.0000000000001,stat_gov_kz_real
2000,Костанайская область,Ячмень,Наурзумский,1700.0,1840.0,1019.9999999999999,stat_gov_kz_real
2001,Костанайская область,Ячмень,Наурзумский,2900.0,3600.0,1240.0,stat_gov_kz_real
2002,Костанайская область,Ячмень,Наурзумский,3200.0,3040.0,960.0,stat_gov_kz_real
2003,Костанайская область,Ячмень,Наурзумский,5000.0,5230.0,1050.0,stat_gov_kz_real
2004,Костанайская область,Ячмень,Наурзумский,5900.0,3360.0000000000005,570.0,stat_gov_kz_real
2005,Костанайская область,Ячмень,Наурзумский,6000.0,4540.0,760.0,stat_gov_kz_real
2006,Костанайская область,Ячмень,Наурзумский,7500.0,3120.0,409.99999999999994,stat_gov_kz_real
2007,Костанайская область,Ячмень,Наурзумский,6000.0,7800.0,1300.0,stat_gov_kz_real
2008,Костанайская область,Ячмень,Наурзумский,7400.0,8010.0,1080.0,stat_gov_kz_real
2009,Костанайская область,Ячмень,Наурзумский,6000.0,2986.0,509.99999999999994,stat_gov_kz_real
2010,Костанайская область,Ячмень,Наурзумский,6800.0,3357.2000000000003,560.0,stat_gov_kz_real
2011,Костанайская область,Ячмень,Наурзумский,5300.0,5885.5,1110.0,stat_gov_kz_real
2012,Костанайская область,Ячмень,Наурзумский,12532.0,3744.8,298.82,stat_gov_kz_real
2013,Костанайская область,Ячмень,Наурзумский,14088.0,10502.85,745.52,stat_gov_kz_real
2014,Костанайская область,Ячмень,Наурзумский,13554.0,7269.2,536.3100000000001,stat_gov_kz_real
2015,Костанайская область,Ячмень,Наурзумский,16769.0,12755.800000000001,760.68,stat_gov_kz_real
2016,Костанайская область,Ячмень,Наурзумский,12890.0,11987.6,929.9899999999999,stat_gov_kz_real
2017,Костанайская область,Ячмень,Наурзумский,12890.0,12365.7,958.58,stat_gov_kz_real
2018,Костанайская область,Ячмень,Наурзумский,13508.0,15001.0,1110.53,stat_gov_kz_real
2019,Костанайская область,Ячмень,Наурзумский,16852.0,7467.7,443.13,stat_gov_kz_real
2020,Костанайская область,Ячмень,Наурзумский,19050.0,18974.6,996.04,stat_gov_kz_real
2021,Костанайская область,Ячмень,Наурзумский,10267.0,2470.2999999999997,310.0,stat_gov_kz_real
2022,Костанайская область,Ячмень,Наурзумский,8041.0,9412.4,1170.0,stat_gov_kz_real
2023,Костанайская область,Ячмень,Наурзумский,12499.0,9544.9,760.0,stat_gov_kz_real
2024,Костанайская область,Ячмень,Наурзумский,12351.0,17190.100000000002,1440.0,stat_gov_kz_real
2025,Костанайская область,Ячмень,Наурзумский,19400.0,17542.4,950.0,stat_gov_kz_real
2010,Костанайская область,Кукуруза,Область (итого),400.0,800.0,1789.9999999999998,stat_gov_kz_real
2013,Костанайская область,Кукуруза,Область (итого),54.0,100.0,1590.0,stat_gov_kz_real
2014,Костанайская область,Кукуруза,Область (итого),200.1,100.0,380.0,stat_gov_kz_real
2015,Костанайская область,Кукуруза,Область (итого),1.5,0.0,2200.0,stat_gov_kz_real
2016,Костанайская область,Кукуруза,Область (итого),11.6,0.0,590.0,stat_gov_kz_real
2017,Костанайская область,Кукуруза,Область (итого),181.9,200.0,1130.0,stat_gov_kz_real
2018,Костанайская область,Кукуруза,Область (итого),116.3,200.0,1350.0,stat_gov_kz_real
2019,Костанайская область,Кукуруза,Область (итого),2.6,0.0,2210.0,stat_gov_kz_real
2020,Костанайская область,Кукуруза,Область (итого),994.3,2000.0,2070.0,stat_gov_kz_real
2021,Костанайская область,Кукуруза,Область (итого),8730.0,11300.0,1290.0,stat_gov_kz_real
2022,Костанайская область,Кукуруза,Область (итого),11970.0,15000.0,1300.0,stat_gov_kz_real
2023,Костанайская область,Кукуруза,Область (итого),3450.0,4700.0,1370.0,stat_gov_kz_real
2024,Костанайская область,Кукуруза,Область (итого),860.0,2300.0,2730.0,stat_gov_kz_real
2025,Костанайская область,Кукуруза,Область (итого),1160.1,1921.2,1660.0000000000002,stat_gov_kz_real
1991,Костанайская область,Подсолнечник,Область (итого),10600.0,1250.0,120.0,stat_gov_kz_real
1992,Костанайская область,Подсолнечник,Область (итого),20800.0,2790.0,130.0,stat_gov_kz_real
1993,Костанайская область,Подсолнечник,Область (итого),10200.0,1590.0,160.0,stat_gov_kz_real
1994,Костанайская область,Подсолнечник,Область (итого),14300.0,1950.0,140.0,stat_gov_kz_real
1995,Костанайская область,Подсолнечник,Область (итого),16500.0,2350.0,140.0,stat_gov_kz_real
1996,Костанайская область,Подсолнечник,Область (итого),23100.0,2170.0,90.0,stat_gov_kz_real
1997,Костанайская область,Подсолнечник,Область (итого),11600.0,1730.0,160.0,stat_gov_kz_real
1998,Костанайская область,Подсолнечник,Область (итого),5800.0,310.0,60.0,stat_gov_kz_real
1999,Костанайская область,Подсолнечник,Область (итого),5800.0,1610.0,270.0,stat_gov_kz_real
2000,Костанайская область,Подсолнечник,Область (итого),14000.0,2060.0,180.0,stat_gov_kz_real
2001,Костанайская область,Подсолнечник,Область (итого),5900.0,1950.0,330.0,stat_gov_kz_real
2002,Костанайская область,Подсолнечник,Область (итого),5700.0,1710.0000000000002,310.0,stat_gov_kz_real
2003,Костанайская область,Подсолнечник,Область (итого),8300.0,4340.0,520.0,stat_gov_kz_real
2004,Костанайская область,Подсолнечник,Область (итого),11200.0,1290.0,120.0,stat_gov_kz_real
2005,Костанайская область,Подсолнечник,Область (итого),8600.0,4110.0,480.0,stat_gov_kz_real
2006,Костанайская область,Подсолнечник,Область (итого),10300.0,1810.0,190.0,stat_gov_kz_real
2007,Костанайская область,Подсолнечник,Область (итого),3400.0,2460.0,740.0,stat_gov_kz_real
2008,Костанайская область,Подсолнечник,Область (итого),4700.0,2500.0,540.0,stat_gov_kz_real
2009,Костанайская область,Подсолнечник,Область (итого),7700.0,4340.0,560.0,stat_gov_kz_real
2010,Костанайская область,Подсолнечник,Область (итого),31000.0,10559.999999999998,380.0,stat_gov_kz_real
2011,Костанайская область,Подсолнечник,Область (итого),46900.0,30990.0,660.0,stat_gov_kz_real
2012,Костанайская область,Подсолнечник,Область (итого),36805.5,14350.0,441.52,stat_gov_kz_real
2013,Костанайская область,Подсолнечник,Область (итого),88800.0,65630.0,769.11,stat_gov_kz_real
2014,Костанайская область,Подсолнечник,Область (итого),138100.0,91390.0,720.0,stat_gov_kz_real
2015,Костанайская область,Подсолнечник,Область (итого),93700.0,65560.0,722.27,stat_gov_kz_real
2016,Костанайская область,Подсолнечник,Область (итого),79975.91,68127.825,876.4699999999999,stat_gov_kz_real
2017,Костанайская область,Подсолнечник,Область (итого),76300.0,57920.0,790.0,stat_gov_kz_real
2018,Костанайская область,Подсолнечник,Область (итого),58800.0,54870.00000000001,932.59,stat_gov_kz_real
2019,Костанайская область,Подсолнечник,Область (итого),53200.0,30919.999999999996,587.64,stat_gov_kz_real
2020,Костанайская область,Подсолнечник,Область (итого),46300.0,43760.00000000001,960.0,stat_gov_kz_real
2021,Костанайская область,Подсолнечник,Область (итого),83900.0,57440.0,780.0,stat_gov_kz_real
2022,Костанайская область,Подсолнечник,Область (итого),158600.0,152120.0,960.0,stat_gov_kz_real
2023,Костанайская область,Подсолнечник,Область (итого),162425.6,166363.09,1190.0,stat_gov_kz_real
2024,Костанайская область,Подсолнечник,Область (итого),154912.17,222587.77999999997,1460.0,stat_gov_kz_real
2025,Костанайская область,Подсолнечник,Область (итого),264456.9,373961.27,1440.0,stat_gov_kz_real
1990,Костанайская область,Пшеница,Область (итого),2780600.0,3870669.9999999995,1390.0,stat_gov_kz_real
1991,Костанайская область,Пшеница,Область (итого),3392400.0,1312900.0,390.0,stat_gov_kz_real
1992,Костанайская область,Пшеница,Область (итого),3314900.0,4878360.0,1470.0,stat_gov_kz_real
1993,Костанайская область,Пшеница,Область (итого),2936500.0,2276850.0,780.0,stat_gov_kz_real
1994,Костанайская область,Пшеница,Область (итого),2915000.0,2635870.0,900.0,stat_gov_kz_real
1995,Костанайская область,Пшеница,Область (итого),2967800.0,1243250.0,420.0,stat_gov_kz_real
1996,Костанайская область,Пшеница,Область (итого),2895300.0,1873550.0,650.0,stat_gov_kz_real
1997,Костанайская область,Пшеница,Область (итого),2714800.0,2563700.0,980.0000000000001,stat_gov_kz_real
1998,Костанайская область,Пшеница,Область (итого),2522900.0,874300.0,400.0,stat_gov_kz_real
1999,Костанайская область,Пшеница,Область (итого),2178100.0,3299450.0,1510.0,stat_gov_kz_real
2000,Костанайская область,Пшеница,Область (итого),2504900.0,2694390.0000000005,1060.0,stat_gov_kz_real
2001,Костанайская область,Пшеница,Область (итого),2638600.0,3112390.0000000005,1180.0,stat_gov_kz_real
2002,Костанайская область,Пшеница,Область (итого),2735200.0,3217279.9999999995,1180.0,stat_gov_kz_real
2003,Костанайская область,Пшеница,Область (итого),2717700.0,3026180.0,1110.0,stat_gov_kz_real
2004,Костанайская область,Пшеница,Область (итого),2786200.0,2217859.9999999995,800.0,stat_gov_kz_real
2005,Костанайская область,Пшеница,Область (итого),3149800.0,3256560.0,1040.0,stat_gov_kz_real
2006,Костанайская область,Пшеница,Область (итого),3307100.0,4320219.999999999,1330.0,stat_gov_kz_real
2007,Костанайская область,Пшеница,Область (итого),3671800.0,5442680.0,1490.0,stat_gov_kz_real
2008,Костанайская область,Пшеница,Область (итого),3844600.0,4415620.0,1150.0,stat_gov_kz_real
2009,Костанайская область,Пшеница,Область (итого),4210800.0,4626430.0,1100.0,stat_gov_kz_real
2010,Костанайская область,Пшеница,Область (итого),4023400.0,2858920.0,730.0,stat_gov_kz_real
2011,Костанайская область,Пшеница,Область (итого),4018100.0,7341280.000000001,1830.0,stat_gov_kz_real
2012,Костанайская область,Пшеница,Область (итого),3950500.0,2246130.0,613.33,stat_gov_kz_real
2013,Костанайская область,Пшеница,Область (итого),4014400.0,3844880.0,959.61,stat_gov_kz_real
2014,Костанайская область,Пшеница,Область (итого),3747400.0,3616669.9999999995,986.88,stat_gov_kz_real
2015,Костанайская область,Пшеница,Область (итого),3579700.0,4061280.0,1135.76,stat_gov_kz_real
2016,Костанайская область,Пшеница,Область (итого),3810410.0,3991262.9299999997,1048.81,stat_gov_kz_real
2017,Костанайская область,Пшеница,Область (итого),3704900.0,4193760.0,1130.0,stat_gov_kz_real
2018,Костанайская область,Пшеница,Область (итого),3464000.0,3923590.0,1130.0,stat_gov_kz_real
2019,Костанайская область,Пшеница,Область (итого),3264600.0,2330630.0,727.13,stat_gov_kz_real
2020,Костанайская область,Пшеница,Область (итого),3436600.0,3454980.0000000005,1019.9999999999999,stat_gov_kz_real
2021,Костанайская область,Пшеница,Область (итого),3643300.0,2587340.0,720.0,stat_gov_kz_real
2022,Костанайская область,Пшеница,Область (итого),3527200.0,4809230.000000001,1370.0,stat_gov_kz_real
2023,Костанайская область,Пшеница,Область (итого),3806265.4,3800168.4700000007,1050.0,stat_gov_kz_real
2024,Костанайская область,Пшеница,Область (итого),3675603.65,4755500.0,1300.0,stat_gov_kz_real
2025,Костанайская область,Пшеница,Область (итого),3398930.55,5400666.24,1600.0,stat_gov_kz_real
1990,Костанайская область,Ячмень,Область (итого),835199.9999999999,1470300.0,1760.0000000000002,stat_gov_kz_real
1991,Костанайская область,Ячмень,Область (итого),891199.9999999999,331100.0,370.0,stat_gov_kz_real
1992,Костанайская область,Ячмень,Область (итого),775800.0,1428600.0,1839.9999999999998,stat_gov_kz_real
1993,Костанайская область,Ячмень,Область (итого),1183399.9999999998,1123300.0,950.0,stat_gov_kz_real
1994,Костанайская область,Ячмень,Область (итого),943799.9999999999,1151300.0,1220.0,stat_gov_kz_real
1995,Костанайская область,Ячмень,Область (итого),733800.0000000001,257899.99999999997,350.0,stat_gov_kz_real
1996,Костанайская область,Ячмень,Область (итого),546500.0,542000.0,990.0,stat_gov_kz_real
1997,Костанайская область,Ячмень,Область (итого),565100.0,556100.0,1040.0,stat_gov_kz_real
1998,Костанайская область,Ячмень,Область (итого),331800.0,102600.0,390.0,stat_gov_kz_real
1999,Костанайская область,Ячмень,Область (итого),244800.0,315900.0,1340.0,stat_gov_kz_real
2000,Костанайская область,Ячмень,Область (итого),220600.0,155200.0,800.0,stat_gov_kz_real
2001,Костанайская область,Ячмень,Область (итого),188600.00000000003,249300.0,1320.0,stat_gov_kz_real
2002,Костанайская область,Ячмень,Область (итого),150100.0,162200.0,1090.0,stat_gov_kz_real
2003,Костанайская область,Ячмень,Область (итого),174300.0,199100.0,1140.0,stat_gov_kz_real
2004,Костанайская область,Ячмень,Область (итого),174800.0,117410.0,680.0,stat_gov_kz_real
2005,Костанайская область,Ячмень,Область (итого),175000.0,197500.0,1140.0,stat_gov_kz_real
2006,Костанайская область,Ячмень,Область (итого),215800.0,297300.0,1390.0,stat_gov_kz_real
2007,Костанайская область,Ячмень,Область (итого),203699.99999999997,335220.0,1660.0000000000002,stat_gov_kz_real
2008,Костанайская область,Ячмень,Область (итого),241000.00000000003,289200.0,1200.0,stat_gov_kz_real
2009,Костанайская область,Ячмень,Область (итого),181500.00000000003,210400.0,1170.0,stat_gov_kz_real
2010,Костанайская область,Ячмень,Область (итого),155500.0,122400.0,830.0000000000001,stat_gov_kz_real
2011,Костанайская область,Ячмень,Область (итого),180800.0,386600.0,2138.6299999999997,stat_gov_kz_real
2012,Костанайская область,Ячмень,Область (итого),253222.46,139400.0,590.0,stat_gov_kz_real
2013,Костанайская область,Ячмень,Область (итого),252493.7,306800.0,1220.0,stat_gov_kz_real
2014,Костанайская область,Ячмень,Область (итого),256055.7,282800.0,1140.0,stat_gov_kz_real
2015,Костанайская область,Ячмень,Область (итого),316058.9,371100.0,1180.0,stat_gov_kz_real
2016,Костанайская область,Ячмень,Область (итого),262828.4,388100.0,1480.0,stat_gov_kz_real
2017,Костанайская область,Ячмень,Область (итого),322300.0,468000.0,1470.0,stat_gov_kz_real
2018,Костанайская область,Ячмень,Область (итого),422347.7,578800.0,1380.0,stat_gov_kz_real
2019,Костанайская область,Ячмень,Область (итого),528426.2,438900.0,840.0,stat_gov_kz_real
2020,Костанайская область,Ячмень,Область (итого),457952.24,437400.0,969.9999999999999,stat_gov_kz_real
2021,Костанайская область,Ячмень,Область (итого),302586.87,162400.0,580.0,stat_gov_kz_real
2022,Костанайская область,Ячмень,Область (итого),281982.21,421800.0,1500.0,stat_gov_kz_real
2023,Костанайская область,Ячмень,Область (итого),383054.8,427100.0,1210.0,stat_gov_kz_real
2024,Костанайская область,Ячмень,Область (итого),378595.6,577900.0,1550.0,stat_gov_kz_real
2025,Костанайская область,Ячмень,Область (итого),399000.0,596761.3,1550.0,stat_gov_kz_real
1999,Костанайская область,Подсолнечник,Рудный г.а.,,10.0,1200.0,stat_gov_kz_real
2000,Костанайская область,Подсолнечник,Рудный г.а.,,,1090.0,stat_gov_kz_real
2001,Костанайская область,Подсолнечник,Рудный г.а.,,,980.0000000000001,stat_gov_kz_real
2002,Костанайская область,Подсолнечник,Рудный г.а.,,,1000.0,stat_gov_kz_real
2003,Костанайская область,Подсолнечник,Рудный г.а.,,,1130.0,stat_gov_kz_real
2004,Костанайская область,Подсолнечник,Рудный г.а.,,,750.0,stat_gov_kz_real
2005,Костанайская область,Подсолнечник,Рудный г.а.,,,750.0,stat_gov_kz_real
2006,Костанайская область,Подсолнечник,Рудный г.а.,0.0,0.0,350.0,stat_gov_kz_real
2003,Костанайская область,Пшеница,Рудный г.а.,200.0,100.0,610.0,stat_gov_kz_real
2004,Костанайская область,Пшеница,Рудный г.а.,100.0,40.0,470.0,stat_gov_kz_real
2005,Костанайская область,Пшеница,Рудный г.а.,100.0,30.0,330.0,stat_gov_kz_real
2006,Костанайская область,Пшеница,Рудный г.а.,100.0,50.0,740.0,stat_gov_kz_real
2011,Костанайская область,Пшеница,Рудный г.а.,0.0,50.0,1230.0,stat_gov_kz_real
2012,Костанайская область,Пшеница,Рудный г.а.,100.0,,,stat_gov_kz_real
2013,Костанайская область,Пшеница,Рудный г.а.,100.0,50.0,530.0,stat_gov_kz_real
2014,Костанайская область,Пшеница,Рудный г.а.,0.0,0.0,150.0,stat_gov_kz_real
2020,Костанайская область,Пшеница,Рудный г.а.,100.0,30.0,340.0,stat_gov_kz_real
2004,Костанайская область,Ячмень,Рудный г.а.,,10.0,600.0,stat_gov_kz_real
2008,Костанайская область,Ячмень,Рудный г.а.,100.0,60.0,,stat_gov_kz_real
2009,Костанайская область,Ячмень,Рудный г.а.,100.0,68.0,680.0,stat_gov_kz_real
2010,Костанайская область,Ячмень,Рудный г.а.,100.0,13.0,130.0,stat_gov_kz_real
2012,Костанайская область,Ячмень,Рудный г.а.,60.0,,,stat_gov_kz_real
2014,Костанайская область,Ячмень,Рудный г.а.,60.0,40.0,666.67,stat_gov_kz_real
2015,Костанайская область,Ячмень,Рудный г.а.,140.0,70.5,503.57000000000005,stat_gov_kz_real
2017,Костанайская область,Ячмень,Рудный г.а.,200.0,240.0,1333.33,stat_gov_kz_real
2019,Костанайская область,Ячмень,Рудный г.а.,131.6,65.8,500.0,stat_gov_kz_real
2022,Костанайская область,Ячмень,Рудный г.а.,50.0,41.2,819.9999999999999,stat_gov_kz_real
2022,Костанайская область,Кукуруза,Сарыкольский,2911.0,2642.7000000000003,910.0,stat_gov_kz_real
2023,Костанайская область,Кукуруза,Сарыкольский,199.0,200.0,990.0,stat_gov_kz_real
1991,Костанайская область,Подсолнечник,Сарыкольский,200.0,40.0,160.0,stat_gov_kz_real
1992,Костанайская область,Подсолнечник,Сарыкольский,800.0,10.0,10.0,stat_gov_kz_real
1993,Костанайская область,Подсолнечник,Сарыкольский,300.0,80.0,310.0,stat_gov_kz_real
1994,Костанайская область,Подсолнечник,Сарыкольский,200.0,20.0,90.0,stat_gov_kz_real
1995,Костанайская область,Подсолнечник,Сарыкольский,800.0,120.0,150.0,stat_gov_kz_real
1996,Костанайская область,Подсолнечник,Сарыкольский,1000.0,60.0,110.00000000000001,stat_gov_kz_real
1997,Костанайская область,Подсолнечник,Сарыкольский,400.0,30.0,80.0,stat_gov_kz_real
1999,Костанайская область,Подсолнечник,Сарыкольский,,10.0,1000.0,stat_gov_kz_real
2000,Костанайская область,Подсолнечник,Сарыкольский,4400.0,840.0000000000001,190.0,stat_gov_kz_real
2001,Костанайская область,Подсолнечник,Сарыкольский,2300.0,659.9999999999999,290.0,stat_gov_kz_real
2002,Костанайская область,Подсолнечник,Сарыкольский,1100.0,390.0,360.0,stat_gov_kz_real
2003,Костанайская область,Подсолнечник,Сарыкольский,1500.0,640.0,420.0,stat_gov_kz_real
2004,Костанайская область,Подсолнечник,Сарыкольский,3300.0,279.99999999999994,90.0,stat_gov_kz_real
2005,Костанайская область,Подсолнечник,Сарыкольский,100.0,30.0,290.0,stat_gov_kz_real
2008,Костанайская область,Подсолнечник,Сарыкольский,100.0,50.0,390.0,stat_gov_kz_real
2010,Костанайская область,Подсолнечник,Сарыкольский,900.0,190.0,229.99999999999997,stat_gov_kz_real
2011,Костанайская область,Подсолнечник,Сарыкольский,1300.0,1410.0,1080.0,stat_gov_kz_real
2012,Костанайская область,Подсолнечник,Сарыкольский,1600.0,1330.0,830.0000000000001,stat_gov_kz_real
2013,Костанайская область,Подсолнечник,Сарыкольский,4900.0,4110.0,834.8599999999999,stat_gov_kz_real
2014,Костанайская область,Подсолнечник,Сарыкольский,9500.0,9350.0,1060.0,stat_gov_kz_real
2015,Костанайская область,Подсолнечник,Сарыкольский,3800.0,3679.9999999999995,977.8399999999999,stat_gov_kz_real
2016,Костанайская область,Подсолнечник,Сарыкольский,3119.0,3483.65,1116.91,stat_gov_kz_real
2017,Костанайская область,Подсолнечник,Сарыкольский,2200.0,1730.0,800.0,stat_gov_kz_real
2018,Костанайская область,Подсолнечник,Сарыкольский,3300.0,3639.9999999999995,1118.75,stat_gov_kz_real
2019,Костанайская область,Подсолнечник,Сарыкольский,3300.0,2700.0,880.9100000000001,stat_gov_kz_real
2020,Костанайская область,Подсолнечник,Сарыкольский,2200.0,3600.0,1630.0,stat_gov_kz_real
2021,Костанайская область,Подсолнечник,Сарыкольский,6300.0,6130.0,980.0000000000001,stat_gov_kz_real
2022,Костанайская область,Подсолнечник,Сарыкольский,10700.0,12930.000000000002,1210.0,stat_gov_kz_real
2023,Костанайская область,Подсолнечник,Сарыкольский,10420.0,12067.439999999999,1200.0,stat_gov_kz_real
2024,Костанайская область,Подсолнечник,Сарыкольский,12303.0,16909.529999999995,1370.0,stat_gov_kz_real
2025,Костанайская область,Подсолнечник,Сарыкольский,13545.0,24776.03,1830.0,stat_gov_kz_real
1990,Костанайская область,Пшеница,Сарыкольский,187800.0,291120.0,1550.0,stat_gov_kz_real
1991,Костанайская область,Пшеница,Сарыкольский,179700.0,110979.99999999999,620.0,stat_gov_kz_real
1992,Костанайская область,Пшеница,Сарыкольский,174900.0,279440.0,1600.0,stat_gov_kz_real
1993,Костанайская область,Пшеница,Сарыкольский,142700.0,131220.0,919.9999999999999,stat_gov_kz_real
1994,Костанайская область,Пшеница,Сарыкольский,138700.0,145450.0,1050.0,stat_gov_kz_real
1995,Костанайская область,Пшеница,Сарыкольский,145800.0,69720.0,480.0,stat_gov_kz_real
1996,Костанайская область,Пшеница,Сарыкольский,151200.0,158430.0,1050.0,stat_gov_kz_real
1997,Костанайская область,Пшеница,Сарыкольский,216100.0,220769.99999999997,1019.9999999999999,stat_gov_kz_real
1998,Костанайская область,Пшеница,Сарыкольский,187500.0,98690.0,530.0,stat_gov_kz_real
1999,Костанайская область,Пшеница,Сарыкольский,187200.0,322290.0,1720.0,stat_gov_kz_real
2000,Костанайская область,Пшеница,Сарыкольский,235300.0,242680.0,1070.0,stat_gov_kz_real
2001,Костанайская область,Пшеница,Сарыкольский,193000.0,239300.0,1240.0,stat_gov_kz_real
2002,Костанайская область,Пшеница,Сарыкольский,212200.0,257649.99999999997,1210.0,stat_gov_kz_real
2003,Костанайская область,Пшеница,Сарыкольский,212300.0,232019.99999999997,1090.0,stat_gov_kz_real
2004,Костанайская область,Пшеница,Сарыкольский,216000.0,182780.0,850.0,stat_gov_kz_real
2005,Костанайская область,Пшеница,Сарыкольский,258200.0,323659.99999999994,1250.0,stat_gov_kz_real
2006,Костанайская область,Пшеница,Сарыкольский,260600.00000000003,457700.0,1760.0000000000002,stat_gov_kz_real
2007,Костанайская область,Пшеница,Сарыкольский,292900.0,516950.00000000006,1760.0000000000002,stat_gov_kz_real
2008,Костанайская область,Пшеница,Сарыкольский,299800.0,410750.0,1370.0,stat_gov_kz_real
2009,Костанайская область,Пшеница,Сарыкольский,325400.0,484590.0,1490.0,stat_gov_kz_real
2010,Костанайская область,Пшеница,Сарыкольский,297800.0,221260.0,740.0,stat_gov_kz_real
2011,Костанайская область,Пшеница,Сарыкольский,306200.0,660650.0,2160.0,stat_gov_kz_real
2012,Костанайская область,Пшеница,Сарыкольский,294900.0,185859.99999999997,640.0,stat_gov_kz_real
2013,Костанайская область,Пшеница,Сарыкольский,324300.0,385600.0,1188.98,stat_gov_kz_real
2014,Костанайская область,Пшеница,Сарыкольский,300900.0,370250.0,1237.27,stat_gov_kz_real
2015,Костанайская область,Пшеница,Сарыкольский,258800.0,377210.0,1457.27,stat_gov_kz_real
2016,Костанайская область,Пшеница,Сарыкольский,287469.3,351090.18,1221.3100000000002,stat_gov_kz_real
2017,Костанайская область,Пшеница,Сарыкольский,263700.0,354150.0,1340.0,stat_gov_kz_real
2018,Костанайская область,Пшеница,Сарыкольский,240700.0,320550.0,1331.47,stat_gov_kz_real
2019,Костанайская область,Пшеница,Сарыкольский,217300.0,263380.0,1212.06,stat_gov_kz_real
2020,Костанайская область,Пшеница,Сарыкольский,245300.0,348550.0,1420.0,stat_gov_kz_real
2021,Костанайская область,Пшеница,Сарыкольский,266500.0,321880.0,1210.0,stat_gov_kz_real
2022,Костанайская область,Пшеница,Сарыкольский,257300.0,552740.0,2150.0,stat_gov_kz_real
2023,Костанайская область,Пшеница,Сарыкольский,259781.40000000002,341427.26000000007,1330.0,stat_gov_kz_real
2024,Костанайская область,Пшеница,Сарыкольский,259149.0,482498.67000000004,1860.0000000000002,stat_gov_kz_real
2025,Костанайская область,Пшеница,Сарыкольский,220106.4,475361.99999999994,2160.0,stat_gov_kz_real
1990,Костанайская область,Ячмень,Сарыкольский,83300.0,161400.0,1939.9999999999998,stat_gov_kz_real
1991,Костанайская область,Ячмень,Сарыкольский,73800.0,45420.0,620.0,stat_gov_kz_real
1992,Костанайская область,Ячмень,Сарыкольский,77400.0,169030.0,2180.0,stat_gov_kz_real
1993,Костанайская область,Ячмень,Сарыкольский,94900.0,120080.0,1260.0,stat_gov_kz_real
1994,Костанайская область,Ячмень,Сарыкольский,93400.0,140300.0,1500.0,stat_gov_kz_real
1995,Костанайская область,Ячмень,Сарыкольский,66900.0,20630.0,310.0,stat_gov_kz_real
1996,Костанайская область,Ячмень,Сарыкольский,43100.0,53470.0,1240.0,stat_gov_kz_real
1997,Костанайская область,Ячмень,Сарыкольский,33800.0,17430.0,520.0,stat_gov_kz_real
1998,Костанайская область,Ячмень,Сарыкольский,19800.0,8550.0,430.0,stat_gov_kz_real
1999,Костанайская область,Ячмень,Сарыкольский,24300.0,21630.0,1130.0,stat_gov_kz_real
2000,Костанайская область,Ячмень,Сарыкольский,16800.0,9170.0,620.0,stat_gov_kz_real
2001,Костанайская область,Ячмень,Сарыкольский,22300.0,29980.0,1350.0,stat_gov_kz_real
2002,Костанайская область,Ячмень,Сарыкольский,8500.0,8750.0,1030.0,stat_gov_kz_real
2003,Костанайская область,Ячмень,Сарыкольский,9200.0,13070.0,1420.0,stat_gov_kz_real
2004,Костанайская область,Ячмень,Сарыкольский,7800.0,5420.0,700.0,stat_gov_kz_real
2005,Костанайская область,Ячмень,Сарыкольский,7400.0,11700.0,1570.0,stat_gov_kz_real
2006,Костанайская область,Ячмень,Сарыкольский,8900.0,16080.000000000002,1810.0000000000002,stat_gov_kz_real
2007,Костанайская область,Ячмень,Сарыкольский,9700.0,15600.0,1610.0000000000002,stat_gov_kz_real
2008,Костанайская область,Ячмень,Сарыкольский,8400.0,11245.150000000001,1340.0,stat_gov_kz_real
2009,Костанайская область,Ячмень,Сарыкольский,7700.0,9929.05,1280.0,stat_gov_kz_real
2010,Костанайская область,Ячмень,Сарыкольский,6200.0,4914.6,800.0,stat_gov_kz_real
2011,Костанайская область,Ячмень,Сарыкольский,9400.0,17750.800000000003,1889.9999999999998,stat_gov_kz_real
2012,Костанайская область,Ячмень,Сарыкольский,12706.0,6304.408,496.18,stat_gov_kz_real
2013,Костанайская область,Ячмень,Сарыкольский,11172.7,12799.319000000001,1145.59,stat_gov_kz_real
2014,Костанайская область,Ячмень,Сарыкольский,12786.9,18335.584000000003,1456.72,stat_gov_kz_real
2015,Костанайская область,Ячмень,Сарыкольский,24003.6,41183.20999999999,1715.71,stat_gov_kz_real
2016,Костанайская область,Ячмень,Сарыкольский,16232.800000000001,25174.600000000002,1550.85,stat_gov_kz_real
2017,Костанайская область,Ячмень,Сарыкольский,17700.0,30203.9,1707.1000000000001,stat_gov_kz_real
2018,Костанайская область,Ячмень,Сарыкольский,33203.7,56442.9,1699.8999999999999,stat_gov_kz_real
2019,Костанайская область,Ячмень,Сарыкольский,44464.4,52915.2,1190.0,stat_gov_kz_real
2020,Костанайская область,Ячмень,Сарыкольский,34980.3,43442.5,1241.91,stat_gov_kz_real
2021,Костанайская область,Ячмень,Сарыкольский,15692.9,13798.0,880.0000000000001,stat_gov_kz_real
2022,Костанайская область,Ячмень,Сарыкольский,22004.1,50104.53,2280.0,stat_gov_kz_real
2023,Костанайская область,Ячмень,Сарыкольский,25239.8,38413.52,1570.0,stat_gov_kz_real
2024,Костанайская область,Ячмень,Сарыкольский,21517.9,43185.69,2010.0000000000002,stat_gov_kz_real
2025,Костанайская область,Ячмень,Сарыкольский,21563.7,40169.63,1860.0000000000002,stat_gov_kz_real
1991,Костанайская область,Подсолнечник,Узункольский,1900.0,240.0,130.0,stat_gov_kz_real
1992,Костанайская область,Подсолнечник,Узункольский,2900.0,139.99999999999997,50.0,stat_gov_kz_real
1993,Костанайская область,Подсолнечник,Узункольский,800.0,100.0,120.0,stat_gov_kz_real
1994,Костанайская область,Подсолнечник,Узункольский,1500.0,150.0,100.0,stat_gov_kz_real
1995,Костанайская область,Подсолнечник,Узункольский,2700.0,310.0,120.0,stat_gov_kz_real
1996,Костанайская область,Подсолнечник,Узункольский,1500.0,139.99999999999997,140.0,stat_gov_kz_real
1997,Костанайская область,Подсолнечник,Узункольский,1400.0,69.99999999999999,50.0,stat_gov_kz_real
1998,Костанайская область,Подсолнечник,Узункольский,300.0,60.0,200.0,stat_gov_kz_real
1999,Костанайская область,Подсолнечник,Узункольский,700.0,229.99999999999997,330.0,stat_gov_kz_real
2000,Костанайская область,Подсолнечник,Узункольский,1000.0,90.0,229.99999999999997,stat_gov_kz_real
2001,Костанайская область,Подсолнечник,Узункольский,100.0,10.0,90.0,stat_gov_kz_real
2002,Костанайская область,Подсолнечник,Узункольский,100.0,,250.0,stat_gov_kz_real
2003,Костанайская область,Подсолнечник,Узункольский,300.0,100.0,400.0,stat_gov_kz_real
2005,Костанайская область,Подсолнечник,Узункольский,100.0,30.0,350.0,stat_gov_kz_real
2006,Костанайская область,Подсолнечник,Узункольский,1500.0,730.0,490.00000000000006,stat_gov_kz_real
2007,Костанайская область,Подсолнечник,Узункольский,800.0,930.0,1170.0,stat_gov_kz_real
2008,Костанайская область,Подсолнечник,Узункольский,1700.0,1010.0,640.0,stat_gov_kz_real
2009,Костанайская область,Подсолнечник,Узункольский,1700.0,590.0000000000001,340.0,stat_gov_kz_real
2010,Костанайская область,Подсолнечник,Узункольский,1400.0,500.0,420.0,stat_gov_kz_real
2011,Костанайская область,Подсолнечник,Узункольский,500.0,400.0,800.79,stat_gov_kz_real
2012,Костанайская область,Подсолнечник,Узункольский,600.0,360.0,740.0,stat_gov_kz_real
2013,Костанайская область,Подсолнечник,Узункольский,2300.0,1210.0,540.23,stat_gov_kz_real
2014,Костанайская область,Подсолнечник,Узункольский,3500.0,800.0,650.0,stat_gov_kz_real
2015,Костанайская область,Подсолнечник,Узункольский,2700.0,2010.0000000000002,749.83,stat_gov_kz_real
2016,Костанайская область,Подсолнечник,Узункольский,3162.0,2989.2,945.35,stat_gov_kz_real
2017,Костанайская область,Подсолнечник,Узункольский,3400.0,3500.0,1040.0,stat_gov_kz_real
2018,Костанайская область,Подсолнечник,Узункольский,2500.0,2020.0,799.8199999999999,stat_gov_kz_real
2019,Костанайская область,Подсолнечник,Узункольский,3900.0,2920.0,742.4699999999999,stat_gov_kz_real
2020,Костанайская область,Подсолнечник,Узункольский,3100.0,2230.0,710.0,stat_gov_kz_real
2021,Костанайская область,Подсолнечник,Узункольский,5100.0,4870.0,950.0,stat_gov_kz_real
2022,Костанайская область,Подсолнечник,Узункольский,14400.0,17290.0,1200.0,stat_gov_kz_real
2023,Костанайская область,Подсолнечник,Узункольский,16000.4,19233.28,1200.0,stat_gov_kz_real
2024,Костанайская область,Подсолнечник,Узункольский,10925.0,15803.720000000001,1450.0,stat_gov_kz_real
2025,Костанайская область,Подсолнечник,Узункольский,14930.0,27625.9,1850.0,stat_gov_kz_real
1990,Костанайская область,Пшеница,Узункольский,162400.0,242670.0,1490.0,stat_gov_kz_real
1991,Костанайская область,Пшеница,Узункольский,170900.0,71910.0,420.0,stat_gov_kz_real
1992,Костанайская область,Пшеница,Узункольский,177000.0,215480.00000000003,1220.0,stat_gov_kz_real
1993,Костанайская область,Пшеница,Узункольский,149400.0,105220.0,700.0,stat_gov_kz_real
1994,Костанайская область,Пшеница,Узункольский,151400.0,124179.99999999999,819.9999999999999,stat_gov_kz_real
1995,Костанайская область,Пшеница,Узункольский,167600.0,98800.0,590.0,stat_gov_kz_real
1996,Костанайская область,Пшеница,Узункольский,160900.0,106690.00000000001,660.0,stat_gov_kz_real
1997,Костанайская область,Пшеница,Узункольский,155700.0,167100.0,1070.0,stat_gov_kz_real
1998,Костанайская область,Пшеница,Узункольский,152100.0,73350.0,660.0,stat_gov_kz_real
1999,Костанайская область,Пшеница,Узункольский,154000.0,224619.99999999997,1460.0,stat_gov_kz_real
2000,Костанайская область,Пшеница,Узункольский,173500.0,213330.0,1190.0,stat_gov_kz_real
2001,Костанайская область,Пшеница,Узункольский,163200.0,215780.00000000003,1320.0,stat_gov_kz_real
2002,Костанайская область,Пшеница,Узункольский,186400.0,249910.0,1390.0,stat_gov_kz_real
2003,Костанайская область,Пшеница,Узункольский,176100.0,189850.0,1080.0,stat_gov_kz_real
2004,Костанайская область,Пшеница,Узункольский,164400.0,142060.0,860.0,stat_gov_kz_real
2005,Костанайская область,Пшеница,Узункольский,191400.0,215730.00000000003,1130.0,stat_gov_kz_real
2006,Костанайская область,Пшеница,Узункольский,197800.0,309340.00000000006,1570.0,stat_gov_kz_real
2007,Костанайская область,Пшеница,Узункольский,217300.0,373810.0,1730.0,stat_gov_kz_real
2008,Костанайская область,Пшеница,Узункольский,235700.0,335210.0,1420.0,stat_gov_kz_real
2009,Костанайская область,Пшеница,Узункольский,271400.0,411539.99999999994,1540.0,stat_gov_kz_real
2010,Костанайская область,Пшеница,Узункольский,260000.0,195220.0,790.0,stat_gov_kz_real
2011,Костанайская область,Пшеница,Узункольский,278600.0,574710.0,2060.0,stat_gov_kz_real
2012,Костанайская область,Пшеница,Узункольский,284800.0,244369.99999999997,919.9999999999999,stat_gov_kz_real
2013,Костанайская область,Пшеница,Узункольский,291800.0,314100.0,1076.54,stat_gov_kz_real
2014,Костанайская область,Пшеница,Узункольский,277100.0,199829.99999999997,855.25,stat_gov_kz_real
2015,Костанайская область,Пшеница,Узункольский,230700.0,313300.0,1358.25,stat_gov_kz_real
2016,Костанайская область,Пшеница,Узункольский,260857.00000000003,276952.31,1061.7,stat_gov_kz_real
2017,Костанайская область,Пшеница,Узункольский,263400.0,318260.0,1210.0,stat_gov_kz_real
2018,Костанайская область,Пшеница,Узункольский,230600.0,328460.0,1440.97,stat_gov_kz_real
2019,Костанайская область,Пшеница,Узункольский,172600.0,210660.0,1220.51,stat_gov_kz_real
2020,Костанайская область,Пшеница,Узункольский,194900.0,225000.0,1150.0,stat_gov_kz_real
2021,Костанайская область,Пшеница,Узункольский,205800.0,241240.0,1180.0,stat_gov_kz_real
2022,Костанайская область,Пшеница,Узункольский,194900.0,358060.0,1880.0,stat_gov_kz_real
2023,Костанайская область,Пшеница,Узункольский,219055.7,292688.73,1340.0,stat_gov_kz_real
2024,Костанайская область,Пшеница,Узункольский,220192.98,395716.77999999997,1800.0,stat_gov_kz_real
2025,Костанайская область,Пшеница,Узункольский,190804.82,434794.2099999999,2280.0,stat_gov_kz_real
1990,Костанайская область,Ячмень,Узункольский,103400.0,161590.0,1560.0,stat_gov_kz_real
1991,Костанайская область,Ячмень,Узункольский,80100.0,31000.0,390.0,stat_gov_kz_real
1992,Костанайская область,Ячмень,Узункольский,60400.0,83860.0,1390.0,stat_gov_kz_real
1993,Костанайская область,Ячмень,Узункольский,109800.0,73880.0,670.0,stat_gov_kz_real
1994,Костанайская область,Ячмень,Узункольский,73300.0,73290.0,1000.0,stat_gov_kz_real
1995,Костанайская область,Ячмень,Узункольский,70000.0,26480.0,380.0,stat_gov_kz_real
1996,Костанайская область,Ячмень,Узункольский,45300.0,59100.0,1300.0,stat_gov_kz_real
1997,Костанайская область,Ячмень,Узункольский,45300.0,46700.0,1030.0,stat_gov_kz_real
1998,Костанайская область,Ячмень,Узункольский,37600.0,13770.0,580.0,stat_gov_kz_real
1999,Костанайская область,Ячмень,Узункольский,17000.0,20860.0,1230.0,stat_gov_kz_real
2000,Костанайская область,Ячмень,Узункольский,16400.0,11520.0,770.0,stat_gov_kz_real
2001,Костанайская область,Ячмень,Узункольский,14200.0,23370.0,1639.9999999999998,stat_gov_kz_real
2002,Костанайская область,Ячмень,Узункольский,10700.0,11920.0,1210.0,stat_gov_kz_real
2003,Костанайская область,Ячмень,Узункольский,13000.0,14570.0,1120.0,stat_gov_kz_real
2004,Костанайская область,Ячмень,Узункольский,14800.0,10230.0,690.0,stat_gov_kz_real
2005,Костанайская область,Ячмень,Узункольский,11100.0,12860.0,1160.0,stat_gov_kz_real
2006,Костанайская область,Ячмень,Узункольский,13100.0,21419.999999999996,1639.9999999999998,stat_gov_kz_real
2007,Костанайская область,Ячмень,Узункольский,17600.0,30400.0,1730.0,stat_gov_kz_real
2008,Костанайская область,Ячмень,Узункольский,22200.0,25655.0,1160.0,stat_gov_kz_real
2009,Костанайская область,Ячмень,Узункольский,12400.0,15020.0,1230.0,stat_gov_kz_real
2010,Костанайская область,Ячмень,Узункольский,12000.0,7937.37,690.0,stat_gov_kz_real
2011,Костанайская область,Ячмень,Узункольский,13300.0,30221.6,2270.0,stat_gov_kz_real
2012,Костанайская область,Ячмень,Узункольский,20374.0,19055.5,1159.5900000000001,stat_gov_kz_real
2013,Костанайская область,Ячмень,Узункольский,16828.0,28748.449999999997,1708.3700000000001,stat_gov_kz_real
2014,Костанайская область,Ячмень,Узункольский,16664.0,13474.949999999999,1102.37,stat_gov_kz_real
2015,Костанайская область,Ячмень,Узункольский,27729.0,37873.5,1365.8400000000001,stat_gov_kz_real
2016,Костанайская область,Ячмень,Узункольский,18456.0,24880.44,1348.09,stat_gov_kz_real
2017,Костанайская область,Ячмень,Узункольский,21000.0,28524.109999999997,1360.75,stat_gov_kz_real
2018,Костанайская область,Ячмень,Узункольский,25557.0,37270.01,1458.31,stat_gov_kz_real
2019,Костанайская область,Ячмень,Узункольский,31262.4,32634.96,1050.0,stat_gov_kz_real
2020,Костанайская область,Ячмень,Узункольский,19605.9,21519.34,1106.0600000000002,stat_gov_kz_real
2021,Костанайская область,Ячмень,Узункольский,10941.1,14263.199999999999,1320.0,stat_gov_kz_real
2022,Костанайская область,Ячмень,Узункольский,14147.02,26774.16,1889.9999999999998,stat_gov_kz_real
2023,Костанайская область,Ячмень,Узункольский,18931.0,27393.040000000005,1450.0,stat_gov_kz_real
2024,Костанайская область,Ячмень,Узункольский,11303.9,24105.339999999997,2130.0,stat_gov_kz_real
2025,Костанайская область,Ячмень,Узункольский,15554.4,17402.550000000003,1120.0,stat_gov_kz_real
2021,Костанайская область,Кукуруза,Федоровский,1996.2,1313.7,660.0,stat_gov_kz_real
2022,Костанайская область,Кукуруза,Федоровский,1866.0,1281.0,690.0,stat_gov_kz_real
1991,Костанайская область,Подсолнечник,Федоровский,1000.0,200.0,190.0,stat_gov_kz_real
1992,Костанайская область,Подсолнечник,Федоровский,1500.0,350.0,220.00000000000003,stat_gov_kz_real
1993,Костанайская область,Подсолнечник,Федоровский,900.0,200.0,229.99999999999997,stat_gov_kz_real
1994,Костанайская область,Подсолнечник,Федоровский,1500.0,150.0,100.0,stat_gov_kz_real
1995,Костанайская область,Подсолнечник,Федоровский,2000.0,610.0,310.0,stat_gov_kz_real
1996,Костанайская область,Подсолнечник,Федоровский,2900.0,670.0,270.0,stat_gov_kz_real
1997,Костанайская область,Подсолнечник,Федоровский,1100.0,390.0,340.0,stat_gov_kz_real
1998,Костанайская область,Подсолнечник,Федоровский,700.0,20.0,30.0,stat_gov_kz_real
1999,Костанайская область,Подсолнечник,Федоровский,1300.0,300.0,240.0,stat_gov_kz_real
2000,Костанайская область,Подсолнечник,Федоровский,800.0,130.0,180.0,stat_gov_kz_real
2001,Костанайская область,Подсолнечник,Федоровский,,,790.0,stat_gov_kz_real
2002,Костанайская область,Подсолнечник,Федоровский,,,940.0,stat_gov_kz_real
2004,Костанайская область,Подсолнечник,Федоровский,,10.0,229.99999999999997,stat_gov_kz_real
2005,Костанайская область,Подсолнечник,Федоровский,200.0,150.0,810.0,stat_gov_kz_real
2006,Костанайская область,Подсолнечник,Федоровский,600.0,420.00000000000006,690.0,stat_gov_kz_real
2007,Костанайская область,Подсолнечник,Федоровский,400.0,400.0,940.0,stat_gov_kz_real
2008,Костанайская область,Подсолнечник,Федоровский,500.0,400.0,730.0,stat_gov_kz_real
2009,Костанайская область,Подсолнечник,Федоровский,2900.0,2700.0,930.0000000000001,stat_gov_kz_real
2010,Костанайская область,Подсолнечник,Федоровский,11600.0,4400.0,440.00000000000006,stat_gov_kz_real
2011,Костанайская область,Подсолнечник,Федоровский,13400.0,11600.0,864.7299999999999,stat_gov_kz_real
2012,Костанайская область,Подсолнечник,Федоровский,8600.0,4400.0,530.0,stat_gov_kz_real
2013,Костанайская область,Подсолнечник,Федоровский,18000.0,20000.0,1107.4299999999998,stat_gov_kz_real
2014,Костанайская область,Подсолнечник,Федоровский,20700.0,24400.0,1180.0,stat_gov_kz_real
2015,Костанайская область,Подсолнечник,Федоровский,7400.0,9800.0,1323.69,stat_gov_kz_real
2016,Костанайская область,Подсолнечник,Федоровский,10134.6,9615.199999999999,948.7500000000001,stat_gov_kz_real
2017,Костанайская область,Подсолнечник,Федоровский,8000.0,7440.0,1050.0,stat_gov_kz_real
2018,Костанайская область,Подсолнечник,Федоровский,4500.0,5729.999999999999,1278.1499999999999,stat_gov_kz_real
2019,Костанайская область,Подсолнечник,Федоровский,4500.0,4640.0,1022.62,stat_gov_kz_real
2020,Костанайская область,Подсолнечник,Федоровский,2800.0,3500.0,1250.0,stat_gov_kz_real
2021,Костанайская область,Подсолнечник,Федоровский,6100.0,6040.0,1000.0,stat_gov_kz_real
2022,Костанайская область,Подсолнечник,Федоровский,20600.0,18940.0,930.0000000000001,stat_gov_kz_real
2023,Костанайская область,Подсолнечник,Федоровский,17567.2,15683.75,1070.0,stat_gov_kz_real
2024,Костанайская область,Подсолнечник,Федоровский,15371.7,18478.21,1250.0,stat_gov_kz_real
2025,Костанайская область,Подсолнечник,Федоровский,20439.2,29269.259999999995,1440.0,stat_gov_kz_real
1990,Костанайская область,Пшеница,Федоровский,227900.0,401659.99999999994,1760.0000000000002,stat_gov_kz_real
1991,Костанайская область,Пшеница,Федоровский,221200.0,111460.0,500.0,stat_gov_kz_real
1992,Костанайская область,Пшеница,Федоровский,206200.0,379020.0,1839.9999999999998,stat_gov_kz_real
1993,Костанайская область,Пшеница,Федоровский,145300.0,148500.0,1019.9999999999999,stat_gov_kz_real
1994,Костанайская область,Пшеница,Федоровский,168600.0,221959.99999999997,1320.0,stat_gov_kz_real
1995,Костанайская область,Пшеница,Федоровский,174700.0,131490.0,750.0,stat_gov_kz_real
1996,Костанайская область,Пшеница,Федоровский,181700.0,169890.00000000003,940.0,stat_gov_kz_real
1997,Костанайская область,Пшеница,Федоровский,195100.0,302130.0,1550.0,stat_gov_kz_real
1998,Костанайская область,Пшеница,Федоровский,211200.0,97179.99999999999,500.0,stat_gov_kz_real
1999,Костанайская область,Пшеница,Федоровский,174700.0,313180.0,1789.9999999999998,stat_gov_kz_real
2000,Костанайская область,Пшеница,Федоровский,204800.0,322070.0,1480.0,stat_gov_kz_real
2001,Костанайская область,Пшеница,Федоровский,227300.0,339200.0,1490.0,stat_gov_kz_real
2002,Костанайская область,Пшеница,Федоровский,240600.0,339820.0,1410.0,stat_gov_kz_real
2003,Костанайская область,Пшеница,Федоровский,264300.0,323000.0,1220.0,stat_gov_kz_real
2004,Костанайская область,Пшеница,Федоровский,234500.0,236320.0,1010.0,stat_gov_kz_real
2005,Костанайская область,Пшеница,Федоровский,229200.0,354880.0,1550.0,stat_gov_kz_real
2006,Костанайская область,Пшеница,Федоровский,251700.0,490010.00000000006,1950.0,stat_gov_kz_real
2007,Костанайская область,Пшеница,Федоровский,312200.0,571120.0,1830.0,stat_gov_kz_real
2008,Костанайская область,Пшеница,Федоровский,330600.0,437350.0,1330.0,stat_gov_kz_real
2009,Костанайская область,Пшеница,Федоровский,347100.0,553650.0,1590.0,stat_gov_kz_real
2010,Костанайская область,Пшеница,Федоровский,305100.0,348030.00000000006,1170.0,stat_gov_kz_real
2011,Костанайская область,Пшеница,Федоровский,307800.0,704700.0,2290.0,stat_gov_kz_real
2012,Костанайская область,Пшеница,Федоровский,298200.0,289230.0,1000.0,stat_gov_kz_real
2013,Костанайская область,Пшеница,Федоровский,306300.0,365650.0,1194.24,stat_gov_kz_real
2014,Костанайская область,Пшеница,Федоровский,290500.0,395419.99999999994,1370.22,stat_gov_kz_real
2015,Костанайская область,Пшеница,Федоровский,283300.0,408940.0,1443.55,stat_gov_kz_real
2016,Костанайская область,Пшеница,Федоровский,286561.6,360871.0,1261.24,stat_gov_kz_real
2017,Костанайская область,Пшеница,Федоровский,269900.0,371460.0,1380.0,stat_gov_kz_real
2018,Костанайская область,Пшеница,Федоровский,235200.0,357020.0,1518.25,stat_gov_kz_real
2019,Костанайская область,Пшеница,Федоровский,206500.0,272520.0,1319.63,stat_gov_kz_real
2020,Костанайская область,Пшеница,Федоровский,226700.0,296419.99999999994,1310.0,stat_gov_kz_real
2021,Костанайская область,Пшеница,Федоровский,249000.0,248530.00000000003,1000.0,stat_gov_kz_real
2022,Костанайская область,Пшеница,Федоровский,244000.0,306100.0,1250.0,stat_gov_kz_real
2023,Костанайская область,Пшеница,Федоровский,266695.0,309130.82,1330.0,stat_gov_kz_real
2024,Костанайская область,Пшеница,Федоровский,250913.0,383796.42,1540.0,stat_gov_kz_real
2025,Костанайская область,Пшеница,Федоровский,226423.29,449525.05000000005,2000.0,stat_gov_kz_real
1990,Костанайская область,Ячмень,Федоровский,80500.0,164400.0,2039.9999999999998,stat_gov_kz_real
1991,Костанайская область,Ячмень,Федоровский,73600.0,41340.0,560.0,stat_gov_kz_real
1992,Костанайская область,Ячмень,Федоровский,80400.0,180830.0,2250.0,stat_gov_kz_real
1993,Костанайская область,Ячмень,Федоровский,113100.0,149750.0,1320.0,stat_gov_kz_real
1994,Костанайская область,Ячмень,Федоровский,73300.0,122400.0,1670.0,stat_gov_kz_real
1995,Костанайская область,Ячмень,Федоровский,56700.0,36560.0,640.0,stat_gov_kz_real
1996,Костанайская область,Ячмень,Федоровский,51700.0,68820.0,1330.0,stat_gov_kz_real
1997,Костанайская область,Ячмень,Федоровский,57600.0,92590.0,1630.0,stat_gov_kz_real
1998,Костанайская область,Ячмень,Федоровский,47900.0,20400.0,459.99999999999994,stat_gov_kz_real
1999,Костанайская область,Ячмень,Федоровский,44000.0,70600.0,1600.0,stat_gov_kz_real
2000,Костанайская область,Ячмень,Федоровский,25000.0,18950.0,1010.0,stat_gov_kz_real
2001,Костанайская область,Ячмень,Федоровский,11900.0,17280.0,1460.0,stat_gov_kz_real
2002,Костанайская область,Ячмень,Федоровский,12000.0,11400.0,950.0,stat_gov_kz_real
2003,Костанайская область,Ячмень,Федоровский,15000.0,21390.0,1430.0,stat_gov_kz_real
2004,Костанайская область,Ячмень,Федоровский,15000.0,14440.000000000002,960.0,stat_gov_kz_real
2005,Костанайская область,Ячмень,Федоровский,15700.0,32560.000000000004,2070.0,stat_gov_kz_real
2006,Костанайская область,Ячмень,Федоровский,20800.0,42380.0,2039.9999999999998,stat_gov_kz_real
2007,Костанайская область,Ячмень,Федоровский,16700.0,32200.000000000004,1930.0,stat_gov_kz_real
2008,Костанайская область,Ячмень,Федоровский,20000.0,24495.0,1220.0,stat_gov_kz_real
2009,Костанайская область,Ячмень,Федоровский,15900.0,23139.7,1460.0,stat_gov_kz_real
2010,Костанайская область,Ячмень,Федоровский,10400.0,12693.4,1240.0,stat_gov_kz_real
2011,Костанайская область,Ячмень,Федоровский,15900.0,38909.9,2440.0,stat_gov_kz_real
2012,Костанайская область,Ячмень,Федоровский,18662.3,14655.75,844.05,stat_gov_kz_real
2013,Костанайская область,Ячмень,Федоровский,24007.0,35164.71,1464.77,stat_gov_kz_real
2014,Костанайская область,Ячмень,Федоровский,20166.0,34092.14,1690.58,stat_gov_kz_real
2015,Костанайская область,Ячмень,Федоровский,23197.5,36953.72,1593.0,stat_gov_kz_real
2016,Костанайская область,Ячмень,Федоровский,22575.9,31714.679999999997,1404.8,stat_gov_kz_real
2017,Костанайская область,Ячмень,Федоровский,21700.0,39256.549999999996,1809.06,stat_gov_kz_real
2018,Костанайская область,Ячмень,Федоровский,38599.4,58888.06,1525.62,stat_gov_kz_real
2019,Костанайская область,Ячмень,Федоровский,44092.2,57283.08,1299.17,stat_gov_kz_real
2020,Костанайская область,Ячмень,Федоровский,33189.5,39041.159999999996,1195.96,stat_gov_kz_real
2021,Костанайская область,Ячмень,Федоровский,23096.6,20084.85,869.9999999999999,stat_gov_kz_real
2022,Костанайская область,Ячмень,Федоровский,22803.1,31842.93,1400.0,stat_gov_kz_real
2023,Костанайская область,Ячмень,Федоровский,27376.7,35146.19,1500.0,stat_gov_kz_real
2024,Костанайская область,Ячмень,Федоровский,26503.0,45891.61,1739.9999999999998,stat_gov_kz_real
2025,Костанайская область,Ячмень,Федоровский,29000.0,48950.95,1920.0,stat_gov_kz_real
1999,Костанайская область,Подсолнечник,г.Костанай,,10.0,1220.0,stat_gov_kz_real
2000,Костанайская область,Подсолнечник,г.Костанай,,10.0,1090.0,stat_gov_kz_real
2001,Костанайская область,Подсолнечник,г.Костанай,,,1040.0,stat_gov_kz_real
2002,Костанайская область,Подсолнечник,г.Костанай,,,800.0,stat_gov_kz_real
2003,Костанайская область,Подсолнечник,г.Костанай,,,900.0,stat_gov_kz_real
2005,Костанайская область,Подсолнечник,г.Костанай,,,730.0,stat_gov_kz_real
2006,Костанайская область,Подсолнечник,г.Костанай,0.0,0.0,350.0,stat_gov_kz_real
2016,Костанайская область,Подсолнечник,г.Костанай,748.0,427.79999999999995,571.93,stat_gov_kz_real
2017,Костанайская область,Подсолнечник,г.Костанай,800.0,850.0,1120.0,stat_gov_kz_real
2018,Костанайская область,Подсолнечник,г.Костанай,100.0,200.0,2000.0,stat_gov_kz_real
1997,Костанайская область,Пшеница,г.Костанай,9500.0,10129.999999999998,1070.0,stat_gov_kz_real
1998,Костанайская область,Пшеница,г.Костанай,5100.0,1340.0,270.0,stat_gov_kz_real
1999,Костанайская область,Пшеница,г.Костанай,2700.0,3180.0,270.0,stat_gov_kz_real
2000,Костанайская область,Пшеница,г.Костанай,7600.0,4800.0,760.0,stat_gov_kz_real
2001,Костанайская область,Пшеница,г.Костанай,5100.0,3060.0,590.0,stat_gov_kz_real
2002,Костанайская область,Пшеница,г.Костанай,8100.0,3889.9999999999995,480.0,stat_gov_kz_real
2003,Костанайская область,Пшеница,г.Костанай,10900.0,8440.000000000002,780.0,stat_gov_kz_real
2006,Костанайская область,Пшеница,г.Костанай,200.0,139.99999999999997,910.0,stat_gov_kz_real
2007,Костанайская область,Пшеница,г.Костанай,400.0,430.0,1100.0,stat_gov_kz_real
2009,Костанайская область,Пшеница,г.Костанай,1200.0,1619.9999999999998,1320.0,stat_gov_kz_real
2010,Костанайская область,Пшеница,г.Костанай,1700.0,610.0,350.0,stat_gov_kz_real
2011,Костанайская область,Пшеница,г.Костанай,2400.0,4750.0,1980.0,stat_gov_kz_real
2012,Костанайская область,Пшеница,г.Костанай,2000.0,659.9999999999999,400.0,stat_gov_kz_real
2013,Костанайская область,Пшеница,г.Костанай,1500.0,1130.0000000000002,744.17,stat_gov_kz_real
2014,Костанайская область,Пшеница,г.Костанай,1300.0,1800.0,1374.6000000000001,stat_gov_kz_real
2015,Костанайская область,Пшеница,г.Костанай,400.0,450.0,1297.1399999999999,stat_gov_kz_real
2016,Костанайская область,Пшеница,г.Костанай,1055.0,1401.3,1328.25,stat_gov_kz_real
2017,Костанайская область,Пшеница,г.Костанай,1100.0,1690.0,1530.0,stat_gov_kz_real
2018,Костанайская область,Пшеница,г.Костанай,1300.0,1680.0000000000002,1295.3799999999999,stat_gov_kz_real
2019,Костанайская область,Пшеница,г.Костанай,2000.0,1470.0,721.52,stat_gov_kz_real
2020,Костанайская область,Пшеница,г.Костанай,1700.0,1460.0,850.0,stat_gov_kz_real
2021,Костанайская область,Пшеница,г.Костанай,1200.0,730.0,630.0,stat_gov_kz_real
2022,Костанайская область,Пшеница,г.Костанай,1300.0,1660.0000000000002,1330.0,stat_gov_kz_real
2023,Костанайская область,Пшеница,г.Костанай,2015.0000000000002,2744.1,1360.0,stat_gov_kz_real
2024,Костанайская область,Пшеница,г.Костанай,1855.0,2158.2,1160.0,stat_gov_kz_real
2025,Костанайская область,Пшеница,г.Костанай,1285.33,1892.7,1470.0,stat_gov_kz_real
1991,Костанайская область,Ячмень,г.Костанай,,90.0,,stat_gov_kz_real
1997,Костанайская область,Ячмень,г.Костанай,6000.0,5650.0,940.0,stat_gov_kz_real
1998,Костанайская область,Ячмень,г.Костанай,7500.0,2080.0,280.0,stat_gov_kz_real
2000,Костанайская область,Ячмень,г.Костанай,600.0,300.0,580.0,stat_gov_kz_real
2002,Костанайская область,Ячмень,г.Костанай,,80.0,960.0,stat_gov_kz_real
2003,Костанайская область,Ячмень,г.Костанай,200.0,160.0,1260.0,stat_gov_kz_real
2004,Костанайская область,Ячмень,г.Костанай,,10.0,660.0,stat_gov_kz_real
2005,Костанайская область,Ячмень,г.Костанай,,10.0,700.0,stat_gov_kz_real
2010,Костанайская область,Ячмень,г.Костанай,0.0,30.0,1000.0,stat_gov_kz_real
2012,Костанайская область,Ячмень,г.Костанай,75.0,21.0,280.0,stat_gov_kz_real
2013,Костанайская область,Ячмень,г.Костанай,150.0,220.0,1466.67,stat_gov_kz_real
2014,Костанайская область,Ячмень,г.Костанай,261.0,313.3,1205.0,stat_gov_kz_real
2015,Костанайская область,Ячмень,г.Костанай,230.0,285.7,1242.1699999999998,stat_gov_kz_real
2016,Костанайская область,Ячмень,г.Костанай,356.0,482.0,1353.93,stat_gov_kz_real
2017,Костанайская область,Ячмень,г.Костанай,200.0,160.89999999999998,705.7,stat_gov_kz_real
2018,Костанайская область,Ячмень,г.Костанай,288.0,779.3,2705.9,stat_gov_kz_real
2019,Костанайская область,Ячмень,г.Костанай,2.0,1.5,750.0,stat_gov_kz_real
2021,Костанайская область,Ячмень,г.Костанай,134.0,134.0,1000.0,stat_gov_kz_real
2022,Костанайская область,Ячмень,г.Костанай,141.0,183.29999999999998,1300.0,stat_gov_kz_real
2023,Костанайская область,Ячмень,г.Костанай,226.0,338.1,1500.0,stat_gov_kz_real
2024,Костанайская область,Ячмень,г.Костанай,100.0,,,stat_gov_kz_real
2025,Костанайская область,Ячмень,г.Костанай,503.0,831.5,1650.0,stat_gov_kz_real
2020,Северо-Казахстанская область,Кукуруза,Айыртауский район,1089.0,759.57,,stat_gov_kz_real
2021,Северо-Казахстанская область,Кукуруза,Айыртауский район,4624.0,8909.62,,stat_gov_kz_real
1990,Северо-Казахстанская область,Подсолнечник,Айыртауский район,0.0,,,stat_gov_kz_real
1991,Северо-Казахстанская область,Подсолнечник,Айыртауский район,3556.0,176.70000000000002,360.0,stat_gov_kz_real
1992,Северо-Казахстанская область,Подсолнечник,Айыртауский район,3880.0,311.6,140.0,stat_gov_kz_real
1993,Северо-Казахстанская область,Подсолнечник,Айыртауский район,2315.0,101.60000000000001,60.0,stat_gov_kz_real
1994,Северо-Казахстанская область,Подсолнечник,Айыртауский район,2145.0,150.6,120.0,stat_gov_kz_real
1995,Северо-Казахстанская область,Подсолнечник,Айыртауский район,761.0,9.200000000000001,60.0,stat_gov_kz_real
1996,Северо-Казахстанская область,Подсолнечник,Айыртауский район,581.0,73.60000000000001,130.0,stat_gov_kz_real
1997,Северо-Казахстанская область,Подсолнечник,Айыртауский район,540.0,28.0,80.0,stat_gov_kz_real
1998,Северо-Казахстанская область,Подсолнечник,Айыртауский район,270.0,12.200000000000001,50.0,stat_gov_kz_real
1999,Северо-Казахстанская область,Подсолнечник,Айыртауский район,1010.0,39.300000000000004,38.910891089108915,stat_gov_kz_real
2000,Северо-Казахстанская область,Подсолнечник,Айыртауский район,140.0,11.9,85.0,stat_gov_kz_real
2001,Северо-Казахстанская область,Подсолнечник,Айыртауский район,80.0,2.2,30.0,stat_gov_kz_real
2002,Северо-Казахстанская область,Подсолнечник,Айыртауский район,20.0,8.0,400.0,stat_gov_kz_real
2003,Северо-Казахстанская область,Подсолнечник,Айыртауский район,1145.0,337.0,290.0,stat_gov_kz_real
2004,Северо-Казахстанская область,Подсолнечник,Айыртауский район,0.0,,,stat_gov_kz_real
2005,Северо-Казахстанская область,Подсолнечник,Айыртауский район,0.0,,,stat_gov_kz_real
2006,Северо-Казахстанская область,Подсолнечник,Айыртауский район,543.0,98.4,180.0,stat_gov_kz_real
2007,Северо-Казахстанская область,Подсолнечник,Айыртауский район,284.0,255.60000000000002,900.0,stat_gov_kz_real
2008,Северо-Казахстанская область,Подсолнечник,Айыртауский район,1755.0,709.9000000000001,400.0,stat_gov_kz_real
2009,Северо-Казахстанская область,Подсолнечник,Айыртауский район,1012.0,485.8,480.0,stat_gov_kz_real
2010,Северо-Казахстанская область,Подсолнечник,Айыртауский район,3058.0,474.20000000000005,160.0,stat_gov_kz_real
2011,Северо-Казахстанская область,Подсолнечник,Айыртауский район,3291.0,2953.1000000000004,900.0,stat_gov_kz_real
2012,Северо-Казахстанская область,Подсолнечник,Айыртауский район,2505.0,2202.5,880.0000000000001,stat_gov_kz_real
2013,Северо-Казахстанская область,Подсолнечник,Айыртауский район,4820.0,4534.400000000001,940.0,stat_gov_kz_real
2014,Северо-Казахстанская область,Подсолнечник,Айыртауский район,5906.0,3004.5,570.0,stat_gov_kz_real
2015,Северо-Казахстанская область,Подсолнечник,Айыртауский район,1436.0,1328.562,930.0000000000001,stat_gov_kz_real
2016,Северо-Казахстанская область,Подсолнечник,Айыртауский район,2310.0,1649.0,710.0,stat_gov_kz_real
2017,Северо-Казахстанская область,Подсолнечник,Айыртауский район,2625.0,1958.6000000000001,900.0,stat_gov_kz_real
2018,Северо-Казахстанская область,Подсолнечник,Айыртауский район,3598.0,2314.1,840.0,stat_gov_kz_real
2019,Северо-Казахстанская область,Подсолнечник,Айыртауский район,1405.0,1217.5,869.9999999999999,stat_gov_kz_real
2020,Северо-Казахстанская область,Подсолнечник,Айыртауский район,4574.0,4553.42,1000.0,stat_gov_kz_real
2021,Северо-Казахстанская область,Подсолнечник,Айыртауский район,5731.0,4640.25,819.9999999999999,stat_gov_kz_real
2022,Северо-Казахстанская область,Подсолнечник,Айыртауский район,5661.0,7802.99,1380.0,stat_gov_kz_real
2023,Северо-Казахстанская область,Подсолнечник,Айыртауский район,6222.0,9706.0,1689.9999999999998,stat_gov_kz_real
2024,Северо-Казахстанская область,Подсолнечник,Айыртауский район,14298.0,21736.78,1670.0,stat_gov_kz_real
2025,Северо-Казахстанская область,Подсолнечник,Айыртауский район,14858.0,24371.370000000003,1639.9999999999998,stat_gov_kz_real
1990,Северо-Казахстанская область,Пшеница,Айыртауский район,160677.0,239732.1,1492.0125469108834,stat_gov_kz_real
1991,Северо-Казахстанская область,Пшеница,Айыртауский район,152881.0,83058.1,543.2859544351489,stat_gov_kz_real
1992,Северо-Казахстанская область,Пшеница,Айыртауский район,149989.0,261097.6,1740.778323743741,stat_gov_kz_real
1993,Северо-Казахстанская область,Пшеница,Айыртауский район,105604.0,94709.8,896.8391348812545,stat_gov_kz_real
1994,Северо-Казахстанская область,Пшеница,Айыртауский район,138195.0,131409.6,950.8998154781286,stat_gov_kz_real
1995,Северо-Казахстанская область,Пшеница,Айыртауский район,158152.0,126745.5,801.4157266427235,stat_gov_kz_real
1996,Северо-Казахстанская область,Пшеница,Айыртауский район,173014.0,141633.7,818.6256603511854,stat_gov_kz_real
1997,Северо-Казахстанская область,Пшеница,Айыртауский район,168807.0,179538.6,1063.5731930547904,stat_gov_kz_real
1998,Северо-Казахстанская область,Пшеница,Айыртауский район,176874.0,119700.3,676.754638895485,stat_gov_kz_real
1999,Северо-Казахстанская область,Пшеница,Айыртауский район,196472.0,291602.8,1484.19520338776,stat_gov_kz_real
2000,Северо-Казахстанская область,Пшеница,Айыртауский район,248518.0,191518.7,770.6431727279312,stat_gov_kz_real
2001,Северо-Казахстанская область,Пшеница,Айыртауский район,248080.0,262729.4,1059.0511125443406,stat_gov_kz_real
2002,Северо-Казахстанская область,Пшеница,Айыртауский район,250074.0,254430.1,1017.4192439038045,stat_gov_kz_real
2003,Северо-Казахстанская область,Пшеница,Айыртауский район,242600.0,220164.7,907.5214344600164,stat_gov_kz_real
2004,Северо-Казахстанская область,Пшеница,Айыртауский район,245445.0,202099.5,823.400354458229,stat_gov_kz_real
2005,Северо-Казахстанская область,Пшеница,Айыртауский район,263247.0,269905.7,1025.2944952838968,stat_gov_kz_real
2006,Северо-Казахстанская область,Пшеница,Айыртауский район,240219.0,354087.2,1474.0182916422098,stat_gov_kz_real
2007,Северо-Казахстанская область,Пшеница,Айыртауский район,235762.0,,1459.9888870980055,stat_gov_kz_real
2008,Северо-Казахстанская область,Пшеница,Айыртауский район,241789.0,314547.8,1300.9185694965445,stat_gov_kz_real
2009,Северо-Казахстанская область,Пшеница,Айыртауский район,282088.0,397454.5,1408.9734409120558,stat_gov_kz_real
2010,Северо-Казахстанская область,Пшеница,Айыртауский район,268581.0,245837.6,915.3201455054526,stat_gov_kz_real
2011,Северо-Казахстанская область,Пшеница,Айыртауский район,265458.6,610235.46,2298.797100564834,stat_gov_kz_real
2012,Северо-Казахстанская область,Пшеница,Айыртауский район,273386.0,422812.29000000004,1546.5762328722028,stat_gov_kz_real
2013,Северо-Казахстанская область,Пшеница,Айыртауский район,249101.0,313979.52999999997,1260.4507007197883,stat_gov_kz_real
2014,Северо-Казахстанская область,Пшеница,Айыртауский район,235651.0,324382.7,1376.5386100631868,stat_gov_kz_real
2015,Северо-Казахстанская область,Пшеница,Айыртауский район,203815.97,301720.11600000004,1480.355616883211,stat_gov_kz_real
2016,Северо-Казахстанская область,Пшеница,Айыртауский район,214986.0,303290.77,1410.746606755789,stat_gov_kz_real
2017,Северо-Казахстанская область,Пшеница,Айыртауский район,188580.0,316238.35000000003,1676.9453282426557,stat_gov_kz_real
2018,Северо-Казахстанская область,Пшеница,Айыртауский район,163449.0,214769.81000000003,1313.9866869788132,stat_gov_kz_real
2019,Северо-Казахстанская область,Пшеница,Айыртауский район,159187.0,202258.33000000002,1270.5706496133478,stat_gov_kz_real
2020,Северо-Казахстанская область,Пшеница,Айыртауский район,195203.0,262902.532,1346.8160427862276,stat_gov_kz_real
2021,Северо-Казахстанская область,Пшеница,Айыртауский район,200482.0,201448.127,1004.8190211590068,stat_gov_kz_real
2022,Северо-Казахстанская область,Пшеница,Айыртауский район,200499.5,314014.99,1570.0,stat_gov_kz_real
2023,Северо-Казахстанская область,Пшеница,Айыртауский район,208293.7,250415.902,1212.98,stat_gov_kz_real
2024,Северо-Казахстанская область,Пшеница,Айыртауский район,199238.0,355408.66000000003,1789.9999999999998,stat_gov_kz_real
2025,Северо-Казахстанская область,Пшеница,Айыртауский район,150080.5,326056.24,2170.0,stat_gov_kz_real
1990,Северо-Казахстанская область,Ячмень,Айыртауский район,127551.0,260254.5,2100.0,stat_gov_kz_real
1991,Северо-Казахстанская область,Ячмень,Айыртауский район,126180.0,68603.0,819.9999999999999,stat_gov_kz_real
1992,Северо-Казахстанская область,Ячмень,Айыртауский район,112532.0,250087.6,2220.0,stat_gov_kz_real
1993,Северо-Казахстанская область,Ячмень,Айыртауский район,135237.0,134425.9,1000.0,stat_gov_kz_real
1994,Северо-Казахстанская область,Ячмень,Айыртауский район,99803.0,159131.7,1600.0,stat_gov_kz_real
1995,Северо-Казахстанская область,Ячмень,Айыртауский район,83143.0,62440.600000000006,750.0,stat_gov_kz_real
1996,Северо-Казахстанская область,Ячмень,Айыртауский район,69353.0,86007.0,1290.0,stat_gov_kz_real
1997,Северо-Казахстанская область,Ячмень,Айыртауский район,73945.0,76842.90000000001,1260.0,stat_gov_kz_real
1998,Северо-Казахстанская область,Ячмень,Айыртауский район,70090.0,34951.4,560.0,stat_gov_kz_real
1999,Северо-Казахстанская область,Ячмень,Айыртауский район,71444.0,93614.70000000001,1310.0,stat_gov_kz_real
2000,Северо-Казахстанская область,Ячмень,Айыртауский район,42129.0,34484.700000000004,830.0000000000001,stat_gov_kz_real
2001,Северо-Казахстанская область,Ячмень,Айыртауский район,39960.0,32640.0,830.0000000000001,stat_gov_kz_real
2002,Северо-Казахстанская область,Ячмень,Айыртауский район,47691.0,46744.200000000004,980.0000000000001,stat_gov_kz_real
2003,Северо-Казахстанская область,Ячмень,Айыртауский район,58499.0,59006.9,1010.0,stat_gov_kz_real
2004,Северо-Казахстанская область,Ячмень,Айыртауский район,29271.0,21182.9,730.0,stat_gov_kz_real
2005,Северо-Казахстанская область,Ячмень,Айыртауский район,25765.0,37205.9,1440.0,stat_gov_kz_real
2006,Северо-Казахстанская область,Ячмень,Айыртауский район,43496.0,75917.72,1750.0,stat_gov_kz_real
2007,Северо-Казахстанская область,Ячмень,Айыртауский район,54534.0,94375.70000000001,1730.0,stat_gov_kz_real
2008,Северо-Казахстанская область,Ячмень,Айыртауский район,74463.0,114402.90000000001,1540.0,stat_gov_kz_real
2009,Северо-Казахстанская область,Ячмень,Айыртауский район,46527.0,76757.1,1670.0,stat_gov_kz_real
2010,Северо-Казахстанская область,Ячмень,Айыртауский район,49581.0,41902.600000000006,850.0,stat_gov_kz_real
2011,Северо-Казахстанская область,Ячмень,Айыртауский район,38263.1,96069.11,2510.0,stat_gov_kz_real
2012,Северо-Казахстанская область,Ячмень,Айыртауский район,41124.0,57852.71,1410.0,stat_gov_kz_real
2013,Северо-Казахстанская область,Ячмень,Айыртауский район,41409.0,76084.62,1839.9999999999998,stat_gov_kz_real
2014,Северо-Казахстанская область,Ячмень,Айыртауский район,62156.0,127130.8,2050.0,stat_gov_kz_real
2015,Северо-Казахстанская область,Ячмень,Айыртауский район,51489.97,81446.842,1600.0,stat_gov_kz_real
2016,Северо-Казахстанская область,Ячмень,Айыртауский район,53523.0,95992.22,1820.0,stat_gov_kz_real
2017,Северо-Казахстанская область,Ячмень,Айыртауский район,43650.0,77611.34,1789.9999999999998,stat_gov_kz_real
2018,Северо-Казахстанская область,Ячмень,Айыртауский район,55861.0,92144.53000000001,1650.0,stat_gov_kz_real
2019,Северо-Казахстанская область,Ячмень,Айыртауский район,76681.0,107826.46000000002,1430.0,stat_gov_kz_real
2020,Северо-Казахстанская область,Ячмень,Айыртауский район,25711.0,87057.53000000001,1450.0,stat_gov_kz_real
2021,Северо-Казахстанская область,Ячмень,Айыртауский район,57058.0,53867.32,1000.0,stat_gov_kz_real
2022,Северо-Казахстанская область,Ячмень,Айыртауский район,47765.0,89061.04000000001,1860.0000000000002,stat_gov_kz_real
2023,Северо-Казахстанская область,Ячмень,Айыртауский район,76187.0,96845.433,1284.44,stat_gov_kz_real
2024,Северо-Казахстанская область,Ячмень,Айыртауский район,70763.7,123123.72,1750.0,stat_gov_kz_real
2025,Северо-Казахстанская область,Ячмень,Айыртауский район,68213.5,144514.72,2130.0,stat_gov_kz_real
1990,Северо-Казахстанская область,Подсолнечник,Акжарский район,0.0,,,stat_gov_kz_real
1991,Северо-Казахстанская область,Подсолнечник,Акжарский район,880.0,,,stat_gov_kz_real
1992,Северо-Казахстанская область,Подсолнечник,Акжарский район,2296.0,150.20000000000002,190.0,stat_gov_kz_real
1993,Северо-Казахстанская область,Подсолнечник,Акжарский район,2342.0,233.5,250.0,stat_gov_kz_real
1994,Северо-Казахстанская область,Подсолнечник,Акжарский район,2235.0,268.5,270.0,stat_gov_kz_real
1995,Северо-Казахстанская область,Подсолнечник,Акжарский район,1605.0,96.7,140.0,stat_gov_kz_real
1996,Северо-Казахстанская область,Подсолнечник,Акжарский район,844.0,139.6,260.0,stat_gov_kz_real
1997,Северо-Казахстанская область,Подсолнечник,Акжарский район,0.0,,,stat_gov_kz_real
1998,Северо-Казахстанская область,Подсолнечник,Акжарский район,0.0,,,stat_gov_kz_real
1999,Северо-Казахстанская область,Подсолнечник,Акжарский район,1123.0,16.7,14.870881567230631,stat_gov_kz_real
2000,Северо-Казахстанская область,Подсолнечник,Акжарский район,150.0,7.800000000000001,52.0,stat_gov_kz_real
2001,Северо-Казахстанская область,Подсолнечник,Акжарский район,200.0,65.0,330.0,stat_gov_kz_real
2002,Северо-Казахстанская область,Подсолнечник,Акжарский район,100.0,20.0,200.0,stat_gov_kz_real
2003,Северо-Казахстанская область,Подсолнечник,Акжарский район,500.0,120.0,240.0,stat_gov_kz_real
2004,Северо-Казахстанская область,Подсолнечник,Акжарский район,6.0,4.0,670.0,stat_gov_kz_real
2005,Северо-Казахстанская область,Подсолнечник,Акжарский район,0.0,,,stat_gov_kz_real
2006,Северо-Казахстанская область,Подсолнечник,Акжарский район,0.0,,,stat_gov_kz_real
2007,Северо-Казахстанская область,Подсолнечник,Акжарский район,0.0,,,stat_gov_kz_real
2008,Северо-Казахстанская область,Подсолнечник,Акжарский район,0.0,,,stat_gov_kz_real
2009,Северо-Казахстанская область,Подсолнечник,Акжарский район,0.0,,,stat_gov_kz_real
2010,Северо-Казахстанская область,Подсолнечник,Акжарский район,123.0,9.700000000000001,80.0,stat_gov_kz_real
2011,Северо-Казахстанская область,Подсолнечник,Акжарский район,0.0,,,stat_gov_kz_real
2012,Северо-Казахстанская область,Подсолнечник,Акжарский район,392.0,450.0,1150.0,stat_gov_kz_real
2013,Северо-Казахстанская область,Подсолнечник,Акжарский район,0.0,,,stat_gov_kz_real
2014,Северо-Казахстанская область,Подсолнечник,Акжарский район,0.0,,0.0,stat_gov_kz_real
2015,Северо-Казахстанская область,Подсолнечник,Акжарский район,0.0,,0.0,stat_gov_kz_real
2016,Северо-Казахстанская область,Подсолнечник,Акжарский район,0.0,,0.0,stat_gov_kz_real
2017,Северо-Казахстанская область,Подсолнечник,Акжарский район,,,0.0,stat_gov_kz_real
2018,Северо-Казахстанская область,Подсолнечник,Акжарский район,0.0,,0.0,stat_gov_kz_real
2023,Северо-Казахстанская область,Подсолнечник,Акжарский район,62.0,28.0,450.0,stat_gov_kz_real
2024,Северо-Казахстанская область,Подсолнечник,Акжарский район,2454.0,4334.3,1770.0,stat_gov_kz_real
2025,Северо-Казахстанская область,Подсолнечник,Акжарский район,5299.0,7428.5,1400.0,stat_gov_kz_real
1990,Северо-Казахстанская область,Пшеница,Акжарский район,214965.0,198074.1,921.424883120508,stat_gov_kz_real
1991,Северо-Казахстанская область,Пшеница,Акжарский район,194976.0,60557.8,310.5910471032332,stat_gov_kz_real
1992,Северо-Казахстанская область,Пшеница,Акжарский район,195782.0,159996.5,817.2176195973072,stat_gov_kz_real
1993,Северо-Казахстанская область,Пшеница,Акжарский район,162940.0,220248.6,1351.7159690683688,stat_gov_kz_real
1994,Северо-Казахстанская область,Пшеница,Акжарский район,173322.0,141413.4,815.8998857617613,stat_gov_kz_real
1995,Северо-Казахстанская область,Пшеница,Акжарский район,173488.0,120911.5,696.9444572535276,stat_gov_kz_real
1996,Северо-Казахстанская область,Пшеница,Акжарский район,180441.0,197494.2,1094.508454286997,stat_gov_kz_real
1997,Северо-Казахстанская область,Пшеница,Акжарский район,189999.0,153127.0,805.9358207148458,stat_gov_kz_real
1998,Северо-Казахстанская область,Пшеница,Акжарский район,178921.0,111773.8,624.7103470246645,stat_gov_kz_real
1999,Северо-Казахстанская область,Пшеница,Акжарский район,189799.0,131553.4,693.1195633275202,stat_gov_kz_real
2000,Северо-Казахстанская область,Пшеница,Акжарский район,181683.0,96593.20000000001,531.6578876394599,stat_gov_kz_real
2001,Северо-Казахстанская область,Пшеница,Акжарский район,166541.0,178864.40000000002,1073.9961931296198,stat_gov_kz_real
2002,Северо-Казахстанская область,Пшеница,Акжарский район,187872.0,142051.30000000002,756.1068174075966,stat_gov_kz_real
2003,Северо-Казахстанская область,Пшеница,Акжарский район,177304.0,117103.5,660.4673329422913,stat_gov_kz_real
2004,Северо-Казахстанская область,Пшеница,Акжарский район,200760.0,179325.30000000002,893.2322175732218,stat_gov_kz_real
2005,Северо-Казахстанская область,Пшеница,Акжарский район,218914.0,209835.40000000002,958.5289200325242,stat_gov_kz_real
2006,Северо-Казахстанская область,Пшеница,Акжарский район,243668.0,298372.60000000003,1224.504653873303,stat_gov_kz_real
2007,Северо-Казахстанская область,Пшеница,Акжарский район,249227.0,,1392.931744955402,stat_gov_kz_real
2008,Северо-Казахстанская область,Пшеница,Акжарский район,274460.0,151322.0,551.3444582088464,stat_gov_kz_real
2009,Северо-Казахстанская область,Пшеница,Акжарский район,295784.0,383765.30000000005,1297.4511805912423,stat_gov_kz_real
2010,Северо-Казахстанская область,Пшеница,Акжарский район,299639.0,357695.0,1193.75314962338,stat_gov_kz_real
2011,Северо-Казахстанская область,Пшеница,Акжарский район,254248.0,402062.2,1581.3780246058966,stat_gov_kz_real
2012,Северо-Казахстанская область,Пшеница,Акжарский район,278020.0,212318.30000000002,763.679951082656,stat_gov_kz_real
2013,Северо-Казахстанская область,Пшеница,Акжарский район,206249.0,180014.0,872.7993832697371,stat_gov_kz_real
2014,Северо-Казахстанская область,Пшеница,Акжарский район,142289.0,184202.1,1294.5631777579433,stat_gov_kz_real
2015,Северо-Казахстанская область,Пшеница,Акжарский район,138446.04,207149.0,1496.2435906436904,stat_gov_kz_real
2016,Северо-Казахстанская область,Пшеница,Акжарский район,134132.0,176468.30000000002,1315.6316166164675,stat_gov_kz_real
2017,Северо-Казахстанская область,Пшеница,Акжарский район,159230.0,200705.25,1260.4738428688063,stat_gov_kz_real
2018,Северо-Казахстанская область,Пшеница,Акжарский район,127771.0,179993.53000000003,1408.7197407862504,stat_gov_kz_real
2019,Северо-Казахстанская область,Пшеница,Акжарский район,143719.4,178463.86000000002,1241.7520529587516,stat_gov_kz_real
2020,Северо-Казахстанская область,Пшеница,Акжарский район,157563.2,207274.0,1315.4975273414095,stat_gov_kz_real
2021,Северо-Казахстанская область,Пшеница,Акжарский район,165164.2,195385.30000000002,1182.9760928821136,stat_gov_kz_real
2022,Северо-Казахстанская область,Пшеница,Акжарский район,178338.5,174334.90000000002,980.0000000000001,stat_gov_kz_real
2023,Северо-Казахстанская область,Пшеница,Акжарский район,199149.9,108676.78400000001,567.3199999999999,stat_gov_kz_real
2024,Северо-Казахстанская область,Пшеница,Акжарский район,179048.5,284074.32,1590.0,stat_gov_kz_real
2025,Северо-Казахстанская область,Пшеница,Акжарский район,160238.1,247736.49,1550.0,stat_gov_kz_real
1990,Северо-Казахстанская область,Ячмень,Акжарский район,53175.0,73254.7,1410.0,stat_gov_kz_real
1991,Северо-Казахстанская область,Ячмень,Акжарский район,56462.0,11360.900000000001,290.0,stat_gov_kz_real
1992,Северо-Казахстанская область,Ячмень,Акжарский район,52932.0,40361.4,819.9999999999999,stat_gov_kz_real
1993,Северо-Казахстанская область,Ячмень,Акжарский район,60227.0,93965.6,1560.0,stat_gov_kz_real
1994,Северо-Казахстанская область,Ячмень,Акжарский район,53055.0,68889.6,1390.0,stat_gov_kz_real
1995,Северо-Казахстанская область,Ячмень,Акжарский район,47928.0,26854.7,570.0,stat_gov_kz_real
1996,Северо-Казахстанская область,Ячмень,Акжарский район,33576.0,32292.0,960.0,stat_gov_kz_real
1997,Северо-Казахстанская область,Ячмень,Акжарский район,32071.0,10809.0,459.99999999999994,stat_gov_kz_real
1998,Северо-Казахстанская область,Ячмень,Акжарский район,11505.0,6110.900000000001,560.0,stat_gov_kz_real
1999,Северо-Казахстанская область,Ячмень,Акжарский район,9007.0,5423.400000000001,620.0,stat_gov_kz_real
2000,Северо-Казахстанская область,Ячмень,Акжарский район,7768.0,5012.8,730.0,stat_gov_kz_real
2001,Северо-Казахстанская область,Ячмень,Акжарский район,13162.0,13471.6,1019.9999999999999,stat_gov_kz_real
2002,Северо-Казахстанская область,Ячмень,Акжарский район,6554.0,3538.2000000000003,550.0,stat_gov_kz_real
2003,Северо-Казахстанская область,Ячмень,Акжарский район,14083.0,9135.1,650.0,stat_gov_kz_real
2004,Северо-Казахстанская область,Ячмень,Акжарский район,7115.0,6873.6,969.9999999999999,stat_gov_kz_real
2005,Северо-Казахстанская область,Ячмень,Акжарский район,7964.0,9192.4,1150.0,stat_gov_kz_real
2006,Северо-Казахстанская область,Ячмень,Акжарский район,12422.0,14574.2,1230.0,stat_gov_kz_real
2007,Северо-Казахстанская область,Ячмень,Акжарский район,22054.0,27541.2,1420.0,stat_gov_kz_real
2008,Северо-Казахстанская область,Ячмень,Акжарский район,30375.0,10780.7,520.0,stat_gov_kz_real
2009,Северо-Казахстанская область,Ячмень,Акжарский район,27078.0,39649.700000000004,1460.0,stat_gov_kz_real
2010,Северо-Казахстанская область,Ячмень,Акжарский район,28139.0,31205.800000000003,1140.0,stat_gov_kz_real
2011,Северо-Казахстанская область,Ячмень,Акжарский район,73588.0,98850.20000000001,1340.0,stat_gov_kz_real
2012,Северо-Казахстанская область,Ячмень,Акжарский район,49187.0,42169.200000000004,900.0,stat_gov_kz_real
2013,Северо-Казахстанская область,Ячмень,Акжарский район,48951.0,57684.850000000006,1180.0,stat_gov_kz_real
2014,Северо-Казахстанская область,Ячмень,Акжарский район,31695.0,44003.5,1390.0,stat_gov_kz_real
2015,Северо-Казахстанская область,Ячмень,Акжарский район,17672.02,24663.706000000002,1470.0,stat_gov_kz_real
2016,Северо-Казахстанская область,Ячмень,Акжарский район,37695.0,65583.5,1739.9999999999998,stat_gov_kz_real
2017,Северо-Казахстанская область,Ячмень,Акжарский район,30291.0,53898.4,1780.0,stat_gov_kz_real
2018,Северо-Казахстанская область,Ячмень,Акжарский район,37718.0,56895.41,1510.0,stat_gov_kz_real
2019,Северо-Казахстанская область,Ячмень,Акжарский район,39891.0,54381.46,1360.0,stat_gov_kz_real
2020,Северо-Казахстанская область,Ячмень,Акжарский район,37235.0,37463.8,1260.0,stat_gov_kz_real
2021,Северо-Казахстанская область,Ячмень,Акжарский район,24065.0,27182.2,1200.0,stat_gov_kz_real
2022,Северо-Казахстанская область,Ячмень,Акжарский район,26437.0,28020.100000000002,1060.0,stat_gov_kz_real
2023,Северо-Казахстанская область,Ячмень,Акжарский район,38194.0,25606.870000000003,756.28,stat_gov_kz_real
2024,Северо-Казахстанская область,Ячмень,Акжарский район,32804.8,50680.94,1540.0,stat_gov_kz_real
2025,Северо-Казахстанская область,Ячмень,Акжарский район,28423.0,40205.83,1410.0,stat_gov_kz_real
2023,Северо-Казахстанская область,Кукуруза,Аккайынский район,150.0,39.92,270.0,stat_gov_kz_real
1990,Северо-Казахстанская область,Подсолнечник,Аккайынский район,22.0,,,stat_gov_kz_real
1991,Северо-Казахстанская область,Подсолнечник,Аккайынский район,861.0,104.4,180.0,stat_gov_kz_real
1992,Северо-Казахстанская область,Подсолнечник,Аккайынский район,1633.0,357.3,310.0,stat_gov_kz_real
1993,Северо-Казахстанская область,Подсолнечник,Аккайынский район,1027.0,125.9,340.0,stat_gov_kz_real
1994,Северо-Казахстанская область,Подсолнечник,Аккайынский район,530.0,22.200000000000003,90.0,stat_gov_kz_real
1995,Северо-Казахстанская область,Подсолнечник,Аккайынский район,100.0,3.5,80.0,stat_gov_kz_real
1996,Северо-Казахстанская область,Подсолнечник,Аккайынский район,0.0,,,stat_gov_kz_real
1997,Северо-Казахстанская область,Подсолнечник,Аккайынский район,0.0,,,stat_gov_kz_real
1998,Северо-Казахстанская область,Подсолнечник,Аккайынский район,0.0,,,stat_gov_kz_real
1999,Северо-Казахстанская область,Подсолнечник,Аккайынский район,0.0,,,stat_gov_kz_real
2000,Северо-Казахстанская область,Подсолнечник,Аккайынский район,0.0,,,stat_gov_kz_real
2001,Северо-Казахстанская область,Подсолнечник,Аккайынский район,0.0,,,stat_gov_kz_real
2002,Северо-Казахстанская область,Подсолнечник,Аккайынский район,0.0,,,stat_gov_kz_real
2003,Северо-Казахстанская область,Подсолнечник,Аккайынский район,0.0,,,stat_gov_kz_real
2004,Северо-Казахстанская область,Подсолнечник,Аккайынский район,5.0,,,stat_gov_kz_real
2005,Северо-Казахстанская область,Подсолнечник,Аккайынский район,0.0,,,stat_gov_kz_real
2006,Северо-Казахстанская область,Подсолнечник,Аккайынский район,600.0,451.6,750.0,stat_gov_kz_real
2007,Северо-Казахстанская область,Подсолнечник,Аккайынский район,200.0,211.9,1060.0,stat_gov_kz_real
2008,Северо-Казахстанская область,Подсолнечник,Аккайынский район,0.0,,590.0,stat_gov_kz_real
2009,Северо-Казахстанская область,Подсолнечник,Аккайынский район,1026.0,1385.1000000000001,1350.0,stat_gov_kz_real
2010,Северо-Казахстанская область,Подсолнечник,Аккайынский район,2311.0,1897.7,819.9999999999999,stat_gov_kz_real
2011,Северо-Казахстанская область,Подсолнечник,Аккайынский район,0.0,,,stat_gov_kz_real
2012,Северо-Казахстанская область,Подсолнечник,Аккайынский район,0.0,,,stat_gov_kz_real
2013,Северо-Казахстанская область,Подсолнечник,Аккайынский район,1025.0,900.2,880.0000000000001,stat_gov_kz_real
2014,Северо-Казахстанская область,Подсолнечник,Аккайынский район,0.0,,0.0,stat_gov_kz_real
2015,Северо-Казахстанская область,Подсолнечник,Аккайынский район,0.0,,0.0,stat_gov_kz_real
2016,Северо-Казахстанская область,Подсолнечник,Аккайынский район,0.0,,0.0,stat_gov_kz_real
2017,Северо-Казахстанская область,Подсолнечник,Аккайынский район,,,0.0,stat_gov_kz_real
2018,Северо-Казахстанская область,Подсолнечник,Аккайынский район,0.0,,0.0,stat_gov_kz_real
2022,Северо-Казахстанская область,Подсолнечник,Аккайынский район,610.0,981.8000000000001,1610.0000000000002,stat_gov_kz_real
2023,Северо-Казахстанская область,Подсолнечник,Аккайынский район,2032.0,2101.1,1030.0,stat_gov_kz_real
2024,Северо-Казахстанская область,Подсолнечник,Аккайынский район,2468.52,4660.2,1889.9999999999998,stat_gov_kz_real
2025,Северо-Казахстанская область,Подсолнечник,Аккайынский район,4296.0,7242.67,1689.9999999999998,stat_gov_kz_real
1990,Северо-Казахстанская область,Пшеница,Аккайынский район,76456.0,88006.20000000001,1151.0698964110077,stat_gov_kz_real
1991,Северо-Казахстанская область,Пшеница,Аккайынский район,72040.0,47805.600000000006,663.5980011104942,stat_gov_kz_real
1992,Северо-Казахстанская область,Пшеница,Аккайынский район,69224.0,142363.9,2056.5685311452676,stat_gov_kz_real
1993,Северо-Казахстанская область,Пшеница,Аккайынский район,70258.0,82022.1,1167.4414301574197,stat_gov_kz_real
1994,Северо-Казахстанская область,Пшеница,Аккайынский район,81184.0,68408.3,842.6327847851793,stat_gov_kz_real
1995,Северо-Казахстанская область,Пшеница,Аккайынский район,81976.0,59372.600000000006,724.2680784619889,stat_gov_kz_real
1996,Северо-Казахстанская область,Пшеница,Аккайынский район,92264.0,109855.8,1190.6680828925691,stat_gov_kz_real
1997,Северо-Казахстанская область,Пшеница,Аккайынский район,89271.0,109691.0,1228.741696631605,stat_gov_kz_real
1998,Северо-Казахстанская область,Пшеница,Аккайынский район,93000.0,80595.0,866.6129032258065,stat_gov_kz_real
1999,Северо-Казахстанская область,Пшеница,Аккайынский район,111901.0,180225.0,1610.5754193438845,stat_gov_kz_real
2000,Северо-Казахстанская область,Пшеница,Аккайынский район,116000.0,129714.70000000001,1118.230172413793,stat_gov_kz_real
2001,Северо-Казахстанская область,Пшеница,Аккайынский район,118307.0,234136.0,1979.054493816934,stat_gov_kz_real
2002,Северо-Казахстанская область,Пшеница,Аккайынский район,118996.0,152596.7,1282.3683149013411,stat_gov_kz_real
2003,Северо-Казахстанская область,Пшеница,Аккайынский район,116200.0,134073.0,1153.8123924268502,stat_gov_kz_real
2004,Северо-Казахстанская область,Пшеница,Аккайынский район,134453.0,124550.55,926.3501000349563,stat_gov_kz_real
2005,Северо-Казахстанская область,Пшеница,Аккайынский район,132213.0,172359.13,1303.6473720435965,stat_gov_kz_real
2006,Северо-Казахстанская область,Пшеница,Аккайынский район,149874.0,229144.6,1528.914955229059,stat_gov_kz_real
2007,Северо-Казахстанская область,Пшеница,Аккайынский район,145855.0,,1550.902471632786,stat_gov_kz_real
2008,Северо-Казахстанская область,Пшеница,Аккайынский район,160571.2,222305.6,1384.4674511992187,stat_gov_kz_real
2009,Северо-Казахстанская область,Пшеница,Аккайынский район,164338.5,288197.8,1753.6840119631127,stat_gov_kz_real
2010,Северо-Казахстанская область,Пшеница,Аккайынский район,159447.0,168140.90000000002,1054.525328165472,stat_gov_kz_real
2011,Северо-Казахстанская область,Пшеница,Аккайынский район,155640.5,335962.60000000003,2158.5808321098943,stat_gov_kz_real
2012,Северо-Казахстанская область,Пшеница,Аккайынский район,156809.5,219981.06000000003,1402.8554392431581,stat_gov_kz_real
2013,Северо-Казахстанская область,Пшеница,Аккайынский район,149034.9,191462.49,1284.6822455679844,stat_gov_kz_real
2014,Северо-Казахстанская область,Пшеница,Аккайынский район,141166.0,184370.30000000002,1306.0531572758314,stat_gov_kz_real
2015,Северо-Казахстанская область,Пшеница,Аккайынский район,110966.02,201657.77300000002,1817.2930145642783,stat_gov_kz_real
2016,Северо-Казахстанская область,Пшеница,Аккайынский район,123760.0,225410.15000000002,1821.3489819004526,stat_gov_kz_real
2017,Северо-Казахстанская область,Пшеница,Аккайынский район,117547.0,231891.72000000003,1972.7574502114048,stat_gov_kz_real
2018,Северо-Казахстанская область,Пшеница,Аккайынский район,100984.0,171061.49,1693.9464667670127,stat_gov_kz_real
2019,Северо-Казахстанская область,Пшеница,Аккайынский район,105381.0,172278.61000000002,1634.816617796377,stat_gov_kz_real
2020,Северо-Казахстанская область,Пшеница,Аккайынский район,120801.9,194290.7,1608.3414250934793,stat_gov_kz_real
2021,Северо-Казахстанская область,Пшеница,Аккайынский район,119410.4,186699.939,1563.5148948500298,stat_gov_kz_real
2022,Северо-Казахстанская область,Пшеница,Аккайынский район,124152.9,201679.76,1620.0,stat_gov_kz_real
2023,Северо-Казахстанская область,Пшеница,Аккайынский район,138089.1,191174.31000000003,1384.43,stat_gov_kz_real
2024,Северо-Казахстанская область,Пшеница,Аккайынский район,133335.51,307857.82,2310.0,stat_gov_kz_real
2025,Северо-Казахстанская область,Пшеница,Аккайынский район,113587.5,294193.23,2590.0,stat_gov_kz_real
1990,Северо-Казахстанская область,Ячмень,Аккайынский район,52162.0,82586.40000000001,1580.0,stat_gov_kz_real
1991,Северо-Казахстанская область,Ячмень,Аккайынский район,55260.0,43596.5,790.0,stat_gov_kz_real
1992,Северо-Казахстанская область,Ячмень,Аккайынский район,58541.0,152522.30000000002,2610.0,stat_gov_kz_real
1993,Северо-Казахстанская область,Ячмень,Аккайынский район,68255.0,77855.90000000001,1150.0,stat_gov_kz_real
1994,Северо-Казахстанская область,Ячмень,Аккайынский район,57580.0,80593.3,1450.0,stat_gov_kz_real
1995,Северо-Казахстанская область,Ячмень,Аккайынский район,54669.0,43473.600000000006,840.0,stat_gov_kz_real
1996,Северо-Казахстанская область,Ячмень,Аккайынский район,42569.0,76741.40000000001,1810.0000000000002,stat_gov_kz_real
1997,Северо-Казахстанская область,Ячмень,Аккайынский район,44521.0,47894.200000000004,1150.0,stat_gov_kz_real
1998,Северо-Казахстанская область,Ячмень,Аккайынский район,42307.0,33444.4,790.0,stat_gov_kz_real
1999,Северо-Казахстанская область,Ячмень,Аккайынский район,33484.0,48553.0,1520.0,stat_gov_kz_real
2000,Северо-Казахстанская область,Ячмень,Аккайынский район,35058.0,37782.5,1010.0,stat_gov_kz_real
2001,Северо-Казахстанская область,Ячмень,Аккайынский район,34464.0,51342.5,1500.0,stat_gov_kz_real
2002,Северо-Казахстанская область,Ячмень,Аккайынский район,35556.0,84977.1,2390.0,stat_gov_kz_real
2003,Северо-Казахстанская область,Ячмень,Аккайынский район,41902.0,43447.9,1040.0,stat_gov_kz_real
2004,Северо-Казахстанская область,Ячмень,Аккайынский район,17190.0,13642.160000000002,840.0,stat_gov_kz_real
2005,Северо-Казахстанская область,Ячмень,Аккайынский район,15267.0,19305.49,1280.0,stat_gov_kz_real
2006,Северо-Казахстанская область,Ячмень,Аккайынский район,16294.0,33359.63,2050.0,stat_gov_kz_real
2007,Северо-Казахстанская область,Ячмень,Аккайынский район,14726.0,30837.050000000003,2110.0,stat_gov_kz_real
2008,Северо-Казахстанская область,Ячмень,Аккайынский район,15713.4,21172.0,1350.0,stat_gov_kz_real
2009,Северо-Казахстанская область,Ячмень,Аккайынский район,14013.0,25253.300000000003,1800.0,stat_gov_kz_real
2010,Северо-Казахстанская область,Ячмень,Аккайынский район,12958.0,11744.0,910.0,stat_gov_kz_real
2011,Северо-Казахстанская область,Ячмень,Аккайынский район,12507.0,28019.309999999998,2430.0,stat_gov_kz_real
2012,Северо-Казахстанская область,Ячмень,Аккайынский район,13166.5,19259.8,1460.0,stat_gov_kz_real
2013,Северо-Казахстанская область,Ячмень,Аккайынский район,12776.0,21451.010000000002,1680.0,stat_gov_kz_real
2014,Северо-Казахстанская область,Ячмень,Аккайынский район,15665.0,26832.0,1939.9999999999998,stat_gov_kz_real
2015,Северо-Казахстанская область,Ячмень,Аккайынский район,17051.5,31427.571000000004,1839.9999999999998,stat_gov_kz_real
2016,Северо-Казахстанская область,Ячмень,Аккайынский район,14637.0,30915.350000000002,2110.0,stat_gov_kz_real
2017,Северо-Казахстанская область,Ячмень,Аккайынский район,15433.0,31228.390000000003,2020.0,stat_gov_kz_real
2018,Северо-Казахстанская область,Ячмень,Аккайынский район,25649.0,51570.62,2010.0000000000002,stat_gov_kz_real
2019,Северо-Казахстанская область,Ячмень,Аккайынский район,34929.0,62507.369999999995,1789.9999999999998,stat_gov_kz_real
2020,Северо-Казахстанская область,Ячмень,Аккайынский район,75344.0,44893.16,1510.0,stat_gov_kz_real
2021,Северо-Казахстанская область,Ячмень,Аккайынский район,22312.0,34508.159999999996,1550.0,stat_gov_kz_real
2022,Северо-Казахстанская область,Ячмень,Аккайынский район,24278.5,44008.840000000004,1810.0000000000002,stat_gov_kz_real
2023,Северо-Казахстанская область,Ячмень,Аккайынский район,22109.82,29103.824,1316.33,stat_gov_kz_real
2024,Северо-Казахстанская область,Ячмень,Аккайынский район,39823.6,37409.1,2060.0,stat_gov_kz_real
2025,Северо-Казахстанская область,Ячмень,Аккайынский район,16438.6,43599.9,2650.0,stat_gov_kz_real
2018,Северо-Казахстанская область,Кукуруза,Есильский район,145.0,306.0,,stat_gov_kz_real
2023,Северо-Казахстанская область,Кукуруза,Есильский район,735.0,1387.0,1889.9999999999998,stat_gov_kz_real
2024,Северо-Казахстанская область,Кукуруза,Есильский район,674.0,1995.1000000000001,2960.0,stat_gov_kz_real
2025,Северо-Казахстанская область,Кукуруза,Есильский район,40.0,65.7,1639.9999999999998,stat_gov_kz_real
1990,Северо-Казахстанская область,Подсолнечник,Есильский район,41.0,20.400000000000002,,stat_gov_kz_real
1991,Северо-Казахстанская область,Подсолнечник,Есильский район,606.0,160.0,610.0,stat_gov_kz_real
1992,Северо-Казахстанская область,Подсолнечник,Есильский район,1713.0,439.40000000000003,310.0,stat_gov_kz_real
1993,Северо-Казахстанская область,Подсолнечник,Есильский район,811.0,84.60000000000001,290.0,stat_gov_kz_real
1994,Северо-Казахстанская область,Подсолнечник,Есильский район,451.0,46.400000000000006,140.0,stat_gov_kz_real
1995,Северо-Казахстанская область,Подсолнечник,Есильский район,254.0,6.7,130.0,stat_gov_kz_real
1996,Северо-Казахстанская область,Подсолнечник,Есильский район,301.0,39.400000000000006,50.0,stat_gov_kz_real
1997,Северо-Казахстанская область,Подсолнечник,Есильский район,1.0,0.30000000000000004,210.0,stat_gov_kz_real
1998,Северо-Казахстанская область,Подсолнечник,Есильский район,260.0,4.0,300.0,stat_gov_kz_real
1999,Северо-Казахстанская область,Подсолнечник,Есильский район,545.0,225.70000000000002,414.1284403669725,stat_gov_kz_real
2000,Северо-Казахстанская область,Подсолнечник,Есильский район,468.0,213.8,456.8376068376068,stat_gov_kz_real
2001,Северо-Казахстанская область,Подсолнечник,Есильский район,126.0,26.0,210.0,stat_gov_kz_real
2002,Северо-Казахстанская область,Подсолнечник,Есильский район,100.0,32.7,330.0,stat_gov_kz_real
2003,Северо-Казахстанская область,Подсолнечник,Есильский район,0.0,,,stat_gov_kz_real
2004,Северо-Казахстанская область,Подсолнечник,Есильский район,0.0,,,stat_gov_kz_real
2005,Северо-Казахстанская область,Подсолнечник,Есильский район,0.0,,,stat_gov_kz_real
2006,Северо-Казахстанская область,Подсолнечник,Есильский район,550.0,297.8,540.0,stat_gov_kz_real
2007,Северо-Казахстанская область,Подсолнечник,Есильский район,100.0,19.400000000000002,190.0,stat_gov_kz_real
2008,Северо-Казахстанская область,Подсолнечник,Есильский район,494.0,92.60000000000001,,stat_gov_kz_real
2009,Северо-Казахстанская область,Подсолнечник,Есильский район,731.0,513.8000000000001,700.0,stat_gov_kz_real
2010,Северо-Казахстанская область,Подсолнечник,Есильский район,626.0,54.2,90.0,stat_gov_kz_real
2011,Северо-Казахстанская область,Подсолнечник,Есильский район,787.0,188.5,270.0,stat_gov_kz_real
2012,Северо-Казахстанская область,Подсолнечник,Есильский район,156.0,54.6,350.0,stat_gov_kz_real
2013,Северо-Казахстанская область,Подсолнечник,Есильский район,155.0,98.7,640.0,stat_gov_kz_real
2014,Северо-Казахстанская область,Подсолнечник,Есильский район,0.0,,0.0,stat_gov_kz_real
2015,Северо-Казахстанская область,Подсолнечник,Есильский район,0.0,,0.0,stat_gov_kz_real
2016,Северо-Казахстанская область,Подсолнечник,Есильский район,0.0,,0.0,stat_gov_kz_real
2017,Северо-Казахстанская область,Подсолнечник,Есильский район,,,0.0,stat_gov_kz_real
2018,Северо-Казахстанская область,Подсолнечник,Есильский район,0.0,,0.0,stat_gov_kz_real
2020,Северо-Казахстанская область,Подсолнечник,Есильский район,1809.0,3441.5,1900.0,stat_gov_kz_real
2021,Северо-Казахстанская область,Подсолнечник,Есильский район,5145.0,9494.2,1850.0,stat_gov_kz_real
2022,Северо-Казахстанская область,Подсолнечник,Есильский район,9616.0,16749.100000000002,1739.9999999999998,stat_gov_kz_real
2023,Северо-Казахстанская область,Подсолнечник,Есильский район,11095.62,13402.6,1230.0,stat_gov_kz_real
2024,Северо-Казахстанская область,Подсолнечник,Есильский район,13998.6,18139.7,1310.0,stat_gov_kz_real
2025,Северо-Казахстанская область,Подсолнечник,Есильский район,16142.0,20280.300000000003,1280.0,stat_gov_kz_real
1990,Северо-Казахстанская область,Пшеница,Есильский район,102339.0,148549.5,1451.5433998768797,stat_gov_kz_real
1991,Северо-Казахстанская область,Пшеница,Есильский район,96637.0,50108.200000000004,518.5198216004222,stat_gov_kz_real
1992,Северо-Казахстанская область,Пшеница,Есильский район,86214.0,180158.0,2089.660611965574,stat_gov_kz_real
1993,Северо-Казахстанская область,Пшеница,Есильский район,89642.0,107585.8,1200.1717944713416,stat_gov_kz_real
1994,Северо-Казахстанская область,Пшеница,Есильский район,107326.0,102652.70000000001,956.4569628980862,stat_gov_kz_real
1995,Северо-Казахстанская область,Пшеница,Есильский район,111791.0,88912.70000000001,795.3475682300005,stat_gov_kz_real
1996,Северо-Казахстанская область,Пшеница,Есильский район,135345.0,125190.90000000001,924.9761720048765,stat_gov_kz_real
1997,Северо-Казахстанская область,Пшеница,Есильский район,128300.0,182457.2,1422.1137957911146,stat_gov_kz_real
1998,Северо-Казахстанская область,Пшеница,Есильский район,126100.0,96977.20000000001,769.0499603489294,stat_gov_kz_real
1999,Северо-Казахстанская область,Пшеница,Есильский район,123011.0,196399.1,1596.5978652315646,stat_gov_kz_real
2000,Северо-Казахстанская область,Пшеница,Есильский район,149936.0,186871.6,1246.342439440828,stat_gov_kz_real
2001,Северо-Казахстанская область,Пшеница,Есильский район,180524.0,338410.10000000003,1874.5989452925926,stat_gov_kz_real
2002,Северо-Казахстанская область,Пшеница,Есильский район,189324.0,283907.3,1499.5843104941794,stat_gov_kz_real
2003,Северо-Казахстанская область,Пшеница,Есильский район,178500.0,221897.7,1243.1243697478992,stat_gov_kz_real
2004,Северо-Казахстанская область,Пшеница,Есильский район,190563.0,206409.1,1083.154127506389,stat_gov_kz_real
2005,Северо-Казахстанская область,Пшеница,Есильский район,201034.0,218588.90000000002,1087.3230398838007,stat_gov_kz_real
2006,Северо-Казахстанская область,Пшеница,Есильский район,202638.0,303420.2,1497.3509410870615,stat_gov_kz_real
2007,Северо-Казахстанская область,Пшеница,Есильский район,201014.0,,1472.3476971753212,stat_gov_kz_real
2008,Северо-Казахстанская область,Пшеница,Есильский район,210072.8,273415.3,1301.5264232209026,stat_gov_kz_real
2009,Северо-Казахстанская область,Пшеница,Есильский район,221356.7,348133.9,1572.7280900013418,stat_gov_kz_real
2010,Северо-Казахстанская область,Пшеница,Есильский район,211605.5,209444.7,989.7885451937686,stat_gov_kz_real
2011,Северо-Казахстанская область,Пшеница,Есильский район,219330.0,507073.10000000003,2311.9185701910365,stat_gov_kz_real
2012,Северо-Казахстанская область,Пшеница,Есильский район,200714.0,324019.80000000005,1614.3358211186064,stat_gov_kz_real
2013,Северо-Казахстанская область,Пшеница,Есильский район,206762.9,237998.80000000002,1151.0711060833448,stat_gov_kz_real
2014,Северо-Казахстанская область,Пшеница,Есильский район,178371.0,221312.75400000002,1240.744033503204,stat_gov_kz_real
2015,Северо-Казахстанская область,Пшеница,Есильский район,155182.86,274127.242,1766.4788624207595,stat_gov_kz_real
2016,Северо-Казахстанская область,Пшеница,Есильский район,170847.0,279560.62000000005,1636.3215040357748,stat_gov_kz_real
2017,Северо-Казахстанская область,Пшеница,Есильский район,157945.0,284761.64,1802.9164582607868,stat_gov_kz_real
2018,Северо-Казахстанская область,Пшеница,Есильский район,135806.1,231831.55000000002,1707.0775907709597,stat_gov_kz_real
2019,Северо-Казахстанская область,Пшеница,Есильский район,139317.5,240556.92000000004,1726.6812855527842,stat_gov_kz_real
2020,Северо-Казахстанская область,Пшеница,Есильский район,152994.28,277073.942,1811.0085030629903,stat_gov_kz_real
2021,Северо-Казахстанская область,Пшеница,Есильский район,158068.2,210477.823,1331.5633568295202,stat_gov_kz_real
2022,Северо-Казахстанская область,Пшеница,Есильский район,159985.0,277573.31,1739.9999999999998,stat_gov_kz_real
2023,Северо-Казахстанская область,Пшеница,Есильский район,176075.2,309702.108,1759.88,stat_gov_kz_real
2024,Северо-Казахстанская область,Пшеница,Есильский район,161435.55,304067.54,1889.9999999999998,stat_gov_kz_real
2025,Северо-Казахстанская область,Пшеница,Есильский район,130315.2,328497.97000000003,2530.0,stat_gov_kz_real
1990,Северо-Казахстанская область,Ячмень,Есильский район,54715.0,119033.8,2210.0,stat_gov_kz_real
1991,Северо-Казахстанская область,Ячмень,Есильский район,58460.0,36982.8,630.0,stat_gov_kz_real
1992,Северо-Казахстанская область,Ячмень,Есильский район,65152.0,167291.0,2570.0,stat_gov_kz_real
1993,Северо-Казахстанская область,Ячмень,Есильский район,72100.0,87039.1,1210.0,stat_gov_kz_real
1994,Северо-Казахстанская область,Ячмень,Есильский район,60344.0,97446.8,1610.0000000000002,stat_gov_kz_real
1995,Северо-Казахстанская область,Ячмень,Есильский район,57675.0,44268.100000000006,770.0,stat_gov_kz_real
1996,Северо-Казахстанская область,Ячмень,Есильский район,48472.0,73887.6,1550.0,stat_gov_kz_real
1997,Северо-Казахстанская область,Ячмень,Есильский район,48980.0,57027.4,1160.0,stat_gov_kz_real
1998,Северо-Казахстанская область,Ячмень,Есильский район,38262.0,29368.600000000002,860.0,stat_gov_kz_real
1999,Северо-Казахстанская область,Ячмень,Есильский район,42043.0,64470.3,1680.0,stat_gov_kz_real
2000,Северо-Казахстанская область,Ячмень,Есильский район,26923.0,55462.5,2070.0,stat_gov_kz_real
2001,Северо-Казахстанская область,Ячмень,Есильский район,32095.0,51656.9,1610.0000000000002,stat_gov_kz_real
2002,Северо-Казахстанская область,Ячмень,Есильский район,21577.0,33094.8,1530.0,stat_gov_kz_real
2003,Северо-Казахстанская область,Ячмень,Есильский район,38836.0,59629.100000000006,1540.0,stat_gov_kz_real
2004,Северо-Казахстанская область,Ячмень,Есильский район,21036.0,21253.9,1019.9999999999999,stat_gov_kz_real
2005,Северо-Казахстанская область,Ячмень,Есильский район,24408.0,30538.2,1310.0,stat_gov_kz_real
2006,Северо-Казахстанская область,Ячмень,Есильский район,24205.0,36993.56,1540.0,stat_gov_kz_real
2007,Северо-Казахстанская область,Ячмень,Есильский район,25572.0,36063.700000000004,1440.0,stat_gov_kz_real
2008,Северо-Казахстанская область,Ячмень,Есильский район,30255.0,43545.16,1440.0,stat_gov_kz_real
2009,Северо-Казахстанская область,Ячмень,Есильский район,22031.0,40539.9,1860.0000000000002,stat_gov_kz_real
2010,Северо-Казахстанская область,Ячмень,Есильский район,24332.0,27271.7,1190.0,stat_gov_kz_real
2011,Северо-Казахстанская область,Ячмень,Есильский район,21514.0,51642.8,2570.0,stat_gov_kz_real
2012,Северо-Казахстанская область,Ячмень,Есильский район,27307.0,51662.9,1939.9999999999998,stat_gov_kz_real
2013,Северо-Казахстанская область,Ячмень,Есильский район,17778.0,25611.600000000002,1440.0,stat_gov_kz_real
2014,Северо-Казахстанская область,Ячмень,Есильский район,21447.0,39273.723,1900.0,stat_gov_kz_real
2015,Северо-Казахстанская область,Ячмень,Есильский район,30518.88,61464.391,2010.0000000000002,stat_gov_kz_real
2016,Северо-Казахстанская область,Ячмень,Есильский район,27328.9,44675.200000000004,1630.0,stat_gov_kz_real
2017,Северо-Казахстанская область,Ячмень,Есильский район,26230.0,51928.79000000001,1980.0,stat_gov_kz_real
2018,Северо-Казахстанская область,Ячмень,Есильский район,32782.0,70034.72,2140.0,stat_gov_kz_real
2019,Северо-Казахстанская область,Ячмень,Есильский район,43807.0,88082.21,2010.0000000000002,stat_gov_kz_real
2020,Северо-Казахстанская область,Ячмень,Есильский район,30481.0,64904.22,1860.0000000000002,stat_gov_kz_real
2021,Северо-Казахстанская область,Ячмень,Есильский район,25859.0,42974.54,1660.0000000000002,stat_gov_kz_real
2022,Северо-Казахстанская область,Ячмень,Есильский район,27755.5,51806.87,1870.0,stat_gov_kz_real
2023,Северо-Казахстанская область,Ячмень,Есильский район,24859.5,39936.57800000001,1612.7199999999998,stat_gov_kz_real
2024,Северо-Казахстанская область,Ячмень,Есильский район,23857.9,55877.52,2340.0,stat_gov_kz_real
2025,Северо-Казахстанская область,Ячмень,Есильский район,29266.4,87717.65000000001,3050.0,stat_gov_kz_real
2025,Северо-Казахстанская область,Кукуруза,Жамбылский район,120.0,711.8000000000001,5930.0,stat_gov_kz_real
1990,Северо-Казахстанская область,Подсолнечник,Жамбылский район,550.0,278.90000000000003,,stat_gov_kz_real
1991,Северо-Казахстанская область,Подсолнечник,Жамбылский район,1660.0,335.1,630.0,stat_gov_kz_real
1992,Северо-Казахстанская область,Подсолнечник,Жамбылский район,4099.0,849.2,240.0,stat_gov_kz_real
1993,Северо-Казахстанская область,Подсолнечник,Жамбылский район,2630.0,328.1,280.0,stat_gov_kz_real
1994,Северо-Казахстанская область,Подсолнечник,Жамбылский район,1578.0,66.0,160.0,stat_gov_kz_real
1995,Северо-Казахстанская область,Подсолнечник,Жамбылский район,480.0,9.600000000000001,100.0,stat_gov_kz_real
1996,Северо-Казахстанская область,Подсолнечник,Жамбылский район,110.0,16.1,40.0,stat_gov_kz_real
1997,Северо-Казахстанская область,Подсолнечник,Жамбылский район,70.0,6.0,160.0,stat_gov_kz_real
1998,Северо-Казахстанская область,Подсолнечник,Жамбылский район,50.0,,90.0,stat_gov_kz_real
1999,Северо-Казахстанская область,Подсолнечник,Жамбылский район,200.0,138.6,693.0,stat_gov_kz_real
2000,Северо-Казахстанская область,Подсолнечник,Жамбылский район,20.0,7.2,360.0,stat_gov_kz_real
2001,Северо-Казахстанская область,Подсолнечник,Жамбылский район,0.0,,,stat_gov_kz_real
2002,Северо-Казахстанская область,Подсолнечник,Жамбылский район,0.0,,,stat_gov_kz_real
2003,Северо-Казахстанская область,Подсолнечник,Жамбылский район,0.0,,,stat_gov_kz_real
2004,Северо-Казахстанская область,Подсолнечник,Жамбылский район,0.0,,,stat_gov_kz_real
2005,Северо-Казахстанская область,Подсолнечник,Жамбылский район,0.0,,,stat_gov_kz_real
2006,Северо-Казахстанская область,Подсолнечник,Жамбылский район,0.0,,,stat_gov_kz_real
2007,Северо-Казахстанская область,Подсолнечник,Жамбылский район,0.0,,,stat_gov_kz_real
2008,Северо-Казахстанская область,Подсолнечник,Жамбылский район,0.0,,869.9999999999999,stat_gov_kz_real
2009,Северо-Казахстанская область,Подсолнечник,Жамбылский район,3185.0,1332.3000000000002,420.0,stat_gov_kz_real
2010,Северо-Казахстанская область,Подсолнечник,Жамбылский район,1529.0,37.580000000000005,20.0,stat_gov_kz_real
2011,Северо-Казахстанская область,Подсолнечник,Жамбылский район,778.0,607.2,780.0,stat_gov_kz_real
2012,Северо-Казахстанская область,Подсолнечник,Жамбылский район,245.0,109.60000000000001,450.0,stat_gov_kz_real
2013,Северо-Казахстанская область,Подсолнечник,Жамбылский район,0.0,,,stat_gov_kz_real
2014,Северо-Казахстанская область,Подсолнечник,Жамбылский район,207.0,176.0,850.0,stat_gov_kz_real
2015,Северо-Казахстанская область,Подсолнечник,Жамбылский район,0.0,,0.0,stat_gov_kz_real
2016,Северо-Казахстанская область,Подсолнечник,Жамбылский район,0.0,,0.0,stat_gov_kz_real
2017,Северо-Казахстанская область,Подсолнечник,Жамбылский район,1058.0,856.8000000000001,810.0,stat_gov_kz_real
2018,Северо-Казахстанская область,Подсолнечник,Жамбылский район,1437.0,1228.6000000000001,850.0,stat_gov_kz_real
2019,Северо-Казахстанская область,Подсолнечник,Жамбылский район,1250.0,2472.9,1980.0,stat_gov_kz_real
2020,Северо-Казахстанская область,Подсолнечник,Жамбылский район,2105.0,1254.4,600.0,stat_gov_kz_real
2021,Северо-Казахстанская область,Подсолнечник,Жамбылский район,2134.0,3017.9,1470.0,stat_gov_kz_real
2022,Северо-Казахстанская область,Подсолнечник,Жамбылский район,13478.0,20098.9,1490.0,stat_gov_kz_real
2023,Северо-Казахстанская область,Подсолнечник,Жамбылский район,19382.0,19055.100000000002,1040.0,stat_gov_kz_real
2024,Северо-Казахстанская область,Подсолнечник,Жамбылский район,9393.0,11158.6,1839.9999999999998,stat_gov_kz_real
2025,Северо-Казахстанская область,Подсолнечник,Жамбылский район,15836.0,30321.600000000002,1910.0000000000002,stat_gov_kz_real
1990,Северо-Казахстанская область,Пшеница,Жамбылский район,131425.0,182832.30000000002,1391.1531291611186,stat_gov_kz_real
1991,Северо-Казахстанская область,Пшеница,Жамбылский район,122827.0,53680.200000000004,437.0390874970487,stat_gov_kz_real
1992,Северо-Казахстанская область,Пшеница,Жамбылский район,122579.0,216859.2,1769.1382700136237,stat_gov_kz_real
1993,Северо-Казахстанская область,Пшеница,Жамбылский район,131123.0,114519.90000000001,873.37766829618,stat_gov_kz_real
1994,Северо-Казахстанская область,Пшеница,Жамбылский район,136454.0,92089.70000000001,674.8772480103185,stat_gov_kz_real
1995,Северо-Казахстанская область,Пшеница,Жамбылский район,130066.0,64145.9,493.1796165023911,stat_gov_kz_real
1996,Северо-Казахстанская область,Пшеница,Жамбылский район,139590.0,96569.20000000001,691.806003295365,stat_gov_kz_real
1997,Северо-Казахстанская область,Пшеница,Жамбылский район,117013.0,147944.0,1264.3381504619144,stat_gov_kz_real
1998,Северо-Казахстанская область,Пшеница,Жамбылский район,124910.0,66562.0,532.8796733648227,stat_gov_kz_real
1999,Северо-Казахстанская область,Пшеница,Жамбылский район,102000.0,143782.9,1409.636274509804,stat_gov_kz_real
2000,Северо-Казахстанская область,Пшеница,Жамбылский район,120400.0,126370.3,1049.5872093023256,stat_gov_kz_real
2001,Северо-Казахстанская область,Пшеница,Жамбылский район,173354.0,229861.30000000002,1325.9647888136415,stat_gov_kz_real
2002,Северо-Казахстанская область,Пшеница,Жамбылский район,149200.0,143407.28,961.1747989276139,stat_gov_kz_real
2003,Северо-Казахстанская область,Пшеница,Жамбылский район,135000.0,103708.0,768.2074074074075,stat_gov_kz_real
2004,Северо-Казахстанская область,Пшеница,Жамбылский район,148900.0,122770.20000000001,824.5144392209536,stat_gov_kz_real
2005,Северо-Казахстанская область,Пшеница,Жамбылский район,170579.0,169600.1,994.2613100088522,stat_gov_kz_real
2006,Северо-Казахстанская область,Пшеница,Жамбылский район,160203.0,219535.80000000002,1370.3601056159996,stat_gov_kz_real
2007,Северо-Казахстанская область,Пшеница,Жамбылский район,158460.0,,1475.3584500820398,stat_gov_kz_real
2008,Северо-Казахстанская область,Пшеница,Жамбылский район,171965.0,235551.6,1369.7647777163959,stat_gov_kz_real
2009,Северо-Казахстанская область,Пшеница,Жамбылский район,213782.0,291770.3,1364.8029300876594,stat_gov_kz_real
2010,Северо-Казахстанская область,Пшеница,Жамбылский район,222146.0,167426.5,753.6777614721849,stat_gov_kz_real
2011,Северо-Казахстанская область,Пшеница,Жамбылский район,222603.0,432154.80000000005,1941.3700623980808,stat_gov_kz_real
2012,Северо-Казахстанская область,Пшеница,Жамбылский район,197512.0,251183.1,1271.7358945279275,stat_gov_kz_real
2013,Северо-Казахстанская область,Пшеница,Жамбылский район,186230.0,205029.0,1100.9450679267572,stat_gov_kz_real
2014,Северо-Казахстанская область,Пшеница,Жамбылский район,155961.0,206059.339,1321.2235045940972,stat_gov_kz_real
2015,Северо-Казахстанская область,Пшеница,Жамбылский район,124089.0,214210.307,1726.2634641265543,stat_gov_kz_real
2016,Северо-Казахстанская область,Пшеница,Жамбылский район,141079.0,245860.0,1742.7115304191268,stat_gov_kz_real
2017,Северо-Казахстанская область,Пшеница,Жамбылский район,126881.0,238981.55000000002,1883.5093512819099,stat_gov_kz_real
2018,Северо-Казахстанская область,Пшеница,Жамбылский район,110388.0,218440.97999999998,1978.8471572997064,stat_gov_kz_real
2019,Северо-Казахстанская область,Пшеница,Жамбылский район,111196.0,171657.2,1543.73538616497,stat_gov_kz_real
2020,Северо-Казахстанская область,Пшеница,Жамбылский район,142638.0,203895.1,1429.458489322621,stat_gov_kz_real
2021,Северо-Казахстанская область,Пшеница,Жамбылский район,167284.0,178750.02000000002,1068.5422395447263,stat_gov_kz_real
2022,Северо-Казахстанская область,Пшеница,Жамбылский район,154659.0,280744.10000000003,1820.0,stat_gov_kz_real
2023,Северо-Казахстанская область,Пшеница,Жамбылский район,174465.0,229927.40000000002,1317.9,stat_gov_kz_real
2024,Северо-Казахстанская область,Пшеница,Жамбылский район,173830.0,327335.34,1910.0000000000002,stat_gov_kz_real
2025,Северо-Казахстанская область,Пшеница,Жамбылский район,137501.0,292359.26,2130.0,stat_gov_kz_real
1990,Северо-Казахстанская область,Ячмень,Жамбылский район,58454.0,112394.3,1950.0,stat_gov_kz_real
1991,Северо-Казахстанская область,Ячмень,Жамбылский район,66129.0,34678.1,520.0,stat_gov_kz_real
1992,Северо-Казахстанская область,Ячмень,Жамбылский район,69774.0,168801.7,2420.0,stat_gov_kz_real
1993,Северо-Казахстанская область,Ячмень,Жамбылский район,79428.0,93641.3,1180.0,stat_gov_kz_real
1994,Северо-Казахстанская область,Ячмень,Жамбылский район,66949.0,73569.6,1100.0,stat_gov_kz_real
1995,Северо-Казахстанская область,Ячмень,Жамбылский район,67739.0,26737.7,390.0,stat_gov_kz_real
1996,Северо-Казахстанская область,Ячмень,Жамбылский район,54861.0,45611.100000000006,900.0,stat_gov_kz_real
1997,Северо-Казахстанская область,Ячмень,Жамбылский район,48201.0,52445.3,1110.0,stat_gov_kz_real
1998,Северо-Казахстанская область,Ячмень,Жамбылский район,44320.0,18961.0,509.99999999999994,stat_gov_kz_real
1999,Северо-Казахстанская область,Ячмень,Жамбылский район,22367.0,32237.600000000002,1440.0,stat_gov_kz_real
2000,Северо-Казахстанская область,Ячмень,Жамбылский район,29042.0,30263.800000000003,1060.0,stat_gov_kz_real
2001,Северо-Казахстанская область,Ячмень,Жамбылский район,26571.0,38545.700000000004,1460.0,stat_gov_kz_real
2002,Северо-Казахстанская область,Ячмень,Жамбылский район,13623.0,14172.0,1040.0,stat_gov_kz_real
2003,Северо-Казахстанская область,Ячмень,Жамбылский район,41100.0,32494.2,790.0,stat_gov_kz_real
2004,Северо-Казахстанская область,Ячмень,Жамбылский район,26290.0,19437.5,740.0,stat_gov_kz_real
2005,Северо-Казахстанская область,Ячмень,Жамбылский район,14291.0,19566.3,1370.0,stat_gov_kz_real
2006,Северо-Казахстанская область,Ячмень,Жамбылский район,25062.0,34072.1,1360.0,stat_gov_kz_real
2007,Северо-Казахстанская область,Ячмень,Жамбылский район,21389.0,32971.5,1540.0,stat_gov_kz_real
2008,Северо-Казахстанская область,Ячмень,Жамбылский район,33240.0,41977.58,1260.0,stat_gov_kz_real
2009,Северо-Казахстанская область,Ячмень,Жамбылский район,21021.0,29507.9,1400.0,stat_gov_kz_real
2010,Северо-Казахстанская область,Ячмень,Жамбылский район,23346.0,21607.5,930.0000000000001,stat_gov_kz_real
2011,Северо-Казахстанская область,Ячмень,Жамбылский район,15586.0,31034.300000000003,1989.9999999999998,stat_gov_kz_real
2012,Северо-Казахстанская область,Ячмень,Жамбылский район,21784.0,21471.800000000003,990.0,stat_gov_kz_real
2013,Северо-Казахстанская область,Ячмень,Жамбылский район,13381.0,17030.4,1310.0,stat_gov_kz_real
2014,Северо-Казахстанская область,Ячмень,Жамбылский район,20576.0,30511.997,1500.0,stat_gov_kz_real
2015,Северо-Казахстанская область,Ячмень,Жамбылский район,34017.99,53609.293999999994,1580.0,stat_gov_kz_real
2016,Северо-Казахстанская область,Ячмень,Жамбылский район,25222.0,48468.5,1920.0,stat_gov_kz_real
2017,Северо-Казахстанская область,Ячмень,Жамбылский район,25372.0,57149.100000000006,2250.0,stat_gov_kz_real
2018,Северо-Казахстанская область,Ячмень,Жамбылский район,35622.0,74165.0,2080.0,stat_gov_kz_real
2019,Северо-Казахстанская область,Ячмень,Жамбылский район,46197.0,82155.8,1780.0,stat_gov_kz_real
2020,Северо-Казахстанская область,Ячмень,Жамбылский район,24900.0,58665.0,1810.0000000000002,stat_gov_kz_real
2021,Северо-Казахстанская область,Ячмень,Жамбылский район,18418.0,21702.9,1180.0,stat_gov_kz_real
2022,Северо-Казахстанская область,Ячмень,Жамбылский район,21826.0,46010.4,2110.0,stat_gov_kz_real
2023,Северо-Казахстанская область,Ячмень,Жамбылский район,21037.5,28218.4,1348.1299999999999,stat_gov_kz_real
2024,Северо-Казахстанская область,Ячмень,Жамбылский район,16991.0,33635.05,1980.0,stat_gov_kz_real
2025,Северо-Казахстанская область,Ячмень,Жамбылский район,17406.0,38701.9,2220.0,stat_gov_kz_real
2025,Северо-Казахстанская область,Кукуруза,Кызылжарский район,250.0,364.8,1460.0,stat_gov_kz_real
1990,Северо-Казахстанская область,Подсолнечник,Кызылжарский район,0.0,,,stat_gov_kz_real
1991,Северо-Казахстанская область,Подсолнечник,Кызылжарский район,384.0,109.0,280.0,stat_gov_kz_real
1992,Северо-Казахстанская область,Подсолнечник,Кызылжарский район,1972.0,1117.3,570.0,stat_gov_kz_real
1993,Северо-Казахстанская область,Подсолнечник,Кызылжарский район,940.0,192.8,210.0,stat_gov_kz_real
1994,Северо-Казахстанская область,Подсолнечник,Кызылжарский район,1145.0,72.9,60.0,stat_gov_kz_real
1995,Северо-Казахстанская область,Подсолнечник,Кызылжарский район,560.0,57.5,100.0,stat_gov_kz_real
1996,Северо-Казахстанская область,Подсолнечник,Кызылжарский район,440.0,135.0,310.0,stat_gov_kz_real
1997,Северо-Казахстанская область,Подсолнечник,Кызылжарский район,341.0,108.0,320.0,stat_gov_kz_real
1998,Северо-Казахстанская область,Подсолнечник,Кызылжарский район,410.0,126.10000000000001,310.0,stat_gov_kz_real
1999,Северо-Казахстанская область,Подсолнечник,Кызылжарский район,300.0,129.0,430.0,stat_gov_kz_real
2000,Северо-Казахстанская область,Подсолнечник,Кызылжарский район,350.0,156.5,447.14285714285717,stat_gov_kz_real
2001,Северо-Казахстанская область,Подсолнечник,Кызылжарский район,320.0,71.5,360.0,stat_gov_kz_real
2002,Северо-Казахстанская область,Подсолнечник,Кызылжарский район,100.0,38.2,380.0,stat_gov_kz_real
2003,Северо-Казахстанская область,Подсолнечник,Кызылжарский район,100.0,20.0,200.0,stat_gov_kz_real
2004,Северо-Казахстанская область,Подсолнечник,Кызылжарский район,0.0,,,stat_gov_kz_real
2005,Северо-Казахстанская область,Подсолнечник,Кызылжарский район,100.0,70.9,710.0,stat_gov_kz_real
2006,Северо-Казахстанская область,Подсолнечник,Кызылжарский район,0.0,,,stat_gov_kz_real
2007,Северо-Казахстанская область,Подсолнечник,Кызылжарский район,185.0,133.0,720.0,stat_gov_kz_real
2008,Северо-Казахстанская область,Подсолнечник,Кызылжарский район,46.0,39.800000000000004,150.0,stat_gov_kz_real
2009,Северо-Казахстанская область,Подсолнечник,Кызылжарский район,474.0,494.8,1040.0,stat_gov_kz_real
2010,Северо-Казахстанская область,Подсолнечник,Кызылжарский район,1515.0,683.7,450.0,stat_gov_kz_real
2011,Северо-Казахстанская область,Подсолнечник,Кызылжарский район,117.0,73.8,630.0,stat_gov_kz_real
2012,Северо-Казахстанская область,Подсолнечник,Кызылжарский район,0.0,,,stat_gov_kz_real
2013,Северо-Казахстанская область,Подсолнечник,Кызылжарский район,833.0,879.7,,stat_gov_kz_real
2014,Северо-Казахстанская область,Подсолнечник,Кызылжарский район,0.0,,0.0,stat_gov_kz_real
2015,Северо-Казахстанская область,Подсолнечник,Кызылжарский район,340.0,505.0,1490.0,stat_gov_kz_real
2016,Северо-Казахстанская область,Подсолнечник,Кызылжарский район,0.0,,0.0,stat_gov_kz_real
2017,Северо-Казахстанская область,Подсолнечник,Кызылжарский район,277.0,138.5,500.0,stat_gov_kz_real
2018,Северо-Казахстанская область,Подсолнечник,Кызылжарский район,537.0,725.0,1350.0,stat_gov_kz_real
2019,Северо-Казахстанская область,Подсолнечник,Кызылжарский район,705.0,564.0,800.0,stat_gov_kz_real
2020,Северо-Казахстанская область,Подсолнечник,Кызылжарский район,1223.0,1785.9,1460.0,stat_gov_kz_real
2021,Северо-Казахстанская область,Подсолнечник,Кызылжарский район,2287.0,3525.2000000000003,1540.0,stat_gov_kz_real
2022,Северо-Казахстанская область,Подсолнечник,Кызылжарский район,2980.0,4617.1,1550.0,stat_gov_kz_real
2023,Северо-Казахстанская область,Подсолнечник,Кызылжарский район,3575.0,4811.2,1350.0,stat_gov_kz_real
2024,Северо-Казахстанская область,Подсолнечник,Кызылжарский район,4584.0,7756.6,1689.9999999999998,stat_gov_kz_real
2025,Северо-Казахстанская область,Подсолнечник,Кызылжарский район,5034.0,5356.1,1060.0,stat_gov_kz_real
1990,Северо-Казахстанская область,Пшеница,Кызылжарский район,60367.0,102342.70000000001,1695.3418258319944,stat_gov_kz_real
1991,Северо-Казахстанская область,Пшеница,Кызылжарский район,59241.0,71823.1,1212.3883796694856,stat_gov_kz_real
1992,Северо-Казахстанская область,Пшеница,Кызылжарский район,59390.0,130997.90000000001,2205.723185721502,stat_gov_kz_real
1993,Северо-Казахстанская область,Пшеница,Кызылжарский район,61174.0,78631.1,1285.367966783274,stat_gov_kz_real
1994,Северо-Казахстанская область,Пшеница,Кызылжарский район,70157.0,72367.2,1031.503627578146,stat_gov_kz_real
1995,Северо-Казахстанская область,Пшеница,Кызылжарский район,69528.0,82449.6,1185.8474283741803,stat_gov_kz_real
1996,Северо-Казахстанская область,Пшеница,Кызылжарский район,82847.0,119394.6,1441.1457264596183,stat_gov_kz_real
1997,Северо-Казахстанская область,Пшеница,Кызылжарский район,85847.0,177987.2,2073.3071627430195,stat_gov_kz_real
1998,Северо-Казахстанская область,Пшеница,Кызылжарский район,78241.0,81146.40000000001,1037.1339834613566,stat_gov_kz_real
1999,Северо-Казахстанская область,Пшеница,Кызылжарский район,96600.0,173064.80000000002,1791.561076604555,stat_gov_kz_real
2000,Северо-Казахстанская область,Пшеница,Кызылжарский район,96000.0,143230.1,1491.9802083333334,stat_gov_kz_real
2001,Северо-Казахстанская область,Пшеница,Кызылжарский район,95182.0,212737.90000000002,2235.064402933328,stat_gov_kz_real
2002,Северо-Казахстанская область,Пшеница,Кызылжарский район,95000.0,135798.56000000003,1429.4585263157894,stat_gov_kz_real
2003,Северо-Казахстанская область,Пшеница,Кызылжарский район,95220.0,115538.20000000001,1213.3816425120774,stat_gov_kz_real
2004,Северо-Казахстанская область,Пшеница,Кызылжарский район,102831.0,124853.3,1214.1601268100085,stat_gov_kz_real
2005,Северо-Казахстанская область,Пшеница,Кызылжарский район,104653.0,138351.6,1322.003191499527,stat_gov_kz_real
2006,Северо-Казахстанская область,Пшеница,Кызылжарский район,106513.0,162104.5,1521.9222066789969,stat_gov_kz_real
2007,Северо-Казахстанская область,Пшеница,Кызылжарский район,104539.0,,1565.8950248232718,stat_gov_kz_real
2008,Северо-Казахстанская область,Пшеница,Кызылжарский район,115633.0,164131.40000000002,1419.4166025269603,stat_gov_kz_real
2009,Северо-Казахстанская область,Пшеница,Кызылжарский район,137926.0,236288.30000000002,1713.152705073735,stat_gov_kz_real
2010,Северо-Казахстанская область,Пшеница,Кызылжарский район,132924.0,167794.0,1262.3303541873552,stat_gov_kz_real
2011,Северо-Казахстанская область,Пшеница,Кызылжарский район,126400.0,288092.0,2279.2088607594937,stat_gov_kz_real
2012,Северо-Казахстанская область,Пшеница,Кызылжарский район,127331.0,209599.7,1646.10110656478,stat_gov_kz_real
2013,Северо-Казахстанская область,Пшеница,Кызылжарский район,121423.5,166953.74,1374.9705781829712,stat_gov_kz_real
2014,Северо-Казахстанская область,Пшеница,Кызылжарский район,101004.0,156779.1,1552.206843293335,stat_gov_kz_real
2015,Северо-Казахстанская область,Пшеница,Кызылжарский район,88737.03,166315.37900000002,1874.2500058881844,stat_gov_kz_real
2016,Северо-Казахстанская область,Пшеница,Кызылжарский район,93063.0,154689.9,1662.2062473808064,stat_gov_kz_real
2017,Северо-Казахстанская область,Пшеница,Кызылжарский район,85592.0,148507.43000000002,1735.0620385082716,stat_gov_kz_real
2018,Северо-Казахстанская область,Пшеница,Кызылжарский район,85960.0,145503.30000000002,1692.686133085156,stat_gov_kz_real
2019,Северо-Казахстанская область,Пшеница,Кызылжарский район,94314.0,171814.82,1821.7318743770807,stat_gov_kz_real
2020,Северо-Казахстанская область,Пшеница,Кызылжарский район,103384.0,188959.40000000002,1827.743171090304,stat_gov_kz_real
2021,Северо-Казахстанская область,Пшеница,Кызылжарский район,109200.0,170164.30000000002,1558.2811355311355,stat_gov_kz_real
2022,Северо-Казахстанская область,Пшеница,Кызылжарский район,108898.0,233909.17000000004,2150.0,stat_gov_kz_real
2023,Северо-Казахстанская область,Пшеница,Кызылжарский район,110472.0,200784.6,1817.52,stat_gov_kz_real
2024,Северо-Казахстанская область,Пшеница,Кызылжарский район,111900.0,251791.65000000002,2250.0,stat_gov_kz_real
2025,Северо-Казахстанская область,Пшеница,Кызылжарский район,95738.4,237054.1,2480.0,stat_gov_kz_real
1990,Северо-Казахстанская область,Ячмень,Кызылжарский район,33710.0,62584.5,1860.0000000000002,stat_gov_kz_real
1991,Северо-Казахстанская область,Ячмень,Кызылжарский район,36045.0,54410.8,1520.0,stat_gov_kz_real
1992,Северо-Казахстанская область,Ячмень,Кызылжарский район,38336.0,105593.40000000001,2750.0,stat_gov_kz_real
1993,Северо-Казахстанская область,Ячмень,Кызылжарский район,46211.0,60853.700000000004,1340.0,stat_gov_kz_real
1994,Северо-Казахстанская область,Ячмень,Кызылжарский район,41684.0,46994.100000000006,1220.0,stat_gov_kz_real
1995,Северо-Казахстанская область,Ячмень,Кызылжарский район,34324.0,32993.700000000004,960.0,stat_gov_kz_real
1996,Северо-Казахстанская область,Ячмень,Кызылжарский район,29593.0,48464.9,1639.9999999999998,stat_gov_kz_real
1997,Северо-Казахстанская область,Ячмень,Кызылжарский район,30553.0,65442.9,2150.0,stat_gov_kz_real
1998,Северо-Казахстанская область,Ячмень,Кызылжарский район,33158.0,33387.1,1030.0,stat_gov_kz_real
1999,Северо-Казахстанская область,Ячмень,Кызылжарский район,37501.0,72312.0,1970.0,stat_gov_kz_real
2000,Северо-Казахстанская область,Ячмень,Кызылжарский район,37455.0,59297.200000000004,1580.0,stat_gov_kz_real
2001,Северо-Казахстанская область,Ячмень,Кызылжарский район,40150.0,91756.70000000001,2320.0,stat_gov_kz_real
2002,Северо-Казахстанская область,Ячмень,Кызылжарский район,40357.0,63476.5,1580.0,stat_gov_kz_real
2003,Северо-Казахстанская область,Ячмень,Кызылжарский район,41546.0,54988.8,1370.0,stat_gov_kz_real
2004,Северо-Казахстанская область,Ячмень,Кызылжарский район,23691.0,30978.100000000002,1019.9999999999999,stat_gov_kz_real
2005,Северо-Казахстанская область,Ячмень,Кызылжарский район,21359.0,25456.100000000002,1210.0,stat_gov_kz_real
2006,Северо-Казахстанская область,Ячмень,Кызылжарский район,21669.0,33001.3,1560.0,stat_gov_kz_real
2007,Северо-Казахстанская область,Ячмень,Кызылжарский район,20288.0,34078.8,1770.0,stat_gov_kz_real
2008,Северо-Казахстанская область,Ячмень,Кызылжарский район,26650.0,40433.0,1520.0,stat_gov_kz_real
2009,Северо-Казахстанская область,Ячмень,Кызылжарский район,18537.0,38824.6,2090.0,stat_gov_kz_real
2010,Северо-Казахстанская область,Ячмень,Кызылжарский район,13123.0,18426.4,1430.0,stat_gov_kz_real
2011,Северо-Казахстанская область,Ячмень,Кызылжарский район,13210.0,35053.3,2650.0,stat_gov_kz_real
2012,Северо-Казахстанская область,Ячмень,Кызылжарский район,15520.0,28963.7,1870.0,stat_gov_kz_real
2013,Северо-Казахстанская область,Ячмень,Кызылжарский район,14809.0,23845.190000000002,1610.0000000000002,stat_gov_kz_real
2014,Северо-Казахстанская область,Ячмень,Кызылжарский район,18559.0,34274.9,1850.0,stat_gov_kz_real
2015,Северо-Казахстанская область,Ячмень,Кызылжарский район,19326.1,38414.434,1989.9999999999998,stat_gov_kz_real
2016,Северо-Казахстанская область,Ячмень,Кызылжарский район,16574.0,32422.300000000003,1960.0000000000002,stat_gov_kz_real
2017,Северо-Казахстанская область,Ячмень,Кызылжарский район,21429.0,44616.5,2080.0,stat_gov_kz_real
2018,Северо-Казахстанская область,Ячмень,Кызылжарский район,18816.0,43376.700000000004,2310.0,stat_gov_kz_real
2019,Северо-Казахстанская область,Ячмень,Кызылжарский район,24057.0,48608.05,2020.0,stat_gov_kz_real
2020,Северо-Казахстанская область,Ячмень,Кызылжарский район,21173.0,37652.3,1710.0000000000002,stat_gov_kz_real
2021,Северо-Казахстанская область,Ячмень,Кызылжарский район,17700.8,29838.5,1689.9999999999998,stat_gov_kz_real
2022,Северо-Казахстанская область,Ячмень,Кызылжарский район,17972.0,43804.200000000004,2440.0,stat_gov_kz_real
2023,Северо-Казахстанская область,Ячмень,Кызылжарский район,20456.0,36620.01,1793.9599999999998,stat_gov_kz_real
2024,Северо-Казахстанская область,Ячмень,Кызылжарский район,19527.0,42237.82000000001,2160.0,stat_gov_kz_real
2025,Северо-Казахстанская область,Ячмень,Кызылжарский район,18075.0,46508.29000000001,2570.0,stat_gov_kz_real
2020,Северо-Казахстанская область,Кукуруза,Мамлютский район,25.0,25.200000000000003,,stat_gov_kz_real
2021,Северо-Казахстанская область,Кукуруза,Мамлютский район,29.0,44.300000000000004,,stat_gov_kz_real
2022,Северо-Казахстанская область,Кукуруза,Мамлютский район,25.0,14.600000000000001,,stat_gov_kz_real
2023,Северо-Казахстанская область,Кукуруза,Мамлютский район,90.0,116.80000000000001,1300.0,stat_gov_kz_real
1990,Северо-Казахстанская область,Подсолнечник,Мамлютский район,0.0,,,stat_gov_kz_real
1991,Северо-Казахстанская область,Подсолнечник,Мамлютский район,658.0,238.70000000000002,500.0,stat_gov_kz_real
1992,Северо-Казахстанская область,Подсолнечник,Мамлютский район,1195.0,340.20000000000005,370.0,stat_gov_kz_real
1993,Северо-Казахстанская область,Подсолнечник,Мамлютский район,800.0,119.30000000000001,210.0,stat_gov_kz_real
1994,Северо-Казахстанская область,Подсолнечник,Мамлютский район,288.0,20.5,550.0,stat_gov_kz_real
1995,Северо-Казахстанская область,Подсолнечник,Мамлютский район,0.0,,,stat_gov_kz_real
1996,Северо-Казахстанская область,Подсолнечник,Мамлютский район,0.0,,,stat_gov_kz_real
1997,Северо-Казахстанская область,Подсолнечник,Мамлютский район,0.0,,,stat_gov_kz_real
1998,Северо-Казахстанская область,Подсолнечник,Мамлютский район,26.0,2.6,100.0,stat_gov_kz_real
1999,Северо-Казахстанская область,Подсолнечник,Мамлютский район,0.0,,,stat_gov_kz_real
2000,Северо-Казахстанская область,Подсолнечник,Мамлютский район,0.0,,,stat_gov_kz_real
2001,Северо-Казахстанская область,Подсолнечник,Мамлютский район,0.0,,,stat_gov_kz_real
2002,Северо-Казахстанская область,Подсолнечник,Мамлютский район,0.0,,,stat_gov_kz_real
2003,Северо-Казахстанская область,Подсолнечник,Мамлютский район,0.0,,,stat_gov_kz_real
2004,Северо-Казахстанская область,Подсолнечник,Мамлютский район,0.0,,,stat_gov_kz_real
2005,Северо-Казахстанская область,Подсолнечник,Мамлютский район,0.0,,,stat_gov_kz_real
2006,Северо-Казахстанская область,Подсолнечник,Мамлютский район,0.0,,,stat_gov_kz_real
2007,Северо-Казахстанская область,Подсолнечник,Мамлютский район,0.0,,,stat_gov_kz_real
2008,Северо-Казахстанская область,Подсолнечник,Мамлютский район,0.0,,620.0,stat_gov_kz_real
2009,Северо-Казахстанская область,Подсолнечник,Мамлютский район,0.0,,,stat_gov_kz_real
2010,Северо-Казахстанская область,Подсолнечник,Мамлютский район,0.0,,,stat_gov_kz_real
2011,Северо-Казахстанская область,Подсолнечник,Мамлютский район,0.0,,,stat_gov_kz_real
2012,Северо-Казахстанская область,Подсолнечник,Мамлютский район,0.0,,,stat_gov_kz_real
2013,Северо-Казахстанская область,Подсолнечник,Мамлютский район,140.0,133.0,950.0,stat_gov_kz_real
2014,Северо-Казахстанская область,Подсолнечник,Мамлютский район,624.0,546.1,1140.0,stat_gov_kz_real
2015,Северо-Казахстанская область,Подсолнечник,Мамлютский район,0.0,,0.0,stat_gov_kz_real
2016,Северо-Казахстанская область,Подсолнечник,Мамлютский район,1024.0,1080.68,1060.0,stat_gov_kz_real
2017,Северо-Казахстанская область,Подсолнечник,Мамлютский район,1499.0,1470.1000000000001,980.0000000000001,stat_gov_kz_real
2018,Северо-Казахстанская область,Подсолнечник,Мамлютский район,878.0,1057.42,1200.0,stat_gov_kz_real
2019,Северо-Казахстанская область,Подсолнечник,Мамлютский район,668.0,910.2,1360.0,stat_gov_kz_real
2020,Северо-Казахстанская область,Подсолнечник,Мамлютский район,317.0,134.6,420.0,stat_gov_kz_real
2021,Северо-Казахстанская область,Подсолнечник,Мамлютский район,624.0,882.8000000000001,1410.0,stat_gov_kz_real
2022,Северо-Казахстанская область,Подсолнечник,Мамлютский район,1106.0,1750.6200000000001,1580.0,stat_gov_kz_real
2023,Северо-Казахстанская область,Подсолнечник,Мамлютский район,1836.0,2258.6,1230.0,stat_gov_kz_real
2024,Северо-Казахстанская область,Подсолнечник,Мамлютский район,2776.0,6642.1,2390.0,stat_gov_kz_real
2025,Северо-Казахстанская область,Подсолнечник,Мамлютский район,3893.0,7851.700000000001,2020.0,stat_gov_kz_real
1990,Северо-Казахстанская область,Пшеница,Мамлютский район,61198.0,86874.5,1419.5643648485245,stat_gov_kz_real
1991,Северо-Казахстанская область,Пшеница,Мамлютский район,58243.0,52545.200000000004,902.1719348247858,stat_gov_kz_real
1992,Северо-Казахстанская область,Пшеница,Мамлютский район,56468.0,123474.3,2186.6242827796273,stat_gov_kz_real
1993,Северо-Казахстанская область,Пшеница,Мамлютский район,52465.0,61865.600000000006,1179.178499952349,stat_gov_kz_real
1994,Северо-Казахстанская область,Пшеница,Мамлютский район,58468.0,63201.700000000004,1080.9622357528906,stat_gov_kz_real
1995,Северо-Казахстанская область,Пшеница,Мамлютский район,57805.0,62291.100000000006,1077.6074734019548,stat_gov_kz_real
1996,Северо-Казахстанская область,Пшеница,Мамлютский район,63049.0,71239.5,1129.90689780964,stat_gov_kz_real
1997,Северо-Казахстанская область,Пшеница,Мамлютский район,65200.0,130251.1,1997.7162576687117,stat_gov_kz_real
1998,Северо-Казахстанская область,Пшеница,Мамлютский район,76629.0,55387.8,722.8046823004346,stat_gov_kz_real
1999,Северо-Казахстанская область,Пшеница,Мамлютский район,79006.0,141342.4,1789.0084297395133,stat_gov_kz_real
2000,Северо-Казахстанская область,Пшеница,Мамлютский район,79010.0,115888.3,1466.7548411593468,stat_gov_kz_real
2001,Северо-Казахстанская область,Пшеница,Мамлютский район,98707.0,193323.6,1958.5601831683668,stat_gov_kz_real
2002,Северо-Казахстанская область,Пшеница,Мамлютский район,98960.0,132779.9,1341.7532336297495,stat_gov_kz_real
2003,Северо-Казахстанская область,Пшеница,Мамлютский район,93600.0,107640.0,1150.0,stat_gov_kz_real
2004,Северо-Казахстанская область,Пшеница,Мамлютский район,109765.0,130931.0,1192.830137111101,stat_gov_kz_real
2005,Северо-Казахстанская область,Пшеница,Мамлютский район,109854.0,118064.20000000001,1074.7373787026418,stat_gov_kz_real
2006,Северо-Казахстанская область,Пшеница,Мамлютский район,106588.0,149680.1,1404.286598866664,stat_gov_kz_real
2007,Северо-Казахстанская область,Пшеница,Мамлютский район,109276.0,,1430.4458435521067,stat_gov_kz_real
2008,Северо-Казахстанская область,Пшеница,Мамлютский район,116406.0,156969.7,1348.4674329501916,stat_gov_kz_real
2009,Северо-Казахстанская область,Пшеница,Мамлютский район,124950.0,196740.80000000002,1574.5562224889954,stat_gov_kz_real
2010,Северо-Казахстанская область,Пшеница,Мамлютский район,123758.0,154941.4,1251.9707816868404,stat_gov_kz_real
2011,Северо-Казахстанская область,Пшеница,Мамлютский район,116453.0,244619.6,2100.5865027092477,stat_gov_kz_real
2012,Северо-Казахстанская область,Пшеница,Мамлютский район,115110.0,183599.1,1594.9882720875682,stat_gov_kz_real
2013,Северо-Казахстанская область,Пшеница,Мамлютский район,113560.0,127238.96000000002,1120.4557942937654,stat_gov_kz_real
2014,Северо-Казахстанская область,Пшеница,Мамлютский район,103667.0,128512.14,1239.662959283089,stat_gov_kz_real
2015,Северо-Казахстанская область,Пшеница,Мамлютский район,80022.03,126913.81200000002,1585.9859091302735,stat_gov_kz_real
2016,Северо-Казахстанская область,Пшеница,Мамлютский район,93031.0,132449.68000000002,1423.7155356816545,stat_gov_kz_real
2017,Северо-Казахстанская область,Пшеница,Мамлютский район,82880.0,144232.17,1740.2530164092664,stat_gov_kz_real
2018,Северо-Казахстанская область,Пшеница,Мамлютский район,68220.0,99777.72,1462.5875109938434,stat_gov_kz_real
2019,Северо-Казахстанская область,Пшеница,Мамлютский район,73256.5,129680.28000000001,1770.2221645860777,stat_gov_kz_real
2020,Северо-Казахстанская область,Пшеница,Мамлютский район,78339.0,139997.04,1787.0669781334968,stat_gov_kz_real
2021,Северо-Казахстанская область,Пшеница,Мамлютский район,88081.0,122370.16000000002,1389.2912205810562,stat_gov_kz_real
2022,Северо-Казахстанская область,Пшеница,Мамлютский район,85270.0,187063.88,2190.0,stat_gov_kz_real
2023,Северо-Казахстанская область,Пшеница,Мамлютский район,94973.4,154955.905,1633.08,stat_gov_kz_real
2024,Северо-Казахстанская область,Пшеница,Мамлютский район,89092.3,186180.83000000002,2090.0,stat_gov_kz_real
2025,Северо-Казахстанская область,Пшеница,Мамлютский район,80856.7,199712.77000000002,2470.0,stat_gov_kz_real
1990,Северо-Казахстанская область,Ячмень,Мамлютский район,33566.0,65403.5,1950.0,stat_gov_kz_real
1991,Северо-Казахстанская область,Ячмень,Мамлютский район,38513.0,46394.4,1200.0,stat_gov_kz_real
1992,Северо-Казахстанская область,Ячмень,Мамлютский район,40468.0,110903.90000000001,2740.0,stat_gov_kz_real
1993,Северо-Казахстанская область,Ячмень,Мамлютский район,51339.0,72162.3,1410.0,stat_gov_kz_real
1994,Северо-Казахстанская область,Ячмень,Мамлютский район,45500.0,67808.2,1510.0,stat_gov_kz_real
1995,Северо-Казахстанская область,Ячмень,Мамлютский район,43430.0,49757.200000000004,1150.0,stat_gov_kz_real
1996,Северо-Казахстанская область,Ячмень,Мамлютский район,36436.0,50843.100000000006,1400.0,stat_gov_kz_real
1997,Северо-Казахстанская область,Ячмень,Мамлютский район,47403.0,106410.6,2240.0,stat_gov_kz_real
1998,Северо-Казахстанская область,Ячмень,Мамлютский район,37147.0,26252.5,730.0,stat_gov_kz_real
1999,Северо-Казахстанская область,Ячмень,Мамлютский район,36930.0,64327.0,1739.9999999999998,stat_gov_kz_real
2000,Северо-Казахстанская область,Ячмень,Мамлютский район,40163.0,61401.4,1530.0,stat_gov_kz_real
2001,Северо-Казахстанская область,Ячмень,Мамлютский район,27972.0,47268.200000000004,1689.9999999999998,stat_gov_kz_real
2002,Северо-Казахстанская область,Ячмень,Мамлютский район,32072.0,42352.700000000004,1320.0,stat_gov_kz_real
2003,Северо-Казахстанская область,Ячмень,Мамлютский район,39035.0,44922.4,1150.0,stat_gov_kz_real
2004,Северо-Казахстанская область,Ячмень,Мамлютский район,29237.0,17717.600000000002,890.0,stat_gov_kz_real
2005,Северо-Казахстанская область,Ячмень,Мамлютский район,15188.0,19433.4,1280.0,stat_gov_kz_real
2006,Северо-Казахстанская область,Ячмень,Мамлютский район,18184.0,28012.300000000003,1540.0,stat_gov_kz_real
2007,Северо-Казахстанская область,Ячмень,Мамлютский район,19795.0,27199.600000000002,1490.0,stat_gov_kz_real
2008,Северо-Казахстанская область,Ячмень,Мамлютский район,21746.0,28227.0,1300.0,stat_gov_kz_real
2009,Северо-Казахстанская область,Ячмень,Мамлютский район,16507.0,26023.300000000003,1580.0,stat_gov_kz_real
2010,Северо-Казахстанская область,Ячмень,Мамлютский район,9508.0,11706.7,1230.0,stat_gov_kz_real
2011,Северо-Казахстанская область,Ячмень,Мамлютский район,13202.0,27967.4,2160.0,stat_gov_kz_real
2012,Северо-Казахстанская область,Ячмень,Мамлютский район,16048.0,27190.7,1689.9999999999998,stat_gov_kz_real
2013,Северо-Казахстанская область,Ячмень,Мамлютский район,14396.0,23167.100000000002,1610.0000000000002,stat_gov_kz_real
2014,Северо-Казахстанская область,Ячмень,Мамлютский район,15450.0,24487.08,1720.0,stat_gov_kz_real
2015,Северо-Казахстанская область,Ячмень,Мамлютский район,19744.03,31778.246000000003,1610.0000000000002,stat_gov_kz_real
2016,Северо-Казахстанская область,Ячмень,Мамлютский район,14419.0,26624.98,1850.0,stat_gov_kz_real
2017,Северо-Казахстанская область,Ячмень,Мамлютский район,14958.0,27653.72,1850.0,stat_gov_kz_real
2018,Северо-Казахстанская область,Ячмень,Мамлютский район,23193.0,42933.350000000006,1850.0,stat_gov_kz_real
2019,Северо-Казахстанская область,Ячмень,Мамлютский район,27585.0,49406.490000000005,1789.9999999999998,stat_gov_kz_real
2020,Северо-Казахстанская область,Ячмень,Мамлютский район,18028.0,36352.58,1650.0,stat_gov_kz_real
2021,Северо-Казахстанская область,Ячмень,Мамлютский район,17274.5,24504.31,1420.0,stat_gov_kz_real
2022,Северо-Казахстанская область,Ячмень,Мамлютский район,18619.0,40367.72,2170.0,stat_gov_kz_real
2023,Северо-Казахстанская область,Ячмень,Мамлютский район,21043.2,34703.73,1649.17,stat_gov_kz_real
2024,Северо-Казахстанская область,Ячмень,Мамлютский район,18190.4,38737.36,2160.0,stat_gov_kz_real
2025,Северо-Казахстанская область,Ячмень,Мамлютский район,15210.0,35131.05,2310.0,stat_gov_kz_real
1991,Северо-Казахстанская область,Кукуруза,Область (итого),200.0,166.0,830.0000000000001,stat_gov_kz_real
2005,Северо-Казахстанская область,Кукуруза,Область (итого),500.0,,1630.0,stat_gov_kz_real
2007,Северо-Казахстанская область,Кукуруза,Область (итого),1740.0,,1510.0,stat_gov_kz_real
2008,Северо-Казахстанская область,Кукуруза,Область (итого),1442.0,,1780.0,stat_gov_kz_real
2009,Северо-Казахстанская область,Кукуруза,Область (итого),485.0,285.2,,stat_gov_kz_real
2018,Северо-Казахстанская область,Кукуруза,Область (итого),145.0,306.0,,stat_gov_kz_real
2019,Северо-Казахстанская область,Кукуруза,Область (итого),1733.0,2291.2000000000003,,stat_gov_kz_real
2020,Северо-Казахстанская область,Кукуруза,Область (итого),1278.0,956.4700000000001,,stat_gov_kz_real
2021,Северо-Казахстанская область,Кукуруза,Область (итого),5188.0,9505.92,,stat_gov_kz_real
2022,Северо-Казахстанская область,Кукуруза,Область (итого),4977.5,9289.68,,stat_gov_kz_real
2023,Северо-Казахстанская область,Кукуруза,Область (итого),4487.0,4683.075,1040.0,stat_gov_kz_real
2024,Северо-Казахстанская область,Кукуруза,Область (итого),1641.0,4220.38,3000.0,stat_gov_kz_real
2025,Северо-Казахстанская область,Кукуруза,Область (итого),3472.0,14164.300000000001,4079.9999999999995,stat_gov_kz_real
1990,Северо-Казахстанская область,Подсолнечник,Область (итого),815.0,480.40000000000003,720.0,stat_gov_kz_real
1991,Северо-Казахстанская область,Подсолнечник,Область (итого),16923.0,2488.3,330.0,stat_gov_kz_real
1992,Северо-Казахстанская область,Подсолнечник,Область (итого),32748.0,5563.900000000001,300.0,stat_gov_kz_real
1993,Северо-Казахстанская область,Подсолнечник,Область (итого),23676.0,2887.4,210.0,stat_gov_kz_real
1994,Северо-Казахстанская область,Подсолнечник,Область (итого),21061.0,2134.6,200.0,stat_gov_kz_real
1995,Северо-Казахстанская область,Подсолнечник,Область (итого),11508.0,825.7,150.0,stat_gov_kz_real
1996,Северо-Казахстанская область,Подсолнечник,Область (итого),7946.0,1268.5,220.00000000000003,stat_gov_kz_real
1997,Северо-Казахстанская область,Подсолнечник,Область (итого),2418.0,268.40000000000003,160.0,stat_gov_kz_real
1998,Северо-Казахстанская область,Подсолнечник,Область (итого),3001.0,245.3,150.0,stat_gov_kz_real
1999,Северо-Казахстанская область,Подсолнечник,Область (итого),4867.0,1113.0,280.0,stat_gov_kz_real
2000,Северо-Казахстанская область,Подсолнечник,Область (итого),3426.0,778.1,250.0,stat_gov_kz_real
2001,Северо-Казахстанская область,Подсолнечник,Область (итого),1976.0,499.1,280.0,stat_gov_kz_real
2002,Северо-Казахстанская область,Подсолнечник,Область (итого),1409.0,350.6,250.0,stat_gov_kz_real
2003,Северо-Казахстанская область,Подсолнечник,Область (итого),20672.0,3928.3,190.0,stat_gov_kz_real
2004,Северо-Казахстанская область,Подсолнечник,Область (итого),4548.0,2259.7000000000003,520.0,stat_gov_kz_real
2005,Северо-Казахстанская область,Подсолнечник,Область (итого),13650.0,9831.2,830.0000000000001,stat_gov_kz_real
2006,Северо-Казахстанская область,Подсолнечник,Область (итого),22777.0,8844.7,400.0,stat_gov_kz_real
2007,Северо-Казахстанская область,Подсолнечник,Область (итого),4704.0,2896.4,620.0,stat_gov_kz_real
2008,Северо-Казахстанская область,Подсолнечник,Область (итого),13727.0,6815.450000000001,560.0,stat_gov_kz_real
2009,Северо-Казахстанская область,Подсолнечник,Область (итого),38471.0,14373.25,370.0,stat_gov_kz_real
2010,Северо-Казахстанская область,Подсолнечник,Область (итого),53519.0,17124.579999999998,320.0,stat_gov_kz_real
2011,Северо-Казахстанская область,Подсолнечник,Область (итого),30015.0,20976.7,750.0,stat_gov_kz_real
2012,Северо-Казахстанская область,Подсолнечник,Область (итого),22883.0,20972.5,919.9999999999999,stat_gov_kz_real
2013,Северо-Казахстанская область,Подсолнечник,Область (итого),35765.0,36777.6,1030.0,stat_gov_kz_real
2014,Северо-Казахстанская область,Подсолнечник,Область (итого),44903.0,30175.5,770.0,stat_gov_kz_real
2015,Северо-Казахстанская область,Подсолнечник,Область (итого),31880.0,28337.674,890.0,stat_gov_kz_real
2016,Северо-Казахстанская область,Подсолнечник,Область (итого),47740.0,47675.350000000006,1100.0,stat_gov_kz_real
2017,Северо-Казахстанская область,Подсолнечник,Область (итого),71306.0,98593.0,1390.0,stat_gov_kz_real
2018,Северо-Казахстанская область,Подсолнечник,Область (итого),68619.0,73981.90000000001,1100.0,stat_gov_kz_real
2019,Северо-Казахстанская область,Подсолнечник,Область (итого),33562.0,32737.940000000002,980.0000000000001,stat_gov_kz_real
2020,Северо-Казахстанская область,Подсолнечник,Область (итого),22205.0,26028.100000000002,1170.0,stat_gov_kz_real
2021,Северо-Казахстанская область,Подсолнечник,Область (итого),62090.0,69730.03000000001,1130.0,stat_gov_kz_real
2022,Северо-Казахстанская область,Подсолнечник,Область (итого),118650.14,152624.37,1290.0,stat_gov_kz_real
2023,Северо-Казахстанская область,Подсолнечник,Область (итого),131496.62,127934.42,1010.0,stat_gov_kz_real
2024,Северо-Казахстанская область,Подсолнечник,Область (итого),113584.12,181384.39,1730.0,stat_gov_kz_real
2025,Северо-Казахстанская область,Подсолнечник,Область (итого),180283.0,298277.44,1660.0000000000002,stat_gov_kz_real
1990,Северо-Казахстанская область,Пшеница,Область (итого),2169623.0,2696680.8000000003,1242.9259829933587,stat_gov_kz_real
1991,Северо-Казахстанская область,Пшеница,Область (итого),2006931.0,1084890.3,520.0,stat_gov_kz_real
1992,Северо-Казахстанская область,Пшеница,Область (итого),1978314.0,3112765.4000000004,1530.0,stat_gov_kz_real
1993,Северо-Казахстанская область,Пшеница,Область (итого),1786446.0,1971210.8,1080.0,stat_gov_kz_real
1994,Северо-Казахстанская область,Пшеница,Область (итого),1966436.0,1782048.0,900.0,stat_gov_kz_real
1995,Северо-Казахстанская область,Пшеница,Область (итого),2017798.0,1557276.3,771.7701672813631,stat_gov_kz_real
1996,Северо-Казахстанская область,Пшеница,Область (итого),2169768.0,1938323.2000000002,880.0000000000001,stat_gov_kz_real
1997,Северо-Казахстанская область,Пшеница,Область (итого),2118708.0,2358952.6,1150.0,stat_gov_kz_real
1998,Северо-Казахстанская область,Пшеница,Область (итого),2061851.0,1393129.3,675.6692408908307,stat_gov_kz_real
1999,Северо-Казахстанская область,Пшеница,Область (итого),2088627.0,2805883.5,1380.0,stat_gov_kz_real
2000,Северо-Казахстанская область,Пшеница,Область (итого),2292023.0,1987169.7000000002,866.9937867115644,stat_gov_kz_real
2001,Северо-Казахстанская область,Пшеница,Область (итого),2525159.0,3493063.0,1390.0,stat_gov_kz_real
2002,Северо-Казахстанская область,Пшеница,Область (итого),2537203.0,2738521.0700000003,1079.3464574967,stat_gov_kz_real
2003,Северо-Казахстанская область,Пшеница,Область (итого),2417102.0,2376894.97,983.3656047614044,stat_gov_kz_real
2004,Северо-Казахстанская область,Пшеница,Область (итого),2602849.0,2429448.75,940.0,stat_gov_kz_real
2005,Северо-Казахстанская область,Пшеница,Область (итого),2756391.0,3012838.33,1100.0,stat_gov_kz_real
2006,Северо-Казахстанская область,Пшеница,Область (итого),2751295.0,3943950.5,1440.0,stat_gov_kz_real
2007,Северо-Казахстанская область,Пшеница,Область (итого),2854299.0,,1500.0,stat_gov_kz_real
2008,Северо-Казахстанская область,Пшеница,Область (итого),3086012.0,3721778.9000000004,1220.0,stat_gov_kz_real
2009,Северо-Казахстанская область,Пшеница,Область (итого),3373706.7,4836513.2,1440.0,stat_gov_kz_real
2010,Северо-Казахстанская область,Пшеница,Область (итого),3233436.0,3081172.3000000003,960.0,stat_gov_kz_real
2011,Северо-Казахстанская область,Пшеница,Область (итого),3155179.5,6574576.68,2090.0,stat_gov_kz_real
2012,Северо-Казахстанская область,Пшеница,Область (итого),3107450.7,3505798.78,1150.0,stat_gov_kz_real
2013,Северо-Казахстанская область,Пшеница,Область (итого),2943905.3,3635040.63,1240.0,stat_gov_kz_real
2014,Северо-Казахстанская область,Пшеница,Область (итого),2616412.6,3445379.5250000004,1380.0,stat_gov_kz_real
2015,Северо-Казахстанская область,Пшеница,Область (итого),2328706.12,3595840.033,1550.0,stat_gov_kz_real
2016,Северо-Казахстанская область,Пшеница,Область (итого),2466442.8,3654086.69,1481.5209539827968,stat_gov_kz_real
2017,Северо-Казахстанская область,Пшеница,Область (итого),2202656.9,3674764.8000000003,1668.332821148859,stat_gov_kz_real
2018,Северо-Казахстанская область,Пшеница,Область (итого),1949573.7,2988271.91,1540.0,stat_gov_kz_real
2019,Северо-Казахстанская область,Пшеница,Область (итого),2021132.0,2874289.41,1422.1185998737342,stat_gov_kz_real
2020,Северо-Казахстанская область,Пшеница,Область (итого),2295883.38,3299829.5600000005,1437.2809998737828,stat_gov_kz_real
2021,Северо-Казахстанская область,Пшеница,Область (итого),2440383.99,2802598.154,1148.4250697776458,stat_gov_kz_real
2022,Северо-Казахстанская область,Пшеница,Область (итого),2426051.2,3546616.2200000007,1460.0,stat_gov_kz_real
2023,Северо-Казахстанская область,Пшеница,Область (итого),2605492.6,2931452.4450000003,1138.3100000000002,stat_gov_kz_real
2024,Северо-Казахстанская область,Пшеница,Область (итого),2540513.91,4726227.15,1860.0000000000002,stat_gov_kz_real
2025,Северо-Казахстанская область,Пшеница,Область (итого),2134906.6,4408672.94,2070.0,stat_gov_kz_real
1990,Северо-Казахстанская область,Ячмень,Область (итого),916825.0,1744830.6,1939.9999999999998,stat_gov_kz_real
1991,Северо-Казахстанская область,Ячмень,Область (итого),983460.0,641702.5,650.0,stat_gov_kz_real
1992,Северо-Казахстанская область,Ячмень,Область (итого),970754.0,2172613.1,2240.0,stat_gov_kz_real
1993,Северо-Казахстанская область,Ячмень,Область (итого),1134555.0,1303984.0,1150.0,stat_gov_kz_real
1994,Северо-Казахстанская область,Ячмень,Область (итого),984694.0,1396687.4000000001,1420.0,stat_gov_kz_real
1995,Северо-Казахстанская область,Ячмень,Область (итого),910962.0,666347.5,710.0,stat_gov_kz_real
1996,Северо-Казахстанская область,Ячмень,Область (итого),770430.0,924907.3,1180.0,stat_gov_kz_real
1997,Северо-Казахстанская область,Ячмень,Область (итого),771696.0,810088.6000000001,1140.0,stat_gov_kz_real
1998,Северо-Казахстанская область,Ячмень,Область (итого),625220.0,391855.80000000005,650.0,stat_gov_kz_real
1999,Северо-Казахстанская область,Ячмень,Область (итого),557977.0,840032.8,1550.0,stat_gov_kz_real
2000,Северо-Казахстанская область,Ячмень,Область (итого),472708.0,519236.80000000005,1100.0,stat_gov_kz_real
2001,Северо-Казахстанская область,Ячмень,Область (итого),465292.0,725513.2000000001,1570.0,stat_gov_kz_real
2002,Северо-Казахстанская область,Ячмень,Область (итого),435341.0,609948.36,1400.0,stat_gov_kz_real
2003,Северо-Казахстанская область,Ячмень,Область (итого),546916.0,621528.41,1160.0,stat_gov_kz_real
2004,Северо-Казахстанская область,Ячмень,Область (итого),356652.0,307756.46,869.9999999999999,stat_gov_kz_real
2005,Северо-Казахстанская область,Ячмень,Область (итого),315315.0,397902.39,1270.0,stat_gov_kz_real
2006,Северо-Казахстанская область,Ячмень,Область (итого),384554.0,592181.11,1550.0,stat_gov_kz_real
2007,Северо-Казахстанская область,Ячмень,Область (итого),411831.0,658525.79,1620.0,stat_gov_kz_real
2008,Северо-Казахстанская область,Ячмень,Область (итого),536986.4,729304.04,1390.0,stat_gov_kz_real
2009,Северо-Казахстанская область,Ячмень,Область (итого),410782.0,652166.2000000001,1590.0,stat_gov_kz_real
2010,Северо-Казахстанская область,Ячмень,Область (итого),435636.0,450767.7,1060.0,stat_gov_kz_real
2011,Северо-Казахстанская область,Ячмень,Область (итого),436948.1,886120.9800000001,2039.9999999999998,stat_gov_kz_real
2012,Северо-Казахстанская область,Ячмень,Область (итого),418332.9,468493.70999999996,1150.0,stat_gov_kz_real
2013,Северо-Казахстанская область,Ячмень,Область (итого),372991.0,558299.77,1510.0,stat_gov_kz_real
2014,Северо-Казахстанская область,Ячмень,Область (итого),435582.6,749369.0580000001,1820.0,stat_gov_kz_real
2015,Северо-Казахстанская область,Ячмень,Область (итого),454970.33999999997,725790.986,1600.0,stat_gov_kz_real
2016,Северо-Казахстанская область,Ячмень,Область (итого),418489.4,790714.0,1889.9999999999998,stat_gov_kz_real
2017,Северо-Казахстанская область,Ячмень,Область (итого),434106.4,806800.87,1860.0000000000002,stat_gov_kz_real
2018,Северо-Казахстанская область,Ячмень,Область (итого),545663.7,954307.16,1750.0,stat_gov_kz_real
2019,Северо-Казахстанская область,Ячмень,Область (итого),665523.5,1003251.4,1510.0,stat_gov_kz_real
2020,Северо-Казахстанская область,Ячмень,Область (итого),525547.0,728760.8,1420.0,stat_gov_kz_real
2021,Северо-Казахстанская область,Ячмень,Область (итого),387619.0,446538.52,1180.0,stat_gov_kz_real
2022,Северо-Казахстанская область,Ячмень,Область (итого),402466.29,645533.92,1610.0000000000002,stat_gov_kz_real
2023,Северо-Казахстанская область,Ячмень,Область (итого),508642.02,550162.454,1123.34,stat_gov_kz_real
2024,Северо-Казахстанская область,Ячмень,Область (итого),456635.0,840749.57,1860.0000000000002,stat_gov_kz_real
2025,Северо-Казахстанская область,Ячмень,Область (итого),424392.4,898033.79,2120.0,stat_gov_kz_real
1991,Северо-Казахстанская область,Кукуруза,Тайыншинский район,200.0,166.0,830.0000000000001,stat_gov_kz_real
2005,Северо-Казахстанская область,Кукуруза,Тайыншинский район,500.0,,1630.0,stat_gov_kz_real
2007,Северо-Казахстанская область,Кукуруза,Тайыншинский район,1740.0,,1510.0,stat_gov_kz_real
2008,Северо-Казахстанская область,Кукуруза,Тайыншинский район,1442.0,,1780.0,stat_gov_kz_real
2009,Северо-Казахстанская область,Кукуруза,Тайыншинский район,485.0,285.2,590.0,stat_gov_kz_real
2019,Северо-Казахстанская область,Кукуруза,Тайыншинский район,1039.0,1501.3000000000002,,stat_gov_kz_real
2020,Северо-Казахстанская область,Кукуруза,Тайыншинский район,150.0,168.9,,stat_gov_kz_real
2024,Северо-Казахстанская область,Кукуруза,Тайыншинский район,512.0,2085.98,4070.0000000000005,stat_gov_kz_real
2025,Северо-Казахстанская область,Кукуруза,Тайыншинский район,725.0,6250.0,8620.0,stat_gov_kz_real
1990,Северо-Казахстанская область,Подсолнечник,Тайыншинский район,50.0,30.5,770.0,stat_gov_kz_real
1991,Северо-Казахстанская область,Подсолнечник,Тайыншинский район,2122.0,293.3,320.0,stat_gov_kz_real
1992,Северо-Казахстанская область,Подсолнечник,Тайыншинский район,5003.0,229.0,220.00000000000003,stat_gov_kz_real
1993,Северо-Казахстанская область,Подсолнечник,Тайыншинский район,3445.0,318.70000000000005,240.0,stat_gov_kz_real
1994,Северо-Казахстанская область,Подсолнечник,Тайыншинский район,4204.0,419.70000000000005,210.0,stat_gov_kz_real
1995,Северо-Казахстанская область,Подсолнечник,Тайыншинский район,2347.0,275.40000000000003,220.00000000000003,stat_gov_kz_real
1996,Северо-Казахстанская область,Подсолнечник,Тайыншинский район,1482.0,313.20000000000005,270.0,stat_gov_kz_real
1997,Северо-Казахстанская область,Подсолнечник,Тайыншинский район,1018.0,101.30000000000001,140.0,stat_gov_kz_real
1998,Северо-Казахстанская область,Подсолнечник,Тайыншинский район,973.0,73.60000000000001,190.0,stat_gov_kz_real
1999,Северо-Казахстанская область,Подсолнечник,Тайыншинский район,1119.0,484.6,433.06523681858806,stat_gov_kz_real
2000,Северо-Казахстанская область,Подсолнечник,Тайыншинский район,1522.0,295.7,194.2838370565046,stat_gov_kz_real
2001,Северо-Казахстанская область,Подсолнечник,Тайыншинский район,674.0,132.20000000000002,229.99999999999997,stat_gov_kz_real
2002,Северо-Казахстанская область,Подсолнечник,Тайыншинский район,399.0,103.9,260.0,stat_gov_kz_real
2003,Северо-Казахстанская область,Подсолнечник,Тайыншинский район,16803.0,3248.5,190.0,stat_gov_kz_real
2004,Северо-Казахстанская область,Подсолнечник,Тайыншинский район,2069.0,1297.2,630.0,stat_gov_kz_real
2005,Северо-Казахстанская область,Подсолнечник,Тайыншинский район,7527.0,7567.3,1010.0,stat_gov_kz_real
2006,Северо-Казахстанская область,Подсолнечник,Тайыншинский район,14738.0,5106.6,370.0,stat_gov_kz_real
2007,Северо-Казахстанская область,Подсолнечник,Тайыншинский район,563.0,224.8,400.0,stat_gov_kz_real
2008,Северо-Казахстанская область,Подсолнечник,Тайыншинский район,5103.0,3161.9500000000003,730.0,stat_gov_kz_real
2009,Северо-Казахстанская область,Подсолнечник,Тайыншинский район,12160.0,3237.3,270.0,stat_gov_kz_real
2010,Северо-Казахстанская область,Подсолнечник,Тайыншинский район,19225.0,7375.3,380.0,stat_gov_kz_real
2011,Северо-Казахстанская область,Подсолнечник,Тайыншинский район,5526.0,6912.8,1250.0,stat_gov_kz_real
2012,Северо-Казахстанская область,Подсолнечник,Тайыншинский район,8933.0,11412.2,630.0,stat_gov_kz_real
2013,Северо-Казахстанская область,Подсолнечник,Тайыншинский район,15800.0,22387.800000000003,1420.0,stat_gov_kz_real
2014,Северо-Казахстанская область,Подсолнечник,Тайыншинский район,26494.0,19493.600000000002,880.0000000000001,stat_gov_kz_real
2015,Северо-Казахстанская область,Подсолнечник,Тайыншинский район,13735.0,13752.909,1000.0,stat_gov_kz_real
2016,Северо-Казахстанская область,Подсолнечник,Тайыншинский район,20946.0,23672.100000000002,1130.0,stat_gov_kz_real
2017,Северо-Казахстанская область,Подсолнечник,Тайыншинский район,25930.0,45583.600000000006,1760.0000000000002,stat_gov_kz_real
2018,Северо-Казахстанская область,Подсолнечник,Тайыншинский район,23016.0,25993.800000000003,1130.0,stat_gov_kz_real
2019,Северо-Казахстанская область,Подсолнечник,Тайыншинский район,9766.0,10495.24,1070.0,stat_gov_kz_real
2020,Северо-Казахстанская область,Подсолнечник,Тайыншинский район,3223.0,2624.84,810.0,stat_gov_kz_real
2021,Северо-Казахстанская область,Подсолнечник,Тайыншинский район,4481.0,4653.06,1070.0,stat_gov_kz_real
2022,Северо-Казахстанская область,Подсолнечник,Тайыншинский район,9006.2,8315.03,980.0000000000001,stat_gov_kz_real
2023,Северо-Казахстанская область,Подсолнечник,Тайыншинский район,13450.0,11396.220000000001,850.0,stat_gov_kz_real
2024,Северо-Казахстанская область,Подсолнечник,Тайыншинский район,10642.0,21091.2,1980.0,stat_gov_kz_real
2025,Северо-Казахстанская область,Подсолнечник,Тайыншинский район,25923.0,37750.770000000004,1460.0,stat_gov_kz_real
1990,Северо-Казахстанская область,Пшеница,Тайыншинский район,336546.0,313297.9,930.9214787874465,stat_gov_kz_real
1991,Северо-Казахстанская область,Пшеница,Тайыншинский район,294297.0,109002.0,370.3809417017503,stat_gov_kz_real
1992,Северо-Казахстанская область,Пшеница,Тайыншинский район,313672.0,332543.2,1060.1622076564054,stat_gov_kz_real
1993,Северо-Казахстанская область,Пшеница,Тайыншинский район,274434.0,284212.8,1035.6326111196133,stat_gov_kz_real
1994,Северо-Казахстанская область,Пшеница,Тайыншинский район,286950.0,269509.7,939.2218156473253,stat_gov_kz_real
1995,Северо-Казахстанская область,Пшеница,Тайыншинский район,296631.0,227177.40000000002,765.8585919880255,stat_gov_kz_real
1996,Северо-Казахстанская область,Пшеница,Тайыншинский район,313334.0,245630.2,783.9245022882931,stat_gov_kz_real
1997,Северо-Казахстанская область,Пшеница,Тайыншинский район,285872.0,203081.0,710.3913639670901,stat_gov_kz_real
1998,Северо-Казахстанская область,Пшеница,Тайыншинский район,251730.0,140701.2,558.9369562626624,stat_gov_kz_real
1999,Северо-Казахстанская область,Пшеница,Тайыншинский район,296496.0,362973.80000000005,1224.2114564783335,stat_gov_kz_real
2000,Северо-Казахстанская область,Пшеница,Тайыншинский район,288704.0,160749.0,556.7951950786966,stat_gov_kz_real
2001,Северо-Казахстанская область,Пшеница,Тайыншинский район,339943.0,386629.0,1137.334788479245,stat_gov_kz_real
2002,Северо-Казахстанская область,Пшеница,Тайыншинский район,323708.0,368617.12000000005,1138.7334264213428,stat_gov_kz_real
2003,Северо-Казахстанская область,Пшеница,Тайыншинский район,316912.0,291466.57,919.7082155298633,stat_gov_kz_real
2004,Северо-Казахстанская область,Пшеница,Тайыншинский район,354092.0,318715.60000000003,900.0926312935622,stat_gov_kz_real
2005,Северо-Казахстанская область,Пшеница,Тайыншинский район,378231.0,472688.80000000005,1249.7357435006647,stat_gov_kz_real
2006,Северо-Казахстанская область,Пшеница,Тайыншинский район,367289.0,524400.9,1427.760972966792,stat_gov_kz_real
2007,Северо-Казахстанская область,Пшеница,Тайыншинский район,393795.0,,1499.676735357229,stat_gov_kz_real
2008,Северо-Казахстанская область,Пшеница,Тайыншинский район,408150.0,504956.2,1237.1828984441993,stat_gov_kz_real
2009,Северо-Казахстанская область,Пшеница,Тайыншинский район,430318.0,594968.9,1382.626104415804,stat_gov_kz_real
2010,Северо-Казахстанская область,Пшеница,Тайыншинский район,363225.0,338748.60000000003,932.6136692132975,stat_gov_kz_real
2011,Северо-Казахстанская область,Пшеница,Тайыншинский район,373847.0,712441.6000000001,1905.7036702180305,stat_gov_kz_real
2012,Северо-Казахстанская область,Пшеница,Тайыншинский район,358479.0,339724.0,947.6817331001259,stat_gov_kz_real
2013,Северо-Казахстанская область,Пшеница,Тайыншинский район,356396.0,443604.45,1244.6953669513687,stat_gov_kz_real
2014,Северо-Казахстанская область,Пшеница,Тайыншинский район,318215.0,402983.60000000003,1266.3878195559607,stat_gov_kz_real
2015,Северо-Казахстанская область,Пшеница,Тайыншинский район,280275.01,358393.886,1278.7222307118998,stat_gov_kz_real
2016,Северо-Казахстанская область,Пшеница,Тайыншинский район,290938.0,343173.4,1179.541345578783,stat_gov_kz_real
2017,Северо-Казахстанская область,Пшеница,Тайыншинский район,231412.0,338171.77,1461.340682419235,stat_gov_kz_real
2018,Северо-Казахстанская область,Пшеница,Тайыншинский район,227350.0,315896.39,1389.4716956234881,stat_gov_kz_real
2019,Северо-Казахстанская область,Пшеница,Тайыншинский район,255745.0,361922.73,1415.1703063598507,stat_gov_kz_real
2020,Северо-Казахстанская область,Пшеница,Тайыншинский район,300923.0,371954.884,1236.046709623392,stat_gov_kz_real
2021,Северо-Казахстанская область,Пшеница,Тайыншинский район,353453.74,357669.89700000006,1011.9284549089791,stat_gov_kz_real
2022,Северо-Казахстанская область,Пшеница,Тайыншинский район,301998.1,349479.69,1160.0,stat_gov_kz_real
2023,Северо-Казахстанская область,Пшеница,Тайыншинский район,315637.0,255052.50600000002,840.39,stat_gov_kz_real
2024,Северо-Казахстанская область,Пшеница,Тайыншинский район,319000.54,647031.78,2030.0,stat_gov_kz_real
2025,Северо-Казахстанская область,Пшеница,Тайыншинский район,281256.0,541701.88,1930.0,stat_gov_kz_real
1990,Северо-Казахстанская область,Ячмень,Тайыншинский район,99621.0,169937.7,1710.0000000000002,stat_gov_kz_real
1991,Северо-Казахстанская область,Ячмень,Тайыншинский район,123818.0,39306.200000000004,530.0,stat_gov_kz_real
1992,Северо-Казахстанская область,Ячмень,Тайыншинский район,98822.0,168363.30000000002,1770.0,stat_gov_kz_real
1993,Северо-Казахстанская область,Ячмень,Тайыншинский район,125294.0,139204.6,1110.0,stat_gov_kz_real
1994,Северо-Казахстанская область,Ячмень,Тайыншинский район,120998.0,178345.6,1530.0,stat_gov_kz_real
1995,Северо-Казахстанская область,Ячмень,Тайыншинский район,105758.0,68900.5,660.0,stat_gov_kz_real
1996,Северо-Казахстанская область,Ячмень,Тайыншинский район,93080.0,116315.5,1250.0,stat_gov_kz_real
1997,Северо-Казахстанская область,Ячмень,Тайыншинский район,93285.0,50636.100000000006,590.0,stat_gov_kz_real
1998,Северо-Казахстанская область,Ячмень,Тайыншинский район,64786.0,24117.100000000002,420.0,stat_gov_kz_real
1999,Северо-Казахстанская область,Ячмень,Тайыншинский район,46214.0,74010.3,1610.0000000000002,stat_gov_kz_real
2000,Северо-Казахстанская область,Ячмень,Тайыншинский район,51951.0,32054.600000000002,630.0,stat_gov_kz_real
2001,Северо-Казахстанская область,Ячмень,Тайыншинский район,51962.0,76036.6,1470.0,stat_gov_kz_real
2002,Северо-Казахстанская область,Ячмень,Тайыншинский район,52321.0,68772.8,1320.0,stat_gov_kz_real
2003,Северо-Казахстанская область,Ячмень,Тайыншинский район,73335.0,75073.01,1019.9999999999999,stat_gov_kz_real
2004,Северо-Казахстанская область,Ячмень,Тайыншинский район,45347.0,35903.5,810.0,stat_gov_kz_real
2005,Северо-Казахстанская область,Ячмень,Тайыншинский район,48911.0,68217.2,1390.0,stat_gov_kz_real
2006,Северо-Казахстанская область,Ячмень,Тайыншинский район,61759.0,86250.3,1410.0,stat_gov_kz_real
2007,Северо-Казахстанская область,Ячмень,Тайыншинский район,61686.0,111178.5,1800.0,stat_gov_kz_real
2008,Северо-Казахстанская область,Ячмень,Тайыншинский район,87245.0,113502.90000000001,1310.0,stat_gov_kz_real
2009,Северо-Казахстанская область,Ячмень,Тайыншинский район,80985.0,134238.1,1660.0000000000002,stat_gov_kz_real
2010,Северо-Казахстанская область,Ячмень,Тайыншинский район,119870.0,156826.5,1310.0,stat_gov_kz_real
2011,Северо-Казахстанская область,Ячмень,Тайыншинский район,118960.0,222510.30000000002,1870.0,stat_gov_kz_real
2012,Северо-Казахстанская область,Ячмень,Тайыншинский район,97424.0,96285.8,1040.0,stat_gov_kz_real
2013,Северо-Казахстанская область,Ячмень,Тайыншинский район,75931.0,103649.98000000001,1370.0,stat_gov_kz_real
2014,Северо-Казахстанская область,Ячмень,Тайыншинский район,60202.0,118313.6,2010.0000000000002,stat_gov_kz_real
2015,Северо-Казахстанская область,Ячмень,Тайыншинский район,49342.97,50037.454,1010.0,stat_gov_kz_real
2016,Северо-Казахстанская область,Ячмень,Тайыншинский район,58198.0,109720.40000000001,1889.9999999999998,stat_gov_kz_real
2017,Северо-Казахстанская область,Ячмень,Тайыншинский район,62940.0,102750.92,1630.0,stat_gov_kz_real
2018,Северо-Казахстанская область,Ячмень,Тайыншинский район,94636.0,162863.0,1720.0,stat_gov_kz_real
2019,Северо-Казахстанская область,Ячмень,Тайыншинский район,99947.0,138364.87,1380.0,stat_gov_kz_real
2020,Северо-Казахстанская область,Ячмень,Тайыншинский район,36770.0,75718.53000000001,950.0,stat_gov_kz_real
2021,Северо-Казахстанская область,Ячмень,Тайыншинский район,54253.0,60204.07,1120.0,stat_gov_kz_real
2022,Северо-Казахстанская область,Ячмень,Тайыншинский район,69621.39,82952.98000000001,1200.0,stat_gov_kz_real
2023,Северо-Казахстанская область,Ячмень,Тайыншинский район,100532.5,79956.142,837.9799999999999,stat_gov_kz_real
2024,Северо-Казахстанская область,Ячмень,Тайыншинский район,88023.9,175616.75,2000.0,stat_gov_kz_real
2025,Северо-Казахстанская область,Ячмень,Тайыншинский район,79221.0,153874.36000000002,1939.9999999999998,stat_gov_kz_real
1990,Северо-Казахстанская область,Подсолнечник,Тимирязевский район,0.0,,,stat_gov_kz_real
1991,Северо-Казахстанская область,Подсолнечник,Тимирязевский район,800.0,238.0,360.0,stat_gov_kz_real
1992,Северо-Казахстанская область,Подсолнечник,Тимирязевский район,1760.0,410.3,260.0,stat_gov_kz_real
1993,Северо-Казахстанская область,Подсолнечник,Тимирязевский район,1375.0,209.70000000000002,229.99999999999997,stat_gov_kz_real
1994,Северо-Казахстанская область,Подсолнечник,Тимирязевский район,841.0,91.2,270.0,stat_gov_kz_real
1995,Северо-Казахстанская область,Подсолнечник,Тимирязевский район,350.0,50.0,229.99999999999997,stat_gov_kz_real
1996,Северо-Казахстанская область,Подсолнечник,Тимирязевский район,600.0,94.10000000000001,229.99999999999997,stat_gov_kz_real
1997,Северо-Казахстанская область,Подсолнечник,Тимирязевский район,0.0,,,stat_gov_kz_real
1998,Северо-Казахстанская область,Подсолнечник,Тимирязевский район,570.0,,,stat_gov_kz_real
1999,Северо-Казахстанская область,Подсолнечник,Тимирязевский район,0.0,,,stat_gov_kz_real
2000,Северо-Казахстанская область,Подсолнечник,Тимирязевский район,0.0,,,stat_gov_kz_real
2001,Северо-Казахстанская область,Подсолнечник,Тимирязевский район,0.0,,,stat_gov_kz_real
2002,Северо-Казахстанская область,Подсолнечник,Тимирязевский район,0.0,,,stat_gov_kz_real
2003,Северо-Казахстанская область,Подсолнечник,Тимирязевский район,0.0,,,stat_gov_kz_real
2004,Северо-Казахстанская область,Подсолнечник,Тимирязевский район,0.0,,,stat_gov_kz_real
2005,Северо-Казахстанская область,Подсолнечник,Тимирязевский район,0.0,,,stat_gov_kz_real
2006,Северо-Казахстанская область,Подсолнечник,Тимирязевский район,410.0,114.0,280.0,stat_gov_kz_real
2007,Северо-Казахстанская область,Подсолнечник,Тимирязевский район,0.0,,,stat_gov_kz_real
2008,Северо-Казахстанская область,Подсолнечник,Тимирязевский район,240.0,161.0,,stat_gov_kz_real
2009,Северо-Казахстанская область,Подсолнечник,Тимирязевский район,0.0,,,stat_gov_kz_real
2010,Северо-Казахстанская область,Подсолнечник,Тимирязевский район,0.0,,,stat_gov_kz_real
2011,Северо-Казахстанская область,Подсолнечник,Тимирязевский район,0.0,,,stat_gov_kz_real
2012,Северо-Казахстанская область,Подсолнечник,Тимирязевский район,0.0,,1280.0,stat_gov_kz_real
2013,Северо-Казахстанская область,Подсолнечник,Тимирязевский район,0.0,,,stat_gov_kz_real
2014,Северо-Казахстанская область,Подсолнечник,Тимирязевский район,84.0,,0.0,stat_gov_kz_real
2015,Северо-Казахстанская область,Подсолнечник,Тимирязевский район,0.0,,0.0,stat_gov_kz_real
2016,Северо-Казахстанская область,Подсолнечник,Тимирязевский район,1427.0,1494.0,1050.0,stat_gov_kz_real
2017,Северо-Казахстанская область,Подсолнечник,Тимирязевский район,1208.0,588.0,490.00000000000006,stat_gov_kz_real
2018,Северо-Казахстанская область,Подсолнечник,Тимирязевский район,,,0.0,stat_gov_kz_real
2019,Северо-Казахстанская область,Подсолнечник,Тимирязевский район,393.0,196.5,500.0,stat_gov_kz_real
2021,Северо-Казахстанская область,Подсолнечник,Тимирязевский район,6401.0,5945.3,930.0000000000001,stat_gov_kz_real
2022,Северо-Казахстанская область,Подсолнечник,Тимирязевский район,13993.0,20106.63,1440.0,stat_gov_kz_real
2023,Северо-Казахстанская область,Подсолнечник,Тимирязевский район,16479.0,14930.6,910.0,stat_gov_kz_real
2024,Северо-Казахстанская область,Подсолнечник,Тимирязевский район,13297.0,25229.2,1900.0,stat_gov_kz_real
2025,Северо-Казахстанская область,Подсолнечник,Тимирязевский район,11194.0,21460.210000000003,1920.0,stat_gov_kz_real
1990,Северо-Казахстанская область,Пшеница,Тимирязевский район,111890.0,174590.1,1560.3726874608992,stat_gov_kz_real
1991,Северо-Казахстанская область,Пшеница,Тимирязевский район,107535.0,75643.5,703.43144092621,stat_gov_kz_real
1992,Северо-Казахстанская область,Пшеница,Тимирязевский район,96077.0,233683.7,2432.2543376666636,stat_gov_kz_real
1993,Северо-Казахстанская область,Пшеница,Тимирязевский район,93936.0,102340.40000000001,1089.4694259921648,stat_gov_kz_real
1994,Северо-Казахстанская область,Пшеница,Тимирязевский район,115086.0,103251.0,897.1638600698608,stat_gov_kz_real
1995,Северо-Казахстанская область,Пшеница,Тимирязевский район,125358.0,77442.40000000001,617.769906986391,stat_gov_kz_real
1996,Северо-Казахстанская область,Пшеница,Тимирязевский район,129119.0,134557.9,1042.1231577072313,stat_gov_kz_real
1997,Северо-Казахстанская область,Пшеница,Тимирязевский район,136134.0,183956.2,1351.2877018232036,stat_gov_kz_real
1998,Северо-Казахстанская область,Пшеница,Тимирязевский район,149066.0,81320.8,545.5355345954141,stat_gov_kz_real
1999,Северо-Казахстанская область,Пшеница,Тимирязевский район,128100.0,189119.0,1476.3387978142077,stat_gov_kz_real
2000,Северо-Казахстанская область,Пшеница,Тимирязевский район,163787.0,150861.6,921.084090922967,stat_gov_kz_real
2001,Северо-Казахстанская область,Пшеница,Тимирязевский район,154803.0,219234.7,1416.2173859679722,stat_gov_kz_real
2002,Северо-Казахстанская область,Пшеница,Тимирязевский район,153407.0,141057.31000000003,919.497219813959,stat_gov_kz_real
2003,Северо-Казахстанская область,Пшеница,Тимирязевский район,123671.0,98549.40000000001,796.8674952090628,stat_gov_kz_real
2004,Северо-Казахстанская область,Пшеница,Тимирязевский район,141215.0,123268.40000000001,872.9129341783805,stat_gov_kz_real
2005,Северо-Казахстанская область,Пшеница,Тимирязевский район,144303.0,126761.1,878.4370387310036,stat_gov_kz_real
2006,Северо-Казахстанская область,Пшеница,Тимирязевский район,141399.0,209299.6,1480.2056591630776,stat_gov_kz_real
2007,Северо-Казахстанская область,Пшеница,Тимирязевский район,161875.0,,1599.785945945946,stat_gov_kz_real
2008,Северо-Казахстанская область,Пшеница,Тимирязевский район,185517.0,236204.7,1273.2240172059705,stat_gov_kz_real
2009,Северо-Казахстанская область,Пшеница,Тимирязевский район,199356.0,286994.60000000003,1439.608539497181,stat_gov_kz_real
2010,Северо-Казахстанская область,Пшеница,Тимирязевский район,174272.0,132450.80000000002,760.0234116782959,stat_gov_kz_real
2011,Северо-Казахстанская область,Пшеница,Тимирязевский район,185976.0,473730.4,2547.2663139329807,stat_gov_kz_real
2012,Северо-Казахстанская область,Пшеница,Тимирязевский район,177895.4,164346.66000000003,923.8387277017845,stat_gov_kz_real
2013,Северо-Казахстанская область,Пшеница,Тимирязевский район,179889.0,169756.40000000002,943.6730428208506,stat_gov_kz_real
2014,Северо-Казахстанская область,Пшеница,Тимирязевский район,155900.6,179211.80000000002,1149.5260441589064,stat_gov_kz_real
2015,Северо-Казахстанская область,Пшеница,Тимирязевский район,135102.75,194392.328,1438.8480471344958,stat_gov_kz_real
2016,Северо-Казахстанская область,Пшеница,Тимирязевский район,167351.3,230937.6,1379.9570125837088,stat_gov_kz_real
2017,Северо-Казахстанская область,Пшеница,Тимирязевский район,153177.4,265011.18,1730.0932121840428,stat_gov_kz_real
2018,Северо-Казахстанская область,Пшеница,Тимирязевский район,147147.9,227542.17000000004,1546.3501008169333,stat_gov_kz_real
2019,Северо-Казахстанская область,Пшеница,Тимирязевский район,151825.6,179037.65000000002,1179.2322902066583,stat_gov_kz_real
2020,Северо-Казахстанская область,Пшеница,Тимирязевский район,169266.7,243375.333,1437.8216920398402,stat_gov_kz_real
2021,Северо-Казахстанская область,Пшеница,Тимирязевский район,179440.55,157473.622,877.581026139298,stat_gov_kz_real
2022,Северо-Казахстанская область,Пшеница,Тимирязевский район,166959.0,266308.2,1600.0,stat_gov_kz_real
2023,Северо-Казахстанская область,Пшеница,Тимирязевский район,175242.9,179625.90000000002,1039.3000000000002,stat_gov_kz_real
2024,Северо-Казахстанская область,Пшеница,Тимирязевский район,157363.4,308144.79,1960.0000000000002,stat_gov_kz_real
2025,Северо-Казахстанская область,Пшеница,Тимирязевский район,134986.3,298002.84,2210.0,stat_gov_kz_real
1990,Северо-Казахстанская область,Ячмень,Тимирязевский район,59713.0,134502.80000000002,2250.0,stat_gov_kz_real
1991,Северо-Казахстанская область,Ячмень,Тимирязевский район,63498.0,60560.700000000004,960.0,stat_gov_kz_real
1992,Северо-Казахстанская область,Ячмень,Тимирязевский район,68782.0,204223.2,2970.0,stat_gov_kz_real
1993,Северо-Казахстанская область,Ячмень,Тимирязевский район,76206.0,90053.20000000001,1190.0,stat_gov_kz_real
1994,Северо-Казахстанская область,Ячмень,Тимирязевский район,60149.0,93526.70000000001,1550.0,stat_gov_kz_real
1995,Северо-Казахстанская область,Ячмень,Тимирязевский район,53790.0,37955.0,710.0,stat_gov_kz_real
1996,Северо-Казахстанская область,Ячмень,Тимирязевский район,54888.0,69022.3,1350.0,stat_gov_kz_real
1997,Северо-Казахстанская область,Ячмень,Тимирязевский район,56629.0,57915.4,1270.0,stat_gov_kz_real
1998,Северо-Казахстанская область,Ячмень,Тимирязевский район,49218.0,28483.300000000003,650.0,stat_gov_kz_real
1999,Северо-Казахстанская область,Ячмень,Тимирязевский район,41219.0,57338.700000000004,1390.0,stat_gov_kz_real
2000,Северо-Казахстанская область,Ячмень,Тимирязевский район,26623.0,25929.2,960.0,stat_gov_kz_real
2001,Северо-Казахстанская область,Ячмень,Тимирязевский район,32126.0,50737.700000000004,1580.0,stat_gov_kz_real
2002,Северо-Казахстанская область,Ячмень,Тимирязевский район,29752.0,37598.159999999996,1260.0,stat_gov_kz_real
2003,Северо-Казахстанская область,Ячмень,Тимирязевский район,26680.0,31762.5,1190.0,stat_gov_kz_real
2004,Северо-Казахстанская область,Ячмень,Тимирязевский район,24022.0,16264.300000000001,710.0,stat_gov_kz_real
2005,Северо-Казахстанская область,Ячмень,Тимирязевский район,28817.0,31671.7,1100.0,stat_gov_kz_real
2006,Северо-Казахстанская область,Ячмень,Тимирязевский район,28427.0,48719.600000000006,1710.0000000000002,stat_gov_kz_real
2007,Северо-Казахстанская область,Ячмень,Тимирязевский район,24073.0,33991.8,1410.0,stat_gov_kz_real
2008,Северо-Казахстанская область,Ячмень,Тимирязевский район,24662.0,31788.9,1290.0,stat_gov_kz_real
2009,Северо-Казахстанская область,Ячмень,Тимирязевский район,16726.0,30053.4,1800.0,stat_gov_kz_real
2010,Северо-Казахстанская область,Ячмень,Тимирязевский район,32001.0,23370.4,730.0,stat_gov_kz_real
2011,Северо-Казахстанская область,Ячмень,Тимирязевский район,15209.0,37620.200000000004,2470.0,stat_gov_kz_real
2012,Северо-Казахстанская область,Ячмень,Тимирязевский район,19486.4,19521.4,1000.0,stat_gov_kz_real
2013,Северо-Казахстанская область,Ячмень,Тимирязевский район,15385.0,20955.2,1370.0,stat_gov_kz_real
2014,Северо-Казахстанская область,Ячмень,Тимирязевский район,21660.6,33208.700000000004,1639.9999999999998,stat_gov_kz_real
2015,Северо-Казахстанская область,Ячмень,Тимирязевский район,36252.69,65275.33300000001,1800.0,stat_gov_kz_real
2016,Северо-Казахстанская область,Ячмень,Тимирязевский район,26934.0,52221.86,1939.9999999999998,stat_gov_kz_real
2017,Северо-Казахстанская область,Ячмень,Тимирязевский район,22871.4,44614.41,1950.0,stat_gov_kz_real
2018,Северо-Казахстанская область,Ячмень,Тимирязевский район,32872.7,55050.27,1670.0,stat_gov_kz_real
2019,Северо-Казахстанская область,Ячмень,Тимирязевский район,39486.5,49115.22,1240.0,stat_gov_kz_real
2020,Северо-Казахстанская область,Ячмень,Тимирязевский район,14700.8,46006.880000000005,1440.0,stat_gov_kz_real
2021,Северо-Казахстанская область,Ячмень,Тимирязевский район,17221.7,12664.1,860.0,stat_gov_kz_real
2022,Северо-Казахстанская область,Ячмень,Тимирязевский район,16170.0,33480.4,2070.0,stat_gov_kz_real
2023,Северо-Казахстанская область,Ячмень,Тимирязевский район,20542.9,20747.4,1038.0,stat_gov_kz_real
2024,Северо-Казахстанская область,Ячмень,Тимирязевский район,17856.5,36052.13,2020.0,stat_gov_kz_real
2025,Северо-Казахстанская область,Ячмень,Тимирязевский район,15450.5,36006.82,2330.0,stat_gov_kz_real
2019,Северо-Казахстанская область,Кукуруза,Уалихановский район,694.0,789.9000000000001,,stat_gov_kz_real
1990,Северо-Казахстанская область,Подсолнечник,Уалихановский район,0.0,,,stat_gov_kz_real
1991,Северо-Казахстанская область,Подсолнечник,Уалихановский район,1500.0,30.0,229.99999999999997,stat_gov_kz_real
1992,Северо-Казахстанская область,Подсолнечник,Уалихановский район,1804.0,127.2,120.0,stat_gov_kz_real
1993,Северо-Казахстанская область,Подсолнечник,Уалихановский район,1671.0,109.7,110.00000000000001,stat_gov_kz_real
1994,Северо-Казахстанская область,Подсолнечник,Уалихановский район,1971.0,241.8,200.0,stat_gov_kz_real
1995,Северо-Казахстанская область,Подсолнечник,Уалихановский район,1530.0,105.9,120.0,stat_gov_kz_real
1996,Северо-Казахстанская область,Подсолнечник,Уалихановский район,1204.0,110.5,110.00000000000001,stat_gov_kz_real
1997,Северо-Казахстанская область,Подсолнечник,Уалихановский район,31.0,3.0,220.00000000000003,stat_gov_kz_real
1998,Северо-Казахстанская область,Подсолнечник,Уалихановский район,0.0,,,stat_gov_kz_real
1999,Северо-Казахстанская область,Подсолнечник,Уалихановский район,70.0,,,stat_gov_kz_real
2000,Северо-Казахстанская область,Подсолнечник,Уалихановский район,0.0,,,stat_gov_kz_real
2001,Северо-Казахстанская область,Подсолнечник,Уалихановский район,50.0,10.0,200.0,stat_gov_kz_real
2002,Северо-Казахстанская область,Подсолнечник,Уалихановский район,200.0,49.0,250.0,stat_gov_kz_real
2003,Северо-Казахстанская область,Подсолнечник,Уалихановский район,305.0,34.800000000000004,110.00000000000001,stat_gov_kz_real
2004,Северо-Казахстанская область,Подсолнечник,Уалихановский район,746.0,137.0,180.0,stat_gov_kz_real
2005,Северо-Казахстанская область,Подсолнечник,Уалихановский район,1800.0,313.6,170.0,stat_gov_kz_real
2006,Северо-Казахстанская область,Подсолнечник,Уалихановский район,750.0,249.4,330.0,stat_gov_kz_real
2007,Северо-Казахстанская область,Подсолнечник,Уалихановский район,871.0,290.2,330.0,stat_gov_kz_real
2008,Северо-Казахстанская область,Подсолнечник,Уалихановский район,1602.0,,750.0,stat_gov_kz_real
2009,Северо-Казахстанская область,Подсолнечник,Уалихановский район,6792.0,889.9000000000001,130.0,stat_gov_kz_real
2010,Северо-Казахстанская область,Подсолнечник,Уалихановский район,2958.0,264.6,90.0,stat_gov_kz_real
2011,Северо-Казахстанская область,Подсолнечник,Уалихановский район,3005.0,831.8000000000001,280.0,stat_gov_kz_real
2012,Северо-Казахстанская область,Подсолнечник,Уалихановский район,0.0,,,stat_gov_kz_real
2013,Северо-Казахстанская область,Подсолнечник,Уалихановский район,2340.0,573.4,250.0,stat_gov_kz_real
2014,Северо-Казахстанская область,Подсолнечник,Уалихановский район,3291.0,1324.4,440.00000000000006,stat_gov_kz_real
2015,Северо-Казахстанская область,Подсолнечник,Уалихановский район,9848.0,7931.003000000001,810.0,stat_gov_kz_real
2016,Северо-Казахстанская область,Подсолнечник,Уалихановский район,10524.0,6811.6,1090.0,stat_gov_kz_real
2017,Северо-Казахстанская область,Подсолнечник,Уалихановский район,19572.0,30771.7,1570.0,stat_gov_kz_real
2018,Северо-Казахстанская область,Подсолнечник,Уалихановский район,18026.0,22389.300000000003,1240.0,stat_gov_kz_real
2019,Северо-Казахстанская область,Подсолнечник,Уалихановский район,5412.0,6784.5,1250.0,stat_gov_kz_real
2020,Северо-Казахстанская область,Подсолнечник,Уалихановский район,224.0,179.20000000000002,800.0,stat_gov_kz_real
2021,Северо-Казахстанская область,Подсолнечник,Уалихановский район,2402.0,2642.2000000000003,1100.0,stat_gov_kz_real
2022,Северо-Казахстанская область,Подсолнечник,Уалихановский район,5040.0,3385.2000000000003,670.0,stat_gov_kz_real
2023,Северо-Казахстанская область,Подсолнечник,Уалихановский район,8525.0,2131.3,250.0,stat_gov_kz_real
2024,Северо-Казахстанская область,Подсолнечник,Уалихановский район,3401.0,5033.8,1480.0,stat_gov_kz_real
2025,Северо-Казахстанская область,Подсолнечник,Уалихановский район,1031.0,1077.0,1040.0,stat_gov_kz_real
1990,Северо-Казахстанская область,Пшеница,Уалихановский район,258211.0,244771.2,947.9503196997804,stat_gov_kz_real
1991,Северо-Казахстанская область,Пшеница,Уалихановский район,233825.0,84037.5,359.4033999786165,stat_gov_kz_real
1992,Северо-Казахстанская область,Пшеница,Уалихановский район,230868.0,204992.80000000002,887.9221026733891,stat_gov_kz_real
1993,Северо-Казахстанская область,Пшеница,Уалихановский район,199193.0,291303.2,1462.4168519978111,stat_gov_kz_real
1994,Северо-Казахстанская область,Пшеница,Уалихановский район,202730.0,162825.80000000002,803.1657870073496,stat_gov_kz_real
1995,Северо-Казахстанская область,Пшеница,Уалихановский район,196524.0,138899.5,706.7813600374509,stat_gov_kz_real
1996,Северо-Казахстанская область,Пшеница,Уалихановский район,189535.0,129300.70000000001,682.1995937425805,stat_gov_kz_real
1997,Северо-Казахстанская область,Пшеница,Уалихановский район,194466.0,74478.40000000001,382.9893143274403,stat_gov_kz_real
1998,Северо-Казахстанская область,Пшеница,Уалихановский район,128563.0,37471.4,291.4633292626961,stat_gov_kz_real
1999,Северо-Казахстанская область,Пшеница,Уалихановский район,93105.0,47933.200000000004,514.8294935825144,stat_gov_kz_real
2000,Северо-Казахстанская область,Пшеница,Уалихановский район,103852.0,68943.8,663.8658860686362,stat_gov_kz_real
2001,Северо-Казахстанская область,Пшеница,Уалихановский район,150828.0,158449.6,1050.5317315087384,stat_gov_kz_real
2002,Северо-Казахстанская область,Пшеница,Уалихановский район,166183.0,107430.40000000001,646.4584223416355,stat_gov_kz_real
2003,Северо-Казахстанская область,Пшеница,Уалихановский район,123825.0,69556.8,561.7347062386433,stat_gov_kz_real
2004,Северо-Казахстанская область,Пшеница,Уалихановский район,115977.0,81445.1,702.2521706890159,stat_gov_kz_real
2005,Северо-Казахстанская область,Пшеница,Уалихановский район,135225.0,121490.6,898.4329820669254,stat_gov_kz_real
2006,Северо-Казахстанская область,Пшеница,Уалихановский район,146540.0,172448.5,1176.801555889177,stat_gov_kz_real
2007,Северо-Казахстанская область,Пшеница,Уалихановский район,185511.0,,1314.6266259143663,stat_gov_kz_real
2008,Северо-Казахстанская область,Пшеница,Уалихановский район,210712.0,130911.6,621.2821291620791,stat_gov_kz_real
2009,Северо-Казахстанская область,Пшеница,Уалихановский район,215236.0,275843.0,1281.5839357728262,stat_gov_kz_real
2010,Северо-Казахстанская область,Пшеница,Уалихановский район,179282.0,166809.2,930.429156301246,stat_gov_kz_real
2011,Северо-Казахстанская область,Пшеница,Уалихановский район,155365.0,227208.72999999998,1462.4190132912818,stat_gov_kz_real
2012,Северо-Казахстанская область,Пшеница,Уалихановский район,148607.0,106482.6,716.5382518993049,stat_gov_kz_real
2013,Северо-Казахстанская область,Пшеница,Уалихановский район,129331.0,159351.62,1232.1223836512513,stat_gov_kz_real
2014,Северо-Казахстанская область,Пшеница,Уалихановский район,111692.0,139606.0,1249.9194212656232,stat_gov_kz_real
2015,Северо-Казахстанская область,Пшеница,Уалихановский район,126449.39,191349.36200000002,1513.2485969287793,stat_gov_kz_real
2016,Северо-Казахстанская область,Пшеница,Уалихановский район,129547.0,165033.0,1273.9237496815826,stat_gov_kz_real
2017,Северо-Казахстанская область,Пшеница,Уалихановский район,73074.0,85072.90000000001,1164.2020417658812,stat_gov_kz_real
2018,Северо-Казахстанская область,Пшеница,Уалихановский район,66565.7,101677.1,1527.4698530925086,stat_gov_kz_real
2019,Северо-Казахстанская область,Пшеница,Уалихановский район,81503.0,117818.6,1445.5737825601511,stat_gov_kz_real
2020,Северо-Казахстанская область,Пшеница,Уалихановский район,95780.0,97545.20000000001,1018.4297348089372,stat_gov_kz_real
2021,Северо-Казахстанская область,Пшеница,Уалихановский район,87883.0,102391.1,1165.0842597544463,stat_gov_kz_real
2022,Северо-Казахстанская область,Пшеница,Уалихановский район,118122.0,121814.1,1030.0,stat_gov_kz_real
2023,Северо-Казахстанская область,Пшеница,Уалихановский район,113768.0,60845.100000000006,559.8,stat_gov_kz_real
2024,Северо-Казахстанская область,Пшеница,Уалихановский район,113952.0,158460.68000000002,1390.0,stat_gov_kz_real
2025,Северо-Казахстанская область,Пшеница,Уалихановский район,94452.0,131377.5,1400.0,stat_gov_kz_real
1990,Северо-Казахстанская область,Ячмень,Уалихановский район,49269.0,59582.9,1210.0,stat_gov_kz_real
1991,Северо-Казахстанская область,Ячмень,Уалихановский район,56937.0,17521.100000000002,560.0,stat_gov_kz_real
1992,Северо-Казахстанская область,Ячмень,Уалихановский район,50808.0,46873.600000000006,919.9999999999999,stat_gov_kz_real
1993,Северо-Казахстанская область,Ячмень,Уалихановский район,48713.0,48823.4,1000.0,stat_gov_kz_real
1994,Северо-Казахстанская область,Ячмень,Уалихановский район,54686.0,54877.200000000004,1000.0,stat_gov_kz_real
1995,Северо-Казахстанская область,Ячмень,Уалихановский район,52231.0,27332.4,660.0,stat_gov_kz_real
1996,Северо-Казахстанская область,Ячмень,Уалихановский район,40047.0,24695.5,640.0,stat_gov_kz_real
1997,Северо-Казахстанская область,Ячмень,Уалихановский район,26256.0,3720.2000000000003,380.0,stat_gov_kz_real
1998,Северо-Казахстанская область,Ячмень,Уалихановский район,5825.0,671.1,160.0,stat_gov_kz_real
1999,Северо-Казахстанская область,Ячмень,Уалихановский район,7099.0,2511.3,420.0,stat_gov_kz_real
2000,Северо-Казахстанская область,Ячмень,Уалихановский район,7421.0,4274.900000000001,560.0,stat_gov_kz_real
2001,Северо-Казахстанская область,Ячмень,Уалихановский район,7773.0,6235.5,800.0,stat_gov_kz_real
2002,Северо-Казахстанская область,Ячмень,Уалихановский район,4642.0,2421.1,570.0,stat_gov_kz_real
2003,Северо-Казахстанская область,Ячмень,Уалихановский район,15997.0,3403.5,570.0,stat_gov_kz_real
2004,Северо-Казахстанская область,Ячмень,Уалихановский район,4030.0,1429.0,380.0,stat_gov_kz_real
2005,Северо-Казахстанская область,Ячмень,Уалихановский район,2297.0,2150.7000000000003,960.0,stat_gov_kz_real
2006,Северо-Казахстанская область,Ячмень,Уалихановский район,5268.0,4045.6000000000004,940.0,stat_gov_kz_real
2007,Северо-Казахстанская область,Ячмень,Уалихановский район,7097.0,8849.2,1250.0,stat_gov_kz_real
2008,Северо-Казахстанская область,Ячмень,Уалихановский район,15227.0,9954.0,700.0,stat_gov_kz_real
2009,Северо-Казахстанская область,Ячмень,Уалихановский район,22648.0,16065.7,710.0,stat_gov_kz_real
2010,Северо-Казахстанская область,Ячмень,Уалихановский район,17768.0,20772.5,1180.0,stat_gov_kz_real
2011,Северо-Казахстанская область,Ячмень,Уалихановский район,4406.0,7223.400000000001,1639.9999999999998,stat_gov_kz_real
2012,Северо-Казахстанская область,Ячмень,Уалихановский район,5269.0,1964.3000000000002,500.0,stat_gov_kz_real
2013,Северо-Казахстанская область,Ячмень,Уалихановский район,3145.0,4483.580000000001,1430.0,stat_gov_kz_real
2014,Северо-Казахстанская область,Ячмень,Уалихановский район,6302.0,7535.5,1230.0,stat_gov_kz_real
2015,Северо-Казахстанская область,Ячмень,Уалихановский район,6073.24,10855.225,1789.9999999999998,stat_gov_kz_real
2016,Северо-Казахстанская область,Ячмень,Уалихановский район,6082.0,8692.9,1430.0,stat_gov_kz_real
2017,Северо-Казахстанская область,Ячмень,Уалихановский район,12265.0,18185.9,1480.0,stat_gov_kz_real
2018,Северо-Казахстанская область,Ячмень,Уалихановский район,16104.0,27923.9,1730.0,stat_gov_kz_real
2019,Северо-Казахстанская область,Ячмень,Уалихановский район,22331.0,24480.7,1100.0,stat_gov_kz_real
2020,Северо-Казахстанская область,Ячмень,Уалихановский район,16773.0,20600.600000000002,1230.0,stat_gov_kz_real
2021,Северо-Казахстанская область,Ячмень,Уалихановский район,13280.0,11591.900000000001,869.9999999999999,stat_gov_kz_real
2022,Северо-Казахстанская область,Ячмень,Уалихановский район,20183.0,18384.9,910.0,stat_gov_kz_real
2023,Северо-Казахстанская область,Ячмень,Уалихановский район,37745.0,22559.966,724.49,stat_gov_kz_real
2024,Северо-Казахстанская область,Ячмень,Уалихановский район,21711.0,25236.99,1160.0,stat_gov_kz_real
2025,Северо-Казахстанская область,Ячмень,Уалихановский район,19266.0,26429.93,1370.0,stat_gov_kz_real
1990,Северо-Казахстанская область,Подсолнечник,г.Петропавловск,0.0,,,stat_gov_kz_real
1991,Северо-Казахстанская область,Подсолнечник,г.Петропавловск,0.0,,,stat_gov_kz_real
1992,Северо-Казахстанская область,Подсолнечник,г.Петропавловск,0.0,,,stat_gov_kz_real
1993,Северо-Казахстанская область,Подсолнечник,г.Петропавловск,0.0,,,stat_gov_kz_real
1994,Северо-Казахстанская область,Подсолнечник,г.Петропавловск,0.0,,,stat_gov_kz_real
1995,Северо-Казахстанская область,Подсолнечник,г.Петропавловск,0.0,,,stat_gov_kz_real
1996,Северо-Казахстанская область,Подсолнечник,г.Петропавловск,0.0,,,stat_gov_kz_real
1997,Северо-Казахстанская область,Подсолнечник,г.Петропавловск,0.0,,,stat_gov_kz_real
1998,Северо-Казахстанская область,Подсолнечник,г.Петропавловск,0.0,,,stat_gov_kz_real
1999,Северо-Казахстанская область,Подсолнечник,г.Петропавловск,0.0,,,stat_gov_kz_real
2000,Северо-Казахстанская область,Подсолнечник,г.Петропавловск,0.0,,,stat_gov_kz_real
2001,Северо-Казахстанская область,Подсолнечник,г.Петропавловск,0.0,,,stat_gov_kz_real
2002,Северо-Казахстанская область,Подсолнечник,г.Петропавловск,0.0,,,stat_gov_kz_real
2003,Северо-Казахстанская область,Подсолнечник,г.Петропавловск,0.0,,,stat_gov_kz_real
2004,Северо-Казахстанская область,Подсолнечник,г.Петропавловск,0.0,,,stat_gov_kz_real
2005,Северо-Казахстанская область,Подсолнечник,г.Петропавловск,0.0,,,stat_gov_kz_real
2006,Северо-Казахстанская область,Подсолнечник,г.Петропавловск,0.0,,,stat_gov_kz_real
2007,Северо-Казахстанская область,Подсолнечник,г.Петропавловск,0.0,,,stat_gov_kz_real
2008,Северо-Казахстанская область,Подсолнечник,г.Петропавловск,0.0,,,stat_gov_kz_real
2009,Северо-Казахстанская область,Подсолнечник,г.Петропавловск,0.0,,,stat_gov_kz_real
2010,Северо-Казахстанская область,Подсолнечник,г.Петропавловск,0.0,,,stat_gov_kz_real
2011,Северо-Казахстанская область,Подсолнечник,г.Петропавловск,0.0,,,stat_gov_kz_real
2012,Северо-Казахстанская область,Подсолнечник,г.Петропавловск,0.0,,,stat_gov_kz_real
2013,Северо-Казахстанская область,Подсолнечник,г.Петропавловск,0.0,,,stat_gov_kz_real
2014,Северо-Казахстанская область,Подсолнечник,г.Петропавловск,0.0,,0.0,stat_gov_kz_real
2015,Северо-Казахстанская область,Подсолнечник,г.Петропавловск,0.0,,0.0,stat_gov_kz_real
2016,Северо-Казахстанская область,Подсолнечник,г.Петропавловск,0.0,,0.0,stat_gov_kz_real
2017,Северо-Казахстанская область,Подсолнечник,г.Петропавловск,,,0.0,stat_gov_kz_real
2018,Северо-Казахстанская область,Подсолнечник,г.Петропавловск,,,0.0,stat_gov_kz_real
1990,Северо-Казахстанская область,Пшеница,г.Петропавловск,0.0,0.0,,stat_gov_kz_real
1991,Северо-Казахстанская область,Пшеница,г.Петропавловск,0.0,0.0,,stat_gov_kz_real
1992,Северо-Казахстанская область,Пшеница,г.Петропавловск,0.0,0.0,,stat_gov_kz_real
1993,Северо-Казахстанская область,Пшеница,г.Петропавловск,0.0,0.0,,stat_gov_kz_real
1994,Северо-Казахстанская область,Пшеница,г.Петропавловск,50.0,52.0,1040.0,stat_gov_kz_real
1995,Северо-Казахстанская область,Пшеница,г.Петропавловск,730.0,588.9,806.7123287671233,stat_gov_kz_real
1996,Северо-Казахстанская область,Пшеница,г.Петропавловск,340.0,518.4,1524.705882352941,stat_gov_kz_real
1997,Северо-Казахстанская область,Пшеница,г.Петропавловск,1916.0,3539.3,1847.2338204592902,stat_gov_kz_real
1998,Северо-Казахстанская область,Пшеница,г.Петропавловск,448.0,233.4,520.9821428571429,stat_gov_kz_real
2000,Северо-Казахстанская область,Пшеница,г.Петропавловск,143.0,222.70000000000002,1557.3426573426573,stat_gov_kz_real
2002,Северо-Казахстанская область,Пшеница,г.Петропавловск,115.0,108.0,939.1304347826087,stat_gov_kz_real
2003,Северо-Казахстанская область,Пшеница,г.Петропавловск,120.0,84.0,700.0,stat_gov_kz_real
2004,Северо-Казахстанская область,Пшеница,г.Петропавловск,5.0,2.4000000000000004,480.0,stat_gov_kz_real
2005,Северо-Казахстанская область,Пшеница,г.Петропавловск,38.0,55.0,1447.3684210526314,stat_gov_kz_real
2006,Северо-Казахстанская область,Пшеница,г.Петропавловск,5.0,5.0,1000.0,stat_gov_kz_real
2007,Северо-Казахстанская область,Пшеница,г.Петропавловск,0.0,,,stat_gov_kz_real
2008,Северо-Казахстанская область,Пшеница,г.Петропавловск,0.0,,,stat_gov_kz_real
2009,Северо-Казахстанская область,Пшеница,г.Петропавловск,0.0,,,stat_gov_kz_real
2010,Северо-Казахстанская область,Пшеница,г.Петропавловск,0.0,,,stat_gov_kz_real
2011,Северо-Казахстанская область,Пшеница,г.Петропавловск,0.0,,,stat_gov_kz_real
2012,Северо-Казахстанская область,Пшеница,г.Петропавловск,0.0,,,stat_gov_kz_real
2013,Северо-Казахстанская область,Пшеница,г.Петропавловск,0.0,,,stat_gov_kz_real
2014,Северо-Казахстанская область,Пшеница,г.Петропавловск,0.0,,,stat_gov_kz_real
2015,Северо-Казахстанская область,Пшеница,г.Петропавловск,0.0,,,stat_gov_kz_real
2016,Северо-Казахстанская область,Пшеница,г.Петропавловск,0.0,,,stat_gov_kz_real
2023,Северо-Казахстанская область,Пшеница,г.Петропавловск,75.0,224.64000000000001,2995.2000000000003,stat_gov_kz_real
2024,Северо-Казахстанская область,Пшеница,г.Петропавловск,75.0,164.20000000000002,2190.0,stat_gov_kz_real
1990,Северо-Казахстанская область,Ячмень,г.Петропавловск,100.0,68.0,680.0,stat_gov_kz_real
1991,Северо-Казахстанская область,Ячмень,г.Петропавловск,115.0,11.200000000000001,100.0,stat_gov_kz_real
1992,Северо-Казахстанская область,Ячмень,г.Петропавловск,170.0,219.0,1290.0,stat_gov_kz_real
1993,Северо-Казахстанская область,Ячмень,г.Петропавловск,0.0,,,stat_gov_kz_real
1994,Северо-Казахстанская область,Ячмень,г.Петропавловск,87.0,,,stat_gov_kz_real
1995,Северо-Казахстанская область,Ячмень,г.Петропавловск,129.0,22.400000000000002,170.0,stat_gov_kz_real
1996,Северо-Казахстанская область,Ячмень,г.Петропавловск,32.0,44.0,1380.0,stat_gov_kz_real
1997,Северо-Казахстанская область,Ячмень,г.Петропавловск,474.0,614.1,1300.0,stat_gov_kz_real
1998,Северо-Казахстанская область,Ячмень,г.Петропавловск,190.0,95.7,500.0,stat_gov_kz_real
1999,Северо-Казахстанская область,Ячмень,г.Петропавловск,0.0,,,stat_gov_kz_real
2000,Северо-Казахстанская область,Ячмень,г.Петропавловск,0.0,,,stat_gov_kz_real
2001,Северо-Казахстанская область,Ячмень,г.Петропавловск,0.0,,,stat_gov_kz_real
2002,Северо-Казахстанская область,Ячмень,г.Петропавловск,45.0,18.0,400.0,stat_gov_kz_real
2003,Северо-Казахстанская область,Ячмень,г.Петропавловск,40.0,30.0,750.0,stat_gov_kz_real
2004,Северо-Казахстанская область,Ячмень,г.Петропавловск,30.0,23.0,770.0,stat_gov_kz_real
2005,Северо-Казахстанская область,Ячмень,г.Петропавловск,2.0,4.5,2250.0,stat_gov_kz_real
2006,Северо-Казахстанская область,Ячмень,г.Петропавловск,40.0,60.0,1500.0,stat_gov_kz_real
2007,Северо-Казахстанская область,Ячмень,г.Петропавловск,20.0,27.0,1350.0,stat_gov_kz_real
2008,Северо-Казахстанская область,Ячмень,г.Петропавловск,20.0,20.0,1000.0,stat_gov_kz_real
2009,Северо-Казахстанская область,Ячмень,г.Петропавловск,30.0,60.0,2000.0,stat_gov_kz_real
2010,Северо-Казахстанская область,Ячмень,г.Петропавловск,30.0,30.0,1000.0,stat_gov_kz_real
2011,Северо-Казахстанская область,Ячмень,г.Петропавловск,0.0,,,stat_gov_kz_real
2012,Северо-Казахстанская область,Ячмень,г.Петропавловск,73.0,120.0,1639.9999999999998,stat_gov_kz_real
2013,Северо-Казахстанская область,Ячмень,г.Петропавловск,0.0,,,stat_gov_kz_real
2014,Северо-Казахстанская область,Ячмень,г.Петропавловск,30.0,30.0,1000.0,stat_gov_kz_real
2015,Северо-Казахстанская область,Ячмень,г.Петропавловск,30.0,25.0,830.0000000000001,stat_gov_kz_real
2016,Северо-Казахстанская область,Ячмень,г.Петропавловск,0.0,,0.0,stat_gov_kz_real
2017,Северо-Казахстанская область,Ячмень,г.Петропавловск,40.0,18.0,450.0,stat_gov_kz_real
2018,Северо-Казахстанская область,Ячмень,г.Петропавловск,40.0,14.0,350.0,stat_gov_kz_real
2019,Северо-Казахстанская область,Ячмень,г.Петропавловск,40.0,7.6000000000000005,190.0,stat_gov_kz_real
2020,Северо-Казахстанская область,Ячмень,г.Петропавловск,0.0,,,stat_gov_kz_real
2021,Северо-Казахстанская область,Ячмень,г.Петропавловск,0.0,,,stat_gov_kz_real
2022,Северо-Казахстанская область,Кукуруза,район М.Жумабаева,60.0,194.0,,stat_gov_kz_real
2025,Северо-Казахстанская область,Кукуруза,район М.Жумабаева,2337.0,6772.0,2900.0,stat_gov_kz_real
1990,Северо-Казахстанская область,Подсолнечник,район М.Жумабаева,150.0,148.20000000000002,,stat_gov_kz_real
1991,Северо-Казахстанская область,Подсолнечник,район М.Жумабаева,734.0,335.20000000000005,1170.0,stat_gov_kz_real
1992,Северо-Казахстанская область,Подсолнечник,район М.Жумабаева,1924.0,1022.5,800.0,stat_gov_kz_real
1993,Северо-Казахстанская область,Подсолнечник,район М.Жумабаева,2315.0,784.3000000000001,710.0,stat_gov_kz_real
1994,Северо-Казахстанская область,Подсолнечник,район М.Жумабаева,2214.0,349.3,450.0,stat_gov_kz_real
1995,Северо-Казахстанская область,Подсолнечник,район М.Жумабаева,2359.0,172.10000000000002,300.0,stat_gov_kz_real
1996,Северо-Казахстанская область,Подсолнечник,район М.Жумабаева,1170.0,167.0,150.0,stat_gov_kz_real
1997,Северо-Казахстанская область,Подсолнечник,район М.Жумабаева,210.0,2.7,210.0,stat_gov_kz_real
1998,Северо-Казахстанская область,Подсолнечник,район М.Жумабаева,192.0,18.8,40.0,stat_gov_kz_real
1999,Северо-Казахстанская область,Подсолнечник,район М.Жумабаева,400.0,72.3,180.75,stat_gov_kz_real
2000,Северо-Казахстанская область,Подсолнечник,район М.Жумабаева,340.0,30.0,88.23529411764706,stat_gov_kz_real
2001,Северо-Казахстанская область,Подсолнечник,район М.Жумабаева,150.0,19.0,130.0,stat_gov_kz_real
2002,Северо-Казахстанская область,Подсолнечник,район М.Жумабаева,200.0,49.800000000000004,250.0,stat_gov_kz_real
2003,Северо-Казахстанская область,Подсолнечник,район М.Жумабаева,270.0,53.0,200.0,stat_gov_kz_real
2004,Северо-Казахстанская область,Подсолнечник,район М.Жумабаева,447.0,103.5,229.99999999999997,stat_gov_kz_real
2005,Северо-Казахстанская область,Подсолнечник,район М.Жумабаева,350.0,78.5,220.00000000000003,stat_gov_kz_real
2006,Северо-Казахстанская область,Подсолнечник,район М.Жумабаева,400.0,138.3,350.0,stat_gov_kz_real
2007,Северо-Казахстанская область,Подсолнечник,район М.Жумабаева,140.0,10.600000000000001,80.0,stat_gov_kz_real
2008,Северо-Казахстанская область,Подсолнечник,район М.Жумабаева,100.0,15.0,,stat_gov_kz_real
2009,Северо-Казахстанская область,Подсолнечник,район М.Жумабаева,100.0,14.8,150.0,stat_gov_kz_real
2010,Северо-Казахстанская область,Подсолнечник,район М.Жумабаева,200.0,123.5,620.0,stat_gov_kz_real
2011,Северо-Казахстанская область,Подсолнечник,район М.Жумабаева,100.0,17.3,170.0,stat_gov_kz_real
2012,Северо-Казахстанская область,Подсолнечник,район М.Жумабаева,0.0,,,stat_gov_kz_real
2013,Северо-Казахстанская область,Подсолнечник,район М.Жумабаева,0.0,,,stat_gov_kz_real
2014,Северо-Казахстанская область,Подсолнечник,район М.Жумабаева,100.0,123.60000000000001,1240.0,stat_gov_kz_real
2015,Северо-Казахстанская область,Подсолнечник,район М.Жумабаева,188.0,207.70000000000002,1100.0,stat_gov_kz_real
2016,Северо-Казахстанская область,Подсолнечник,район М.Жумабаева,585.0,571.3000000000001,980.0000000000001,stat_gov_kz_real
2017,Северо-Казахстанская область,Подсолнечник,район М.Жумабаева,7339.0,7780.400000000001,1060.0,stat_gov_kz_real
2018,Северо-Казахстанская область,Подсолнечник,район М.Жумабаева,5842.0,6973.900000000001,1190.0,stat_gov_kz_real
2019,Северо-Казахстанская область,Подсолнечник,район М.Жумабаева,2531.0,2148.4,850.0,stat_gov_kz_real
2020,Северо-Казахстанская область,Подсолнечник,район М.Жумабаева,186.0,64.7,350.0,stat_gov_kz_real
2021,Северо-Казахстанская область,Подсолнечник,район М.Жумабаева,10.0,10.3,1030.0,stat_gov_kz_real
2022,Северо-Казахстанская область,Подсолнечник,район М.Жумабаева,618.0,683.2,1110.0,stat_gov_kz_real
2023,Северо-Казахстанская область,Подсолнечник,район М.Жумабаева,1131.0,1831.4,1620.0,stat_gov_kz_real
2024,Северо-Казахстанская область,Подсолнечник,район М.Жумабаева,1228.0,2488.1000000000004,2030.0,stat_gov_kz_real
2025,Северо-Казахстанская область,Подсолнечник,район М.Жумабаева,6050.0,10540.07,1739.9999999999998,stat_gov_kz_real
1990,Северо-Казахстанская область,Пшеница,район М.Жумабаева,149063.0,192628.1,1292.2596486049522,stat_gov_kz_real
1991,Северо-Казахстанская область,Пшеница,район М.Жумабаева,146538.0,109297.6,745.8652363209543,stat_gov_kz_real
1992,Северо-Казахстанская область,Пшеница,район М.Жумабаева,149331.0,305669.9,2046.9286350456368,stat_gov_kz_real
1993,Северо-Казахстанская область,Пшеница,район М.Жумабаева,148870.0,228977.30000000002,1538.1023711963458,stat_gov_kz_real
1994,Северо-Казахстанская область,Пшеница,район М.Жумабаева,156557.0,157668.90000000002,1007.1022055864637,stat_gov_kz_real
1995,Северо-Казахстанская область,Пшеница,район М.Жумабаева,159009.0,184342.30000000002,1159.3199127093435,stat_gov_kz_real
1996,Северо-Казахстанская область,Пшеница,район М.Жумабаева,180888.0,178213.7,985.2157135907302,stat_gov_kz_real
1997,Северо-Казахстанская область,Пшеница,район М.Жумабаева,168262.0,220485.90000000002,1310.3725142931855,stat_gov_kz_real
1998,Северо-Казахстанская область,Пшеница,район М.Жумабаева,169000.0,171203.7,1013.0396449704142,stat_gov_kz_real
1999,Северо-Казахстанская область,Пшеница,район М.Жумабаева,155000.0,186479.1,1203.0909677419356,stat_gov_kz_real
2000,Северо-Казахстанская область,Пшеница,район М.Жумабаева,165033.0,179824.0,1089.6244993425557,stat_gov_kz_real
2001,Северо-Казахстанская область,Пшеница,район М.Жумабаева,209626.0,391328.30000000005,1866.7927642563423,stat_gov_kz_real
2002,Северо-Казахстанская область,Пшеница,район М.Жумабаева,217527.0,272134.5,1251.0378022038644,stat_gov_kz_real
2003,Северо-Казахстанская область,Пшеница,район М.Жумабаева,210174.0,213869.40000000002,1017.5825744383225,stat_gov_kz_real
2004,Северо-Казахстанская область,Пшеница,район М.Жумабаева,212800.0,210488.6,989.1381578947369,stat_gov_kz_real
2005,Северо-Казахстанская область,Пшеница,район М.Жумабаева,227878.0,272854.0,1197.3687674983983,stat_gov_kz_real
2006,Северо-Казахстанская область,Пшеница,район М.Жумабаева,245276.0,333898.0,1361.3154161026762,stat_gov_kz_real
2007,Северо-Казахстанская область,Пшеница,район М.Жумабаева,237591.0,,1277.3943457454197,stat_gov_kz_real
2008,Северо-Казахстанская область,Пшеница,район М.Жумабаева,283597.0,420707.2,1483.4684428960816,stat_gov_kz_real
2009,Северо-Казахстанская область,Пшеница,район М.Жумабаева,328495.0,562756.6,1713.1359685839968,stat_gov_kz_real
2010,Северо-Казахстанская область,Пшеница,район М.Жумабаева,335152.0,393960.7,1175.468742540698,stat_gov_kz_real
2011,Северо-Казахстанская область,Пшеница,район М.Жумабаева,330380.0,723391.1200000001,2189.572976572432,stat_gov_kz_real
2012,Северо-Казахстанская область,Пшеница,район М.Жумабаева,342899.0,469065.47000000003,1367.9406180828757,stat_gov_kz_real
2013,Северо-Казахстанская область,Пшеница,район М.Жумабаева,329547.0,499464.88,1515.6104592061222,stat_gov_kz_real
2014,Северо-Казахстанская область,Пшеница,район М.Жумабаева,297488.0,472200.5,1587.2925966761684,stat_gov_kz_real
2015,Северо-Казахстанская область,Пшеница,район М.Жумабаева,252425.01,460666.483,1824.9637110047058,stat_gov_kz_real
2016,Северо-Казахстанская область,Пшеница,район М.Жумабаева,259590.0,450736.2,1736.3388420201086,stat_gov_kz_real
2017,Северо-Казахстанская область,Пшеница,район М.Жумабаева,239570.0,476669.45999999996,1989.6876069624743,stat_gov_kz_real
2018,Северо-Казахстанская область,Пшеница,район М.Жумабаева,205576.0,343384.19,1670.3515488189282,stat_gov_kz_real
2019,Северо-Казахстанская область,Пшеница,район М.Жумабаева,218001.0,292751.5,1342.890628942069,stat_gov_kz_real
2020,Северо-Казахстанская область,Пшеница,район М.Жумабаева,237689.3,333317.80000000005,1402.3256410785004,stat_gov_kz_real
2021,Северо-Казахстанская область,Пшеница,район М.Жумабаева,242418.7,315693.5,1302.2654605440916,stat_gov_kz_real
2022,Северо-Казахстанская область,Пшеница,район М.Жумабаева,263599.0,292835.3,1110.0,stat_gov_kz_real
2023,Северо-Казахстанская область,Пшеница,район М.Жумабаева,281252.5,364461.43,1295.8500000000001,stat_gov_kz_real
2024,Северо-Казахстанская область,Пшеница,район М.Жумабаева,285825.0,550538.83,1930.0,stat_gov_kz_real
2025,Северо-Казахстанская область,Пшеница,район М.Жумабаева,267739.4,614990.88,2300.0,stat_gov_kz_real
1990,Северо-Казахстанская область,Ячмень,район М.Жумабаева,96594.0,171142.0,1770.0,stat_gov_kz_real
1991,Северо-Казахстанская область,Ячмень,район М.Жумабаева,100322.0,91850.20000000001,919.9999999999999,stat_gov_kz_real
1992,Северо-Казахстанская область,Ячмень,район М.Жумабаева,99682.0,243068.5,2440.0,stat_gov_kz_real
1993,Северо-Казахстанская область,Ячмень,район М.Жумабаева,118059.0,168852.6,1430.0,stat_gov_kz_real
1994,Северо-Казахстанская область,Ячмень,район М.Жумабаева,104880.0,158417.2,1520.0,stat_gov_kz_real
1995,Северо-Казахстанская область,Ячмень,район М.Жумабаева,100236.0,132601.2,1330.0,stat_gov_kz_real
1996,Северо-Казахстанская область,Ячмень,район М.Жумабаева,93373.0,125254.6,1350.0,stat_gov_kz_real
1997,Северо-Казахстанская область,Ячмень,район М.Жумабаева,92830.0,104283.90000000001,1200.0,stat_gov_kz_real
1998,Северо-Казахстанская область,Ячмень,район М.Жумабаева,92360.0,87622.90000000001,950.0,stat_gov_kz_real
1999,Северо-Казахстанская область,Ячмень,район М.Жумабаева,94898.0,146544.7,1570.0,stat_gov_kz_real
2000,Северо-Казахстанская область,Ячмень,район М.Жумабаева,91007.0,105529.8,1190.0,stat_gov_kz_real
2001,Северо-Казахстанская область,Ячмень,район М.Жумабаева,72148.0,164785.2,2280.0,stat_gov_kz_real
2002,Северо-Казахстанская область,Ячмень,район М.Жумабаева,70093.0,109752.40000000001,1560.0,stat_gov_kz_real
2003,Северо-Казахстанская область,Ячмень,район М.Жумабаева,77103.0,116455.0,1480.0,stat_gov_kz_real
2004,Северо-Казахстанская область,Ячмень,район М.Жумабаева,70904.0,67447.1,919.9999999999999,stat_gov_kz_real
2005,Северо-Казахстанская область,Ячмень,район М.Жумабаева,64776.0,73578.90000000001,1140.0,stat_gov_kz_real
2006,Северо-Казахстанская область,Ячмень,район М.Жумабаева,58077.0,74432.2,1280.0,stat_gov_kz_real
2007,Северо-Казахстанская область,Ячмень,район М.Жумабаева,61304.0,81910.40000000001,1340.0,stat_gov_kz_real
2008,Северо-Казахстанская область,Ячмень,район М.Жумабаева,77272.0,127490.6,1660.0000000000002,stat_gov_kz_real
2009,Северо-Казахстанская область,Ячмень,район М.Жумабаева,55839.0,98735.0,1770.0,stat_gov_kz_real
2010,Северо-Казахстанская область,Ячмень,район М.Жумабаева,38502.0,42571.3,1110.0,stat_gov_kz_real
2011,Северо-Казахстанская область,Ячмень,район М.Жумабаева,44152.0,92699.90000000001,2100.0,stat_gov_kz_real
2012,Северо-Казахстанская область,Ячмень,район М.Жумабаева,41330.0,51431.100000000006,1240.0,stat_gov_kz_real
2013,Северо-Казахстанская область,Ячмень,район М.Жумабаева,34706.0,54359.07,1570.0,stat_gov_kz_real
2014,Северо-Казахстанская область,Ячмень,район М.Жумабаева,48269.0,87138.40000000001,1960.0000000000002,stat_gov_kz_real
2015,Северо-Казахстанская область,Ячмень,район М.Жумабаева,59930.0,119583.10100000001,2030.0,stat_gov_kz_real
2016,Северо-Казахстанская область,Ячмень,район М.Жумабаева,49917.0,106789.5,2140.0,stat_gov_kz_real
2017,Северо-Казахстанская область,Ячмень,район М.Жумабаева,48211.0,106361.42,2210.0,stat_gov_kz_real
2018,Северо-Казахстанская область,Ячмень,район М.Жумабаева,51193.0,81379.63,1590.0,stat_gov_kz_real
2019,Северо-Казахстанская область,Ячмень,район М.Жумабаева,56489.0,89957.20000000001,1600.0,stat_gov_kz_real
2020,Северо-Казахстанская область,Ячмень,район М.Жумабаева,45907.2,57633.200000000004,1440.0,stat_gov_kz_real
2021,Северо-Казахстанская область,Ячмень,район М.Жумабаева,34337.0,45906.4,1340.0,stat_gov_kz_real
2022,Северо-Казахстанская область,Ячмень,район М.Жумабаева,29591.0,33764.5,1140.0,stat_gov_kz_real
2023,Северо-Казахстанская область,Ячмень,район М.Жумабаева,33386.8,39394.8,1182.4299999999998,stat_gov_kz_real
2024,Северо-Казахстанская область,Ячмень,район М.Жумабаева,29377.5,48026.5,1630.0,stat_gov_kz_real
2025,Северо-Казахстанская область,Ячмень,район М.Жумабаева,30854.1,72414.39,2350.0,stat_gov_kz_real
2020,Северо-Казахстанская область,Кукуруза,район Шал акына,14.0,2.8000000000000003,,stat_gov_kz_real
2021,Северо-Казахстанская область,Кукуруза,район Шал акына,535.0,552.0,,stat_gov_kz_real
2022,Северо-Казахстанская область,Кукуруза,район Шал акына,4468.5,8226.78,,stat_gov_kz_real
2023,Северо-Казахстанская область,Кукуруза,район Шал акына,2030.0,483.45500000000004,240.0,stat_gov_kz_real
2024,Северо-Казахстанская область,Кукуруза,район Шал акына,222.0,139.3,630.0,stat_gov_kz_real
1990,Северо-Казахстанская область,Подсолнечник,район Шал акына,2.0,2.4000000000000004,1200.0,stat_gov_kz_real
1991,Северо-Казахстанская область,Подсолнечник,район Шал акына,252.0,11.5,60.0,stat_gov_kz_real
1992,Северо-Казахстанская область,Подсолнечник,район Шал акына,1247.0,187.5,220.00000000000003,stat_gov_kz_real
1993,Северо-Казахстанская область,Подсолнечник,район Шал акына,712.0,102.9,220.00000000000003,stat_gov_kz_real
1994,Северо-Казахстанская область,Подсолнечник,район Шал акына,509.0,70.60000000000001,220.00000000000003,stat_gov_kz_real
1995,Северо-Казахстанская область,Подсолнечник,район Шал акына,532.0,30.6,120.0,stat_gov_kz_real
1996,Северо-Казахстанская область,Подсолнечник,район Шал акына,157.0,28.400000000000002,320.0,stat_gov_kz_real
1997,Северо-Казахстанская область,Подсолнечник,район Шал акына,2.0,0.6000000000000001,300.0,stat_gov_kz_real
1998,Северо-Казахстанская область,Подсолнечник,район Шал акына,0.0,,,stat_gov_kz_real
1999,Северо-Казахстанская область,Подсолнечник,район Шал акына,0.0,,,stat_gov_kz_real
2000,Северо-Казахстанская область,Подсолнечник,район Шал акына,0.0,,,stat_gov_kz_real
2001,Северо-Казахстанская область,Подсолнечник,район Шал акына,0.0,,,stat_gov_kz_real
2002,Северо-Казахстанская область,Подсолнечник,район Шал акына,0.0,,,stat_gov_kz_real
2003,Северо-Казахстанская область,Подсолнечник,район Шал акына,0.0,,,stat_gov_kz_real
2004,Северо-Казахстанская область,Подсолнечник,район Шал акына,0.0,,,stat_gov_kz_real
2005,Северо-Казахстанская область,Подсолнечник,район Шал акына,0.0,,,stat_gov_kz_real
2006,Северо-Казахстанская область,Подсолнечник,район Шал акына,160.0,36.0,229.99999999999997,stat_gov_kz_real
2007,Северо-Казахстанская область,Подсолнечник,район Шал акына,0.0,,,stat_gov_kz_real
2008,Северо-Казахстанская область,Подсолнечник,район Шал акына,337.0,254.0,,stat_gov_kz_real
2009,Северо-Казахстанская область,Подсолнечник,район Шал акына,0.0,,,stat_gov_kz_real
2010,Северо-Казахстанская область,Подсолнечник,район Шал акына,1246.0,85.9,70.0,stat_gov_kz_real
2011,Северо-Казахстанская область,Подсолнечник,район Шал акына,0.0,,,stat_gov_kz_real
2012,Северо-Казахстанская область,Подсолнечник,район Шал акына,0.0,,,stat_gov_kz_real
2013,Северо-Казахстанская область,Подсолнечник,район Шал акына,230.0,46.0,200.0,stat_gov_kz_real
2014,Северо-Казахстанская область,Подсолнечник,район Шал акына,250.0,318.8,1280.0,stat_gov_kz_real
2015,Северо-Казахстанская область,Подсолнечник,район Шал акына,0.0,,0.0,stat_gov_kz_real
2016,Северо-Казахстанская область,Подсолнечник,район Шал акына,1437.0,815.5,570.0,stat_gov_kz_real
2017,Северо-Казахстанская область,Подсолнечник,район Шал акына,,,0.0,stat_gov_kz_real
2018,Северо-Казахстанская область,Подсолнечник,район Шал акына,30.0,45.0,1500.0,stat_gov_kz_real
2021,Северо-Казахстанская область,Подсолнечник,район Шал акына,16440.0,24836.03,1510.0,stat_gov_kz_real
2022,Северо-Казахстанская область,Подсолнечник,район Шал акына,35303.94,46847.020000000004,1330.0,stat_gov_kz_real
2023,Северо-Казахстанская область,Подсолнечник,район Шал акына,22265.0,25528.600000000002,1320.0,stat_gov_kz_real
2024,Северо-Казахстанская область,Подсолнечник,район Шал акына,11443.0,19495.100000000002,1700.0,stat_gov_kz_real
2025,Северо-Казахстанская область,Подсолнечник,район Шал акына,36611.0,69487.37,1900.0,stat_gov_kz_real
1990,Северо-Казахстанская область,Пшеница,район Шал акына,97314.0,143271.0,1472.2547629323633,stat_gov_kz_real
1991,Северо-Казахстанская область,Пшеница,район Шал акына,87952.0,43906.3,499.20752228488266,stat_gov_kz_real
1992,Северо-Казахстанская область,Пшеница,район Шал акына,80023.0,174621.5,2182.1413843519986,stat_gov_kz_real
1993,Северо-Казахстанская область,Пшеница,район Шал акына,82420.0,87726.0,1064.3775782577045,stat_gov_kz_real
1994,Северо-Казахстанская область,Пшеница,район Шал акына,107882.0,85518.8,792.7068463691811,stat_gov_kz_real
1995,Северо-Казахстанская область,Пшеница,район Шал акына,94782.0,56322.200000000004,594.2288620202148,stat_gov_kz_real
1996,Северо-Казахстанская область,Пшеница,район Шал акына,104700.0,79536.70000000001,759.6628462273161,stat_gov_kz_real
1997,Северо-Казахстанская область,Пшеница,район Шал акына,110416.0,141667.6,1283.0350673815387,stat_gov_kz_real
1998,Северо-Казахстанская область,Пшеница,район Шал акына,124985.0,83780.40000000001,670.3236388366604,stat_gov_kz_real
1999,Северо-Казахстанская область,Пшеница,район Шал акына,111620.0,183800.0,1646.6583049632682,stat_gov_kz_real
2000,Северо-Казахстанская область,Пшеница,район Шал акына,151977.0,119222.8,784.4792304098646,stat_gov_kz_real
2001,Северо-Казахстанская область,Пшеница,район Шал акына,160961.0,185333.30000000002,1151.41742409652,stat_gov_kz_real
2002,Северо-Казахстанская область,Пшеница,район Шал акына,155948.0,175660.0,1126.4011080616615,stat_gov_kz_real
2003,Северо-Казахстанская область,Пшеница,район Шал акына,165535.0,189688.80000000002,1145.91355302504,stat_gov_kz_real
2004,Северо-Казахстанская область,Пшеница,район Шал акына,164565.0,162702.80000000002,988.6841065840246,stat_gov_kz_real
2005,Северо-Казахстанская область,Пшеница,район Шал акына,172053.0,180087.90000000002,1046.7001447228472,stat_gov_kz_real
2006,Северо-Казахстанская область,Пшеница,район Шал акына,168945.0,242069.80000000002,1432.8319867412472,stat_gov_kz_real
2007,Северо-Казахстанская область,Пшеница,район Шал акына,176973.0,,1689.0186638639793,stat_gov_kz_real
2008,Северо-Казахстанская область,Пшеница,район Шал акына,186379.0,212589.1,1140.627967743147,stat_gov_kz_real
2009,Северо-Казахстанская область,Пшеница,район Шал акына,207490.5,271540.60000000003,1308.6893134866414,stat_gov_kz_real
2010,Северо-Казахстанская область,Пшеница,район Шал акына,215473.0,191171.90000000002,887.2197444691446,stat_gov_kz_real
2011,Северо-Казахстанская область,Пшеница,район Шал акына,200500.0,382979.2,1910.120698254364,stat_gov_kz_real
2012,Северо-Казахстанская область,Пшеница,район Шал акына,184022.0,152525.80000000002,828.8454641292889,stat_gov_kz_real
2013,Северо-Казахстанская область,Пшеница,район Шал акына,183991.0,167014.48,907.7317912289188,stat_gov_kz_real
2014,Северо-Казахстанская область,Пшеница,район Шал акына,164105.0,157953.14,962.5126595777093,stat_gov_kz_real
2015,Северо-Казахстанская область,Пшеница,район Шал акына,139578.97,183777.83700000003,1316.6584980531093,stat_gov_kz_real
2016,Северо-Казахстанская область,Пшеница,район Шал акына,155468.5,219752.53,1413.4858829923746,stat_gov_kz_real
2017,Северо-Казахстанская область,Пшеница,район Шал акына,146705.0,233547.45,1591.95289867421,stat_gov_kz_real
2018,Северо-Казахстанская область,Пшеница,район Шал акына,134947.0,191842.91000000003,1421.6167087819663,stat_gov_kz_real
2019,Северо-Казахстанская область,Пшеница,район Шал акына,126256.0,178186.78000000003,1411.3133633253074,stat_gov_kz_real
2020,Северо-Казахстанская область,Пшеница,район Шал акына,154257.0,238268.1,1544.6177483031563,stat_gov_kz_real
2021,Северо-Казахстанская область,Пшеница,район Шал акына,157240.0,185749.7,1181.3132790638515,stat_gov_kz_real
2022,Северо-Казахстанская область,Пшеница,район Шал акына,142383.6,242414.01,1700.0,stat_gov_kz_real
2023,Северо-Казахстанская область,Пшеница,район Шал акына,160909.5,162830.7,1012.11,stat_gov_kz_real
2024,Северо-Казахстанская область,Пшеница,район Шал акына,158858.11,308608.33,1960.0000000000002,stat_gov_kz_real
2025,Северо-Казахстанская область,Пшеница,район Шал акына,105025.7,207712.83000000002,1980.0,stat_gov_kz_real
1990,Северо-Казахстанская область,Ячмень,район Шал акына,58883.0,135759.4,2310.0,stat_gov_kz_real
1991,Северо-Казахстанская область,Ячмень,район Шал акына,68466.0,37578.700000000004,550.0,stat_gov_kz_real
1992,Северо-Казахстанская область,Ячмень,район Шал акына,75509.0,203739.90000000002,2700.0,stat_gov_kz_real
1993,Северо-Казахстанская область,Ячмень,район Шал акына,80823.0,93911.0,1160.0,stat_gov_kz_real
1994,Северо-Казахстанская область,Ячмень,район Шал акына,65886.0,91321.6,1390.0,stat_gov_kz_real
1995,Северо-Казахстанская область,Ячмень,район Шал акына,75827.0,37956.5,509.99999999999994,stat_gov_kz_real
1996,Северо-Казахстанская область,Ячмень,район Шал акына,67523.0,73625.2,1150.0,stat_gov_kz_real
1997,Северо-Казахстанская область,Ячмень,район Шал акына,66360.0,55933.700000000004,840.0,stat_gov_kz_real
1998,Северо-Казахстанская область,Ячмень,район Шал акына,50642.0,17677.9,380.0,stat_gov_kz_real
1999,Северо-Казахстанская область,Ячмень,район Шал акына,35935.0,53030.100000000006,1570.0,stat_gov_kz_real
2000,Северо-Казахстанская область,Ячмень,район Шал акына,17203.0,12062.6,710.0,stat_gov_kz_real
2001,Северо-Казахстанская область,Ячмень,район Шал акына,18729.0,18452.0,990.0,stat_gov_kz_real
2002,Северо-Казахстанская область,Ячмень,район Шал акына,9312.0,12934.900000000001,1360.0,stat_gov_kz_real
2003,Северо-Казахстанская область,Ячмень,район Шал акына,8980.0,9937.800000000001,1100.0,stat_gov_kz_real
2004,Северо-Казахстанская область,Ячмень,район Шал акына,12256.0,10294.400000000001,840.0,stat_gov_kz_real
2005,Северо-Казахстанская область,Ячмень,район Шал акына,8431.0,9549.300000000001,1130.0,stat_gov_kz_real
2006,Северо-Казахстанская область,Ячмень,район Шал акына,10530.0,14837.900000000001,1400.0,stat_gov_kz_real
2007,Северо-Казахстанская область,Ячмень,район Шал акына,14529.0,24646.7,1700.0,stat_gov_kz_real
2008,Северо-Казахстанская область,Ячмень,район Шал акына,23841.0,29775.300000000003,1250.0,stat_gov_kz_real
2009,Северо-Казахстанская область,Ячмень,район Шал акына,14616.0,15863.900000000001,1070.0,stat_gov_kz_real
2010,Северо-Казахстанская область,Ячмень,район Шал акына,9270.0,6992.0,750.0,stat_gov_kz_real
2011,Северо-Казахстанская область,Ячмень,район Шал акына,7520.0,15372.0,2039.9999999999998,stat_gov_kz_real
2012,Северо-Казахстанская область,Ячмень,район Шал акына,11832.0,9449.4,800.0,stat_gov_kz_real
2013,Северо-Казахстанская область,Ячмень,район Шал акына,13930.0,18906.97,1360.0,stat_gov_kz_real
2014,Северо-Казахстанская область,Ячмень,район Шал акына,22468.0,29076.4,1650.0,stat_gov_kz_real
2015,Северо-Казахстанская область,Ячмень,район Шал акына,26713.92,24133.648,900.0,stat_gov_kz_real
2016,Северо-Казахстанская область,Ячмень,район Шал акына,23093.5,39475.54000000001,1710.0000000000002,stat_gov_kz_real
2017,Северо-Казахстанская область,Ячмень,район Шал акына,27677.0,49816.08,1800.0,stat_gov_kz_real
2018,Северо-Казахстанская область,Ячмень,район Шал акына,34546.0,55656.450000000004,1630.0,stat_gov_kz_real
2019,Северо-Казахстанская область,Ячмень,район Шал акына,47270.0,60515.31,1300.0,stat_gov_kz_real
2020,Северо-Казахстанская область,Ячмень,район Шал акына,36716.0,45719.4,1720.0,stat_gov_kz_real
2021,Северо-Казахстанская область,Ячмень,район Шал акына,28018.0,32670.2,1200.0,stat_gov_kz_real
2022,Северо-Казахстанская область,Ячмень,район Шал акына,19774.0,37950.58,1930.0,stat_gov_kz_real
2023,Северо-Казахстанская область,Ячмень,район Шал акына,28721.4,35865.981,1250.3700000000001,stat_gov_kz_real
2024,Северо-Казахстанская область,Ячмень,район Шал акына,17913.1,60774.02,1650.0,stat_gov_kz_real
2025,Северо-Казахстанская область,Ячмень,район Шал акына,21357.7,46668.62,2190.0,stat_gov_kz_real
2022,Северо-Казахстанская область,Кукуруза,район им. Г.Мусрепова,424.0,854.3000000000001,,stat_gov_kz_real
2023,Северо-Казахстанская область,Кукуруза,район им. Г.Мусрепова,1482.0,2655.9,1789.9999999999998,stat_gov_kz_real
1990,Северо-Казахстанская область,Подсолнечник,район им. Г.Мусрепова,0.0,,,stat_gov_kz_real
1991,Северо-Казахстанская область,Подсолнечник,район им. Г.Мусрепова,2910.0,456.40000000000003,290.0,stat_gov_kz_real
1992,Северо-Казахстанская область,Подсолнечник,район им. Г.Мусрепова,4222.0,22.200000000000003,90.0,stat_gov_kz_real
1993,Северо-Казахстанская область,Подсолнечник,район им. Г.Мусрепова,3293.0,176.3,130.0,stat_gov_kz_real
1994,Северо-Казахстанская область,Подсолнечник,район им. Г.Мусрепова,2950.0,314.90000000000003,280.0,stat_gov_kz_real
1995,Северо-Казахстанская область,Подсолнечник,район им. Г.Мусрепова,630.0,8.5,70.0,stat_gov_kz_real
1996,Северо-Казахстанская область,Подсолнечник,район им. Г.Мусрепова,1057.0,151.6,200.0,stat_gov_kz_real
1997,Северо-Казахстанская область,Подсолнечник,район им. Г.Мусрепова,205.0,18.5,150.0,stat_gov_kz_real
1998,Северо-Казахстанская область,Подсолнечник,район им. Г.Мусрепова,250.0,8.0,70.0,stat_gov_kz_real
1999,Северо-Казахстанская область,Подсолнечник,район им. Г.Мусрепова,100.0,6.800000000000001,68.0,stat_gov_kz_real
2000,Северо-Казахстанская область,Подсолнечник,район им. Г.Мусрепова,436.0,55.2,126.60550458715596,stat_gov_kz_real
2001,Северо-Казахстанская область,Подсолнечник,район им. Г.Мусрепова,376.0,173.20000000000002,459.99999999999994,stat_gov_kz_real
2002,Северо-Казахстанская область,Подсолнечник,район им. Г.Мусрепова,290.0,49.0,170.0,stat_gov_kz_real
2003,Северо-Казахстанская область,Подсолнечник,район им. Г.Мусрепова,1549.0,115.0,80.0,stat_gov_kz_real
2004,Северо-Казахстанская область,Подсолнечник,район им. Г.Мусрепова,1275.0,718.0,650.0,stat_gov_kz_real
2005,Северо-Казахстанская область,Подсолнечник,район им. Г.Мусрепова,3873.0,1800.9,869.9999999999999,stat_gov_kz_real
2006,Северо-Казахстанская область,Подсолнечник,район им. Г.Мусрепова,4626.0,2352.6,509.99999999999994,stat_gov_kz_real
2007,Северо-Казахстанская область,Подсолнечник,район им. Г.Мусрепова,2361.0,1750.9,740.0,stat_gov_kz_real
2008,Северо-Казахстанская область,Подсолнечник,район им. Г.Мусрепова,4050.0,2381.2000000000003,190.0,stat_gov_kz_real
2009,Северо-Казахстанская область,Подсолнечник,район им. Г.Мусрепова,12991.0,6019.450000000001,459.99999999999994,stat_gov_kz_real
2010,Северо-Казахстанская область,Подсолнечник,район им. Г.Мусрепова,20728.0,6118.200000000001,300.0,stat_gov_kz_real
2011,Северо-Казахстанская область,Подсолнечник,район им. Г.Мусрепова,16411.0,9392.2,650.0,stat_gov_kz_real
2012,Северо-Казахстанская область,Подсолнечник,район им. Г.Мусрепова,10652.0,6743.6,,stat_gov_kz_real
2013,Северо-Казахстанская область,Подсолнечник,район им. Г.Мусрепова,10422.0,7224.400000000001,,stat_gov_kz_real
2014,Северо-Казахстанская область,Подсолнечник,район им. Г.Мусрепова,7947.0,5188.5,670.0,stat_gov_kz_real
2015,Северо-Казахстанская область,Подсолнечник,район им. Г.Мусрепова,6333.0,4612.5,730.0,stat_gov_kz_real
2016,Северо-Казахстанская область,Подсолнечник,район им. Г.Мусрепова,9487.0,11581.17,1220.0,stat_gov_kz_real
2017,Северо-Казахстанская область,Подсолнечник,район им. Г.Мусрепова,11798.0,9445.300000000001,800.0,stat_gov_kz_real
2018,Северо-Казахстанская область,Подсолнечник,район им. Г.Мусрепова,15255.0,13254.779999999999,910.0,stat_gov_kz_real
2019,Северо-Казахстанская область,Подсолнечник,район им. Г.Мусрепова,11432.0,7948.700000000001,700.0,stat_gov_kz_real
2020,Северо-Казахстанская область,Подсолнечник,район им. Г.Мусрепова,8544.0,11989.54,1400.0,stat_gov_kz_real
2021,Северо-Казахстанская область,Подсолнечник,район им. Г.Мусрепова,16435.0,10082.79,610.0,stat_gov_kz_real
2022,Северо-Казахстанская область,Подсолнечник,район им. Г.Мусрепова,21238.0,21286.78,1000.0,stat_gov_kz_real
2023,Северо-Казахстанская область,Подсолнечник,район им. Г.Мусрепова,25442.0,20753.7,819.9999999999999,stat_gov_kz_real
2024,Северо-Казахстанская область,Подсолнечник,район им. Г.Мусрепова,23601.0,33618.71,1710.0000000000002,stat_gov_kz_real
2025,Северо-Казахстанская область,Подсолнечник,район им. Г.Мусрепова,34116.0,55109.780000000006,1620.0,stat_gov_kz_real
1990,Северо-Казахстанская область,Пшеница,район им. Г.Мусрепова,409172.0,581711.1,1421.67865836372,stat_gov_kz_real
1991,Северо-Казахстанская область,Пшеница,район им. Г.Мусрепова,379939.0,243425.2,640.695480063905,stat_gov_kz_real
1992,Северо-Казахстанская область,Пшеница,район им. Г.Мусрепова,368697.0,646306.9,1752.9486271925186,stat_gov_kz_real
1993,Северо-Казахстанская область,Пшеница,район им. Г.Мусрепова,314387.0,217068.2,690.449032561779,stat_gov_kz_real
1994,Северо-Казахстанская область,Пшеница,район им. Г.Мусрепова,332075.0,331679.2,998.8081005796884,stat_gov_kz_real
1995,Северо-Казахстанская область,Пшеница,район им. Г.Мусрепова,361958.0,267674.7,739.5186734372496,stat_gov_kz_real
1996,Северо-Казахстанская область,Пшеница,район им. Г.Мусрепова,385302.0,309187.7,802.4554764833817,stat_gov_kz_real
1997,Северо-Казахстанская область,Пшеница,район им. Г.Мусрепова,377205.0,450748.10000000003,1194.9685184448774,stat_gov_kz_real
1998,Северо-Казахстанская область,Пшеница,район им. Г.Мусрепова,383384.0,266275.9,694.5409824092816,stat_gov_kz_real
1999,Северо-Казахстанская область,Пшеница,район им. Г.Мусрепова,405517.0,577608.0,1424.3743172296106,stat_gov_kz_real
2000,Северо-Казахстанская область,Пшеница,район им. Г.Мусрепова,426980.0,317158.9,742.7956812965479,stat_gov_kz_real
2001,Северо-Казахстанская область,Пшеница,район им. Г.Мусрепова,428303.0,502025.4,1172.1267420494369,stat_gov_kz_real
2002,Северо-Казахстанская область,Пшеница,район им. Г.Мусрепова,430889.0,428542.60000000003,994.5545140395786,stat_gov_kz_real
2003,Северо-Казахстанская область,Пшеница,район им. Г.Мусрепова,438561.0,493554.9,1125.396239063665,stat_gov_kz_real
2004,Северо-Казахстанская область,Пшеница,район им. Г.Мусрепова,481483.0,441886.9,917.762205519198,stat_gov_kz_real
2005,Северо-Казахстанская область,Пшеница,район им. Г.Мусрепова,498207.0,542195.9,1088.2944238037603,stat_gov_kz_real
2006,Северо-Казахстанская область,Пшеница,район им. Г.Мусрепова,472143.0,745483.7000000001,1578.9362544822225,stat_gov_kz_real
2007,Северо-Казахстанская область,Пшеница,район им. Г.Мусрепова,494421.0,,1611.3994551202313,stat_gov_kz_real
2008,Северо-Казахстанская область,Пшеница,район им. Г.Мусрепова,520760.0,698166.7000000001,1340.6688301712882,stat_gov_kz_real
2009,Северо-Казахстанская область,Пшеница,район им. Г.Мусрепова,552586.0,702058.6000000001,1270.4965380954277,stat_gov_kz_real
2010,Северо-Казахстанская область,Пшеница,район им. Г.Мусрепова,547931.5,386751.0,705.8382297787223,stat_gov_kz_real
2011,Северо-Казахстанская область,Пшеница,район им. Г.Мусрепова,548978.4,1234625.8699999999,2248.9516345269685,stat_gov_kz_real
2012,Северо-Казахстанская область,Пшеница,район им. Г.Мусрепова,546665.8,450140.9,823.4297810472137,stat_gov_kz_real
2013,Северо-Казахстанская область,Пшеница,район им. Г.Мусрепова,532390.0,773172.28,1452.2667217641203,stat_gov_kz_real
2014,Северо-Казахстанская область,Пшеница,район им. Г.Мусрепова,510903.0,687806.052,1346.255653225759,stat_gov_kz_real
2015,Северо-Казахстанская область,Пшеница,район им. Г.Мусрепова,493616.04,715166.508,1448.8315817289892,stat_gov_kz_real
2016,Северо-Казахстанская область,Пшеница,район им. Г.Мусрепова,492650.0,726724.54,1475.1335430833249,stat_gov_kz_real
2017,Северо-Казахстанская область,Пшеница,район им. Г.Мусрепова,440063.5,710973.93,1615.6166780475999,stat_gov_kz_real
2018,Северо-Казахстанская область,Пшеница,район им. Г.Мусрепова,375409.0,546550.77,1455.880839297939,stat_gov_kz_real
2019,Северо-Казахстанская область,Пшеница,район им. Г.Мусрепова,361430.0,477862.13,1322.1429599092494,stat_gov_kz_real
2020,Северо-Казахстанская область,Пшеница,район им. Г.Мусрепова,387044.0,540975.529,1397.7106711381653,stat_gov_kz_real
2021,Северо-Казахстанская область,Пшеница,район им. Г.Мусрепова,412258.2,418324.666,1014.7152100309951,stat_gov_kz_real
2022,Северо-Казахстанская область,Пшеница,район им. Г.Мусрепова,421186.6,604444.8099999999,1450.0,stat_gov_kz_real
2023,Северо-Казахстанская область,Пшеница,район им. Г.Мусрепова,457089.4,462775.16,1014.5200000000001,stat_gov_kz_real
2024,Северо-Казахстанская область,Пшеница,район им. Г.Мусрепова,457560.0,736562.38,1610.0000000000002,stat_gov_kz_real
2025,Северо-Казахстанская область,Пшеница,район им. Г.Мусрепова,383129.9,689276.9500000001,1800.0,stat_gov_kz_real
1990,Северо-Казахстанская область,Ячмень,район им. Г.Мусрепова,139412.0,298326.10000000003,2150.0,stat_gov_kz_real
1991,Северо-Казахстанская область,Ячмень,район им. Г.Мусрепова,133370.0,98847.90000000001,770.0,stat_gov_kz_real
1992,Северо-Казахстанская область,Ячмень,район им. Г.Мусрепова,139416.0,310564.3,2230.0,stat_gov_kz_real
1993,Северо-Казахстанская область,Ячмень,район им. Г.Мусрепова,172663.0,143195.4,830.0000000000001,stat_gov_kz_real
1994,Северо-Казахстанская область,Ячмень,район им. Г.Мусрепова,153180.0,225765.80000000002,1500.0,stat_gov_kz_real
1995,Северо-Казахстанская область,Ячмень,район им. Г.Мусрепова,134212.0,75053.90000000001,750.0,stat_gov_kz_real
1996,Северо-Казахстанская область,Ячмень,район им. Г.Мусрепова,106659.0,102103.1,1010.0,stat_gov_kz_real
1997,Северо-Казахстанская область,Ячмень,район им. Г.Мусрепова,110662.0,120112.90000000001,1220.0,stat_gov_kz_real
1998,Северо-Казахстанская область,Ячмень,район им. Г.Мусрепова,85600.0,50711.9,610.0,stat_gov_kz_real
1999,Северо-Казахстанская область,Ячмень,район им. Г.Мусрепова,79836.0,125659.70000000001,1670.0,stat_gov_kz_real
2000,Северо-Казахстанская область,Ячмень,район им. Г.Мусрепова,59965.0,55680.8,880.0000000000001,stat_gov_kz_real
2001,Северо-Казахстанская область,Ячмень,район им. Г.Мусрепова,68180.0,82584.6,1210.0,stat_gov_kz_real
2002,Северо-Казахстанская область,Ячмень,район им. Г.Мусрепова,71791.0,90095.5,1260.0,stat_gov_kz_real
2003,Северо-Казахстанская область,Ячмень,район им. Г.Мусрепова,69820.0,81272.20000000001,1160.0,stat_gov_kz_real
2004,Северо-Казахстанская область,Ячмень,район им. Г.Мусрепова,46263.0,45309.4,980.0000000000001,stat_gov_kz_real
2005,Северо-Казахстанская область,Ячмень,район им. Г.Мусрепова,37841.0,52032.3,1380.0,stat_gov_kz_real
2006,Северо-Казахстанская область,Ячмень,район им. Г.Мусрепова,59161.0,107904.70000000001,1839.9999999999998,stat_gov_kz_real
2007,Северо-Казахстанская область,Ячмень,район им. Г.Мусрепова,64784.0,114881.64,1770.0,stat_gov_kz_real
2008,Северо-Казахстанская область,Ячмень,район им. Г.Мусрепова,76297.0,116234.0,1520.0,stat_gov_kz_real
2009,Северо-Казахстанская область,Ячмень,район им. Г.Мусрепова,54254.0,80594.3,1490.0,stat_gov_kz_real
2010,Северо-Казахстанская область,Ячмень,район им. Г.Мусрепова,57238.0,36340.3,740.0,stat_gov_kz_real
2011,Северо-Казахстанская область,Ячмень,район им. Г.Мусрепова,58831.0,142058.76,2410.0,stat_gov_kz_real
2012,Северо-Казахстанская область,Ячмень,район им. Г.Мусрепова,58855.0,41150.9,730.0,stat_gov_kz_real
2013,Северо-Казахстанская область,Ячмень,район им. Г.Мусрепова,66394.0,111070.20000000001,1739.9999999999998,stat_gov_kz_real
2014,Северо-Казахстанская область,Ячмень,район им. Г.Мусрепова,91133.0,147552.458,1760.0000000000002,stat_gov_kz_real
2015,Северо-Казахстанская область,Ячмень,район им. Г.Мусрепова,86837.03,133076.741,1530.0,stat_gov_kz_real
2016,Северо-Казахстанская область,Ячмень,район им. Г.Мусрепова,64866.0,129131.75,1989.9999999999998,stat_gov_kz_real
2017,Северо-Казахстанская область,Ячмень,район им. Г.Мусрепова,82739.0,140967.9,1700.0,stat_gov_kz_real
2018,Северо-Казахстанская область,Ячмень,район им. Г.Мусрепова,86631.0,140299.58000000002,1630.0,stat_gov_kz_real
2019,Северо-Казахстанская область,Ячмень,район им. Г.Мусрепова,106813.0,147842.66,1380.0,stat_gov_kz_real
2020,Северо-Казахстанская область,Ячмень,район им. Г.Мусрепова,89257.0,116093.6,1310.0,stat_gov_kz_real
2021,Северо-Казахстанская область,Ячмень,район им. Г.Мусрепова,57822.0,48923.91,850.0,stat_gov_kz_real
2022,Северо-Казахстанская область,Ячмень,район им. Г.Мусрепова,62473.9,95921.39000000001,1540.0,stat_gov_kz_real
2023,Северо-Казахстанская область,Ячмень,район им. Г.Мусрепова,63826.4,60603.32,966.6499999999999,stat_gov_kz_real
2024,Северо-Казахстанская область,Ячмень,район им. Г.Мусрепова,59794.6,113341.67,1900.0,stat_gov_kz_real
2025,Северо-Казахстанская область,Ячмень,район им. Г.Мусрепова,65210.6,126260.32,1939.9999999999998,stat_gov_kz_real
