region,district_key,year,gs_t2m_c,gs_precip_mm,gs_pot_evap_mm,gs_solar_mjm2,mayjul_precip_mm,mayjul_t2m_c,junaug_t2m_c,junaug_pot_evap_mm,may_soil_water_l1,may_soil_water_l2,jun_soil_water_l1,jul_soil_water_l1,jul_soil_water_l2,jun_precip_mm,jul_precip_mm,gs_gdd5,coldseason_precip_mm,winter_t2m_c,aridity_index,mayjul_aridity,water_balance_mm,pet_suspect
Акмолинская область,Аккольский,1991,15.4556,171.3563,1357.5203,3533.3985,83.2226,19.2563,19.4594,779.3382,0.2885,0.3306,0.2889,0.3261,0.2905,24.3916,52.7522,1918.3487,,,0.1262,0.096,-1186.164,0
Акмолинская область,Аккольский,1992,12.0025,333.3193,1004.4699,3153.7987,197.7292,15.3261,16.6258,614.1296,0.3663,0.3751,0.3603,0.3617,0.3594,71.4056,101.7407,1363.4026,127.6419,-11.9247,0.3318,0.3024,-671.1506,0
Акмолинская область,Аккольский,1993,12.327,383.1427,975.372,3201.5048,252.0799,15.3503,18.0177,575.5403,0.4196,0.4311,0.4364,0.4264,0.4106,83.1806,116.1089,1442.0093,144.738,-12.3049,0.3928,0.4354,-592.2293,0
Акмолинская область,Аккольский,1994,13.5751,314.9038,1109.4942,3208.839,177.5977,17.2546,18.4422,668.0043,0.3923,0.4054,0.2805,0.4028,0.3462,22.3182,113.0369,1621.7949,124.8207,-16.3337,0.2838,0.2401,-794.5904,0
Акмолинская область,Аккольский,1995,14.8225,291.7071,1270.3366,3433.8281,177.6123,16.7405,18.8743,743.6773,0.4069,0.3812,0.3474,0.3709,0.3286,34.1688,74.4761,1804.6778,113.185,-12.2377,0.2296,0.2484,-978.6295,0
Акмолинская область,Аккольский,1996,12.6456,349.4584,1059.1272,3196.9058,174.4571,16.7797,17.7014,635.8843,0.4025,0.4049,0.3446,0.407,0.383,64.5477,84.2472,1539.6567,159.5048,-16.2897,0.3299,0.2612,-709.6688,0
Акмолинская область,Аккольский,1997,15.3333,149.4258,1409.8059,3422.2909,96.0834,17.2976,18.9032,853.6927,0.3885,0.3813,0.2723,0.3111,0.2891,8.9355,40.1024,1896.7154,124.4341,-13.3008,0.106,0.1204,-1260.3801,0
Акмолинская область,Аккольский,1998,14.7718,196.5697,1338.0967,3456.0791,106.1841,18.4806,21.8854,860.5564,0.3978,0.3904,0.278,0.3346,0.2998,18.5631,53.9524,1932.9625,97.7944,-15.8445,0.1469,0.1323,-1141.527,0
Акмолинская область,Аккольский,1999,14.2779,266.0653,1269.5909,3477.3548,162.872,16.8738,18.5616,732.0806,0.3318,0.3508,0.3703,0.3436,0.3413,90.5997,44.5485,1765.5127,117.6761,-9.9306,0.2096,0.2178,-1003.5256,0
Акмолинская область,Аккольский,2000,14.0218,329.0369,1187.0109,3317.4256,213.9478,16.0411,18.6739,699.4261,0.4253,0.3886,0.4181,0.3363,0.3231,110.4077,30.1042,1656.9913,126.0088,-10.948,0.2772,0.3312,-857.9739,0
Акмолинская область,Аккольский,2001,14.0276,365.5347,1198.464,3275.0776,196.4029,17.1492,17.0637,621.7829,0.3439,0.3504,0.3682,0.427,0.4017,68.5575,106.2993,1661.0056,162.1283,-13.762,0.305,0.2737,-832.9293,0
Акмолинская область,Аккольский,2002,13.4229,288.7791,1175.5775,3423.6772,158.8865,15.5547,17.6951,647.0785,0.3947,0.3958,0.369,0.3909,0.3592,55.1735,69.2437,1625.1972,203.7558,-9.2002,0.2456,0.246,-886.7983,0
Акмолинская область,Аккольский,2003,14.507,281.2836,1184.8942,3312.0177,195.1874,16.7258,18.5599,653.8788,0.3742,0.3764,0.4066,0.3648,0.3303,85.7866,64.5766,1818.579,122.4335,-15.3885,0.2374,0.2914,-903.6106,0
Акмолинская область,Аккольский,2004,15.0465,240.9298,1341.3597,3446.0934,101.6365,18.7193,19.1806,761.8962,0.3476,0.3573,0.2913,0.3356,0.3112,38.4007,37.7192,1891.4827,120.0801,-11.0722,0.1796,0.1222,-1100.4299,0
Акмолинская область,Аккольский,2005,14.1915,359.3385,1087.9776,3393.6677,242.2867,17.5251,18.6441,616.483,0.3737,0.3828,0.3664,0.416,0.4102,89.8197,103.959,1706.6591,171.8185,-15.3581,0.3303,0.3577,-728.6391,0
Акмолинская область,Аккольский,2006,14.1458,273.5223,1216.2865,3220.9126,150.8187,17.0327,18.4576,692.114,0.4124,0.4108,0.3524,0.3569,0.3625,89.8347,30.3057,1689.143,88.6562,-15.706,0.2249,0.2203,-942.7642,0
Акмолинская область,Аккольский,2007,15.0887,222.5204,1280.9028,3419.9776,157.3601,17.2176,18.8068,722.7216,0.3798,0.3678,0.3123,0.3828,0.3447,30.7445,80.5095,1853.5384,180.8321,-8.3504,0.1737,0.2135,-1058.3824,0
Акмолинская область,Аккольский,2008,15.233,177.9881,1374.1616,3493.8107,89.2654,18.929,20.6533,839.9705,0.3362,0.3276,0.2901,0.319,0.289,20.3117,41.0687,1884.1898,131.4469,-14.5407,0.1295,0.1103,-1196.1735,0
Акмолинская область,Аккольский,2009,13.5511,390.2531,1168.0083,3316.2497,268.8156,15.9273,17.4016,656.2617,0.3971,0.3818,0.3669,0.3979,0.373,46.768,139.3232,1572.2903,113.8206,-13.4451,0.3341,0.3986,-777.7552,0
Акмолинская область,Аккольский,2010,15.0933,137.2035,1410.2921,3697.3174,87.5573,17.2651,19.9491,840.947,0.3229,0.3411,0.3078,0.3087,0.2961,43.0786,28.1418,1857.5552,131.199,-19.2933,0.0973,0.109,-1273.0886,0
Акмолинская область,Аккольский,2011,14.9285,287.0753,1245.4339,3373.2891,217.5529,16.7864,17.9919,657.9094,0.3377,0.3179,0.3542,0.3955,0.3921,71.8351,104.8049,1819.9589,113.3134,-16.0907,0.2305,0.3188,-958.3587,0
Акмолинская область,Аккольский,2012,16.7732,212.2984,1415.4156,3541.9166,146.9801,19.3189,21.0935,792.5913,0.3313,0.314,0.3357,0.3144,0.3033,67.3139,56.9529,2161.2816,98.2748,-16.3782,0.15,0.1834,-1203.1172,0
Акмолинская область,Аккольский,2013,13.6645,360.6629,1111.4017,3282.7316,208.1384,15.5468,17.6286,634.5184,0.421,0.4219,0.3015,0.4199,0.3967,16.3337,138.5553,1590.6642,174.0005,-15.3851,0.3245,0.3016,-750.7388,0
Акмолинская область,Аккольский,2014,14.2639,215.0783,1319.869,3392.0855,120.4461,16.9927,19.1111,747.5704,0.3129,0.339,0.2862,0.3723,0.3156,16.2297,88.8348,1725.7559,146.0832,-14.7927,0.163,0.1559,-1104.7907,0
Акмолинская область,Аккольский,2015,14.4351,280.7719,1221.6291,3415.9458,181.1218,17.838,18.8115,770.4846,0.4037,0.4069,0.3652,0.3528,0.3145,47.9743,64.8612,1733.3805,145.9395,-11.6775,0.2298,0.2468,-940.8572,0
Акмолинская область,Аккольский,2016,14.982,308.4279,1162.2193,3354.9147,206.987,16.1757,18.3846,596.36,0.333,0.3369,0.379,0.4317,0.4012,74.3447,108.56,1832.4846,156.5837,-10.5429,0.2654,0.3277,-853.7914,0
Акмолинская область,Аккольский,2017,15.2197,175.2113,1382.0656,3537.1376,134.9311,17.9716,19.6993,756.4942,0.3193,0.3327,0.2996,0.3667,0.3332,19.2399,78.645,1877.231,161.029,-11.7342,0.1268,0.165,-1206.8544,0
Акмолинская область,Аккольский,2018,12.7514,362.9512,1091.2524,3156.8984,191.7523,15.1292,17.6567,627.7682,0.3999,0.3965,0.3473,0.3763,0.3612,62.2203,87.8059,1461.044,144.9635,-14.8618,0.3326,0.2839,-728.3013,0
Акмолинская область,Аккольский,2019,13.9043,277.5044,1231.7082,3490.6113,124.7484,16.3675,18.7462,734.9562,0.3705,0.3752,0.3801,0.3222,0.3144,68.3446,33.6495,1661.4249,155.4274,-14.1842,0.2253,0.1725,-954.2038,0
Акмолинская область,Аккольский,2020,16.0509,260.2004,1426.6957,3548.2264,143.111,18.875,19.5469,813.709,0.337,0.3662,0.2914,0.357,0.3615,48.5262,83.5782,2032.0487,173.3499,-7.8938,0.1824,0.1678,-1166.4953,0
Акмолинская область,Аккольский,2021,15.1904,162.8508,1373.0519,3570.3969,84.8974,18.7854,19.6365,802.9415,0.327,0.3566,0.2916,0.3001,0.286,21.3713,28.243,1889.8493,137.5719,-15.064,0.1186,0.0985,-1210.2011,0
Акмолинская область,Аккольский,2022,15.6731,189.5993,1321.9845,3417.9159,120.3821,18.5065,19.0049,756.0377,0.2985,0.3153,0.3064,0.3182,0.2901,37.0404,65.7688,1959.3055,128.7497,-10.6451,0.1434,0.1419,-1132.3852,0
Акмолинская область,Аккольский,2023,15.5429,112.2611,890.6652,2581.5019,25.1936,19.3043,21.0247,556.7187,0.3088,0.338,0.2687,0.2842,0.2795,10.3356,9.2315,1971.6596,79.9875,-13.6999,0.126,0.0431,-778.4041,0
Акмолинская область,Аккольский,2024,13.9056,383.8784,987.5652,3186.6886,235.7733,16.5164,18.7413,576.477,0.4398,0.4229,0.4086,0.4117,0.3969,51.023,105.2549,1634.4113,102.7753,-13.1671,0.3887,0.4036,-603.6868,0
Акмолинская область,Аккольский,2025,15.854,341.6654,1228.6863,3303.6706,168.8501,18.8251,19.1388,679.4714,0.3667,0.3871,0.3506,0.3362,0.3005,51.2579,67.04,1991.908,182.8865,-9.5093,0.2781,0.2297,-887.0209,0
Акмолинская область,Аршалынский,1991,15.0201,172.1599,1302.1608,3655.7885,90.9909,18.6772,19.3397,779.0471,0.2073,0.2486,0.1584,0.2155,0.1762,17.6114,69.2092,1862.8846,,,0.1322,0.1114,-1130.0009,0
Акмолинская область,Аршалынский,1992,12.0148,358.1271,987.4038,3207.052,183.16,15.0661,16.73,613.9135,0.3034,0.2963,0.3034,0.2342,0.2337,89.8851,47.1542,1344.0178,168.8932,-11.1736,0.3627,0.2922,-629.2767,0
Акмолинская область,Аршалынский,1993,12.2044,361.3756,976.1989,3311.4805,256.1388,15.0898,17.7631,579.1088,0.3388,0.3412,0.3402,0.3229,0.3054,82.3363,109.7675,1420.6837,195.8585,-12.0064,0.3702,0.4564,-614.8233,0
Акмолинская область,Аршалынский,1994,13.9045,276.9139,1181.2992,3398.8059,145.6009,17.7172,18.7551,721.0149,0.2439,0.2561,0.1646,0.2616,0.2057,24.4687,86.3806,1664.9611,123.4907,-15.852,0.2344,0.1899,-904.3852,0
Акмолинская область,Аршалынский,1995,15.0368,278.3261,1329.1629,3535.2847,154.2623,17.0854,19.4462,796.3697,0.2637,0.2355,0.2081,0.2247,0.1871,28.5386,64.0114,1844.2114,144.3911,-11.5857,0.2094,0.2034,-1050.8368,0
Акмолинская область,Аршалынский,1996,12.6597,301.4304,1059.5331,3312.6705,151.116,16.5925,17.8061,651.442,0.3129,0.3137,0.2297,0.2476,0.2155,44.755,68.8278,1550.7539,207.7362,-16.5284,0.2845,0.2257,-758.1027,0
Акмолинская область,Аршалынский,1997,15.5951,150.618,1435.9974,3556.119,115.2994,17.4503,19.1663,870.3464,0.3113,0.2988,0.1665,0.1785,0.16,8.3231,31.346,1944.6799,170.9631,-12.199,0.1049,0.1445,-1285.3793,0
Акмолинская область,Аршалынский,1998,15.2193,203.0682,1419.3798,3608.6287,108.1415,18.7882,22.1211,902.3236,0.2818,0.2756,0.1659,0.1983,0.1656,21.8236,44.7889,1988.6485,129.6527,-15.0783,0.1431,0.1267,-1216.3116,0
Акмолинская область,Аршалынский,1999,14.5479,311.5623,1289.432,3546.4179,227.4646,16.7313,18.6288,729.3401,0.2148,0.2313,0.3015,0.2627,0.258,145.5039,57.9797,1788.759,153.158,-9.9995,0.2416,0.3112,-977.8697,0
Акмолинская область,Аршалынский,2000,14.4272,340.5628,1236.6991,3400.8856,227.467,16.2318,18.8973,739.7355,0.3578,0.3354,0.3214,0.1954,0.2016,86.3557,21.4588,1731.4672,164.0542,-11.0166,0.2754,0.341,-896.1363,0
Акмолинская область,Аршалынский,2001,14.0244,355.0411,1219.4849,3420.881,200.2819,17.0851,17.1777,650.5862,0.2249,0.2423,0.2578,0.3101,0.2841,84.4296,94.6426,1660.3768,205.1124,-12.8568,0.2911,0.2822,-864.4438,0
Акмолинская область,Аршалынский,2002,13.6438,279.9431,1178.7363,3455.9264,184.7662,15.2787,17.9418,646.4208,0.2869,0.2862,0.2881,0.2865,0.2804,81.0691,66.9603,1653.0861,236.5564,-8.4533,0.2375,0.3036,-898.7932,0
Акмолинская область,Аршалынский,2003,14.6075,229.717,1226.7258,3422.6516,148.9267,17.1147,18.7956,692.803,0.2507,0.2541,0.2484,0.2309,0.1877,59.35,53.8576,1856.3466,156.132,-14.7859,0.1873,0.2098,-997.0088,0
Акмолинская область,Аршалынский,2004,15.0186,243.6367,1342.2329,3514.3926,114.5724,18.3202,19.0638,768.4074,0.2409,0.2509,0.1812,0.2305,0.1966,43.1227,43.4308,1873.4464,168.9987,-10.5042,0.1815,0.1408,-1098.5963,0
Акмолинская область,Аршалынский,2005,15.0818,283.8376,1273.6089,3500.078,189.2908,18.4397,19.4043,725.5898,0.242,0.2526,0.2073,0.2374,0.1963,45.3935,88.3021,1851.8548,193.5131,-14.778,0.2229,0.2433,-989.7713,0
Акмолинская область,Аршалынский,2006,14.8925,198.6975,1334.1091,3401.2581,130.923,17.4288,18.7581,727.4055,0.2142,0.2126,0.2261,0.2154,0.1963,75.8836,36.0168,1814.8853,128.8431,-14.3671,0.1489,0.179,-1135.4117,0
Акмолинская область,Аршалынский,2007,15.2214,225.979,1286.7707,3501.2451,166.5505,17.4267,18.9305,745.5766,0.2691,0.259,0.2133,0.2548,0.2166,50.167,70.4316,1878.0075,215.5825,-8.2615,0.1756,0.2208,-1060.7917,0
Акмолинская область,Аршалынский,2008,15.458,223.7593,1372.1597,3593.2358,101.6417,19.2759,20.7731,832.2035,0.2269,0.2261,0.1622,0.2052,0.1713,21.9112,49.7374,1925.1113,186.4415,-14.4844,0.1631,0.1235,-1148.4004,0
Акмолинская область,Аршалынский,2009,14.1403,258.2948,1283.3948,3428.595,157.6444,16.4931,18.0468,725.8625,0.2554,0.2371,0.187,0.2416,0.1914,16.0373,81.5108,1679.8337,136.1271,-12.5211,0.2013,0.2155,-1025.0999,0
Акмолинская область,Аршалынский,2010,15.0542,120.2715,1428.3203,3731.0045,63.8105,17.2904,20.0743,868.0696,0.1994,0.2176,0.1615,0.1784,0.1544,14.444,31.1918,1872.3574,170.1056,-16.9997,0.0842,0.0786,-1308.0488,0
Акмолинская область,Аршалынский,2011,15.3381,255.8336,1344.554,3486.92,197.4517,17.3024,18.4317,704.6592,0.1861,0.1913,0.2284,0.2769,0.2647,87.5076,84.4872,1895.316,137.166,-14.9637,0.1903,0.2657,-1088.7203,0
Акмолинская область,Аршалынский,2012,16.9913,192.0429,1441.36,3609.6499,140.8398,19.2673,21.0384,780.933,0.1846,0.1787,0.2117,0.2138,0.1836,70.4033,49.5224,2201.2322,124.9538,-17.3196,0.1332,0.1745,-1249.3171,0
Акмолинская область,Аршалынский,2013,14.1655,311.3224,1199.4117,3406.3243,185.026,15.7746,17.9577,676.0969,0.3037,0.3073,0.1712,0.3093,0.2734,15.6593,124.0389,1682.1687,245.9259,-14.7472,0.2596,0.2583,-888.0893,0
Акмолинская область,Аршалынский,2014,14.4916,249.6601,1333.1203,3513.2018,134.382,17.2351,19.3451,765.541,0.2191,0.237,0.1745,0.2466,0.1872,13.1789,93.0325,1762.3895,192.9374,-14.3213,0.1873,0.1721,-1083.4602,0
Акмолинская область,Аршалынский,2015,14.4509,263.158,1205.9592,3519.1904,175.1389,17.8568,19.1461,787.7901,0.3277,0.3285,0.272,0.2177,0.1878,43.125,53.3348,1753.5238,229.9049,-11.3288,0.2182,0.2408,-942.8012,0
Акмолинская область,Аршалынский,2016,14.8938,348.9956,1174.1983,3434.0732,274.5781,16.1057,18.0018,604.3937,0.2466,0.2524,0.2555,0.3391,0.3062,80.5099,159.8536,1815.0209,207.8685,-9.5062,0.2972,0.442,-825.2027,0
Акмолинская область,Аршалынский,2017,15.2175,234.0793,1339.9812,3634.1983,148.8353,18.114,20.0813,795.7068,0.2672,0.2808,0.2152,0.2219,0.1808,42.8046,58.4413,1880.7802,212.3648,-11.0479,0.1747,0.1851,-1105.9019,0
Акмолинская область,Аршалынский,2018,13.0369,370.2499,1132.3487,3365.6522,189.437,15.3473,18.0322,651.6836,0.3105,0.315,0.2774,0.2526,0.2475,106.1446,45.3517,1503.2367,196.8351,-13.703,0.327,0.2707,-762.0988,0
Акмолинская область,Аршалынский,2019,14.4622,225.5022,1346.9321,3599.9404,108.8691,16.7592,19.437,819.3111,0.24,0.2628,0.2614,0.1781,0.1785,73.7687,22.7847,1745.4454,185.685,-13.7256,0.1674,0.1401,-1121.4299,0
Акмолинская область,Аршалынский,2020,15.9169,261.3915,1424.4688,3611.2409,157.0738,18.8677,19.3053,808.9531,0.1977,0.2277,0.1962,0.2557,0.2432,68.1457,78.4378,2007.2014,242.4343,-7.8946,0.1835,0.1832,-1163.0773,0
Акмолинская область,Аршалынский,2021,14.9507,185.5386,1361.0002,3680.0649,100.3682,18.32,19.4965,821.3166,0.2341,0.2598,0.1881,0.1827,0.1646,30.4187,31.6824,1853.1483,193.849,-14.364,0.1363,0.121,-1175.4616,0
Акмолинская область,Аршалынский,2022,15.8032,175.4238,1333.5904,3558.9321,117.4091,18.7181,19.0279,755.0651,0.183,0.2047,0.1769,0.2063,0.1786,23.3104,72.6571,1982.1674,178.6781,-9.6903,0.1315,0.1378,-1158.1666,0
Акмолинская область,Аршалынский,2023,15.4151,122.9306,899.2892,2688.6417,31.0394,19.2057,21.0616,574.1339,0.1963,0.2321,0.186,0.1577,0.16,22.2973,5.3878,1970.3064,89.7156,-13.5159,0.1367,0.0521,-776.3586,0
Акмолинская область,Аршалынский,2024,14.0806,413.8664,1016.6899,3312.7573,259.5381,16.7369,18.9655,603.7991,0.3543,0.3447,0.3107,0.3076,0.2986,54.9918,101.0609,1667.6502,137.7304,-11.9755,0.4071,0.4415,-602.8234,0
Акмолинская область,Аршалынский,2025,15.97,293.2031,1248.8912,3453.9247,155.7051,18.9468,19.3128,708.9469,0.2455,0.2545,0.2259,0.214,0.2018,66.6668,51.6409,2013.483,185.7376,-9.7533,0.2348,0.2103,-955.6881,0
Акмолинская область,Астраханский,1991,16.2655,127.6767,1499.9339,3640.3384,78.4543,19.8913,20.4642,873.8603,0.2677,0.3171,0.2311,0.2886,0.2574,15.0814,53.927,2066.5494,,,0.0851,0.0851,-1372.2572,0
Акмолинская область,Астраханский,1992,13.0129,293.8038,1137.6174,3232.2837,159.5288,16.1792,17.6907,700.6179,0.3436,0.3441,0.3361,0.2965,0.2859,71.5655,52.4029,1512.0113,158.3807,-11.3878,0.2583,0.2207,-843.8136,0
Акмолинская область,Астраханский,1993,13.1077,325.02,1121.345,3292.5695,211.2597,16.3502,18.9309,664.88,0.3722,0.3905,0.3907,0.3424,0.325,76.9614,88.5217,1586.868,172.1919,-12.0369,0.2898,0.3154,-796.325,0
Акмолинская область,Астраханский,1994,14.5462,248.2972,1262.8569,3325.3773,146.681,18.3462,19.533,778.1638,0.3489,0.37,0.229,0.3412,0.2875,22.429,86.8333,1795.9898,138.0012,-16.3514,0.1966,0.1762,-1014.5597,0
Акмолинская область,Астраханский,1995,16.169,229.5287,1480.1984,3536.4635,138.0211,18.272,20.5865,896.772,0.3395,0.3242,0.2727,0.2959,0.2727,26.4243,54.6809,2051.1928,145.423,-11.9402,0.1551,0.1644,-1250.6697,0
Акмолинская область,Астраханский,1996,13.9408,268.2523,1257.751,3355.0977,111.7485,18.258,19.4097,786.8244,0.3545,0.3692,0.274,0.301,0.2794,35.8494,53.6256,1758.5379,169.59,-16.1561,0.2133,0.14,-989.4987,0
Акмолинская область,Астраханский,1997,16.2473,139.4451,1549.5526,3528.0278,89.0971,18.4593,20.0016,951.8691,0.3402,0.3405,0.2273,0.2652,0.2502,6.5874,38.2902,2064.028,163.1992,-12.8719,0.09,0.1,-1410.1075,0
Акмолинская область,Астраханский,1998,15.8935,208.4188,1516.4158,3586.2931,118.9004,19.9596,23.2226,981.4199,0.3424,0.3521,0.2417,0.2864,0.2814,25.5238,66.7461,2129.6902,143.1353,-15.0754,0.1374,0.1287,-1307.997,0
Акмолинская область,Астраханский,1999,15.1438,260.9832,1378.78,3464.9512,173.3509,17.4126,19.459,800.9528,0.3036,0.3273,0.3159,0.3212,0.3288,74.7291,63.8789,1891.6688,138.5447,-9.5634,0.1893,0.2182,-1117.7968,0
Акмолинская область,Астраханский,2000,15.3483,258.7375,1410.0533,3397.4813,167.7894,17.2642,20.2038,838.7166,0.3593,0.3291,0.3525,0.2906,0.2901,77.2005,28.6742,1899.897,160.8212,-10.2923,0.1835,0.22,-1151.3158,0
Акмолинская область,Астраханский,2001,15.1316,275.5725,1380.5297,3389.1613,153.9166,18.3892,18.3636,748.0384,0.263,0.2924,0.2938,0.3599,0.3238,48.9797,89.0039,1863.0102,183.2261,-12.4221,0.1996,0.185,-1104.9571,0
Акмолинская область,Астраханский,2002,14.5076,247.214,1333.4615,3479.9516,165.4457,16.2605,18.7833,727.8916,0.3398,0.3462,0.3608,0.3256,0.3334,90.0875,38.405,1778.654,232.0343,-8.5226,0.1854,0.2335,-1086.2476,0
Акмолинская область,Астраханский,2003,15.2859,278.9258,1266.1171,3315.4934,204.171,17.3686,19.502,719.2619,0.3413,0.3602,0.3836,0.3254,0.3231,80.3735,57.6516,1963.1495,141.099,-14.9588,0.2203,0.2937,-987.1912,0
Акмолинская область,Астраханский,2004,16.2515,176.8336,1528.3574,3497.8978,69.1459,19.7241,20.4452,878.0477,0.2792,0.3165,0.2337,0.2694,0.249,18.5863,40.4152,2068.6072,152.9674,-10.703,0.1157,0.0725,-1351.5238,0
Акмолинская область,Астраханский,2005,15.3541,274.5409,1267.2441,3491.7457,173.7812,18.7126,19.874,751.0833,0.3588,0.3651,0.2968,0.3116,0.3163,44.4081,64.8668,1903.9981,218.4231,-14.6336,0.2166,0.2253,-992.7033,0
Акмолинская область,Астраханский,2006,15.6988,189.4014,1454.1714,3312.0542,104.314,18.4235,19.8691,830.3881,0.3304,0.3322,0.2892,0.2514,0.2536,51.7412,17.9031,1962.8204,102.6344,-14.2016,0.1302,0.127,-1264.77,0
Акмолинская область,Астраханский,2007,15.928,173.4741,1421.4796,3501.1144,124.3507,18.2884,19.9844,838.6257,0.3342,0.3414,0.2563,0.3043,0.2756,32.0155,52.3293,2008.0562,204.3227,-8.0536,0.122,0.1493,-1248.0055,0
Акмолинская область,Астраханский,2008,16.3027,151.5199,1528.2691,3588.098,93.9212,19.8702,21.6097,915.2845,0.2814,0.2875,0.236,0.2938,0.2542,20.6391,47.2142,2079.6724,139.4864,-14.0477,0.0991,0.1052,-1376.7492,0
Акмолинская область,Астраханский,2009,14.7001,285.9057,1351.1397,3423.5399,185.4922,17.0504,18.6829,772.6485,0.3442,0.3395,0.2943,0.3253,0.2863,38.2613,81.8431,1781.9317,125.4292,-12.3489,0.2116,0.2403,-1065.234,0
Акмолинская область,Астраханский,2010,16.6968,108.0328,1669.5295,3816.6719,49.0231,19.3797,22.0347,1015.9258,0.2657,0.2979,0.2327,0.246,0.2433,12.2258,25.0414,2148.3707,141.1597,-17.125,0.0647,0.0501,-1561.4967,0
Акмолинская область,Астраханский,2011,15.8105,265.1834,1390.0298,3451.2152,193.9597,17.8319,18.9872,740.4892,0.2765,0.2853,0.3223,0.3408,0.3303,62.2131,96.7966,1982.5926,140.3511,-15.169,0.1908,0.2478,-1124.8464,0
Акмолинская область,Астраханский,2012,17.9875,183.3039,1597.5177,3653.9012,135.093,20.6461,22.2398,891.8443,0.2702,0.2706,0.272,0.2648,0.2636,48.973,64.1959,2383.7659,117.445,-16.7585,0.1147,0.1452,-1414.2138,0
Акмолинская область,Астраханский,2013,14.7828,347.3142,1261.6218,3333.634,196.8741,16.7909,18.7109,722.4535,0.3785,0.3859,0.2511,0.3823,0.3621,16.3017,132.5013,1795.1646,204.7743,-14.7623,0.2753,0.2531,-914.3076,0
Акмолинская область,Астраханский,2014,15.1564,221.5697,1441.2062,3455.0811,129.5807,17.9151,20.0422,830.5287,0.29,0.3144,0.2426,0.3382,0.3024,21.5321,80.3531,1878.6479,193.1676,-14.3521,0.1537,0.1556,-1219.6365,0
Акмолинская область,Астраханский,2015,15.4057,222.3015,1386.6219,3529.3876,137.6189,18.9393,20.0951,903.9463,0.3756,0.3757,0.3011,0.2781,0.2575,26.458,42.1133,1913.68,177.2662,-12.1144,0.1603,0.1659,-1164.3204,0
Акмолинская область,Астраханский,2016,15.8804,277.3473,1324.5595,3409.8798,181.2808,17.0953,19.3962,702.7833,0.2835,0.3052,0.3112,0.3745,0.3421,73.8589,81.5043,1997.6236,208.722,-9.3064,0.2094,0.2514,-1047.2122,0
Акмолинская область,Астраханский,2017,16.2019,159.6469,1528.7733,3608.92,114.6962,18.8752,20.9001,866.622,0.2816,0.3149,0.2665,0.2947,0.2711,18.7351,52.3005,2057.9667,173.6105,-11.295,0.1044,0.1291,-1369.1264,0
Акмолинская область,Астраханский,2018,13.9904,257.6182,1274.6452,3259.6485,132.5821,16.4958,19.1357,753.4313,0.3483,0.3573,0.2981,0.2946,0.2744,45.147,44.6745,1668.9354,168.6154,-14.0079,0.2021,0.1683,-1017.027,0
Акмолинская область,Астраханский,2019,15.2091,219.4781,1442.1325,3529.8774,100.1511,18.1054,20.1241,868.1979,0.2854,0.3126,0.3033,0.2588,0.2651,55.7313,29.7096,1879.4941,166.0252,-13.1886,0.1522,0.1151,-1222.6545,0
Акмолинская область,Астраханский,2020,16.5946,295.4713,1522.868,3542.0788,176.0034,19.459,20.1664,878.3573,0.321,0.3479,0.257,0.34,0.3443,64.6969,94.7584,2131.3099,209.5695,-7.4321,0.194,0.196,-1227.3968,0
Акмолинская область,Астраханский,2021,16.1907,177.1921,1526.6607,3640.2446,104.5293,19.7485,20.7212,903.5564,0.2754,0.3043,0.2476,0.2893,0.2889,20.7073,58.0305,2060.673,153.1006,-14.1007,0.1161,0.1127,-1349.4686,0
Акмолинская область,Астраханский,2022,16.5502,152.1199,1457.5151,3469.2284,115.0094,19.2131,20.0233,839.2962,0.2512,0.29,0.2669,0.2853,0.2661,33.1716,67.6646,2119.9428,167.869,-10.226,0.1044,0.1259,-1305.3952,0
Акмолинская область,Астраханский,2023,16.3405,129.1735,951.0021,2596.1982,36.6318,20.1805,21.9192,600.2955,0.2867,0.3197,0.242,0.2381,0.2456,15.0714,8.9836,2100.4857,99.9975,-13.4794,0.1358,0.0588,-821.8286,0
Акмолинская область,Астраханский,2024,14.8003,370.4613,1136.6679,3315.6222,195.4873,17.5074,19.6242,666.961,0.4131,0.4112,0.343,0.3403,0.3278,37.4021,76.148,1798.301,136.7379,-12.5236,0.3259,0.2841,-766.2066,0
Акмолинская область,Астраханский,2025,16.503,342.7631,1314.9333,3417.7129,207.7564,19.3655,19.674,725.1828,0.3321,0.3656,0.356,0.289,0.3023,90.2344,51.8669,2111.2656,222.7292,-9.3066,0.2607,0.2718,-972.1701,0
Акмолинская область,Атбасарский,1991,16.5261,118.5074,1458.9155,3679.0678,69.1948,20.1478,20.7489,845.0398,0.1792,0.2329,0.143,0.1973,0.1729,11.9393,50.3078,2114.285,,,0.0812,0.0778,-1340.4081,0
Акмолинская область,Атбасарский,1992,13.2322,253.1787,1115.1084,3291.0615,133.9562,16.2811,17.8939,684.2283,0.2512,0.2641,0.2572,0.1986,0.1854,64.9464,37.0152,1545.0171,162.8647,-11.5787,0.227,0.1925,-861.9297,0
Акмолинская область,Атбасарский,1993,13.2609,326.7792,1092.2274,3322.3953,208.3048,16.5462,19.2222,653.8453,0.2833,0.303,0.3276,0.2491,0.2452,90.4306,74.022,1624.7692,165.7289,-12.2147,0.2992,0.3206,-765.4482,0
Акмолинская область,Атбасарский,1994,14.662,224.8386,1225.383,3352.6251,129.6219,18.456,19.6587,757.7094,0.2727,0.2924,0.1446,0.23,0.1967,11.1253,79.9314,1826.3396,139.8269,-16.5152,0.1835,0.161,-1000.5444,0
Акмолинская область,Атбасарский,1995,16.5248,197.7042,1441.3013,3591.0611,128.1435,18.6041,20.9684,872.2729,0.2462,0.2417,0.1658,0.2076,0.2111,17.5557,60.6324,2116.0065,155.0144,-12.1588,0.1372,0.1577,-1243.5972,0
Акмолинская область,Атбасарский,1996,14.1944,244.4603,1243.3572,3422.2597,88.217,18.6701,19.8395,786.9668,0.2758,0.2956,0.1792,0.1911,0.1801,28.2595,37.7349,1814.0021,166.0101,-16.2863,0.1966,0.1103,-998.8969,0
Акмолинская область,Атбасарский,1997,16.4391,141.5273,1499.6976,3577.2674,90.011,18.8312,20.3724,933.8662,0.2594,0.2679,0.1534,0.1674,0.1662,12.1556,31.1144,2099.329,179.6959,-13.1548,0.0944,0.1034,-1358.1703,0
Акмолинская область,Атбасарский,1998,16.2567,143.02,1510.5681,3653.5889,73.5678,20.6304,23.8732,990.73,0.2355,0.2624,0.1508,0.1751,0.1652,24.4278,31.6812,2216.8126,139.6169,-15.0037,0.0947,0.0786,-1367.5481,0
Акмолинская область,Атбасарский,1999,14.9987,289.6078,1273.6332,3447.9613,195.2773,17.2467,19.3781,747.4451,0.2318,0.2519,0.2493,0.2538,0.2651,80.8378,74.4527,1875.4674,147.6048,-9.7434,0.2274,0.264,-984.0254,0
Акмолинская область,Атбасарский,2000,15.6068,224.0989,1383.4413,3477.7421,137.2572,17.7348,20.764,843.6456,0.2728,0.2531,0.2363,0.1789,0.1841,54.4492,22.2077,1947.4122,167.2703,-10.2194,0.162,0.177,-1159.3424,0
Акмолинская область,Атбасарский,2001,15.1607,289.1393,1306.6139,3437.1925,158.8696,18.3952,18.4573,718.4116,0.1793,0.2152,0.2146,0.2712,0.246,55.8569,83.3927,1868.1518,191.7927,-12.3938,0.2213,0.2015,-1017.4747,0
Акмолинская область,Атбасарский,2002,14.7905,180.8593,1318.7921,3521.4081,121.6418,16.559,19.2906,742.2629,0.2585,0.2677,0.2398,0.1976,0.2015,50.1611,28.346,1831.4754,244.2391,-8.5724,0.1371,0.1718,-1137.9328,0
Акмолинская область,Атбасарский,2003,15.2913,291.6091,1186.9281,3358.3391,222.1489,17.3047,19.6622,690.0663,0.2666,0.2789,0.3094,0.2673,0.2762,87.3822,70.3645,1981.9352,145.7344,-15.0149,0.2457,0.3441,-895.319,0
Акмолинская область,Атбасарский,2004,16.4757,171.3613,1483.0532,3540.8076,74.8741,19.8801,20.6915,851.9969,0.1925,0.2369,0.153,0.1844,0.1653,22.4436,43.581,2108.3646,164.5374,-10.8038,0.1155,0.0806,-1311.6918,0
Акмолинская область,Атбасарский,2005,15.3893,267.1037,1205.5381,3556.6282,143.1228,19.0185,20.1035,730.2278,0.255,0.2711,0.2118,0.205,0.211,44.6861,50.7053,1937.6992,227.7311,-14.9229,0.2216,0.1902,-938.4344,0
Акмолинская область,Атбасарский,2006,16.187,161.7648,1451.2923,3405.528,97.2241,18.8447,20.3762,842.0781,0.2317,0.2399,0.184,0.1654,0.1646,44.7626,20.3401,2052.3463,97.5353,-13.8286,0.1115,0.1177,-1289.5275,0
Акмолинская область,Атбасарский,2007,15.9934,167.0793,1355.6283,3537.1927,105.3421,18.4577,20.2707,816.3573,0.2527,0.2729,0.1692,0.194,0.1769,27.5705,39.3589,2020.5764,209.9221,-8.3196,0.1232,0.1316,-1188.5489,0
Акмолинская область,Атбасарский,2008,16.5572,169.3362,1475.7972,3626.4446,114.8628,20.0819,21.7893,873.9491,0.1794,0.2081,0.1614,0.2318,0.2094,36.4056,59.1366,2126.2862,144.6185,-14.4225,0.1147,0.1334,-1306.461,0
Акмолинская область,Атбасарский,2009,15.0268,252.2008,1337.5867,3463.34,156.6982,17.4423,19.2084,781.7242,0.2492,0.2525,0.2089,0.2056,0.1768,41.8132,54.3489,1842.0151,126.3436,-12.2932,0.1885,0.2025,-1085.3859,0
Акмолинская область,Атбасарский,2010,16.81,118.8949,1571.24,3862.0181,55.7994,19.6285,22.3002,962.9481,0.1889,0.2195,0.1491,0.1616,0.1556,11.8315,27.4915,2171.9549,158.2124,-16.7224,0.0757,0.0603,-1452.3451,0
Акмолинская область,Атбасарский,2011,16.0862,243.8081,1357.4932,3501.3321,183.1093,17.9963,19.3006,735.4247,0.1933,0.2075,0.2611,0.2338,0.226,77.6516,66.8294,2033.7867,143.3905,-14.9613,0.1796,0.241,-1113.6851,0
Акмолинская область,Атбасарский,2012,18.5171,164.6449,1574.6548,3685.7398,116.8491,21.2304,22.7615,879.459,0.1884,0.1854,0.1598,0.1818,0.1623,27.8931,59.7828,2480.6578,120.3678,-16.5967,0.1046,0.1265,-1410.0099,0
Акмолинская область,Атбасарский,2013,15.0094,323.6834,1228.7643,3366.2613,174.9672,17.0925,18.9805,711.7121,0.2918,0.3037,0.1674,0.2832,0.2589,18.0737,112.6923,1836.7951,211.3089,-15.0101,0.2634,0.2309,-905.0809,0
Акмолинская область,Атбасарский,2014,15.2001,232.5168,1354.4557,3513.6085,157.107,17.9631,20.0608,788.3666,0.2259,0.2468,0.1648,0.2706,0.2498,39.2759,79.6247,1893.3124,204.675,-14.7066,0.1717,0.2012,-1121.939,0
Акмолинская область,Атбасарский,2015,15.492,230.0688,1326.2622,3561.211,145.0562,19.0359,20.2583,872.3216,0.3123,0.3127,0.2313,0.1779,0.1767,36.4389,33.5713,1943.231,169.2978,-12.459,0.1735,0.1836,-1096.1933,0
Акмолинская область,Атбасарский,2016,16.0495,253.1301,1292.4353,3447.0904,144.1041,17.306,19.7834,707.3067,0.2,0.2342,0.2263,0.2517,0.2301,61.9254,60.2222,2029.1913,224.2362,-9.1999,0.1959,0.2032,-1039.3052,0
Акмолинская область,Атбасарский,2017,16.3252,139.5832,1476.4783,3634.3053,92.9407,18.9362,21.1528,849.9273,0.2031,0.2374,0.1743,0.1859,0.1715,17.7633,37.7901,2080.8784,171.2696,-11.6065,0.0945,0.1081,-1336.895,0
Акмолинская область,Атбасарский,2018,14.3555,229.4579,1285.2145,3360.4827,122.8174,16.9276,19.6073,767.694,0.2705,0.2826,0.2099,0.1888,0.1868,37.4011,31.7981,1739.6558,181.0697,-14.2353,0.1785,0.1543,-1055.7566,0
Акмолинская область,Атбасарский,2019,15.5423,207.1832,1429.9274,3532.9812,79.8057,18.7008,20.5629,872.5562,0.1904,0.2266,0.2052,0.1549,0.1653,47.3791,20.3036,1940.7965,167.6854,-13.1719,0.1449,0.0907,-1222.7442,0
Акмолинская область,Атбасарский,2020,16.612,261.7525,1469.1979,3565.8224,126.2362,19.5211,20.331,854.0809,0.2553,0.283,0.17,0.2341,0.2366,44.4971,61.5603,2134.8656,212.7981,-7.6661,0.1782,0.1464,-1207.4454,0
Акмолинская область,Атбасарский,2021,16.4596,155.5199,1480.176,3679.997,93.7931,20.0851,21.2483,896.9622,0.1952,0.2302,0.1608,0.1908,0.187,21.1633,48.2031,2110.1275,160.7966,-14.2343,0.1051,0.1043,-1324.6561,0
Акмолинская область,Атбасарский,2022,16.6009,141.7386,1390.5042,3509.3397,103.2347,19.2688,20.2912,814.0643,0.1664,0.2127,0.1635,0.1957,0.1777,23.2021,69.6423,2129.4246,177.6849,-10.3075,0.1019,0.118,-1248.7655,0
Акмолинская область,Атбасарский,2023,16.4442,133.3549,900.0598,2597.1692,40.6444,20.2764,21.9167,564.3407,0.2097,0.2448,0.1574,0.1523,0.1615,17.0544,9.4169,2105.1531,103.6625,-13.5214,0.1482,0.0689,-766.7049,0
Акмолинская область,Атбасарский,2024,14.9246,342.2372,1128.2523,3368.9956,197.6489,17.6359,19.795,670.3757,0.3485,0.3473,0.2568,0.2548,0.247,35.5744,69.3613,1821.0677,154.9921,-12.6521,0.3033,0.289,-786.0151,0
Акмолинская область,Атбасарский,2025,16.8821,313.5254,1316.0604,3453.9119,187.9014,19.6923,20.1084,737.6661,0.2589,0.2867,0.2524,0.195,0.2095,71.9994,45.5513,2180.7107,215.295,-9.2217,0.2382,0.2465,-1002.5351,0
Акмолинская область,Биржан сал,1991,15.6751,192.4713,1290.8802,3461.5382,78.1259,19.6507,19.5947,733.05,0.283,0.3206,0.293,0.3177,0.2856,27.4194,44.9831,1958.2335,,,0.1491,0.0923,-1098.4089,0
Акмолинская область,Биржан сал,1992,12.1437,295.2179,991.8648,3137.8258,162.6432,15.4494,16.7523,603.9768,0.3619,0.3673,0.3509,0.3515,0.321,57.9042,81.7059,1389.3446,110.7187,-12.1379,0.2976,0.2528,-696.6469,0
Акмолинская область,Биржан сал,1993,12.6298,379.1228,961.0571,3191.4831,249.033,15.6966,18.4052,569.6455,0.4196,0.4282,0.4055,0.4097,0.3884,67.0935,130.0235,1482.4355,127.6578,-12.1182,0.3945,0.4297,-581.9342,0
Акмолинская область,Биржан сал,1994,13.6683,294.7555,1066.9236,3176.1417,151.7218,17.3335,18.5776,640.4577,0.3827,0.3909,0.2849,0.4009,0.3428,28.147,92.1572,1642.6295,124.246,-16.1512,0.2763,0.2118,-772.1681,0
Акмолинская область,Биржан сал,1995,14.908,283.6849,1214.3865,3401.0693,187.4176,16.7782,18.7574,691.7713,0.3839,0.3494,0.3521,0.3891,0.353,43.4715,95.1362,1819.8867,109.2141,-12.1923,0.2336,0.2731,-930.7016,0
Акмолинская область,Биржан сал,1996,12.501,358.5554,979.8742,3173.8046,181.8811,16.7605,17.6381,587.969,0.4032,0.4063,0.3434,0.4115,0.3916,66.197,92.8985,1527.1356,146.1843,-15.8764,0.3659,0.2905,-621.3188,0
Акмолинская область,Биржан сал,1997,15.1577,176.6375,1313.3888,3393.2103,117.5475,16.9842,18.5172,776.663,0.3829,0.3728,0.2917,0.3365,0.3078,19.5497,51.5392,1864.42,118.467,-13.2111,0.1345,0.1607,-1136.7513,0
Акмолинская область,Биржан сал,1998,14.6043,248.7871,1236.971,3389.2581,143.116,18.3905,21.6978,785.8766,0.4015,0.3892,0.2948,0.3545,0.3363,38.0882,69.7926,1909.5886,93.5191,-15.8293,0.2011,0.192,-988.1839,0
Акмолинская область,Биржан сал,1999,14.1722,294.3052,1197.8982,3401.4007,164.8966,17.0199,18.4279,684.6137,0.3275,0.3424,0.3783,0.3324,0.3323,99.6639,42.0075,1742.1116,117.2262,-9.8947,0.2457,0.2273,-903.593,0
Акмолинская область,Биржан сал,2000,14.0409,337.3944,1112.1914,3260.5325,213.2529,16.3252,18.6459,643.2981,0.4106,0.3718,0.4074,0.3501,0.3163,91.3061,52.0578,1660.2115,110.2768,-10.7382,0.3034,0.341,-774.7969,0
Акмолинская область,Биржан сал,2001,14.0333,366.2997,1125.5285,3259.656,204.6225,17.0676,17.0946,582.2979,0.3377,0.3467,0.3927,0.4237,0.3921,88.4455,96.2858,1662.232,169.6233,-14.08,0.3254,0.3065,-759.2288,0
Акмолинская область,Биржан сал,2002,13.3832,263.2777,1124.5717,3373.6689,143.2905,15.8131,17.7402,617.5675,0.3787,0.383,0.3552,0.3849,0.3385,46.1392,67.9294,1639.0015,187.2903,-9.2069,0.2341,0.2251,-861.294,0
Акмолинская область,Биржан сал,2003,14.7095,244.0696,1159.5911,3284.6073,160.7666,16.9258,18.8766,643.91,0.3735,0.3659,0.3848,0.3565,0.3088,60.7493,57.0868,1848.2144,126.5413,-15.5353,0.2105,0.2437,-915.5216,0
Акмолинская область,Биржан сал,2004,15.1503,250.7305,1302.5607,3385.0713,133.6082,18.9765,19.424,741.7206,0.3469,0.3513,0.2946,0.3561,0.343,59.7199,48.5541,1922.0953,105.825,-11.0701,0.1925,0.1657,-1051.8301,0
Акмолинская область,Биржан сал,2005,14.2243,407.9207,1005.1575,3320.323,284.4281,17.5018,18.7234,568.2467,0.3979,0.3946,0.3839,0.4189,0.4173,139.8459,85.6572,1712.2994,155.2964,-15.2767,0.4058,0.4535,-597.2368,0
Акмолинская область,Биржан сал,2006,14.14,280.2929,1156.1559,3177.9885,142.5251,17.2496,18.599,661.0404,0.4162,0.418,0.3346,0.3586,0.3689,89.7249,28.2093,1711.5912,91.9086,-16.0724,0.2424,0.2132,-875.8631,0
Акмолинская область,Биржан сал,2007,15.2234,242.1557,1245.1364,3392.2261,170.267,17.3516,18.9523,691.3889,0.3835,0.3803,0.3184,0.3828,0.3536,32.3014,88.2595,1878.1333,176.3823,-8.2767,0.1945,0.2389,-1002.9807,0
Акмолинская область,Биржан сал,2008,15.1546,182.0043,1301.7916,3438.5394,98.593,18.7317,20.6075,790.593,0.3488,0.3249,0.295,0.3202,0.2845,24.0587,36.8727,1869.5958,112.2965,-13.9806,0.1398,0.1312,-1119.7874,0
Акмолинская область,Биржан сал,2009,13.7589,332.9737,1138.1589,3263.068,213.4054,16.226,17.7054,643.9573,0.3824,0.359,0.3563,0.3788,0.342,45.0376,101.6081,1609.9532,102.2383,-13.2105,0.2926,0.3189,-805.1851,0
Акмолинская область,Биржан сал,2010,15.1698,154.6991,1353.6651,3643.7276,98.6618,17.3825,20.1208,809.2561,0.3328,0.3429,0.3175,0.3038,0.3008,59.2955,19.2863,1877.5005,130.1965,-19.7177,0.1143,0.1282,-1198.966,0
Акмолинская область,Биржан сал,2011,14.8527,312.2202,1155.9712,3311.209,234.7323,16.6287,17.9053,606.2043,0.3621,0.3387,0.3756,0.3851,0.3846,74.7484,92.4093,1806.0827,104.4842,-16.4087,0.2701,0.3725,-843.751,0
Акмолинская область,Биржан сал,2012,16.8261,213.7598,1340.5494,3492.8441,145.8469,19.3798,21.2118,748.4418,0.3429,0.3289,0.3425,0.3107,0.2972,68.3618,48.6699,2170.9053,88.982,-16.085,0.1595,0.194,-1126.7896,0
Акмолинская область,Биржан сал,2013,13.6707,400.6968,1065.0464,3277.2265,174.2092,15.8536,17.8588,610.9409,0.4126,0.4165,0.291,0.3958,0.3707,13.9563,115.2194,1592.3304,168.221,-15.7013,0.3762,0.2543,-664.3497,0
Акмолинская область,Биржан сал,2014,14.0956,230.2588,1227.4516,3382.0707,147.7685,16.662,18.8124,678.2904,0.3301,0.3473,0.314,0.3939,0.3405,31.3759,86.6968,1696.5666,145.2089,-14.7084,0.1876,0.2082,-997.1928,0
Акмолинская область,Биржан сал,2015,14.4466,297.45,1166.3304,3362.8952,182.5286,17.939,18.7846,714.7984,0.3908,0.3873,0.354,0.3701,0.3293,47.4228,80.6688,1735.2496,141.0502,-11.5177,0.255,0.2612,-868.8804,0
Акмолинская область,Биржан сал,2016,15.1406,334.5178,1104.5213,3324.5289,227.8867,16.3632,18.6452,562.8881,0.3325,0.3394,0.395,0.4451,0.428,94.3146,113.7821,1861.8923,152.4902,-10.8157,0.3029,0.3752,-770.0035,0
Акмолинская область,Биржан сал,2017,15.2161,191.2854,1320.9758,3481.4085,145.2392,17.9158,19.7372,717.6136,0.3222,0.3349,0.3016,0.3912,0.3446,27.9033,86.8316,1876.4885,153.5797,-12.3322,0.1448,0.1865,-1129.6904,0
Акмолинская область,Биржан сал,2018,12.9034,378.2544,1058.512,3132.9685,198.1458,15.2761,17.8098,607.4406,0.4132,0.3993,0.3577,0.3764,0.3511,62.2393,78.1015,1489.9598,130.1465,-14.6752,0.3573,0.3045,-680.2576,0
Акмолинская область,Биржан сал,2019,14.0412,259.2719,1187.0384,3438.3924,106.858,16.6533,18.9603,716.336,0.3779,0.3788,0.3703,0.3079,0.2931,49.4023,31.1022,1695.1702,142.3364,-14.4829,0.2184,0.1509,-927.7666,0
Акмолинская область,Биржан сал,2020,16.2645,241.5051,1383.5996,3518.4727,121.9402,18.9708,19.7897,779.6617,0.3374,0.3665,0.2973,0.3446,0.3385,51.9233,60.3708,2071.5444,154.4463,-7.8286,0.1745,0.1499,-1142.0945,0
Акмолинская область,Биржан сал,2021,15.4347,175.8203,1329.8202,3547.3545,86.654,19.0608,19.8137,758.536,0.3239,0.3467,0.2976,0.3022,0.2854,26.1996,28.1345,1922.5243,119.636,-14.6832,0.1322,0.1033,-1153.9999,0
Акмолинская область,Биржан сал,2022,15.6979,213.3784,1274.6068,3383.4016,137.5941,18.4377,18.9468,710.9051,0.2869,0.3145,0.3244,0.3387,0.2954,52.2023,71.2711,1964.1277,120.9493,-10.2738,0.1674,0.1702,-1061.2284,0
Акмолинская область,Биржан сал,2023,15.7031,116.0514,863.1403,2533.1355,31.3899,19.3109,21.0403,523.6175,0.3059,0.3189,0.282,0.2798,0.2794,14.0111,8.1022,1977.4128,76.7601,-13.0999,0.1345,0.0567,-747.0889,0
Акмолинская область,Биржан сал,2024,14.1305,345.6067,986.0628,3136.8227,223.96,16.6599,18.9362,567.2033,0.4201,0.4134,0.4077,0.4079,0.3953,52.9398,85.7626,1675.2869,102.4956,-13.2635,0.3505,0.3852,-640.4562,0
Акмолинская область,Биржан сал,2025,15.858,358.5949,1172.7261,3250.6254,189.5444,18.7532,19.1715,647.6237,0.3851,0.381,0.3554,0.3505,0.3072,67.9557,75.7513,1992.3861,163.2647,-9.0756,0.3058,0.2708,-814.1311,0
Акмолинская область,Буландынский,1991,15.4309,165.9369,1536.3789,3557.3587,85.2564,19.1962,19.4587,881.8173,0.2969,0.3458,0.2831,0.3265,0.2985,22.7795,55.0176,1913.4884,,,0.108,0.0876,-1370.4419,0
Акмолинская область,Буландынский,1992,11.9726,317.2288,1124.0951,3178.6123,181.9308,15.2406,16.5297,678.8779,0.3801,0.3776,0.3689,0.3577,0.3311,69.8713,80.3479,1359.4303,157.8223,-12.1813,0.2822,0.2503,-806.8663,0
Акмолинская область,Буландынский,1993,12.2221,373.529,1097.4077,3222.5063,242.0522,15.4095,17.9744,640.9788,0.4142,0.428,0.4234,0.4223,0.4114,81.677,112.527,1439.9735,176.2395,-12.5226,0.3404,0.3656,-723.8787,0
Акмолинская область,Буландынский,1994,13.4883,266.6283,1261.0662,3216.6723,160.4619,17.2625,18.434,765.7274,0.3909,0.4079,0.2687,0.3886,0.3293,21.6132,100.1852,1623.1012,145.3587,-16.6327,0.2114,0.1886,-994.4379,0
Акмолинская область,Буландынский,1995,15.0931,236.9722,1492.5505,3469.1421,151.6606,17.0454,19.258,882.319,0.375,0.3519,0.3315,0.347,0.304,36.048,61.1573,1854.2472,132.1603,-12.5582,0.1588,0.1807,-1255.5783,0
Акмолинская область,Буландынский,1996,12.914,311.6576,1259.4207,3238.6697,145.0322,17.2291,18.2287,775.2855,0.4026,0.4095,0.3276,0.3653,0.3469,48.5665,65.9459,1591.5998,174.5918,-16.4337,0.2475,0.18,-947.7631,0
Акмолинская область,Буландынский,1997,15.1684,154.2208,1565.9719,3436.9011,107.5659,17.168,18.6924,942.0646,0.3822,0.381,0.2703,0.3177,0.2998,10.198,48.4906,1866.3016,159.9858,-13.744,0.0985,0.1227,-1411.7511,0
Акмолинская область,Буландынский,1998,14.748,216.5883,1503.0504,3483.718,116.3823,18.6856,22.0097,977.2019,0.391,0.3931,0.2776,0.3397,0.3116,27.7615,59.6307,1947.6619,125.4571,-15.8301,0.1441,0.1273,-1286.4621,0
Акмолинская область,Буландынский,1999,14.0901,298.935,1395.1505,3418.6923,186.6415,16.6076,18.3178,796.538,0.3361,0.3561,0.3565,0.3598,0.3756,88.1461,66.5082,1725.6411,144.749,-10.1692,0.2143,0.2252,-1096.2155,0
Акмолинская область,Буландынский,2000,13.9177,342.4696,1324.6077,3304.934,235.8208,15.8928,18.4688,754.411,0.4128,0.379,0.4243,0.365,0.3688,120.0912,42.5654,1637.5306,154.4508,-10.9123,0.2585,0.3316,-982.1382,0
Акмолинская область,Буландынский,2001,13.9732,328.7389,1342.9712,3305.7993,175.3099,17.1361,17.1357,716.2022,0.3378,0.3461,0.3317,0.4161,0.3816,47.5007,103.8775,1650.7711,183.7431,-13.5023,0.2448,0.216,-1014.2323,0
Акмолинская область,Буландынский,2002,13.3562,278.3736,1321.9972,3436.5292,156.4147,15.4504,17.666,720.4688,0.3902,0.3916,0.3895,0.3621,0.3452,69.4954,46.2119,1609.8282,244.8396,-9.3393,0.2106,0.2162,-1043.6236,0
Акмолинская область,Буландынский,2003,14.4932,256.3719,1319.7279,3283.0731,178.6838,16.689,18.7429,745.2466,0.3675,0.382,0.4079,0.3472,0.325,72.6616,59.4826,1837.8105,139.7952,-15.548,0.1943,0.241,-1063.356,0
Акмолинская область,Буландынский,2004,15.2681,191.9908,1571.839,3461.4072,68.803,18.9194,19.5452,905.9657,0.3222,0.3471,0.2681,0.3124,0.2849,21.2501,35.4732,1928.2578,138.3174,-11.1357,0.1221,0.0701,-1379.8482,0
Акмолинская область,Буландынский,2005,14.2045,364.4396,1217.0462,3393.6542,238.3792,17.6105,18.7339,696.6341,0.3883,0.3998,0.3635,0.4005,0.4017,107.1936,72.4324,1720.7058,209.6911,-15.3406,0.2994,0.3138,-852.6065,0
Акмолинская область,Буландынский,2006,14.2812,267.3039,1384.1576,3209.0246,136.6581,17.1725,18.5031,781.5698,0.4035,0.403,0.3371,0.3434,0.3392,72.4281,34.7878,1702.8755,100.2429,-15.3564,0.1931,0.1735,-1116.8537,0
Акмолинская область,Буландынский,2007,14.884,215.398,1415.6592,3436.1441,156.7329,17.0916,18.7641,811.1726,0.4007,0.3911,0.3145,0.3605,0.3325,33.0927,67.4151,1816.589,207.0055,-8.6625,0.1522,0.1917,-1200.2612,0
Акмолинская область,Буландынский,2008,15.1004,172.1725,1520.1878,3504.6451,92.8164,18.6352,20.3996,908.7828,0.3153,0.3189,0.2876,0.3268,0.2889,25.9843,43.5537,1859.6499,136.8102,-14.6372,0.1133,0.1049,-1348.0154,0
Акмолинская область,Буландынский,2009,13.4789,368.1449,1305.5784,3347.297,231.1859,15.8583,17.4335,740.9899,0.393,0.375,0.3498,0.3835,0.3486,43.7869,103.3312,1565.6589,120.5858,-13.1555,0.282,0.3058,-937.4335,0
Акмолинская область,Буландынский,2010,15.3921,121.6286,1657.9959,3754.3407,68.5143,17.8904,20.4999,994.3459,0.3135,0.3385,0.2972,0.2913,0.282,24.8141,26.2424,1931.3549,141.4311,-18.5347,0.0734,0.0708,-1536.3673,0
Акмолинская область,Буландынский,2011,14.7751,284.1612,1375.0732,3367.2053,218.5815,16.6356,17.8608,723.3049,0.3383,0.323,0.3755,0.3826,0.377,67.9818,104.5039,1792.5042,139.3822,-16.204,0.2067,0.2875,-1090.912,0
Акмолинская область,Буландынский,2012,16.8311,209.1171,1598.9156,3556.4733,134.462,19.4913,21.2136,901.3273,0.3348,0.3206,0.319,0.2997,0.2974,56.7165,52.6742,2172.0009,117.532,-16.8962,0.1308,0.1453,-1389.7985,0
Акмолинская область,Буландынский,2013,13.5777,382.7695,1235.8764,3300.7971,198.8377,15.677,17.6552,715.1971,0.4244,0.4291,0.2926,0.414,0.3782,16.0408,127.686,1574.9976,196.4079,-15.297,0.3097,0.2533,-853.1069,0
Акмолинская область,Буландынский,2014,13.9616,233.0882,1424.9952,3395.545,152.8266,16.6662,18.6862,796.2185,0.3221,0.345,0.2904,0.3957,0.3752,35.4274,97.5104,1686.637,184.0146,-14.8349,0.1636,0.1835,-1191.907,0
Акмолинская область,Буландынский,2015,14.3161,288.3459,1373.2658,3425.2788,173.7383,17.8143,18.8199,878.8262,0.4174,0.4169,0.3481,0.3521,0.3109,35.8637,66.3123,1726.3588,170.1458,-12.2194,0.21,0.2108,-1084.9199,0
Акмолинская область,Буландынский,2016,14.8642,315.9196,1288.6401,3342.3903,192.3175,16.1168,18.4422,668.4165,0.3345,0.3519,0.3629,0.4284,0.4071,74.1351,95.4353,1811.7107,224.2947,-10.4138,0.2452,0.2713,-972.7206,0
Акмолинская область,Буландынский,2017,14.9545,184.088,1506.7394,3536.9908,141.3029,17.6256,19.5507,833.784,0.3339,0.3484,0.3041,0.3657,0.3351,23.1436,77.8228,1829.694,187.3901,-12.0851,0.1222,0.1589,-1322.6513,0
Акмолинская область,Буландынский,2018,12.8673,338.5365,1263.565,3170.4982,176.0263,15.3973,17.8966,737.7944,0.3875,0.3876,0.3424,0.3538,0.3217,49.6946,81.2511,1490.517,155.3545,-14.5564,0.2679,0.221,-925.0285,0
Акмолинская область,Буландынский,2019,13.9853,279.9951,1393.5612,3454.6317,121.9941,16.705,18.789,824.6734,0.3626,0.3682,0.351,0.319,0.3116,46.3481,49.9039,1671.4263,170.1127,-14.2317,0.2009,0.1467,-1113.5661,0
Акмолинская область,Буландынский,2020,15.7351,299.3381,1562.2028,3508.9226,165.1233,18.582,19.3079,896.4251,0.3486,0.3759,0.2916,0.3636,0.377,63.3552,87.2494,1974.3898,207.955,-8.0297,0.1916,0.1777,-1262.8647,0
Акмолинская область,Буландынский,2021,15.193,156.5131,1556.339,3594.1213,72.0745,18.8147,19.7384,915.4471,0.3156,0.3399,0.2795,0.2949,0.2844,17.6296,28.8373,1894.3109,142.1832,-14.8995,0.1006,0.0743,-1399.8259,0
Акмолинская область,Буландынский,2022,15.5036,193.72,1487.0859,3414.4761,133.7462,18.2291,18.8888,839.4946,0.2824,0.3154,0.322,0.323,0.2923,49.2958,68.5568,1928.7563,158.2092,-10.8035,0.1303,0.1409,-1293.3659,0
Акмолинская область,Буландынский,2023,15.3008,134.5233,960.0487,2536.0892,35.1199,19.0207,20.7564,597.753,0.3174,0.3455,0.285,0.2871,0.2814,15.2362,10.2631,1935.7723,103.9718,-13.7653,0.1401,0.0557,-825.5254,0
Акмолинская область,Буландынский,2024,13.7399,393.5089,1112.0396,3259.034,234.4572,16.4732,18.6019,647.6457,0.438,0.4313,0.4122,0.4033,0.3915,57.2769,98.8894,1604.2925,129.5261,-13.4957,0.3539,0.3473,-718.5307,0
Акмолинская область,Буландынский,2025,15.5048,327.3194,1325.07,3322.6111,172.9906,18.4407,18.7914,728.7105,0.376,0.3923,0.3647,0.326,0.3059,65.8817,54.8033,1928.3411,206.5202,-9.8651,0.247,0.2214,-997.7505,0
Акмолинская область,Бурабайский,1991,14.6362,240.9593,1283.8095,3448.1414,96.947,18.4809,18.4625,736.9242,0.2594,0.3015,0.2482,0.2842,0.2562,31.7285,58.9521,1767.7307,,,0.1877,0.114,-1042.8502,0
Акмолинская область,Бурабайский,1992,11.3144,346.5866,997.5692,3091.9404,202.5232,14.4463,15.7437,598.1492,0.331,0.3299,0.3342,0.3256,0.2971,62.4882,111.3655,1248.4383,116.6173,-12.0555,0.3474,0.3174,-650.9826,0
Акмолинская область,Бурабайский,1993,11.7402,410.4923,965.0473,3148.1404,252.7221,14.8728,17.4749,567.5323,0.3828,0.3915,0.3801,0.3961,0.3864,75.467,129.1979,1352.4621,146.645,-12.3757,0.4254,0.4291,-554.5551,0
Акмолинская область,Бурабайский,1994,12.6596,333.5602,1066.0414,3133.3,173.1422,16.2676,17.5436,643.202,0.3697,0.3748,0.238,0.3631,0.3134,22.472,109.8638,1494.7855,141.2496,-15.9928,0.3129,0.241,-732.4811,0
Акмолинская область,Бурабайский,1995,14.073,291.063,1233.6503,3381.5908,192.5989,15.871,17.8682,710.1158,0.3548,0.3363,0.3249,0.3454,0.3135,45.5089,89.1247,1667.0162,124.878,-12.1272,0.2359,0.278,-942.5873,0
Акмолинская область,Бурабайский,1996,11.7151,358.0295,1005.8535,3158.5222,160.7193,16.0127,16.9132,613.9651,0.375,0.3821,0.3032,0.3602,0.3388,57.8567,82.0487,1405.5552,149.7583,-15.9017,0.3559,0.2479,-647.824,0
Акмолинская область,Бурабайский,1997,14.097,207.5166,1310.9269,3362.6762,139.867,15.8749,17.2827,772.6306,0.3529,0.3482,0.2635,0.3055,0.29,27.5433,61.4962,1669.7448,142.8271,-13.3301,0.1583,0.1935,-1103.4103,0
Акмолинская область,Бурабайский,1998,13.6638,277.9941,1244.1103,3381.6152,148.9715,17.5219,20.727,801.5698,0.3688,0.3674,0.2608,0.3165,0.2954,45.5319,64.452,1774.0398,109.0493,-15.3692,0.2234,0.1985,-966.1162,0
Акмолинская область,Бурабайский,1999,13.276,299.0932,1216.161,3323.3533,175.717,15.9684,17.3772,688.7901,0.2906,0.3025,0.337,0.3154,0.3131,99.1116,54.0885,1591.9653,142.9576,-9.9874,0.2459,0.2392,-917.0678,0
Акмолинская область,Бурабайский,2000,13.2214,381.7809,1132.3778,3207.818,253.1383,15.3872,17.6729,638.3902,0.3675,0.3362,0.3847,0.3357,0.322,104.6689,61.2687,1509.7825,122.7708,-10.6818,0.3371,0.4058,-750.5969,0
Акмолинская область,Бурабайский,2001,12.9723,422.5351,1106.355,3245.7458,235.2992,16.0836,16.1152,588.6569,0.3106,0.3206,0.3515,0.3922,0.3737,77.9336,128.6764,1489.9478,193.3116,-13.7556,0.3819,0.3511,-683.8199,0
Акмолинская область,Бурабайский,2002,12.3379,294.5892,1103.4151,3323.3728,155.093,14.6969,16.6251,603.2691,0.3676,0.3658,0.3501,0.3345,0.3154,57.5203,45.9525,1467.5321,216.0971,-9.4517,0.267,0.2504,-808.826,0
Акмолинская область,Бурабайский,2003,13.8683,258.5265,1166.4791,3229.668,186.043,15.962,18.0718,658.5473,0.3525,0.3467,0.3593,0.34,0.3123,59.0773,71.467,1729.127,139.1338,-15.4113,0.2216,0.2861,-907.9526,0
Акмолинская область,Бурабайский,2004,14.3176,251.5321,1347.9055,3379.9011,122.7823,18.0275,18.5529,774.2068,0.2956,0.3105,0.2429,0.3075,0.2919,51.9174,55.3344,1789.766,127.6371,-10.853,0.1866,0.1457,-1096.3734,0
Акмолинская область,Бурабайский,2005,13.4416,411.6383,1018.1342,3275.2774,262.4858,16.677,17.8787,579.674,0.3622,0.3625,0.3617,0.373,0.3749,128.1414,73.4561,1593.6184,180.5162,-15.1743,0.4043,0.4152,-606.4959,0
Акмолинская область,Бурабайский,2006,13.2135,336.7219,1149.8761,3114.4087,170.5403,16.2308,17.4924,658.2647,0.3865,0.387,0.3246,0.3416,0.3511,99.3272,39.9939,1560.6395,110.6811,-15.2905,0.2928,0.2565,-813.1542,0
Акмолинская область,Бурабайский,2007,14.0417,314.7331,1207.5642,3358.1115,243.7089,16.1099,17.7474,677.2635,0.3812,0.3766,0.3117,0.3667,0.3509,45.3686,128.8677,1662.0054,190.0781,-8.6324,0.2606,0.3539,-892.8312,0
Акмолинская область,Бурабайский,2008,14.0922,233.5083,1291.3253,3399.7008,150.7245,17.488,19.3344,774.3814,0.3101,0.2921,0.2738,0.3189,0.2916,35.973,73.1528,1674.7683,125.5209,-14.0667,0.1808,0.2061,-1057.8171,0
Акмолинская область,Бурабайский,2009,12.9158,377.0201,1158.1802,3259.7674,222.6856,15.3639,16.8778,665.4955,0.3514,0.3271,0.3108,0.3495,0.3136,41.2853,111.505,1479.6172,109.3329,-12.9034,0.3255,0.3234,-781.1601,0
Акмолинская область,Бурабайский,2010,14.5513,122.6211,1425.6083,3634.7733,70.2106,16.8339,19.563,861.7662,0.2914,0.3102,0.2561,0.2407,0.2324,30.8464,22.1168,1794.159,146.0723,-18.9499,0.086,0.0861,-1302.9872,0
Акмолинская область,Бурабайский,2011,13.8643,349.3057,1132.1696,3235.9627,246.4497,15.6212,16.8255,590.6546,0.3293,0.3085,0.3589,0.3586,0.3487,78.2773,94.7932,1625.3476,120.8229,-16.0152,0.3085,0.3981,-782.8639,0
Акмолинская область,Бурабайский,2012,15.961,220.4117,1368.6547,3454.069,141.7545,18.5054,20.308,774.0338,0.3031,0.2993,0.2874,0.2544,0.2455,63.6735,43.4047,2012.6393,110.9003,-16.381,0.161,0.1829,-1148.243,0
Акмолинская область,Бурабайский,2013,12.8384,457.7315,1071.2484,3235.9864,211.0001,14.9829,17.0068,620.7328,0.3817,0.3858,0.2487,0.3774,0.3577,13.4637,149.7646,1440.0167,192.7698,-15.4311,0.4273,0.3046,-613.5168,0
Акмолинская область,Бурабайский,2014,12.9396,316.0414,1189.3963,3347.1863,237.9999,15.5345,17.5318,653.5033,0.3116,0.3198,0.2839,0.4026,0.3872,60.9918,137.0514,1521.0579,162.9411,-14.6282,0.2657,0.342,-873.3549,0
Акмолинская область,Бурабайский,2015,13.4352,355.7914,1149.9716,3315.2607,214.6646,16.846,17.674,717.0784,0.3787,0.3808,0.347,0.3386,0.3109,68.0602,80.9929,1577.2441,167.4955,-11.4915,0.3094,0.3147,-794.1802,0
Акмолинская область,Бурабайский,2016,14.156,365.5906,1090.1339,3268.5724,230.1852,15.3513,17.7061,561.2998,0.3132,0.3276,0.3495,0.4114,0.4015,96.0123,113.2849,1681.8703,208.1989,-10.5667,0.3354,0.3809,-724.5433,0
Акмолинская область,Бурабайский,2017,14.0882,213.3106,1301.0233,3434.0393,151.6873,16.7141,18.6405,717.5702,0.3096,0.3207,0.2712,0.3418,0.3037,31.9165,86.6066,1683.5555,173.88,-12.4751,0.164,0.1966,-1087.7127,0
Акмолинская область,Бурабайский,2018,12.0849,415.4113,1074.5042,3119.7081,211.3733,14.4499,16.9653,623.1337,0.374,0.3634,0.3234,0.3461,0.3232,59.5651,89.7768,1366.3851,134.8946,-14.047,0.3866,0.3168,-659.0929,0
Акмолинская область,Бурабайский,2019,13.1203,317.5033,1195.7313,3382.118,134.2791,15.8083,17.8874,713.907,0.3453,0.3481,0.3323,0.2929,0.2805,55.3953,49.9062,1549.0427,164.3955,-14.1929,0.2655,0.1876,-878.228,0
Акмолинская область,Бурабайский,2020,14.993,322.9106,1331.9956,3466.6611,173.0183,17.7103,18.3927,744.2861,0.317,0.3375,0.2508,0.3384,0.3468,62.5847,94.5721,1838.5458,174.0936,-7.9526,0.2424,0.2192,-1009.085,0
Акмолинская область,Бурабайский,2021,14.4872,198.7538,1349.0485,3548.8302,91.4782,18.0728,18.9267,783.3087,0.296,0.3197,0.2466,0.257,0.244,24.2189,36.3358,1776.6267,137.915,-14.7105,0.1473,0.1079,-1150.2947,0
Акмолинская область,Бурабайский,2022,14.7945,221.9835,1306.2381,3367.8129,155.504,17.3066,18.0231,726.8601,0.2501,0.2716,0.2928,0.3009,0.2688,62.1282,74.5388,1798.7954,138.9505,-10.3488,0.1699,0.1891,-1084.2547,0
Акмолинская область,Бурабайский,2023,14.7649,133.8434,865.6762,2486.7752,42.0168,18.3128,20.0031,532.0897,0.2774,0.2919,0.2394,0.2408,0.2267,17.3544,11.8758,1829.8088,92.9607,-12.9678,0.1546,0.0755,-731.8328,0
Акмолинская область,Бурабайский,2024,13.1928,426.8365,978.7249,3115.934,269.8419,15.7185,17.9353,569.2489,0.3948,0.3889,0.3848,0.3929,0.3911,73.5636,102.5036,1503.4556,118.7487,-13.3235,0.4361,0.4562,-551.8884,0
Акмолинская область,Бурабайский,2025,14.8231,356.5979,1155.8316,3219.7464,190.5979,17.6281,18.1066,648.6711,0.3458,0.3369,0.3261,0.3141,0.2774,72.1694,77.3173,1803.0451,163.6097,-9.218,0.3085,0.2778,-799.2337,0
Акмолинская область,Егиндыкольский,1991,16.3263,111.0286,1471.3299,3712.7767,71.2231,19.9211,20.6156,864.0905,0.2015,0.2547,0.1437,0.2035,0.1787,11.0138,51.3208,2078.0031,,,0.0755,0.0796,-1360.3013,0
Акмолинская область,Егиндыкольский,1992,13.0577,266.0647,1105.3574,3312.4625,148.0535,16.0839,17.7758,688.022,0.2994,0.3031,0.2736,0.2114,0.2323,73.4698,28.8344,1515.8483,162.9862,-11.0662,0.2407,0.2138,-839.2927,0
Акмолинская область,Егиндыкольский,1993,13.2456,290.6744,1114.1713,3345.128,190.9725,16.4475,19.1363,668.7825,0.3151,0.3289,0.3223,0.2612,0.2571,67.7573,73.5124,1605.1779,169.7111,-11.6575,0.2609,0.2913,-823.4969,0
Акмолинская область,Егиндыкольский,1994,14.8447,214.1467,1273.174,3411.5838,111.1996,18.6325,19.8087,789.3016,0.2721,0.2936,0.1466,0.2251,0.1939,11.2715,68.5853,1836.6534,132.9107,-16.0647,0.1682,0.1335,-1059.0273,0
Акмолинская область,Егиндыкольский,1995,16.3041,232.0278,1454.5592,3605.741,118.8973,18.5367,20.8371,893.8909,0.2632,0.2545,0.1852,0.1917,0.1889,22.2064,42.2883,2076.0183,150.5713,-11.7358,0.1595,0.1419,-1222.5315,0
Акмолинская область,Егиндыкольский,1996,14.0572,225.9562,1234.6217,3428.5427,82.7654,18.3846,19.5815,779.8898,0.2805,0.305,0.194,0.1958,0.1957,31.3102,35.1923,1778.4188,175.7058,-15.9311,0.183,0.1048,-1008.6655,0
Акмолинская область,Егиндыкольский,1997,16.4277,121.8973,1524.673,3613.5864,74.721,18.8001,20.2708,946.2617,0.2674,0.2771,0.144,0.1711,0.1751,5.007,31.5882,2097.2665,179.5121,-12.4106,0.0799,0.084,-1402.7757,0
Акмолинская область,Егиндыкольский,1998,16.053,191.3303,1504.1706,3642.4013,111.4584,20.1213,23.2548,965.2833,0.2616,0.2848,0.1575,0.2031,0.2167,23.1453,66.979,2149.8446,161.5035,-14.7132,0.1272,0.1204,-1312.8404,0
Акмолинская область,Егиндыкольский,1999,15.3215,260.3836,1367.0993,3517.6763,171.6841,17.5364,19.6786,797.516,0.2299,0.2614,0.2661,0.2475,0.2643,83.4852,60.2057,1916.1383,141.1844,-9.521,0.1905,0.2174,-1106.7158,0
Акмолинская область,Егиндыкольский,2000,15.5235,248.38,1382.0814,3462.8096,154.0237,17.4587,20.3899,833.8892,0.2926,0.2755,0.2752,0.2084,0.2229,68.4304,25.8122,1932.0662,163.9694,-10.2216,0.1797,0.2032,-1133.7014,0
Акмолинская область,Егиндыкольский,2001,15.1974,292.455,1350.5608,3474.3093,162.047,18.5371,18.4592,735.0067,0.1835,0.2262,0.2181,0.2943,0.2791,53.0725,93.3942,1875.0634,173.7465,-12.0201,0.2165,0.1974,-1058.1059,0
Акмолинская область,Егиндыкольский,2002,14.7411,199.3334,1315.7085,3517.9603,132.9835,16.5148,19.2197,742.5825,0.2712,0.2844,0.2768,0.2215,0.2454,68.3742,26.5495,1822.9988,232.5245,-8.2472,0.1515,0.1881,-1116.3751,0
Акмолинская область,Егиндыкольский,2003,15.4249,250.7416,1252.6984,3391.5049,184.7027,17.4959,19.634,712.5174,0.2712,0.2853,0.3028,0.2464,0.2506,74.9276,52.5028,1981.531,141.0904,-14.6263,0.2002,0.2663,-1001.9569,0
Акмолинская область,Егиндыкольский,2004,16.2357,186.0419,1466.7627,3547.5719,83.3271,19.5588,20.3829,847.1168,0.2074,0.2523,0.1616,0.2043,0.1815,28.985,45.0113,2064.4691,151.8419,-10.4088,0.1268,0.0911,-1280.7208,0
Акмолинская область,Егиндыкольский,2005,15.7362,226.4105,1310.8481,3598.4816,138.2157,19.168,20.2943,790.5372,0.2821,0.2915,0.2058,0.208,0.2081,27.405,49.7149,1972.7263,217.2662,-14.0866,0.1727,0.1722,-1084.4376,0
Акмолинская область,Егиндыкольский,2006,16.1203,160.4459,1486.9059,3418.8129,98.1606,18.7673,20.2041,851.8687,0.2271,0.2358,0.1987,0.17,0.1737,50.3502,20.572,2040.2106,98.9938,-13.526,0.1079,0.1168,-1326.46,0
Акмолинская область,Егиндыкольский,2007,16.0835,157.2487,1393.0915,3556.3948,110.5343,18.469,20.1401,825.7925,0.2514,0.2707,0.1767,0.2094,0.2021,34.4735,39.9804,2036.6975,196.8985,-7.9395,0.1129,0.1344,-1235.8429,0
Акмолинская область,Егиндыкольский,2008,16.5736,165.8326,1516.4268,3661.2414,103.2624,20.1174,21.7876,902.8986,0.1991,0.2228,0.1476,0.2309,0.1967,23.8871,57.9221,2129.1019,145.3557,-13.9995,0.1094,0.1174,-1350.5942,0
Акмолинская область,Егиндыкольский,2009,15.0983,216.4765,1397.7186,3503.5973,133.5164,17.5772,19.2503,816.3625,0.2451,0.2521,0.1983,0.2128,0.1869,31.6233,55.0322,1854.9979,119.6523,-11.6175,0.1549,0.1651,-1181.2421,0
Акмолинская область,Егиндыкольский,2010,16.7471,107.9118,1615.3164,3836.179,47.9333,19.4926,22.1255,987.4971,0.1838,0.2229,0.1484,0.1539,0.1574,13.6323,22.558,2157.852,142.6515,-16.1976,0.0668,0.0506,-1507.4047,0
Акмолинская область,Егиндыкольский,2011,16.1525,223.5188,1422.7644,3546.8632,161.1358,18.3319,19.5051,777.629,0.1888,0.2126,0.2219,0.2441,0.2323,53.207,79.6272,2045.7643,143.6636,-14.4587,0.1571,0.1979,-1199.2456,0
Акмолинская область,Егиндыкольский,2012,18.1861,188.4919,1570.6334,3710.9798,140.4762,20.8729,22.3926,881.1394,0.1899,0.2014,0.187,0.1871,0.1839,49.0319,67.903,2420.2118,119.1447,-16.3751,0.12,0.1523,-1382.1415,0
Акмолинская область,Егиндыкольский,2013,15.0497,315.5792,1271.7044,3407.3783,192.7929,17.1144,18.9971,729.4541,0.2963,0.3087,0.1783,0.3103,0.3003,19.3608,130.5164,1844.2436,208.5769,-14.3152,0.2482,0.2465,-956.1252,0
Акмолинская область,Егиндыкольский,2014,15.3883,204.9763,1423.0939,3534.0845,119.2381,18.1897,20.2844,828.5492,0.2186,0.2509,0.16,0.2519,0.2094,12.5478,78.2568,1920.5151,194.411,-14.0004,0.144,0.1446,-1218.1176,0
Акмолинская область,Егиндыкольский,2015,15.6149,200.9512,1371.8223,3598.6822,127.4355,19.1483,20.3731,902.0042,0.3184,0.3199,0.2343,0.1784,0.189,22.2128,31.2523,1953.0142,184.9627,-11.7568,0.1465,0.1556,-1170.8711,0
Акмолинская область,Егиндыкольский,2016,16.0462,224.4184,1328.9436,3462.3607,148.441,17.3021,19.5676,717.4291,0.2061,0.2399,0.2232,0.2709,0.242,60.6553,67.0001,2027.8955,207.7678,-8.7905,0.1689,0.2052,-1104.5253,0
Акмолинская область,Егиндыкольский,2017,16.4523,149.5867,1526.0815,3666.3962,99.8074,19.2475,21.2903,881.0865,0.1979,0.2413,0.1794,0.201,0.1926,18.2249,48.207,2104.2022,158.4204,-11.1239,0.098,0.1115,-1376.4948,0
Акмолинская область,Егиндыкольский,2018,14.2072,229.1131,1281.7007,3373.5865,118.9958,16.7842,19.4498,760.2559,0.2794,0.2922,0.2111,0.2078,0.2057,43.8859,35.9533,1712.1217,177.1814,-13.7392,0.1788,0.1497,-1052.5876,0
Акмолинская область,Егиндыкольский,2019,15.4135,208.1834,1444.3476,3602.0913,96.9002,18.3484,20.4143,885.8671,0.2068,0.2483,0.2392,0.1683,0.1969,66.9542,19.7153,1917.1618,170.2702,-12.9909,0.1441,0.111,-1236.1642,0
Акмолинская область,Егиндыкольский,2020,16.6021,272.1865,1496.4198,3594.1693,151.1171,19.6352,20.2235,873.7797,0.2467,0.2805,0.1808,0.2632,0.2736,63.8118,71.7826,2132.8438,213.8861,-7.3451,0.1819,0.1679,-1224.2333,0
Акмолинская область,Егиндыкольский,2021,16.2145,174.8649,1489.1392,3697.117,103.0448,19.7417,20.8642,897.9776,0.2084,0.2464,0.1747,0.2044,0.2134,25.3834,53.0627,2065.0678,157.4301,-13.8705,0.1174,0.115,-1314.2742,0
Акмолинская область,Егиндыкольский,2022,16.6007,134.9467,1418.4732,3540.5593,102.5001,19.3166,20.2426,831.9878,0.1887,0.2303,0.1597,0.2013,0.1977,21.4396,65.9594,2129.255,170.8413,-10.09,0.0951,0.1158,-1283.5264,0
Акмолинская область,Егиндыкольский,2023,16.4322,119.4475,934.567,2634.3858,37.7909,20.271,22.1405,598.5498,0.2281,0.2669,0.1576,0.144,0.165,14.4305,6.53,2120.809,96.1343,-13.2042,0.1278,0.0621,-815.1194,0
Акмолинская область,Егиндыкольский,2024,15.0055,327.6727,1153.9892,3383.8351,186.2526,17.7544,19.9258,686.3316,0.3427,0.3423,0.2587,0.26,0.2559,29.699,66.5843,1836.1872,137.5703,-12.05,0.2839,0.2665,-826.3165,0
Акмолинская область,Егиндыкольский,2025,16.8084,298.1704,1344.1163,3506.2333,187.533,19.7283,20.0426,750.1815,0.2571,0.2928,0.2702,0.2095,0.2298,76.598,49.7178,2167.3683,214.2546,-8.9783,0.2218,0.2383,-1045.9459,0
Акмолинская область,Ерейментауский,1991,15.8139,185.9821,1418.7133,3572.0639,95.542,19.6007,19.9841,825.1883,0.1819,0.2186,0.1773,0.2214,0.1776,27.2533,65.528,1984.573,,,0.1311,0.1069,-1232.7312,0
Акмолинская область,Ерейментауский,1992,12.7384,315.4518,1109.0083,3149.229,183.189,16.0504,17.5066,682.4709,0.2802,0.2713,0.2385,0.2368,0.2231,59.7503,81.6018,1464.7603,125.8506,-11.2867,0.2844,0.2578,-793.5565,0
Акмолинская область,Ерейментауский,1993,12.7931,377.9494,1043.6722,3228.3436,257.8954,15.6688,18.5015,609.3116,0.3249,0.3278,0.3189,0.3075,0.2854,73.8401,118.7693,1512.1103,140.4567,-11.5894,0.3621,0.4318,-665.7228,0
Акмолинская область,Ерейментауский,1994,14.066,353.2521,1181.3747,3267.7002,212.772,17.6819,18.9058,699.9572,0.2843,0.2911,0.1805,0.3049,0.2682,39.0334,118.8892,1687.8195,103.7534,-15.7386,0.299,0.2791,-828.1226,0
Акмолинская область,Ерейментауский,1995,15.144,315.8201,1315.8045,3455.1803,154.6564,17.1803,19.2887,768.5451,0.2755,0.2481,0.2283,0.2359,0.185,33.1681,63.2609,1863.9717,118.1274,-11.3261,0.24,0.2079,-999.9844,0
Акмолинская область,Ерейментауский,1996,13.1339,310.3715,1131.1166,3215.347,152.355,17.1249,18.2833,680.2373,0.3024,0.3004,0.2319,0.2701,0.2281,49.7031,69.0053,1625.6537,158.9286,-16.1317,0.2744,0.2181,-820.7451,0
Акмолинская область,Ерейментауский,1997,15.9745,147.0536,1500.7934,3471.6313,100.7618,17.8331,19.5551,900.9371,0.2776,0.2573,0.168,0.1827,0.1576,11.4218,32.1921,2014.2428,124.8793,-12.2151,0.098,0.1209,-1353.7398,0
Акмолинская область,Ерейментауский,1998,15.543,185.7874,1484.5811,3474.9829,90.6487,19.0695,22.4322,923.7818,0.2711,0.256,0.1638,0.1965,0.1592,17.3009,37.8239,2029.9037,91.4372,-15.3665,0.1251,0.1032,-1298.7937,0
Акмолинская область,Ерейментауский,1999,15.1314,251.7247,1394.7559,3500.5368,166.5873,17.6259,19.3133,782.5655,0.2006,0.2097,0.2766,0.2351,0.2186,94.8356,51.159,1886.5781,118.559,-9.4185,0.1805,0.2099,-1143.0313,0
Акмолинская область,Ерейментауский,2000,14.675,379.4022,1274.1672,3342.3229,249.3776,16.7096,19.1768,748.1338,0.3586,0.3316,0.313,0.2262,0.2125,76.1573,48.9978,1776.8232,120.5096,-10.7853,0.2978,0.3587,-894.765,0
Акмолинская область,Ерейментауский,2001,14.4931,388.5036,1257.5454,3326.5965,227.113,17.4466,17.5504,649.8312,0.2305,0.2428,0.3043,0.3258,0.31,110.9202,96.9562,1746.2209,162.5379,-13.3962,0.3089,0.3132,-869.0419,0
Акмолинская область,Ерейментауский,2002,14.0463,299.8018,1254.5291,3433.3983,185.8009,16.0736,18.3186,685.1406,0.2807,0.2771,0.2648,0.295,0.2736,65.3327,84.4258,1722.1636,190.1154,-8.8285,0.239,0.2752,-954.7274,0
Акмолинская область,Ерейментауский,2003,15.0324,274.4716,1259.9185,3359.1041,197.5735,17.4082,19.0769,690.3781,0.2633,0.2529,0.2779,0.2659,0.2273,73.8436,75.6753,1896.7393,122.2046,-14.7927,0.2178,0.2756,-985.4469,0
Акмолинская область,Ерейментауский,2004,15.5142,250.3019,1421.517,3454.0003,109.2362,19.2398,19.5429,795.9378,0.2215,0.2298,0.1771,0.236,0.2061,43.0085,50.9225,1952.4509,123.7627,-10.5545,0.1761,0.1249,-1171.2151,0
Акмолинская область,Ерейментауский,2005,15.4393,270.3329,1330.8982,3412.4246,163.42,18.7235,19.866,739.5149,0.2235,0.2163,0.2176,0.2376,0.1922,50.3011,71.9864,1917.2713,155.0778,-14.9711,0.2031,0.2039,-1060.5654,0
Акмолинская область,Ерейментауский,2006,14.7957,268.5706,1334.6083,3275.161,162.86,17.558,19.1054,742.5914,0.284,0.2749,0.2417,0.2523,0.2394,87.8765,40.4296,1797.1523,98.4446,-15.3045,0.2012,0.223,-1066.0376,0
Акмолинская область,Ерейментауский,2007,15.6963,257.4445,1361.5539,3445.3565,201.5177,17.8577,19.1847,743.9612,0.2524,0.2346,0.2175,0.3092,0.2777,62.9249,93.5507,1964.3721,178.4395,-7.6536,0.1891,0.2553,-1104.1094,0
Акмолинская область,Ерейментауский,2008,15.8383,194.1,1464.4525,3532.6314,79.3959,19.74,21.3404,899.8906,0.2335,0.2254,0.163,0.1908,0.1604,12.4137,40.137,1995.1904,163.8684,-14.2643,0.1325,0.0914,-1270.3525,0
Акмолинская область,Ерейментауский,2009,14.279,387.0944,1270.149,3324.4007,282.6921,16.5923,17.9416,689.5011,0.2762,0.2515,0.263,0.2841,0.2458,44.6571,149.3978,1705.1658,108.7215,-12.9584,0.3048,0.3923,-883.0547,0
Акмолинская область,Ерейментауский,2010,15.4211,125.8395,1484.3634,3679.8893,74.9581,17.5281,20.2891,878.0657,0.1992,0.2166,0.1794,0.1987,0.1661,24.2582,36.1767,1913.7688,141.2953,-18.8854,0.0848,0.09,-1358.5239,0
Акмолинская область,Ерейментауский,2011,15.8262,264.9738,1421.3849,3421.938,194.8736,17.7665,18.9017,741.4859,0.202,0.1886,0.2179,0.2819,0.265,64.1709,100.6309,1983.976,107.9093,-15.4867,0.1864,0.2523,-1156.4111,0
Акмолинская область,Ерейментауский,2012,17.4118,195.2355,1525.7069,3556.8443,134.1261,19.7954,21.5833,824.5596,0.2061,0.1811,0.2281,0.2005,0.18,75.9676,34.2112,2278.0887,84.0592,-17.0384,0.128,0.16,-1330.4714,0
Акмолинская область,Ерейментауский,2013,14.3612,347.439,1213.6044,3336.2647,216.8241,16.0335,18.232,683.9718,0.3183,0.3111,0.1745,0.3288,0.2978,7.6251,151.9286,1718.2453,200.4513,-15.0518,0.2863,0.2961,-866.1655,0
Акмолинская область,Ерейментауский,2014,14.9647,225.7753,1431.974,3450.9562,102.5521,17.8918,19.9148,811.9089,0.1861,0.2097,0.1656,0.236,0.1731,12.3817,77.0832,1832.0185,135.8583,-13.874,0.1577,0.1198,-1206.1986,0
Акмолинская область,Ерейментауский,2015,15.142,283.2278,1334.3485,3446.6796,190.0949,18.6484,19.5809,833.1548,0.2794,0.2746,0.2464,0.2434,0.1965,48.1675,77.909,1863.3743,154.1971,-11.0078,0.2123,0.2336,-1051.1206,0
Акмолинская область,Ерейментауский,2016,15.5453,331.3252,1239.8661,3412.6213,256.5822,16.7618,18.8028,636.4346,0.2284,0.2263,0.2637,0.3303,0.2909,80.4427,146.1089,1934.6247,145.3774,-10.2063,0.2672,0.3865,-908.5409,0
Акмолинская область,Ерейментауский,2017,15.7671,188.8328,1451.614,3574.3775,130.5992,18.5723,20.2698,803.7689,0.222,0.2245,0.202,0.2363,0.1851,31.5219,65.2668,1977.6071,167.5751,-11.0195,0.1301,0.1529,-1262.7812,0
Акмолинская область,Ерейментауский,2018,13.4942,383.025,1187.0268,3225.9972,199.5559,15.8035,18.5175,684.0555,0.3034,0.3014,0.2447,0.2616,0.2448,71.7801,91.8845,1568.0777,145.3443,-14.4896,0.3227,0.2736,-804.0018,0
Акмолинская область,Ерейментауский,2019,14.6596,236.7881,1365.3127,3542.2038,120.4855,16.8668,19.601,819.1465,0.2374,0.2506,0.272,0.1966,0.191,79.4122,26.5324,1778.4586,153.7699,-13.7897,0.1734,0.1555,-1128.5246,0
Акмолинская область,Ерейментауский,2020,16.7858,208.4249,1572.1343,3591.2973,110.4677,19.8374,20.3905,889.9387,0.189,0.2128,0.175,0.2268,0.2033,43.0442,59.2973,2166.9313,170.6896,-7.688,0.1326,0.1176,-1363.7093,0
Акмолинская область,Ерейментауский,2021,15.3734,176.6666,1426.1596,3608.7164,96.7048,18.9361,19.972,835.9532,0.2281,0.247,0.1837,0.1944,0.172,29.1677,34.555,1936.478,177.7087,-14.9419,0.1239,0.109,-1249.493,0
Акмолинская область,Ерейментауский,2022,15.9391,232.085,1354.8099,3461.3771,149.3828,19.052,19.4611,787.1211,0.2043,0.2087,0.1912,0.2018,0.1739,31.5881,93.0408,2008.1102,148.1223,-10.0257,0.1713,0.1695,-1122.7248,0
Акмолинская область,Ерейментауский,2023,15.6924,109.6576,932.8991,2678.3328,21.8296,19.6011,21.5331,597.9542,0.2097,0.2363,0.1586,0.1587,0.153,10.8627,6.5707,2038.7036,69.5194,-13.3449,0.1175,0.0354,-823.2415,0
Акмолинская область,Ерейментауский,2024,14.5019,451.3149,1045.3601,3197.9036,271.3618,17.199,19.4796,613.2015,0.3435,0.3238,0.3145,0.3225,0.3072,55.8762,107.9599,1744.2619,103.0999,-11.8936,0.4317,0.4502,-594.0452,0
Акмолинская область,Ерейментауский,2025,16.2355,346.6719,1263.7895,3365.6527,199.4426,19.1066,19.5924,704.1414,0.2595,0.2716,0.2558,0.2576,0.23,79.7411,73.115,2061.7979,148.0245,-9.331,0.2743,0.271,-917.1176,0
Акмолинская область,Есильский,1991,16.5135,135.6947,1324.9014,3577.4467,67.767,20.1954,20.6534,767.8415,0.2059,0.2387,0.1509,0.1842,0.1703,13.135,38.6469,2111.8009,,,0.1024,0.0817,-1189.2066,0
Акмолинская область,Есильский,1992,13.2654,217.1962,1048.5942,3264.0623,142.8222,16.0214,17.5502,613.8809,0.2525,0.2495,0.2534,0.213,0.1964,55.8147,50.0896,1538.3831,146.1545,-12.0924,0.2071,0.2224,-831.398,0
Акмолинская область,Есильский,1993,13.3923,337.9303,1029.4257,3230.6059,169.4798,16.8697,19.3102,620.8246,0.2612,0.2849,0.3199,0.2341,0.2242,83.9485,55.4085,1639.6855,182.4389,-12.3036,0.3283,0.2677,-691.4954,0
Акмолинская область,Есильский,1994,14.5772,249.3441,1109.3329,3257.2272,142.5015,17.9377,19.0867,668.3164,0.2934,0.3093,0.1636,0.2487,0.2032,17.1146,82.3835,1774.9314,161.8989,-16.4295,0.2248,0.1977,-859.9888,0
Акмолинская область,Есильский,1995,16.6551,199.8065,1336.8467,3505.1417,136.7511,18.6438,20.9713,809.3417,0.26,0.2342,0.1925,0.2051,0.2002,20.8787,57.2474,2139.5199,137.5625,-11.9589,0.1495,0.1821,-1137.0402,0
Акмолинская область,Есильский,1996,14.2381,237.8486,1152.9704,3357.045,100.3424,18.8423,19.7466,723.1148,0.2825,0.2989,0.1896,0.2071,0.186,42.5676,36.9522,1828.2555,161.6044,-15.8811,0.2063,0.1343,-915.1219,0
Акмолинская область,Есильский,1997,16.2399,179.9734,1354.8249,3463.1512,132.2307,18.5023,20.0217,830.4484,0.2932,0.2962,0.1755,0.1958,0.1859,22.615,44.6836,2062.0224,163.0985,-13.6308,0.1328,0.1709,-1174.8515,0
Акмолинская область,Есильский,1998,16.4313,139.8407,1418.2749,3631.3725,57.1729,20.9579,24.0566,935.9625,0.2496,0.273,0.1565,0.1643,0.1577,18.9284,23.3046,2235.2667,141.9134,-14.6945,0.0986,0.0637,-1278.4342,0
Акмолинская область,Есильский,1999,14.9263,258.6785,1173.4823,3305.1281,184.5477,16.95,19.1556,696.7859,0.2236,0.2364,0.2387,0.2702,0.2736,76.5576,77.0157,1827.1155,166.3559,-9.8178,0.2204,0.2704,-914.8038,0
Акмолинская область,Есильский,2000,15.6676,190.9313,1290.4901,3421.6587,109.7391,17.8626,20.7246,780.7765,0.2716,0.2497,0.2068,0.1729,0.1645,30.8591,21.9508,1957.7838,153.7567,-9.7559,0.148,0.1492,-1099.5587,0
Акмолинская область,Есильский,2001,15.0619,301.6041,1202.2025,3378.8771,150.111,18.1906,18.4915,681.1275,0.2403,0.2343,0.1859,0.2611,0.2238,29.6781,74.9326,1849.3888,194.3488,-12.2151,0.2509,0.2023,-900.5984,0
Акмолинская область,Есильский,2002,14.3784,192.8225,1173.4392,3428.8601,101.453,16.3567,18.8161,660.5881,0.2911,0.2909,0.2501,0.1711,0.1874,44.0039,13.0829,1758.1239,251.9831,-8.2192,0.1643,0.1553,-980.6168,0
Акмолинская область,Есильский,2003,15.6358,245.1363,1141.6903,3349.0931,176.564,17.2264,19.9897,675.9189,0.2836,0.2807,0.2816,0.2352,0.2416,64.438,55.5024,2006.6788,143.2077,-15.4061,0.2147,0.2942,-896.554,0
Акмолинская область,Есильский,2004,16.6242,172.1232,1429.038,3577.1738,65.0632,20.0047,21.09,835.8339,0.2201,0.2371,0.1466,0.1702,0.1603,10.7918,30.431,2137.4595,149.1519,-10.5834,0.1204,0.0734,-1256.9148,0
Акмолинская область,Есильский,2005,15.5955,231.5372,1118.4116,3493.1659,128.3592,19.146,20.061,680.9881,0.2744,0.2971,0.2043,0.1967,0.1985,35.9706,39.4911,1947.1713,237.5743,-14.5634,0.207,0.1811,-886.8744,0
Акмолинская область,Есильский,2006,16.0717,193.4343,1328.6476,3369.5909,82.063,18.7583,20.2635,779.2045,0.2775,0.2789,0.1679,0.1751,0.1637,27.9745,21.5202,2030.9299,106.6076,-13.1092,0.1456,0.1068,-1135.2134,0
Акмолинская область,Есильский,2007,15.6979,252.1856,1210.1652,3497.7626,189.54,18.0394,19.7407,711.7166,0.2862,0.2998,0.1905,0.2756,0.269,33.3008,110.5157,1966.2403,209.0232,-8.335,0.2084,0.2659,-957.9796,0
Акмолинская область,Есильский,2008,16.3894,160.6838,1348.8301,3569.034,108.2862,19.6487,21.5976,808.5337,0.2111,0.2347,0.1889,0.2107,0.2116,58.7031,33.5615,2095.4225,138.9053,-14.524,0.1191,0.1375,-1188.1463,0
Акмолинская область,Есильский,2009,15.1302,213.4261,1257.3082,3431.0845,112.6004,17.6628,19.4159,744.6649,0.2764,0.2706,0.1841,0.1739,0.1629,15.1866,27.312,1860.1978,131.1919,-12.2111,0.1697,0.1493,-1043.8821,0
Акмолинская область,Есильский,2010,17.1452,101.4962,1485.5121,3803.9132,49.0814,19.9658,22.5687,903.3595,0.1925,0.2169,0.1508,0.1632,0.1556,10.121,24.3448,2231.1015,150.2622,-16.6299,0.0683,0.0563,-1384.0159,0
Акмолинская область,Есильский,2011,15.7639,323.0833,1190.4695,3441.1196,252.646,17.6243,18.839,644.2975,0.2273,0.2331,0.3235,0.2588,0.2661,127.7846,51.8584,1974.9677,159.1906,-15.099,0.2714,0.3804,-867.3862,0
Акмолинская область,Есильский,2012,18.1189,174.9891,1402.693,3610.5834,115.2301,20.9037,22.4676,813.6453,0.23,0.2255,0.1547,0.1701,0.1614,14.7067,59.8467,2407.6887,135.1186,-16.3424,0.1248,0.1357,-1227.7039,0
Акмолинская область,Есильский,2013,15.476,288.4944,1211.6525,3387.051,127.8674,17.7262,19.5103,710.9091,0.2891,0.3073,0.1592,0.2411,0.192,11.8779,81.9217,1922.3894,200.9458,-15.011,0.2381,0.168,-923.1582,0
Акмолинская область,Есильский,2014,15.5206,169.6089,1333.8905,3478.9427,115.1595,18.3847,20.2998,776.0797,0.2016,0.2238,0.1648,0.232,0.1803,23.3975,65.0674,1949.034,177.8414,-14.2674,0.1272,0.1478,-1164.2816,0
Акмолинская область,Есильский,2015,15.8006,213.4116,1285.2207,3482.7153,131.4825,19.4628,20.4887,832.3733,0.3067,0.3101,0.2039,0.176,0.1644,26.0886,31.145,1984.8345,160.1192,-12.3965,0.1661,0.1691,-1071.8091,0
Акмолинская область,Есильский,2016,16.3278,224.5003,1239.8474,3436.5919,130.4358,17.5314,20.3327,697.7747,0.2284,0.2575,0.235,0.2298,0.2256,71.4794,38.0687,2080.9123,249.8407,-9.3923,0.1811,0.1895,-1015.3471,0
Акмолинская область,Есильский,2017,16.1627,138.4704,1339.2909,3552.1122,90.9759,18.554,20.839,767.2256,0.2262,0.2492,0.1841,0.1878,0.1677,17.3557,35.2526,2050.734,215.9389,-12.108,0.1034,0.1159,-1200.8205,0
Акмолинская область,Есильский,2018,14.781,187.1849,1273.5128,3373.9654,84.6863,17.2945,19.8708,755.8791,0.2575,0.272,0.1794,0.1815,0.1677,23.3246,32.0719,1803.997,179.7067,-13.5495,0.147,0.1079,-1086.3279,0
Акмолинская область,Есильский,2019,15.5208,198.5361,1334.5476,3483.3506,62.3686,18.8389,20.6081,830.0785,0.2126,0.2354,0.1669,0.1688,0.1596,17.2985,31.2329,1936.6581,147.7513,-13.1916,0.1488,0.0751,-1136.0115,0
Акмолинская область,Есильский,2020,16.6553,222.6391,1377.3652,3568.7311,119.5783,19.6746,20.566,808.8123,0.2807,0.2883,0.1569,0.2081,0.1821,21.3205,43.3381,2143.3676,220.2993,-7.953,0.1616,0.1463,-1154.7261,0
Акмолинская область,Есильский,2021,16.7575,121.1987,1428.2255,3667.9368,62.3744,20.3974,21.7533,886.283,0.2141,0.2424,0.1598,0.1667,0.1581,16.6403,23.8917,2164.8416,173.3965,-14.2321,0.0849,0.0713,-1307.0268,0
Акмолинская область,Есильский,2022,16.6523,141.1001,1312.9142,3499.5147,113.456,18.9707,20.5393,783.8286,0.1977,0.2139,0.1889,0.1718,0.1681,36.3936,52.0499,2138.9791,169.6896,-10.3069,0.1075,0.1393,-1171.8141,0
Акмолинская область,Есильский,2023,16.3893,139.4868,825.1191,2548.5957,44.2928,19.9954,21.5329,516.4324,0.2216,0.2457,0.1563,0.1756,0.161,13.1546,18.0251,2094.4317,115.5589,-13.7579,0.1691,0.083,-685.6323,0
Акмолинская область,Есильский,2024,15.1827,299.8987,1127.5098,3421.7489,169.5347,17.7414,20.0423,683.9913,0.3479,0.3472,0.2511,0.2381,0.2175,43.7575,58.2406,1867.8962,168.9467,-13.2337,0.266,0.2472,-827.6111,0
Акмолинская область,Есильский,2025,17.0498,256.5287,1261.4435,3353.1765,144.006,19.8096,20.3168,705.358,0.235,0.2417,0.2049,0.1918,0.1757,50.3462,47.8286,2210.8277,181.8463,-8.8917,0.2034,0.1958,-1004.9148,0
Акмолинская область,Жаксынский,1991,16.2994,120.2416,1485.4082,3608.675,68.2371,19.988,20.4168,852.0726,0.2279,0.2722,0.1904,0.2305,0.2137,16.0404,43.5181,2072.6961,,,0.0809,0.0739,-1365.1666,0
Акмолинская область,Жаксынский,1992,13.0525,233.2073,1153.9434,3277.4171,148.3623,15.9419,17.5154,685.7882,0.2911,0.2915,0.3129,0.2495,0.2304,71.0409,43.7596,1511.5407,160.3902,-12.0617,0.2021,0.2097,-920.7361,0
Акмолинская область,Жаксынский,1993,13.0835,334.1168,1123.55,3260.438,188.5764,16.5238,19.0476,670.5711,0.3104,0.3305,0.3739,0.273,0.2699,100.2905,54.1709,1601.421,171.2371,-12.3864,0.2974,0.277,-789.4332,0
Акмолинская область,Жаксынский,1994,14.3693,234.1681,1237.6833,3284.7066,125.186,17.997,19.1382,751.1813,0.3161,0.3337,0.1899,0.2704,0.2299,12.0202,76.0429,1766.2927,149.206,-16.7869,0.1892,0.1543,-1003.5152,0
Акмолинская область,Жаксынский,1995,16.3255,200.6653,1472.2146,3547.9998,143.1066,18.2411,20.5689,879.2759,0.2771,0.263,0.2167,0.2736,0.279,19.7052,81.9203,2079.186,138.2919,-12.2322,0.1363,0.1751,-1271.5493,0
Акмолинская область,Жаксынский,1996,13.9758,241.3483,1269.5071,3369.2768,97.4336,18.4865,19.5133,801.1372,0.3172,0.3339,0.2254,0.2489,0.2309,33.5049,44.4841,1779.1445,173.2527,-16.164,0.1901,0.1182,-1028.1588,0
Акмолинская область,Жаксынский,1997,16.0314,172.115,1507.4672,3511.6192,125.1857,18.3413,19.891,934.9515,0.3211,0.3237,0.2125,0.2322,0.2298,22.1208,45.1847,2024.4067,175.6376,-13.662,0.1142,0.1446,-1335.3523,0
Акмолинская область,Жаксынский,1998,16.201,140.3038,1591.0031,3642.6299,68.6306,20.6398,23.7878,1041.31,0.2792,0.3046,0.1973,0.2149,0.2019,25.5652,28.5351,2203.2264,132.3151,-15.214,0.0882,0.0691,-1450.6993,0
Акмолинская область,Жаксынский,1999,14.7154,269.1643,1305.889,3362.6898,198.3321,16.8549,19.0861,771.3871,0.2766,0.2928,0.3032,0.293,0.303,90.6043,66.4292,1817.9749,155.6365,-10.0564,0.2061,0.2641,-1036.7247,0
Акмолинская область,Жаксынский,2000,15.3698,204.8552,1429.3099,3455.5482,119.3113,17.5915,20.5487,872.1611,0.3168,0.2954,0.2518,0.2226,0.2112,32.7538,30.0918,1903.7021,164.9602,-10.2869,0.1433,0.1469,-1224.4548,0
Акмолинская область,Жаксынский,2001,14.9303,265.097,1336.938,3389.0772,139.985,18.0793,18.3604,751.5288,0.2495,0.2626,0.2344,0.2937,0.2585,41.8003,66.0966,1825.7131,192.3694,-12.6194,0.1983,0.1723,-1071.841,0
Акмолинская область,Жаксынский,2002,14.2401,216.9863,1299.308,3472.2458,135.9851,16.1021,18.6441,723.7724,0.3219,0.3247,0.3085,0.2473,0.2515,56.2624,25.1348,1739.6849,257.6677,-8.6299,0.167,0.1928,-1082.3216,0
Акмолинская область,Жаксынский,2003,15.2324,249.6888,1237.1571,3337.256,189.0335,17.0848,19.6869,733.3934,0.3138,0.3233,0.3274,0.295,0.3039,65.0129,67.5913,1967.8015,146.6034,-15.3075,0.2018,0.2861,-987.4683,0
Акмолинская область,Жаксынский,2004,16.3549,173.2761,1559.3679,3547.5991,64.9521,19.8071,20.6807,903.7986,0.2437,0.2743,0.1842,0.2198,0.2032,13.0859,38.6591,2089.4301,162.8971,-10.9261,0.1111,0.0662,-1386.0917,0
Акмолинская область,Жаксынский,2005,15.1556,296.91,1210.1687,3506.9827,153.8032,18.7855,19.7385,730.8016,0.3089,0.3243,0.2742,0.2494,0.255,58.2415,44.431,1892.021,232.4304,-15.0686,0.2453,0.2016,-913.2587,0
Акмолинская область,Жаксынский,2006,15.8405,194.6506,1479.3404,3382.8994,95.4731,18.5526,20.0143,864.025,0.3042,0.3077,0.2213,0.2209,0.2115,39.1196,24.7319,1988.7079,97.0123,-13.6283,0.1316,0.1121,-1284.6898,0
Акмолинская область,Жаксынский,2007,15.5303,219.3146,1345.4818,3505.0384,156.1807,17.8744,19.694,803.1628,0.3351,0.3452,0.2312,0.2708,0.2648,25.5607,70.8907,1935.7127,212.6511,-8.5538,0.163,0.199,-1126.1671,0
Акмолинская область,Жаксынский,2008,16.2663,176.8932,1505.1031,3587.5132,120.9922,19.6776,21.4577,890.446,0.2363,0.2599,0.2204,0.2703,0.2585,58.5696,44.8282,2072.9195,137.5673,-14.678,0.1175,0.138,-1328.2099,0
Акмолинская область,Жаксынский,2009,14.7407,261.1237,1358.5933,3423.9589,150.8496,17.1513,19.0024,803.1099,0.3216,0.3165,0.259,0.2201,0.211,46.5905,33.6082,1789.4081,130.8308,-12.3056,0.1922,0.1896,-1097.4696,0
Акмолинская область,Жаксынский,2010,16.632,115.0857,1616.4245,3838.7597,57.129,19.5435,22.1138,992.2421,0.2353,0.2657,0.1954,0.2051,0.1986,12.7749,28.7365,2148.7266,162.0634,-16.815,0.0712,0.0595,-1501.3387,0
Акмолинская область,Жаксынский,2011,15.5492,312.2906,1318.3864,3432.615,240.3765,17.3463,18.686,710.5724,0.2684,0.2743,0.3535,0.2988,0.3008,111.1271,61.9138,1935.6206,157.1409,-15.2155,0.2369,0.3303,-1006.0958,0
Акмолинская область,Жаксынский,2012,18.0934,174.9752,1591.8974,3653.6315,118.7461,20.9139,22.4342,911.6852,0.2541,0.2475,0.1932,0.2093,0.2023,14.7007,65.1513,2403.1531,137.4039,-16.6017,0.1099,0.1236,-1416.9222,0
Акмолинская область,Жаксынский,2013,14.9294,346.3885,1281.098,3363.5332,157.9183,17.2186,18.9984,755.94,0.328,0.345,0.1964,0.2984,0.2719,11.2347,109.7056,1822.4153,205.6379,-15.0854,0.2704,0.1941,-934.7096,0
Акмолинская область,Жаксынский,2014,15.0996,211.0862,1419.7468,3503.1391,141.9402,17.945,19.901,823.6793,0.2549,0.2787,0.2067,0.3031,0.2716,42.7695,69.2475,1882.2493,196.8138,-14.7466,0.1487,0.1715,-1208.6606,0
Акмолинская область,Жаксынский,2015,15.3013,230.8728,1367.0909,3504.443,142.9543,18.8755,19.9758,892.8175,0.3496,0.3507,0.2615,0.2199,0.2126,33.4028,33.099,1909.7197,163.969,-12.6606,0.1689,0.1735,-1136.2181,0
Акмолинская область,Жаксынский,2016,15.8811,245.3691,1331.8137,3437.8134,125.8476,17.1569,19.8484,748.7487,0.2558,0.2881,0.2655,0.2798,0.2557,56.9071,49.288,1998.9817,245.074,-9.7128,0.1842,0.1699,-1086.4446,0
Акмолинская область,Жаксынский,2017,15.9874,133.9691,1496.0716,3585.3993,88.5692,18.443,20.7281,854.1533,0.2584,0.2852,0.2238,0.2174,0.2072,17.162,29.9839,2018.8321,196.2172,-12.024,0.0895,0.1025,-1362.1025,0
Акмолинская область,Жаксынский,2018,14.2835,216.8803,1362.5546,3367.538,97.8959,16.916,19.488,815.0657,0.3015,0.3152,0.2315,0.2262,0.2117,28.9692,35.9716,1731.0711,178.5554,-14.0841,0.1592,0.1151,-1145.6742,0
Акмолинская область,Жаксынский,2019,15.22,197.561,1457.2428,3491.6661,63.1473,18.403,20.2274,898.3347,0.247,0.2772,0.2278,0.1951,0.2024,28.1725,22.3898,1881.5515,166.5641,-13.4404,0.1356,0.07,-1259.6818,0
Акмолинская область,Жаксынский,2020,16.3847,210.0779,1512.9512,3569.4315,87.2562,19.3916,20.2871,891.2778,0.2859,0.3125,0.1962,0.2478,0.2304,29.1417,39.8806,2093.7015,222.1402,-8.1799,0.1389,0.0975,-1302.8734,0
Акмолинская область,Жаксынский,2021,16.2972,131.2714,1547.8565,3666.0491,80.277,19.9284,21.1543,949.029,0.243,0.2738,0.2041,0.2254,0.2102,20.445,38.5688,2086.4261,169.618,-14.5098,0.0848,0.0849,-1416.5851,0
Акмолинская область,Жаксынский,2022,16.2545,143.6736,1420.3325,3503.0392,108.2121,18.7692,20.131,848.5083,0.2269,0.2573,0.2208,0.2144,0.2093,30.724,58.1494,2066.3732,182.6815,-10.6623,0.1012,0.1212,-1276.6588,0
Акмолинская область,Жаксынский,2023,16.1831,141.1808,918.4326,2561.2651,44.6448,19.889,21.4342,574.5721,0.2586,0.2829,0.1942,0.2093,0.2008,13.8728,15.917,2056.8631,109.4971,-13.4181,0.1537,0.0744,-777.2518,0
Акмолинская область,Жаксынский,2024,14.8422,340.7616,1184.8583,3370.5413,196.2761,17.4358,19.6183,702.1352,0.3922,0.3933,0.2927,0.2955,0.2806,41.33,64.3741,1805.5951,158.2791,-13.0844,0.2876,0.2748,-844.0967,0
Акмолинская область,Жаксынский,2025,16.6216,267.4755,1348.4106,3399.9221,143.829,19.4193,19.9588,768.7525,0.2872,0.3022,0.2594,0.2269,0.2227,52.3109,36.1582,2132.9086,201.6892,-9.3034,0.1984,0.1826,-1080.9351,0
Акмолинская область,Жаркаинский,1991,16.9935,90.899,1478.7746,3692.9903,47.5318,20.6439,21.3695,859.1477,0.1879,0.2225,0.1411,0.1695,0.1581,8.6041,28.4634,2200.4316,,,0.0615,0.0527,-1387.8756,0
Акмолинская область,Жаркаинский,1992,13.6016,211.8946,1115.609,3336.5059,128.9736,16.3784,18.0844,666.5415,0.2647,0.2589,0.2781,0.1745,0.18,65.995,21.2655,1603.003,173.1984,-11.7569,0.1899,0.1906,-903.7143,0
Акмолинская область,Жаркаинский,1993,13.9014,292.8347,1151.4288,3347.2597,141.8494,17.3635,20.0004,710.6664,0.2681,0.2891,0.2969,0.2029,0.1985,69.0683,40.7773,1730.0578,201.5996,-11.9326,0.2543,0.203,-858.5941,0
Акмолинская область,Жаркаинский,1994,15.3691,171.3121,1284.2606,3392.3568,91.7079,18.8521,20.0596,777.5196,0.2493,0.2681,0.1461,0.2133,0.1736,11.8417,53.073,1915.7212,157.6393,-16.4091,0.1334,0.1112,-1112.9484,0
Акмолинская область,Жаркаинский,1995,17.2408,170.2208,1475.436,3585.8907,110.7729,19.3909,21.7316,889.1592,0.2156,0.2065,0.164,0.199,0.1977,18.9261,56.2715,2246.7034,145.755,-11.7961,0.1154,0.1344,-1305.2152,0
Акмолинская область,Жаркаинский,1996,14.6272,225.5295,1238.6729,3473.452,100.9977,19.0522,20.2252,778.818,0.2655,0.2815,0.1855,0.2043,0.184,34.1538,46.4716,1886.6889,192.0643,-16.2258,0.1821,0.1276,-1013.1434,0
Акмолинская область,Жаркаинский,1997,16.7804,161.658,1494.3857,3599.4791,107.3073,19.2467,20.9063,940.5933,0.2874,0.2877,0.1708,0.175,0.1718,22.3252,29.8745,2161.6613,187.701,-13.1261,0.1082,0.1235,-1332.7277,0
Акмолинская область,Жаркаинский,1998,16.9942,119.9943,1585.2955,3710.2314,57.7833,21.5489,24.6772,1039.7586,0.2211,0.2572,0.1526,0.1708,0.1579,24.5573,27.0921,2336.5891,160.1051,-14.778,0.0757,0.0577,-1465.3013,0
Акмолинская область,Жаркаинский,1999,15.6918,207.4458,1331.4212,3433.7519,144.1628,17.6721,20.1935,803.8079,0.226,0.2412,0.2092,0.2398,0.2231,44.727,68.4103,1967.6531,166.3249,-9.6055,0.1558,0.189,-1123.9754,0
Акмолинская область,Жаркаинский,2000,16.2422,173.0413,1423.642,3490.0331,98.1348,18.4601,21.4786,875.1449,0.2647,0.2446,0.1937,0.161,0.1604,26.4682,17.1085,2063.5182,179.9848,-9.6573,0.1215,0.1215,-1250.6007,0
Акмолинская область,Жаркаинский,2001,15.7052,239.9901,1341.8534,3468.0257,124.8643,18.9373,19.2738,767.3477,0.207,0.2104,0.16,0.2481,0.2058,22.3292,66.8776,1967.3227,178.3232,-12.0579,0.1788,0.154,-1101.8633,0
Акмолинская область,Жаркаинский,2002,15.0115,170.8288,1304.1787,3525.2585,98.5914,16.7892,19.6598,745.0738,0.2874,0.2885,0.2413,0.1745,0.1814,33.5468,19.0437,1868.2627,245.3056,-7.7187,0.131,0.1394,-1133.3499,0
Акмолинская область,Жаркаинский,2003,15.9319,230.4572,1230.3148,3405.8775,173.5204,17.6077,20.462,735.3246,0.275,0.2695,0.286,0.2196,0.2236,72.4519,45.9993,2074.3663,147.8558,-14.9049,0.1873,0.2674,-999.8576,0
Акмолинская область,Жаркаинский,2004,16.9283,213.0522,1495.5411,3613.1904,90.6737,20.1535,21.1342,860.362,0.2087,0.2309,0.1582,0.1994,0.188,23.6932,50.3157,2190.8542,164.2755,-10.6379,0.1425,0.0973,-1282.4889,0
Акмолинская область,Жаркаинский,2005,15.9786,213.0769,1246.2277,3636.7803,99.3179,19.7471,20.7541,776.3248,0.2745,0.2973,0.1822,0.1717,0.1667,23.0643,26.5688,2030.8472,260.3062,-14.4652,0.171,0.1251,-1033.1508,0
Акмолинская область,Жаркаинский,2006,16.8918,157.5364,1499.3385,3529.2605,93.4319,19.4495,21.0384,873.9247,0.2284,0.227,0.171,0.1663,0.1597,33.7237,21.8893,2181.3879,98.5433,-12.3749,0.1051,0.1097,-1341.802,0
Акмолинская область,Жаркаинский,2007,16.2363,207.8946,1337.0141,3609.6395,145.3641,18.5886,20.5123,814.5187,0.2765,0.2952,0.1658,0.2227,0.2289,22.0744,79.2001,2065.2001,218.0627,-8.2207,0.1555,0.1861,-1129.1195,0
Акмолинская область,Жаркаинский,2008,17.0408,159.6515,1485.4701,3657.5521,98.4371,20.3478,22.1363,876.1756,0.189,0.2142,0.1684,0.2115,0.1909,42.6535,41.457,2214.414,150.5256,-14.5259,0.1075,0.1134,-1325.8186,0
Акмолинская область,Жаркаинский,2009,15.4978,246.0577,1351.0028,3485.634,129.1279,18.0243,19.795,800.1624,0.253,0.2538,0.2154,0.1705,0.1656,49.4853,28.4875,1928.1032,141.9883,-11.7138,0.1821,0.1611,-1104.945,0
Акмолинская область,Жаркаинский,2010,17.523,108.599,1616.6134,3885.7965,45.5338,20.4021,23.037,978.9496,0.1903,0.2102,0.1444,0.1572,0.1525,8.7478,21.5073,2300.2396,144.4398,-15.5205,0.0672,0.0484,-1508.0144,0
Акмолинская область,Жаркаинский,2011,16.4603,255.2872,1354.3241,3566.0412,204.2811,18.3045,19.7458,753.6325,0.2107,0.2148,0.287,0.2314,0.228,87.4518,50.9593,2103.0014,164.7729,-14.5108,0.1885,0.2698,-1099.0369,0
Акмолинская область,Жаркаинский,2012,18.8801,151.8348,1559.9709,3718.4199,108.9341,21.5357,23.1185,884.781,0.2079,0.2017,0.1658,0.1675,0.158,26.1581,47.3912,2547.2387,152.2433,-16.4293,0.0973,0.1175,-1408.1362,0
Акмолинская область,Жаркаинский,2013,15.9504,286.8549,1325.8366,3453.9711,133.3839,18.2252,19.9447,775.6289,0.2646,0.2876,0.1536,0.2458,0.2152,13.6723,91.6829,2009.1783,211.6074,-14.628,0.2164,0.1622,-1038.9817,0
Акмолинская область,Жаркаинский,2014,16.0962,157.4707,1447.4215,3611.0985,110.1924,18.9824,21.0075,855.3827,0.2062,0.2267,0.1615,0.2251,0.1792,29.5636,51.4007,2046.7564,197.9502,-14.4368,0.1088,0.1315,-1289.9508,0
Акмолинская область,Жаркаинский,2015,16.2929,194.564,1389.5755,3589.6453,113.7861,19.935,21.1418,915.8028,0.3083,0.3073,0.1809,0.1691,0.1596,17.1085,29.3531,2074.0788,160.6038,-12.2429,0.14,0.1355,-1195.0115,0
Акмолинская область,Жаркаинский,2016,16.638,191.8155,1357.0932,3516.0232,106.9058,17.9131,20.7511,774.7346,0.2063,0.2406,0.1978,0.2222,0.1925,42.2593,48.8141,2137.5448,260.8366,-8.9629,0.1413,0.1444,-1165.2777,0
Акмолинская область,Жаркаинский,2017,16.9502,115.6056,1508.5917,3652.6321,67.5876,19.4367,21.8013,883.6954,0.2011,0.2298,0.1624,0.173,0.1595,11.1814,28.3223,2195.1046,194.5116,-11.6586,0.0766,0.0766,-1392.9861,0
Акмолинская область,Жаркаинский,2018,15.4045,155.4208,1428.6575,3530.9268,65.6323,18.1022,20.7977,860.7306,0.2493,0.2647,0.1738,0.1536,0.1585,21.3764,15.4405,1919.04,198.6562,-13.6991,0.1088,0.0737,-1273.2368,0
Акмолинская область,Жаркаинский,2019,16.2245,169.52,1493.907,3572.2737,59.8984,19.6944,21.4631,932.8177,0.1837,0.2131,0.1602,0.1675,0.1617,18.1721,33.1224,2065.6195,167.1108,-12.5727,0.1135,0.064,-1324.387,0
Акмолинская область,Жаркаинский,2020,17.1183,210.7971,1508.3104,3627.5857,106.0858,20.1536,21.0557,891.1963,0.2654,0.2731,0.1586,0.2028,0.1814,27.8284,38.6829,2227.8999,221.3195,-7.7181,0.1398,0.1191,-1297.5134,0
Акмолинская область,Жаркаинский,2021,17.6216,81.4375,1618.9919,3748.8976,43.1988,21.4011,22.7404,1008.7102,0.1784,0.208,0.1448,0.159,0.1549,11.5237,19.806,2323.145,163.4988,-13.8905,0.0503,0.0438,-1537.5544,0
Акмолинская область,Жаркаинский,2022,17.287,98.0959,1456.3962,3564.6709,68.5865,19.7685,21.3379,884.3222,0.1917,0.2173,0.1617,0.1595,0.1556,20.1594,30.554,2255.3854,199.5408,-10.1197,0.0674,0.0757,-1358.3003,0
Акмолинская область,Жаркаинский,2023,17.0604,129.0784,920.0012,2593.0003,35.2704,20.9961,22.3859,571.9173,0.1927,0.2169,0.1463,0.1657,0.1552,10.1961,17.0951,2217.6946,101.9858,-13.0881,0.1403,0.0586,-790.9228,0
Акмолинская область,Жаркаинский,2024,15.7154,263.7305,1241.6498,3488.3121,155.9106,18.2402,20.6053,751.9769,0.3457,0.3441,0.226,0.2083,0.1891,27.854,40.5019,1965.5443,173.3624,-12.4222,0.2124,0.2114,-977.9193,0
Акмолинская область,Жаркаинский,2025,17.6531,247.4417,1396.7276,3501.4283,141.8594,20.5248,20.9625,782.9942,0.2135,0.2293,0.1884,0.1928,0.1791,45.4007,62.2105,2321.4475,201.4427,-8.7934,0.1772,0.1728,-1149.2859,0
Акмолинская область,Зерендинский,1991,15.1915,232.7832,1308.5095,3427.5586,96.311,19.1213,18.9678,739.9872,0.2913,0.3409,0.2978,0.3366,0.3056,28.8937,62.3514,1869.1618,,,0.1779,0.1102,-1075.7263,0
Акмолинская область,Зерендинский,1992,11.7464,382.8607,1019.4292,3092.7521,251.2778,14.8514,16.0569,595.9352,0.3759,0.3577,0.369,0.3799,0.3728,51.7136,162.2894,1305.6089,115.0697,-11.6758,0.3756,0.3836,-636.5685,0
Акмолинская область,Зерендинский,1993,12.1683,400.5269,1000.0512,3164.7536,218.4022,15.4681,17.928,583.6707,0.4139,0.4269,0.4116,0.4286,0.4131,75.302,107.1079,1426.4423,153.252,-12.0708,0.4005,0.3491,-599.5243,0
Акмолинская область,Зерендинский,1994,12.8892,351.8886,1043.0765,3112.6572,170.8616,16.4547,17.7361,620.3154,0.4179,0.4253,0.2867,0.4235,0.3647,23.5741,106.3884,1532.6489,155.3877,-15.6118,0.3374,0.2415,-691.1879,0
Акмолинская область,Зерендинский,1995,14.5997,242.8822,1263.0042,3392.9606,160.638,16.3687,18.4659,736.943,0.4083,0.3849,0.3626,0.3536,0.3127,33.6621,57.9221,1763.4906,130.7702,-11.787,0.1923,0.2272,-1020.122,0
Акмолинская область,Зерендинский,1996,12.2269,327.8851,1042.9216,3141.1532,140.6836,16.6377,17.4627,634.4246,0.4154,0.4226,0.3282,0.3855,0.3617,46.5025,73.8543,1487.9333,150.8137,-15.43,0.3144,0.2061,-715.0365,0
Акмолинская область,Зерендинский,1997,14.4296,212.6419,1313.9573,3335.2618,143.6827,16.2338,17.5943,763.0472,0.3849,0.377,0.3077,0.3695,0.3509,30.361,71.5113,1730.379,149.416,-13.0159,0.1618,0.1991,-1101.3155,0
Акмолинская область,Зерендинский,1998,14.0269,288.2188,1250.2848,3388.59,159.1778,17.9779,21.0216,788.6983,0.4066,0.4094,0.3085,0.3538,0.3483,47.4498,73.8578,1827.7443,123.2791,-14.7056,0.2305,0.2091,-962.0659,0
Акмолинская область,Зерендинский,1999,13.3954,353.2138,1173.3551,3238.5321,229.1386,16.0381,17.2913,648.1516,0.3271,0.3399,0.3908,0.3845,0.4002,115.2629,92.2794,1591.8447,163.1672,-9.5444,0.301,0.3165,-820.1414,0
Акмолинская область,Зерендинский,2000,13.8366,329.0998,1175.7065,3202.0025,224.7282,15.9304,18.2767,650.2843,0.3959,0.3593,0.4159,0.3799,0.3623,96.7992,52.9387,1622.22,114.0223,-10.1695,0.2799,0.3514,-846.6066,0
Акмолинская область,Зерендинский,2001,13.3723,377.1699,1111.1911,3228.6225,184.9542,16.4814,16.5795,596.2286,0.3389,0.3537,0.3799,0.4109,0.3822,61.8382,98.1913,1551.8639,206.6201,-13.0885,0.3394,0.2714,-734.0212,0
Акмолинская область,Зерендинский,2002,12.5961,282.0085,1105.3756,3285.6498,150.2319,15.0279,16.8857,599.2862,0.4134,0.4054,0.397,0.3573,0.3439,56.5697,33.0809,1505.3815,208.1773,-9.1662,0.2551,0.2377,-823.3671,0
Акмолинская область,Зерендинский,2003,14.2725,280.4811,1164.0382,3196.7206,208.4313,16.2762,18.6139,665.5802,0.4143,0.4071,0.4193,0.385,0.3566,59.9591,70.1042,1799.4692,140.3385,-15.2203,0.241,0.3256,-883.5571,0
Акмолинская область,Зерендинский,2004,14.9162,228.7519,1402.1021,3395.4264,111.772,18.6145,19.2547,813.0567,0.3186,0.3447,0.2887,0.3445,0.3261,46.1115,54.9023,1883.7262,130.6883,-10.3913,0.1631,0.1269,-1173.3502,0
Акмолинская область,Зерендинский,2005,13.8436,405.3477,1032.973,3275.0345,251.5231,17.1124,18.3056,594.8457,0.4218,0.4128,0.3853,0.3978,0.406,106.8943,63.1235,1658.9186,191.0567,-14.914,0.3924,0.3936,-627.6253,0
Акмолинская область,Зерендинский,2006,13.6393,351.9505,1154.7967,3103.9261,155.9241,16.7009,17.866,660.9591,0.4295,0.4309,0.3626,0.3754,0.3775,83.2411,39.5068,1624.5594,113.1765,-14.6345,0.3048,0.2297,-802.8462,0
Акмолинская область,Зерендинский,2007,14.1974,339.2043,1181.0255,3336.0923,251.1962,16.3584,17.9968,659.7897,0.4404,0.4372,0.3587,0.4031,0.3881,36.9297,132.4741,1690.8449,193.629,-8.3027,0.2872,0.3702,-841.8212,0
Акмолинская область,Зерендинский,2008,14.5373,215.5856,1305.6923,3373.2571,145.4778,17.884,19.8656,788.7339,0.3561,0.3325,0.3322,0.3508,0.3185,44.5349,61.2465,1756.5393,125.4256,-13.7263,0.1651,0.1969,-1090.1067,0
Акмолинская область,Зерендинский,2009,13.4684,371.4352,1199.8757,3278.0122,211.3427,16.0917,17.6371,699.6753,0.406,0.3831,0.3257,0.3867,0.3537,27.7318,108.9091,1578.6246,109.1341,-12.474,0.3096,0.2892,-828.4406,0
Акмолинская область,Зерендинский,2010,15.1052,116.1382,1458.8039,3653.4125,61.5474,17.4829,20.1659,874.2417,0.3293,0.3514,0.3002,0.2872,0.2812,28.0665,17.7808,1888.6079,160.2021,-18.4264,0.0796,0.0737,-1342.6657,0
Акмолинская область,Зерендинский,2011,14.0959,379.821,1113.5276,3165.3633,261.631,15.8156,16.9648,569.4725,0.3895,0.379,0.4315,0.3957,0.3803,86.6783,84.4061,1667.8677,131.424,-15.5641,0.3411,0.4292,-733.7066,0
Акмолинская область,Зерендинский,2012,16.1309,269.0205,1327.5751,3411.5437,184.4672,18.668,20.407,742.4885,0.3732,0.3752,0.327,0.3137,0.3076,55.9941,74.6156,2043.3957,115.1297,-16.3588,0.2026,0.2442,-1058.5546,0
Акмолинская область,Зерендинский,2013,13.373,472.6045,1092.6072,3227.9111,221.9563,15.5535,17.4879,626.0746,0.4162,0.424,0.2915,0.4216,0.3974,14.7748,167.5356,1537.6856,192.0181,-15.0182,0.4325,0.3119,-620.0028,0
Акмолинская область,Зерендинский,2014,13.2682,323.8625,1196.8521,3292.3393,236.9073,15.9181,17.7434,647.2796,0.3441,0.361,0.3231,0.4552,0.4454,56.932,138.6514,1566.8942,153.6817,-14.0239,0.2706,0.3365,-872.9896,0
Акмолинская область,Зерендинский,2015,13.9491,308.3727,1200.9427,3285.5471,188.6307,17.3129,18.1742,739.7194,0.4209,0.4186,0.3648,0.3716,0.3393,52.215,75.0155,1660.6674,170.7845,-11.1797,0.2568,0.2679,-892.57,0
Акмолинская область,Зерендинский,2016,14.667,330.6351,1127.0232,3224.3426,210.6307,15.8956,18.3062,582.0878,0.3386,0.3643,0.3806,0.4472,0.4355,87.5631,106.8582,1775.6898,246.7868,-10.0604,0.2934,0.3339,-796.3882,0
Акмолинская область,Зерендинский,2017,14.4835,235.7675,1313.3669,3406.5958,169.9842,16.9615,18.9216,709.3948,0.3568,0.3629,0.3422,0.3885,0.3588,37.6997,89.1082,1742.924,185.5595,-11.9671,0.1795,0.2199,-1077.5994,0
Акмолинская область,Зерендинский,2018,12.6175,409.2509,1117.0891,3117.5364,213.6334,14.967,17.3908,634.0701,0.4158,0.4045,0.3667,0.377,0.3491,58.3177,95.5968,1444.6597,133.3066,-13.6769,0.3664,0.3094,-707.8381,0
Акмолинская область,Зерендинский,2019,13.5342,318.1576,1209.0425,3328.9884,139.8402,16.3782,18.2793,714.6882,0.3806,0.3794,0.3617,0.3493,0.3259,43.1422,66.2337,1612.0236,153.2316,-13.7371,0.2631,0.1901,-890.8848,0
Акмолинская область,Зерендинский,2020,15.4386,316.0249,1351.2602,3419.9934,179.4773,18.1706,18.7382,730.5911,0.3426,0.3625,0.2829,0.3769,0.388,38.5387,123.4108,1919.9574,181.9597,-7.4845,0.2339,0.2259,-1035.2353,0
Акмолинская область,Зерендинский,2021,15.1022,195.5235,1395.2934,3533.0895,95.1916,18.7316,19.5298,802.5035,0.3316,0.3542,0.2897,0.3223,0.3069,20.2805,49.2059,1870.7124,152.4288,-14.5238,0.1401,0.1083,-1199.7699,0
Акмолинская область,Зерендинский,2022,15.4249,185.472,1359.638,3358.9461,134.5996,17.7452,18.6755,744.8371,0.2902,0.3114,0.3351,0.3383,0.3018,53.9571,62.3789,1914.0151,133.0118,-9.7907,0.1364,0.1606,-1174.166,0
Акмолинская область,Зерендинский,2023,15.268,141.5848,880.8933,2482.6417,55.0607,18.7173,20.3147,529.4086,0.3141,0.3273,0.3122,0.2957,0.2899,26.9638,12.5604,1893.9308,96.0587,-12.7443,0.1607,0.0986,-739.3086,0
Акмолинская область,Зерендинский,2024,13.7068,405.3861,1022.5582,3125.2039,271.5298,16.1324,18.3865,584.9082,0.4395,0.4332,0.4261,0.4328,0.4242,77.9481,95.3874,1597.0704,125.6409,-13.2525,0.3964,0.4408,-617.172,0
Акмолинская область,Зерендинский,2025,15.2737,345.5934,1169.6188,3188.5782,202.7375,17.9739,18.5405,653.8741,0.4125,0.4013,0.3632,0.349,0.309,52.3923,85.4509,1885.2514,159.9219,-8.7904,0.2955,0.2946,-824.0254,0
Акмолинская область,Кокшетау,1991,15.3572,239.8009,1262.3404,3416.8139,102.7692,19.3268,19.1274,715.0352,0.2881,0.337,0.2975,0.3381,0.3086,30.3181,66.9812,1899.4537,,,0.19,0.1213,-1022.5395,0
Акмолинская область,Кокшетау,1992,11.9179,370.6767,994.3663,3085.2647,243.8909,15.0386,16.2481,584.5208,0.375,0.3545,0.3623,0.3778,0.3678,48.7033,156.2628,1332.5758,109.5858,-11.677,0.3728,0.3827,-623.6896,0
Акмолинская область,Кокшетау,1993,12.3957,391.3874,976.2955,3148.0627,213.4481,15.6903,18.1854,574.8082,0.4141,0.426,0.4017,0.4226,0.4045,69.9762,105.9659,1460.1026,148.483,-11.9614,0.4009,0.3489,-584.9081,0
Акмолинская область,Кокшетау,1994,13.069,346.0065,1014.0389,3109.6331,168.4123,16.6879,17.9563,605.8297,0.4115,0.4193,0.2824,0.4183,0.3578,21.4854,106.4073,1562.5766,152.315,-15.5493,0.3412,0.2442,-668.0325,0
Акмолинская область,Кокшетау,1995,14.7682,247.0797,1227.0272,3378.4659,166.6479,16.552,18.6324,715.0221,0.4017,0.3771,0.3556,0.3611,0.3213,33.5558,66.117,1794.3268,130.1427,-11.7272,0.2014,0.2417,-979.9475,0
Акмолинская область,Кокшетау,1996,12.2764,333.8223,991.5195,3129.5264,144.9068,16.6661,17.5231,605.5523,0.4148,0.4226,0.3258,0.3884,0.3641,45.3733,78.0838,1493.7355,146.0498,-15.3466,0.3367,0.2236,-657.6971,0
Акмолинская область,Кокшетау,1997,14.5592,204.064,1267.426,3333.6546,135.2614,16.3365,17.721,736.0165,0.3788,0.3712,0.3039,0.3622,0.3442,29.4434,68.0799,1754.1421,144.561,-12.9179,0.161,0.1943,-1063.362,0
Акмолинская область,Кокшетау,1998,14.1217,288.9116,1199.3418,3370.0278,161.6827,18.078,21.1222,757.6242,0.4043,0.4073,0.3062,0.3512,0.3456,45.8755,77.2029,1842.4116,119.8378,-14.8108,0.2409,0.2211,-910.4302,0
Акмолинская область,Кокшетау,1999,13.5676,339.6985,1140.4867,3237.9397,214.5023,16.2862,17.4658,631.9851,0.3197,0.3371,0.3838,0.3807,0.397,107.9629,86.9638,1619.792,160.6126,-9.5051,0.2979,0.3033,-800.7882,0
Акмолинская область,Кокшетау,2000,14.0209,330.7466,1142.682,3192.3809,226.006,16.1482,18.4501,632.5041,0.3905,0.353,0.4129,0.3757,0.3531,93.9931,58.2203,1655.9286,108.2713,-10.091,0.2894,0.362,-811.9354,0
Акмолинская область,Кокшетау,2001,13.5687,365.0009,1083.2613,3226.8886,184.0078,16.6813,16.7816,582.9171,0.3318,0.3502,0.378,0.4059,0.3791,63.6556,96.9819,1584.4312,203.6895,-13.1472,0.3369,0.278,-718.2604,0
Акмолинская область,Кокшетау,2002,12.7347,286.2215,1067.8201,3277.749,154.3219,15.226,17.0523,582.5507,0.4096,0.4022,0.3947,0.3587,0.3437,58.8766,35.0382,1532.3063,198.3319,-9.1064,0.268,0.2513,-781.5986,0
Акмолинская область,Кокшетау,2003,14.4732,281.293,1137.5309,3195.8462,207.9062,16.4872,18.8111,650.5363,0.4108,0.4032,0.4137,0.3786,0.3463,57.2928,69.8292,1827.4777,140.6215,-15.2481,0.2473,0.3311,-856.2379,0
Акмолинская область,Кокшетау,2004,15.0446,235.5323,1344.3851,3375.8694,119.5319,18.7989,19.3769,777.7649,0.3153,0.3417,0.2901,0.3471,0.3358,51.9317,56.8564,1905.1738,126.6281,-10.3722,0.1752,0.1413,-1108.8528,0
Акмолинская область,Кокшетау,2005,14.0152,396.5025,1005.619,3263.3604,240.0475,17.2826,18.5263,581.9779,0.414,0.4045,0.3822,0.3916,0.4013,101.3065,63.6898,1685.5684,183.8782,-14.955,0.3943,0.3854,-609.1165,0
Акмолинская область,Кокшетау,2006,13.7538,357.9966,1111.2847,3100.415,163.8873,16.8533,18.0308,640.0523,0.4281,0.4293,0.3653,0.3768,0.3832,91.4792,39.7142,1647.9739,111.5863,-14.8077,0.3221,0.25,-753.2881,0
Акмолинская область,Кокшетау,2007,14.4126,338.7987,1155.4045,3331.06,249.1462,16.5627,18.2262,647.877,0.4374,0.4347,0.3527,0.4007,0.3894,35.9795,132.9789,1730.1862,191.379,-8.2108,0.2932,0.3765,-816.6058,0
Акмолинская область,Кокшетау,2008,14.6691,219.0497,1260.5947,3362.5312,146.9869,18.0333,20.0117,761.7272,0.353,0.3309,0.3295,0.3515,0.318,44.9108,62.6002,1780.6071,120.8765,-13.5927,0.1738,0.2057,-1041.545,0
Акмолинская область,Кокшетау,2009,13.6185,371.9619,1156.489,3273.5465,215.6832,16.261,17.8038,677.0426,0.4006,0.379,0.3284,0.3872,0.3549,30.6279,111.6221,1600.7091,105.9883,-12.5644,0.3216,0.3052,-784.527,0
Акмолинская область,Кокшетау,2010,15.2838,110.0854,1410.7403,3628.2621,58.1448,17.6399,20.3329,847.922,0.3245,0.3474,0.2936,0.2858,0.2807,26.1812,17.1668,1910.4261,155.6745,-18.6937,0.078,0.0719,-1300.6549,0
Акмолинская область,Кокшетау,2011,14.2035,384.7223,1069.8686,3160.7408,261.7193,15.9257,17.0748,547.9217,0.3888,0.38,0.4309,0.3934,0.3799,88.9516,80.7497,1687.472,126.3258,-15.6532,0.3596,0.4459,-685.1463,0
Акмолинская область,Кокшетау,2012,16.2841,255.7424,1283.3671,3406.2713,175.1431,18.8189,20.5963,721.9865,0.3725,0.3761,0.3254,0.3077,0.3003,55.6641,65.5248,2071.4301,109.3566,-16.4567,0.1993,0.2406,-1027.6247,0
Акмолинская область,Кокшетау,2013,13.5281,450.5664,1062.6251,3224.6808,203.3735,15.7247,17.6686,610.4923,0.4123,0.419,0.2889,0.4144,0.3882,15.1899,151.6226,1566.0288,187.5746,-15.1092,0.424,0.2936,-612.0588,0
Акмолинская область,Кокшетау,2014,13.4215,322.4802,1159.5681,3291.0874,236.6097,16.0513,17.9007,628.4134,0.3437,0.3589,0.3208,0.4533,0.4436,57.9375,137.3208,1589.0083,149.7582,-14.005,0.2781,0.3472,-837.0878,0
Акмолинская область,Кокшетау,2015,14.1007,313.2177,1159.6213,3276.2322,189.2827,17.4652,18.3419,714.3242,0.4155,0.4136,0.355,0.3702,0.3413,49.282,79.9449,1680.9492,169.5736,-11.1295,0.2701,0.2773,-846.4036,0
Акмолинская область,Кокшетау,2016,14.8421,332.9586,1093.2341,3225.8033,212.0067,16.0678,18.4787,564.7449,0.338,0.3632,0.3834,0.4442,0.4333,88.2004,106.1815,1807.712,239.1844,-10.1605,0.3046,0.3464,-760.2755,0
Акмолинская область,Кокшетау,2017,14.6477,235.1644,1271.5891,3396.0251,170.8643,17.1241,19.0578,685.0427,0.3518,0.3574,0.3395,0.3873,0.3563,38.9355,91.0616,1772.8971,178.086,-11.9555,0.1849,0.2291,-1036.4247,0
Акмолинская область,Кокшетау,2018,12.765,404.6211,1076.8769,3111.4533,206.9821,15.0975,17.5403,613.7197,0.4156,0.4046,0.3649,0.3723,0.3406,56.9022,89.3615,1466.0374,130.507,-13.8036,0.3757,0.3123,-672.2558,0
Акмолинская область,Кокшетау,2019,13.6761,317.1358,1165.5166,3327.521,141.6091,16.4991,18.4246,690.5855,0.3759,0.3752,0.3654,0.3469,0.3255,47.4289,63.8006,1634.5327,151.9891,-13.793,0.2721,0.2003,-848.3808,0
Акмолинская область,Кокшетау,2020,15.6658,306.0563,1315.8811,3421.0944,171.9627,18.3619,18.9386,709.2676,0.3337,0.3581,0.2834,0.3709,0.3812,38.9248,117.5302,1961.6114,170.0431,-7.3623,0.2326,0.2231,-1009.8248,0
Акмолинская область,Кокшетау,2021,15.2753,203.3671,1350.401,3526.95,98.9219,18.9427,19.7059,775.8095,0.3296,0.3541,0.2911,0.3209,0.3076,20.8811,51.2287,1898.5963,149.7801,-14.5614,0.1506,0.1159,-1147.0339,0
Акмолинская область,Кокшетау,2022,15.6209,185.0256,1321.2304,3355.2976,132.6789,17.9601,18.8537,725.0013,0.2901,0.3102,0.3292,0.3396,0.2991,51.0796,62.9446,1949.9112,126.8416,-9.6251,0.14,0.163,-1136.2048,0
Акмолинская область,Кокшетау,2023,15.4307,131.2289,856.4739,2485.4916,50.1576,18.9039,20.4825,513.2944,0.3085,0.3218,0.3085,0.2907,0.2872,24.938,10.3643,1918.8201,92.1687,-12.6481,0.1532,0.0924,-725.245,0
Акмолинская область,Кокшетау,2024,13.8427,394.8848,991.9338,3115.9226,267.3435,16.2539,18.5246,565.1573,0.4345,0.4286,0.4222,0.4265,0.4194,73.5293,96.4281,1621.9192,123.3731,-13.1615,0.3981,0.449,-597.0489,0
Акмолинская область,Кокшетау,2025,15.4649,342.0748,1142.1181,3189.8091,204.0793,18.1921,18.7618,640.3025,0.4059,0.3919,0.3572,0.3485,0.3059,54.4526,87.6022,1920.1342,154.561,-8.6046,0.2995,0.3021,-800.0434,0
Акмолинская область,Коргалжынский,1991,16.6694,106.9198,1127.9414,3756.3346,59.9371,20.3379,21.2157,693.6956,0.2257,0.2679,0.1627,0.2095,0.184,9.2821,42.7284,2141.4307,,,0.0948,0.0853,-1021.0216,0
Акмолинская область,Коргалжынский,1992,13.453,251.557,857.7283,3350.0817,128.7036,16.5773,18.4577,563.6499,0.3177,0.3209,0.2762,0.2235,0.2453,65.1,20.7229,1595.9679,166.911,-10.9595,0.2933,0.234,-606.1713,0
Акмолинская область,Коргалжынский,1993,13.7207,277.6124,874.3507,3401.3022,173.8709,16.9959,19.8143,559.7707,0.3255,0.3342,0.32,0.2643,0.2582,55.2014,73.7375,1694.3104,168.5555,-11.4491,0.3175,0.3285,-596.7383,0
Акмолинская область,Коргалжынский,1994,15.4075,184.3473,999.7949,3491.6762,87.3044,19.1976,20.5457,650.4442,0.2662,0.2828,0.1643,0.2279,0.1991,7.1633,58.0272,1923.9935,123.8856,-16.3437,0.1844,0.1329,-815.4476,0
Акмолинская область,Коргалжынский,1995,16.5676,223.8865,1110.4566,3662.3231,107.8516,18.9867,21.2821,698.5817,0.279,0.2716,0.2074,0.2065,0.2032,19.0582,39.041,2124.7202,159.3373,-11.9403,0.2016,0.1643,-886.5701,0
Акмолинская область,Коргалжынский,1996,14.2776,213.9931,929.6783,3486.9976,101.4644,18.4772,19.9369,615.9127,0.3023,0.3159,0.2305,0.2211,0.221,36.2472,40.5423,1819.4383,188.777,-16.2667,0.2302,0.1698,-715.6852,0
Акмолинская область,Коргалжынский,1997,16.8267,119.5439,1159.5334,3668.8331,86.0911,19.2309,20.7219,735.332,0.3109,0.3124,0.1759,0.1828,0.186,5.5051,27.4416,2170.5974,188.2584,-12.1466,0.1031,0.1236,-1039.9895,0
Акмолинская область,Коргалжынский,1998,16.3138,174.8149,1141.7577,3703.0439,105.6834,20.2151,23.5423,762.8595,0.3013,0.3135,0.1927,0.2093,0.2179,21.2929,52.8816,2191.2147,175.8249,-14.8442,0.1531,0.1502,-966.9429,0
Акмолинская область,Коргалжынский,1999,15.7282,238.3696,1045.9963,3578.597,164.5505,18.0053,20.2401,643.2286,0.2486,0.2687,0.3054,0.2512,0.2653,91.259,47.5442,1991.9152,142.9049,-9.6386,0.2279,0.2672,-807.6266,0
Акмолинская область,Коргалжынский,2000,15.9575,230.2118,1062.6697,3498.6805,146.1304,17.9947,20.9444,673.7145,0.3288,0.3126,0.2945,0.2106,0.2307,63.4783,14.9085,2012.1197,167.0467,-10.4692,0.2166,0.244,-832.4578,0
Акмолинская область,Коргалжынский,2001,15.7002,281.8454,1060.1781,3534.8473,156.697,19.1234,19.1368,601.9438,0.2076,0.2456,0.2373,0.3069,0.2906,53.6927,91.0077,1967.3078,175.7339,-11.8455,0.2658,0.2399,-778.3327,0
Акмолинская область,Коргалжынский,2002,15.173,192.6772,1003.0214,3530.3161,127.3981,17.058,19.8543,594.3165,0.3017,0.3049,0.274,0.2517,0.2576,54.3144,35.186,1901.8421,257.4497,-7.791,0.1921,0.2292,-810.3442,0
Акмолинская область,Коргалжынский,2003,15.6854,245.1759,959.7467,3437.3869,187.0196,17.8944,20.058,567.7947,0.2765,0.2895,0.3207,0.2911,0.2937,89.1045,59.6183,2033.3302,148.7075,-14.733,0.2555,0.3468,-714.5708,0
Акмолинская область,Коргалжынский,2004,16.6285,162.671,1123.0666,3565.0811,65.8003,19.9143,20.9327,678.2462,0.2396,0.2706,0.1812,0.2067,0.1901,23.5768,30.1218,2141.4166,142.5287,-10.4435,0.1448,0.0937,-960.3955,0
Акмолинская область,Коргалжынский,2005,16.3257,204.7149,1050.9334,3671.1798,131.8199,19.8614,20.9471,658.5855,0.2883,0.2985,0.2254,0.2205,0.207,29.9045,44.6917,2080.8678,212.9896,-14.1329,0.1948,0.2017,-846.2185,0
Акмолинская область,Коргалжынский,2006,16.6012,134.0975,1135.9289,3528.652,87.8672,19.2753,20.7182,669.4805,0.2274,0.2369,0.2125,0.1959,0.183,43.3922,24.1367,2128.5595,105.6335,-13.5662,0.1181,0.1336,-1001.8314,0
Акмолинская область,Коргалжынский,2007,16.5172,133.1842,1079.9149,3611.5284,93.8571,19.0487,20.6751,661.6569,0.2676,0.2839,0.1972,0.2189,0.2027,30.4886,33.4956,2116.5876,207.5607,-7.9621,0.1233,0.1441,-946.7308,0
Акмолинская область,Коргалжынский,2008,17.0507,174.5558,1166.1676,3695.3934,105.328,20.622,22.3201,717.5761,0.2344,0.2467,0.172,0.2386,0.2074,24.0315,55.9133,2216.6437,141.7006,-14.2737,0.1497,0.1532,-991.6118,0
Акмолинская область,Коргалжынский,2009,15.7469,166.3798,1109.3873,3560.9225,98.8639,18.4598,20.2055,679.9281,0.2633,0.2653,0.1936,0.2038,0.1822,17.0966,38.6227,1974.2566,120.8116,-11.5203,0.15,0.1476,-943.0075,0
Акмолинская область,Коргалжынский,2010,16.8869,101.7941,1195.5091,3855.3516,57.4617,19.5323,22.3789,756.6452,0.2266,0.2451,0.1789,0.1772,0.1743,14.1907,22.531,2183.5689,153.0349,-15.7709,0.0851,0.0821,-1093.715,0
Акмолинская область,Коргалжынский,2011,16.5929,200.1628,1105.9739,3591.7759,133.4676,18.973,20.3059,641.7674,0.2105,0.2288,0.2261,0.2461,0.2248,40.0221,68.4857,2127.2196,143.5452,-14.3866,0.181,0.2055,-905.8111,0
Акмолинская область,Коргалжынский,2012,18.5522,155.8352,1202.3758,3732.6943,103.4102,21.3544,23.0107,713.41,0.2033,0.216,0.1993,0.1933,0.1796,39.3779,42.8366,2487.9211,128.2163,-16.5038,0.1296,0.1435,-1046.5406,0
Акмолинская область,Коргалжынский,2013,15.7469,242.7227,1025.4202,3483.6388,134.1993,17.9721,19.8841,615.1355,0.2823,0.2962,0.179,0.2902,0.2698,10.1693,94.6611,1972.2971,210.4664,-14.2558,0.2367,0.2098,-782.6975,0
Акмолинская область,Коргалжынский,2014,16.0134,180.1972,1124.965,3615.5662,94.1901,18.8975,21.0917,677.8747,0.2363,0.2595,0.1807,0.2402,0.1981,6.2455,60.9374,2032.6487,182.5932,-13.9164,0.1602,0.1426,-944.7678,0
Акмолинская область,Коргалжынский,2015,15.997,184.2233,1053.1479,3627.1906,130.0136,19.7026,21.0265,720.7107,0.3346,0.3359,0.2578,0.1988,0.2055,24.0529,28.411,2040.1469,195.3895,-12.0142,0.1749,0.1996,-868.9246,0
Акмолинская область,Коргалжынский,2016,16.5871,201.2335,1068.5194,3519.5867,139.8037,17.9606,20.1924,604.7096,0.2331,0.258,0.2412,0.2615,0.2287,52.7131,67.8914,2126.903,207.2007,-8.5919,0.1883,0.2367,-867.2858,0
Акмолинская область,Коргалжынский,2017,16.8447,119.2265,1166.2307,3710.0523,66.4041,19.9268,22.0662,714.9217,0.2286,0.2568,0.1827,0.1949,0.1835,11.4575,30.9819,2176.7045,167.0293,-11.1699,0.1022,0.0941,-1047.0042,0
Акмолинская область,Коргалжынский,2018,14.6934,187.1463,998.5206,3476.0135,97.9663,17.4329,20.1781,621.2556,0.2931,0.308,0.2313,0.1987,0.2087,45.6863,23.7419,1810.4215,188.6555,-14.21,0.1874,0.1553,-811.3743,0
Акмолинская область,Коргалжынский,2019,16.0329,167.0547,1141.9491,3663.4147,68.8981,19.025,21.2573,728.683,0.2364,0.2656,0.2219,0.1795,0.1875,35.8065,21.7048,2030.6282,168.801,-13.2079,0.1463,0.0983,-974.8943,0
Акмолинская область,Коргалжынский,2020,16.8185,261.8348,1130.6127,3614.8605,155.4227,19.9884,20.5643,681.1919,0.2453,0.2733,0.2127,0.2721,0.2805,72.4845,70.293,2172.822,201.3046,-7.5095,0.2316,0.2232,-868.7779,0
Акмолинская область,Коргалжынский,2021,16.2583,142.6848,1100.7738,3745.116,73.5058,19.8761,21.2817,706.7521,0.2397,0.2687,0.1939,0.195,0.1928,23.3742,30.621,2099.8815,164.351,-14.0181,0.1296,0.1093,-958.089,0
Акмолинская область,Коргалжынский,2022,16.912,96.9171,1084.9122,3604.2994,75.311,19.7942,20.8685,672.0363,0.2172,0.2489,0.1672,0.2077,0.2076,10.5737,50.1299,2186.831,173.3055,-10.2681,0.0893,0.1103,-987.995,0
Акмолинская область,Коргалжынский,2023,16.5644,107.1422,689.0766,2666.7644,39.6164,20.3983,22.4444,458.2316,0.2511,0.2809,0.19,0.1604,0.1778,15.2142,4.2057,2166.2425,88.9178,-13.5718,0.1555,0.0881,-581.9345,0
Акмолинская область,Коргалжынский,2024,15.6394,236.0469,948.8885,3442.3354,152.6901,18.542,20.8311,588.8823,0.3415,0.3336,0.2503,0.2545,0.2423,18.7737,53.1659,1953.2149,126.6873,-11.8174,0.2488,0.2639,-712.8415,0
Акмолинская область,Коргалжынский,2025,17.2284,256.6517,1061.1483,3575.3766,167.5581,20.362,20.8422,626.5104,0.272,0.2981,0.2741,0.2182,0.2264,64.4338,45.1409,2245.2042,191.6375,-9.4134,0.2419,0.2642,-804.4967,0
Акмолинская область,Косшы,1991,16.1257,123.9325,1452.4885,3675.8541,65.665,19.8884,20.5393,863.627,0.1916,0.2292,0.1523,0.2081,0.1698,9.3513,51.6948,2041.908,,,0.0853,0.0726,-1328.5559,0
Акмолинская область,Косшы,1992,12.9469,307.7116,1081.7749,3241.891,171.7624,16.0301,17.6611,668.7087,0.2819,0.2684,0.2796,0.2341,0.2312,91.5811,39.3873,1492.5138,159.0478,-11.0227,0.2845,0.2523,-774.0633,0
Акмолинская область,Косшы,1993,13.1362,333.5339,1090.0284,3330.1747,232.5136,16.1571,18.848,649.5001,0.3145,0.3159,0.3142,0.296,0.2654,64.9073,113.3668,1570.5365,182.6859,-11.6754,0.306,0.3665,-756.4945,0
Акмолинская область,Косшы,1994,14.834,253.566,1271.1035,3418.155,137.8153,18.6726,19.7136,774.3811,0.2387,0.2456,0.1576,0.2656,0.2005,17.2128,87.2667,1808.638,120.5653,-15.8319,0.1995,0.1676,-1017.5375,0
Акмолинская область,Косшы,1995,15.911,259.8698,1409.9365,3568.1835,127.6446,18.1091,20.4097,854.0614,0.2481,0.2174,0.1956,0.2133,0.1852,23.8576,53.2076,2004.3173,132.6554,-11.4992,0.1843,0.1569,-1150.0667,0
Акмолинская область,Косшы,1996,13.6144,263.2575,1158.6625,3343.3725,126.1316,17.6529,18.9298,720.4142,0.2934,0.3006,0.2187,0.2387,0.2068,41.1784,58.6423,1698.9036,198.5696,-16.2485,0.2272,0.1733,-895.405,0
Акмолинская область,Косшы,1997,16.365,155.1295,1513.6258,3571.0565,112.9438,18.3914,20.0695,924.4536,0.2984,0.2807,0.1668,0.1945,0.1673,5.8293,38.7081,2085.5796,165.4602,-11.9744,0.1025,0.1319,-1358.4964,0
Акмолинская область,Косшы,1998,15.9838,194.2267,1493.7019,3610.8474,118.5546,19.6481,22.9518,942.318,0.2646,0.2624,0.1822,0.2025,0.1822,26.7422,58.5967,2111.8566,129.0567,-14.9052,0.13,0.1331,-1299.4753,0
Акмолинская область,Косшы,1999,15.2926,286.3845,1370.1336,3546.4929,203.4115,17.4783,19.3935,771.9266,0.2151,0.2266,0.3035,0.2551,0.2479,127.7326,51.4054,1907.6714,134.3654,-9.6157,0.209,0.2621,-1083.7491,0
Акмолинская область,Косшы,2000,15.3209,300.0247,1341.6344,3414.558,206.8615,17.0494,19.9232,799.7548,0.3357,0.3043,0.2992,0.2172,0.2135,78.5913,26.8281,1895.0571,151.1079,-10.5748,0.2236,0.2909,-1041.6097,0
Акмолинская область,Косшы,2001,14.9505,317.6487,1334.4643,3436.9622,178.7785,18.1425,18.1656,712.5897,0.2005,0.2198,0.2482,0.2947,0.2654,79.4385,87.3521,1830.0317,176.5474,-12.3168,0.238,0.2269,-1016.8157,0
Акмолинская область,Косшы,2002,14.2711,271.1587,1221.6844,3460.6442,174.9146,15.9312,18.6202,676.898,0.2937,0.2881,0.276,0.275,0.2626,66.0757,66.4854,1745.3797,237.199,-8.1472,0.222,0.275,-950.5258,0
Акмолинская область,Косшы,2003,15.3026,242.9784,1272.5731,3397.5909,175.0035,17.6178,19.3679,702.9733,0.2413,0.2404,0.279,0.2514,0.2183,83.2743,59.1231,1956.9818,138.6001,-14.6016,0.1909,0.2466,-1029.5947,0
Акмолинская область,Косшы,2004,15.8705,241.3704,1436.4437,3530.0399,115.5979,19.1512,19.9546,821.9231,0.2333,0.246,0.1835,0.2354,0.2024,37.0753,51.6888,2006.8082,150.1441,-10.3325,0.168,0.1327,-1195.0733,0
Акмолинская область,Косшы,2005,15.8533,249.8255,1353.339,3544.4841,170.535,19.1706,20.2619,785.2502,0.2486,0.2514,0.2143,0.2303,0.1885,43.9082,70.3529,1993.2504,191.4894,-14.3927,0.1846,0.2103,-1103.5135,0
Акмолинская область,Косшы,2006,15.7615,173.1024,1431.9074,3427.5181,114.2785,18.3772,19.7554,798.6248,0.2164,0.206,0.2211,0.1963,0.1802,64.4137,24.7498,1974.1185,103.8191,-14.0194,0.1209,0.1438,-1258.8049,0
Акмолинская область,Косшы,2007,16.0943,194.6533,1399.4876,3542.7256,141.543,18.3977,19.9138,811.0459,0.248,0.2464,0.1966,0.2486,0.2171,45.9462,61.1092,2038.03,203.6225,-7.9105,0.1391,0.1718,-1204.8343,0
Акмолинская область,Косшы,2008,16.2906,204.9085,1469.0773,3628.4829,101.8388,20.0092,21.6309,893.8433,0.2222,0.2143,0.1715,0.212,0.1744,26.5167,44.8511,2077.4683,155.4285,-14.2549,0.1395,0.117,-1264.1688,0
Акмолинская область,Косшы,2009,15.0598,227.3151,1400.6974,3478.087,148.873,17.5378,19.0886,794.9446,0.243,0.2236,0.182,0.2463,0.1951,17.2821,79.3101,1847.9819,119.3668,-11.9905,0.1623,0.1846,-1173.3822,0
Акмолинская область,Косшы,2010,16.1492,114.3076,1537.4446,3775.836,61.4096,18.5351,21.2525,928.8345,0.1935,0.2089,0.1757,0.1742,0.1579,20.6677,24.8386,2047.8219,150.5314,-16.5952,0.0743,0.07,-1423.137,0
Акмолинская область,Косшы,2011,16.1626,224.7132,1437.278,3506.8909,174.1884,18.2552,19.3853,768.625,0.1798,0.1898,0.2194,0.2647,0.2437,62.036,93.4688,2046.7918,134.4657,-14.5496,0.1563,0.2164,-1212.5648,0
Акмолинская область,Косшы,2012,17.9186,148.8574,1546.6478,3650.3166,99.1616,20.3882,22.1647,857.5416,0.1866,0.1798,0.1909,0.1881,0.1593,38.4272,40.0477,2371.4158,118.3955,-17.1853,0.0962,0.1133,-1397.7904,0
Акмолинская область,Косшы,2013,15.0967,277.2337,1301.7587,3415.2498,155.2223,16.8763,18.9826,740.9463,0.2986,0.2972,0.1709,0.2831,0.2413,12.4326,99.2467,1852.5062,223.605,-14.2794,0.213,0.1993,-1024.5251,0
Акмолинская область,Косшы,2014,15.4617,207.3311,1455.3928,3519.8664,115.7229,18.2645,20.44,844.8202,0.2149,0.2227,0.1654,0.2476,0.1893,7.4489,81.5864,1924.207,175.4137,-13.9548,0.1425,0.1368,-1248.0617,0
Акмолинская область,Косшы,2015,15.3569,244.988,1328.2481,3536.7376,169.3729,18.8386,20.1389,869.8639,0.3211,0.3218,0.2434,0.214,0.1819,29.1887,48.3138,1903.3416,197.5607,-11.4158,0.1844,0.2135,-1083.2602,0
Акмолинская область,Косшы,2016,15.8644,293.3727,1306.948,3478.854,225.4199,17.0579,19.0677,682.9169,0.2232,0.2246,0.2612,0.3073,0.2703,91.9416,104.8851,1993.3387,196.6199,-8.9913,0.2245,0.325,-1013.5753,0
Акмолинская область,Косшы,2017,16.4716,156.7002,1510.6403,3640.1363,103.5155,19.4345,21.4109,884.5461,0.2302,0.2382,0.1791,0.2076,0.1687,20.0337,45.0349,2107.4019,183.38,-10.9058,0.1037,0.1153,-1353.9402,0
Акмолинская область,Косшы,2018,13.8906,309.0622,1230.3701,3349.7226,155.8725,16.3398,18.9397,709.24,0.2917,0.2932,0.2479,0.2293,0.2076,74.6455,47.0742,1641.6128,182.9446,-13.8441,0.2512,0.2057,-921.3079,0
Акмолинская область,Косшы,2019,15.3318,188.0732,1440.6416,3616.0116,89.5129,17.9269,20.4044,876.917,0.2165,0.2384,0.2356,0.1748,0.1727,56.6649,21.3293,1901.9735,171.5373,-13.4636,0.1305,0.1058,-1252.5684,0
Акмолинская область,Косшы,2020,16.6783,231.4816,1507.1295,3604.9634,132.3144,19.6977,20.2662,875.1799,0.2124,0.2348,0.1946,0.2397,0.2195,63.7007,56.8808,2146.7224,220.6598,-7.4485,0.1536,0.1463,-1275.648,0
Акмолинская область,Косшы,2021,15.9758,151.65,1482.0551,3688.6233,72.5195,19.5599,20.6615,897.9558,0.2032,0.2195,0.1791,0.1879,0.1676,22.4798,31.576,2022.8923,179.2097,-14.1101,0.1023,0.0802,-1330.405,0
Акмолинская область,Косшы,2022,16.7187,131.4724,1435.979,3570.8607,94.0141,19.5531,20.1601,829.8542,0.1915,0.2053,0.169,0.1952,0.1714,15.7093,56.5989,2150.1854,167.6867,-9.7915,0.0916,0.1047,-1304.5066,0
Акмолинская область,Косшы,2023,16.338,111.0749,944.3958,2674.9119,28.2083,20.2495,22.0558,602.4492,0.2002,0.2262,0.1789,0.157,0.1587,16.0727,5.5889,2114.2129,80.3975,-13.389,0.1176,0.0453,-833.321,0
Акмолинская область,Косшы,2024,14.8122,296.405,1101.8002,3353.4942,161.7727,17.5288,19.8501,661.6411,0.3358,0.3183,0.2564,0.2345,0.2023,28.0005,52.3882,1801.5341,124.9371,-11.6682,0.269,0.2502,-805.3952,0
Акмолинская область,Косшы,2025,16.6004,273.9188,1297.9116,3495.8483,157.6992,19.4678,19.9835,736.2295,0.2507,0.2651,0.2399,0.2142,0.2018,66.0499,43.8762,2129.2216,176.8435,-9.4794,0.211,0.2105,-1023.9928,0
Акмолинская область,Сандыктауский,1991,15.1247,166.344,1573.8512,3549.1047,75.8681,18.9035,19.0738,901.6344,0.2978,0.3564,0.2773,0.3209,0.298,23.1216,48.2157,1857.271,,,0.1057,0.0748,-1407.5072,0
Акмолинская область,Сандыктауский,1992,11.7167,346.2188,1161.2105,3172.582,215.1666,14.7956,16.1291,689.1667,0.3974,0.3956,0.3921,0.3738,0.3677,67.5379,110.0588,1304.7328,168.1425,-12.3398,0.2982,0.2896,-814.9917,0
Акмолинская область,Сандыктауский,1993,11.8403,385.5191,1131.8072,3231.5067,226.2603,15.2502,17.7102,667.185,0.4093,0.4272,0.4303,0.4135,0.4033,88.8043,100.097,1400.4987,191.4686,-12.8287,0.3406,0.32,-746.2881,0
Акмолинская область,Сандыктауский,1994,12.9026,303.1655,1228.4437,3201.1669,163.2171,16.5216,17.7518,747.8205,0.4215,0.4346,0.2754,0.3891,0.3314,20.2536,96.8106,1537.8822,168.3677,-16.8822,0.2468,0.1966,-925.2782,0
Акмолинская область,Сандыктауский,1995,14.746,189.1286,1521.2938,3485.2547,126.2064,16.6328,18.9067,904.7439,0.3816,0.3678,0.3287,0.3263,0.3029,29.6221,48.882,1790.6858,152.5135,-12.7248,0.1243,0.1488,-1332.1652,0
Акмолинская область,Сандыктауский,1996,12.7312,271.9876,1314.2613,3266.6658,113.9979,17.1853,18.0986,818.4914,0.4108,0.4207,0.3126,0.3419,0.3182,36.8493,52.0626,1577.6415,181.7634,-16.4999,0.207,0.132,-1042.2737,0
Акмолинская область,Сандыктауский,1997,14.6567,187.8322,1572.0935,3427.7443,139.6983,16.6413,18.11,937.92,0.407,0.4133,0.2831,0.3339,0.3327,16.3034,61.9022,1772.3111,188.8041,-14.05,0.1195,0.1597,-1384.2613,0
Акмолинская область,Сандыктауский,1998,14.4766,209.4004,1580.0149,3548.4457,113.5811,18.609,21.9167,1041.4394,0.3965,0.4076,0.2886,0.3281,0.311,34.9533,52.9307,1929.9047,143.5499,-15.638,0.1325,0.1167,-1370.6145,0
Акмолинская область,Сандыктауский,1999,13.4736,327.6368,1366.0322,3326.6077,215.0827,15.9365,17.6587,779.7966,0.3562,0.3706,0.3854,0.3773,0.3947,87.9906,90.8126,1620.8439,172.5993,-10.3102,0.2398,0.2618,-1038.3954,0
Акмолинская область,Сандыктауский,2000,13.844,273.848,1414.279,3332.4272,182.3243,15.9203,18.6213,818.6019,0.4168,0.3914,0.4057,0.3376,0.3282,78.6188,34.0832,1624.3058,173.2008,-10.9051,0.1936,0.2365,-1140.431,0
Акмолинская область,Сандыктауский,2001,13.3458,346.2862,1312.4242,3327.9072,174.7152,16.5265,16.6815,717.9363,0.3459,0.359,0.3432,0.4105,0.3813,47.9035,97.4736,1545.0268,213.1811,-13.2736,0.2639,0.2153,-966.138,0
Акмолинская область,Сандыктауский,2002,12.8083,266.1226,1302.5829,3412.4359,157.5556,14.9281,17.0931,712.5459,0.4168,0.4177,0.4106,0.3466,0.3502,63.6205,29.9641,1528.502,289.8399,-9.4655,0.2043,0.218,-1036.4603,0
Акмолинская область,Сандыктауский,2003,14.0414,262.5934,1317.9727,3275.3732,187.1752,16.1597,18.4363,766.8727,0.3949,0.4097,0.4209,0.3663,0.3654,76.2529,56.0147,1784.5721,158.3575,-15.7923,0.1992,0.2554,-1055.3794,0
Акмолинская область,Сандыктауский,2004,15.0048,184.8272,1652.4554,3493.9081,65.2768,18.6029,19.4065,972.9306,0.33,0.3636,0.2633,0.2923,0.2817,18.1416,35.3613,1891.9673,163.7314,-11.0964,0.1119,0.0623,-1467.6282,0
Акмолинская область,Сандыктауский,2005,13.6462,366.3259,1187.3955,3399.8404,245.4003,17.0298,18.1154,688.0416,0.4299,0.4335,0.3849,0.3932,0.401,99.9756,58.7539,1648.581,248.066,-15.5312,0.3085,0.3319,-821.0696,0
Акмолинская область,Сандыктауский,2006,14.0494,287.7966,1425.2915,3225.3342,123.672,16.9157,18.217,817.47,0.4167,0.4188,0.3291,0.336,0.3188,53.8815,36.2054,1660.5427,107.5525,-15.0037,0.2019,0.1491,-1137.4948,0
Акмолинская область,Сандыктауский,2007,14.2585,240.4168,1399.1019,3447.8178,178.7434,16.5271,18.2023,802.9512,0.4198,0.4262,0.3291,0.3766,0.3548,36.7636,78.4045,1707.7275,224.3406,-8.9835,0.1718,0.2203,-1158.685,0
Акмолинская область,Сандыктауский,2008,14.8005,174.4857,1561.835,3473.1149,110.2718,18.2344,20.0688,934.8757,0.3226,0.3341,0.296,0.3411,0.3089,38.6093,50.1427,1804.7485,149.0647,-14.8376,0.1117,0.1219,-1387.3492,0
Акмолинская область,Сандыктауский,2009,13.3491,337.0556,1387.919,3366.1706,191.2956,15.7551,17.4244,801.9311,0.4054,0.3922,0.3401,0.3539,0.3107,39.9482,72.4247,1556.436,130.9532,-12.9331,0.2428,0.2339,-1050.8634,0
Акмолинская область,Сандыктауский,2010,15.2132,111.377,1728.8364,3790.9993,58.4708,17.8384,20.4738,1050.4331,0.3272,0.3593,0.283,0.2809,0.2807,16.903,23.7573,1918.8484,173.5662,-17.9399,0.0644,0.0573,-1617.4594,0
Акмолинская область,Сандыктауский,2011,14.2166,332.9493,1346.1655,3306.7521,243.4989,16.1061,17.3036,703.9954,0.3501,0.353,0.4109,0.3924,0.3856,85.957,96.4655,1690.8058,157.8004,-16.0491,0.2473,0.3252,-1013.2162,0
Акмолинская область,Сандыктауский,2012,16.447,219.3987,1630.4685,3550.8259,139.8509,19.159,20.8492,930.9028,0.35,0.3448,0.2963,0.3046,0.2942,38.5393,64.6794,2101.909,144.3807,-16.9156,0.1346,0.1447,-1411.0699,0
Акмолинская область,Сандыктауский,2013,13.3864,431.8335,1280.0076,3290.2312,218.5761,15.5869,17.5122,750.3396,0.4271,0.436,0.2859,0.4158,0.3886,14.1461,158.063,1540.252,213.8845,-15.4881,0.3374,0.2627,-848.1741,0
Акмолинская область,Сандыктауский,2014,13.4802,252.6576,1425.7434,3388.9877,174.2341,16.2956,18.2527,807.3973,0.3303,0.3638,0.2871,0.4285,0.4107,53.0914,104.1378,1633.9998,201.2387,-14.9463,0.1772,0.2061,-1173.0858,0
Акмолинская область,Сандыктауский,2015,13.979,295.6786,1401.3026,3399.2419,189.9302,17.4242,18.3159,883.6908,0.4257,0.4302,0.376,0.3435,0.319,62.213,53.7671,1683.4094,185.5208,-12.5593,0.211,0.2282,-1105.624,0
Акмолинская область,Сандыктауский,2016,14.5138,317.7451,1307.4297,3318.7794,191.918,15.8211,18.2463,692.1761,0.342,0.3691,0.3728,0.4299,0.4164,90.6801,81.2327,1748.2653,271.7579,-10.3465,0.243,0.2617,-989.6846,0
Акмолинская область,Сандыктауский,2017,14.505,186.6747,1533.4126,3527.7745,133.5478,17.0007,19.1428,857.6982,0.3557,0.3741,0.3171,0.3572,0.3179,28.6969,60.4024,1769.2685,228.5801,-12.4074,0.1217,0.1492,-1346.7379,0
Акмолинская область,Сандыктауский,2018,12.7217,335.8597,1341.8074,3210.6351,183.4617,15.3093,17.7566,789.5624,0.402,0.4034,0.3292,0.3592,0.3298,36.1149,98.1301,1476.9455,164.1638,-14.3464,0.2503,0.2143,-1005.9478,0
Акмолинская область,Сандыктауский,2019,13.7759,266.1607,1474.2409,3417.7437,99.4784,16.7286,18.632,888.9556,0.3666,0.377,0.3277,0.3084,0.2957,31.3988,43.7968,1642.7313,178.4698,-14.2757,0.1805,0.1101,-1208.0802,0
Акмолинская область,Сандыктауский,2020,15.1269,303.7643,1549.2823,3499.3306,174.0177,18.0047,18.7527,887.2688,0.3621,0.3872,0.2806,0.3701,0.3794,43.7122,112.0578,1863.1736,239.3539,-8.2927,0.1961,0.1891,-1245.518,0
Акмолинская область,Сандыктауский,2021,14.9822,160.3246,1624.1973,3596.5082,65.5491,18.57,19.6225,970.4299,0.3268,0.3623,0.2764,0.2913,0.2832,16.4047,26.3903,1862.2385,167.6718,-14.8114,0.0987,0.0647,-1463.8727,0
Акмолинская область,Сандыктауский,2022,15.1956,179.074,1546.707,3427.5439,127.5643,17.6983,18.7229,881.5444,0.2974,0.3324,0.324,0.3248,0.2946,44.6053,62.9422,1872.3262,184.8293,-10.6158,0.1158,0.1302,-1367.633,0
Акмолинская область,Сандыктауский,2023,14.9782,150.2451,979.4247,2512.6912,45.9349,18.5787,20.291,616.0478,0.3395,0.3651,0.279,0.2924,0.2857,15.292,16.711,1879.0141,122.664,-13.6727,0.1534,0.0717,-829.1796,0
Акмолинская область,Сандыктауский,2024,13.5951,432.2319,1171.5979,3249.8535,250.0622,16.2434,18.3218,680.8219,0.4582,0.4604,0.4058,0.4115,0.4106,54.3228,92.9596,1577.3073,160.4507,-13.8433,0.3689,0.3457,-739.366,0
Акмолинская область,Сандыктауский,2025,15.3681,284.7732,1388.0371,3304.1396,160.1071,18.1649,18.5915,772.0114,0.373,0.3794,0.3598,0.3299,0.3072,64.5417,54.7338,1903.1329,214.1161,-9.8041,0.2052,0.1964,-1103.2639,0
Акмолинская область,Степногорск,1991,15.7681,183.0681,1351.0381,3507.7603,92.3827,19.6018,19.7542,772.516,0.2323,0.2648,0.2342,0.2757,0.2301,26.7169,59.4204,1975.6124,,,0.1355,0.1073,-1167.97,0
Акмолинская область,Степногорск,1992,12.3556,317.025,1021.9907,3141.1362,186.017,15.7133,17.0525,625.3177,0.3151,0.3185,0.2983,0.2959,0.2855,60.8913,98.291,1418.9047,119.1019,-11.8699,0.3102,0.2815,-704.9656,0
Акмолинская область,Степногорск,1993,12.6514,385.4772,980.7032,3192.4283,257.0036,15.6425,18.3825,576.5238,0.3716,0.3783,0.3807,0.3777,0.3601,76.5543,124.1195,1487.5379,131.5354,-12.1201,0.3931,0.4459,-595.226,0
Акмолинская область,Степногорск,1994,13.803,336.5284,1099.137,3188.4958,196.149,17.4412,18.643,653.4188,0.3444,0.3514,0.2352,0.3623,0.3166,34.8737,115.9811,1655.2369,119.3065,-16.2082,0.3062,0.2706,-762.6086,0
Акмолинская область,Степногорск,1995,15.0076,301.8894,1247.3119,3412.3178,176.6236,16.9241,19.0252,724.384,0.352,0.3266,0.2994,0.3144,0.2724,36.3682,74.6297,1838.6209,110.8678,-12.1105,0.242,0.2519,-945.4225,0
Акмолинская область,Степногорск,1996,12.828,354.7889,1047.4623,3182.1446,183.468,16.9326,17.8511,617.4853,0.3525,0.3522,0.3051,0.3596,0.3368,71.1481,84.6011,1568.4704,153.4137,-16.1961,0.3387,0.281,-692.6734,0
Акмолинская область,Степногорск,1997,15.5474,148.5069,1393.3714,3420.8966,99.4929,17.4386,19.0763,837.4379,0.3403,0.3301,0.2285,0.249,0.2226,13.9611,35.1967,1936.0393,116.8583,-13.0991,0.1066,0.1272,-1244.8645,0
Акмолинская область,Степногорск,1998,15.0745,195.991,1346.955,3434.4308,107.7941,18.7947,22.1808,856.1173,0.3385,0.3266,0.2198,0.2826,0.2429,18.8567,55.3926,1977.6432,91.0744,-15.88,0.1455,0.1333,-1150.964,0
Акмолинская область,Степногорск,1999,14.6268,266.1692,1279.8144,3478.5544,158.7254,17.3564,18.9415,733.5859,0.2681,0.2807,0.3158,0.2796,0.2708,98.3238,37.0546,1820.8545,112.2783,-9.7936,0.208,0.2107,-1013.6452,0
Акмолинская область,Степногорск,2000,14.3234,334.8004,1181.8333,3315.1643,217.0176,16.4598,19.0091,699.4524,0.3816,0.3457,0.3617,0.2893,0.2647,90.0831,41.8704,1712.2591,116.984,-10.8994,0.2833,0.3331,-847.0329,0
Акмолинская область,Степногорск,2001,14.3004,378.0682,1188.4415,3265.368,212.2344,17.3729,17.3402,612.0209,0.2953,0.2998,0.3291,0.3818,0.3578,77.8496,110.7715,1710.9982,156.9508,-13.8872,0.3181,0.3023,-810.3732,0
Акмолинская область,Степногорск,2002,13.7104,293.1003,1178.6631,3415.8603,159.464,15.9781,18.0301,650.3149,0.3365,0.3375,0.3097,0.3447,0.3129,53.1458,75.4359,1675.1453,192.07,-9.1182,0.2487,0.2437,-885.5628,0
Акмолинская область,Степногорск,2003,14.7671,286.4453,1181.2405,3322.9798,189.7664,17.0252,18.834,649.5883,0.3297,0.3241,0.3467,0.3151,0.2766,78.1121,65.7313,1852.0691,120.7997,-15.3551,0.2425,0.2833,-894.7952,0
Акмолинская область,Степногорск,2004,15.234,252.7109,1322.1032,3423.8592,115.4219,18.9735,19.3257,739.5326,0.2937,0.3008,0.2453,0.286,0.2695,51.4409,36.5232,1919.9463,116.1343,-11.0371,0.1911,0.1417,-1069.3922,0
Акмолинская область,Степногорск,2005,14.5984,343.5473,1112.5531,3382.7468,221.2072,17.94,19.1129,626.4034,0.3113,0.3165,0.2973,0.3551,0.3404,82.8492,95.8977,1767.0407,161.381,-15.3445,0.3088,0.3217,-769.0058,0
Акмолинская область,Степногорск,2006,14.3421,287.3408,1205.1722,3227.1147,165.62,17.2445,18.7011,678.5812,0.3598,0.3564,0.3116,0.3204,0.3191,100.4709,35.6013,1724.8513,85.3154,-15.8788,0.2384,0.2461,-917.8315,0
Акмолинская область,Степногорск,2007,15.4174,238.928,1285.4969,3418.4094,166.6338,17.5562,19.0653,710.6452,0.3208,0.3113,0.2576,0.3429,0.307,32.4835,91.3566,1913.5315,180.6516,-8.1321,0.1859,0.2251,-1046.5689,0
Акмолинская область,Степногорск,2008,15.5159,171.2115,1374.2004,3481.3366,86.5199,19.2269,20.9528,837.2366,0.2807,0.2689,0.2322,0.2564,0.22,18.9926,38.5559,1936.0739,128.5027,-14.3517,0.1246,0.1078,-1202.9889,0
Акмолинская область,Степногорск,2009,13.8796,401.3774,1170.1071,3295.2815,276.7685,16.2583,17.688,649.646,0.3423,0.326,0.3182,0.3504,0.3179,48.7578,148.3993,1632.0175,110.6038,-13.4367,0.343,0.4115,-768.7298,0
Акмолинская область,Степногорск,2010,15.2758,134.8169,1386.004,3667.4703,81.313,17.4384,20.1268,821.9902,0.2681,0.2795,0.2518,0.2428,0.2309,40.9239,23.6476,1887.3515,130.0529,-19.6519,0.0973,0.1033,-1251.1872,0
Акмолинская область,Степногорск,2011,15.2577,297.1272,1251.7406,3359.6689,213.8268,17.1453,18.3369,658.0735,0.2766,0.2557,0.2963,0.3414,0.333,71.8188,103.1708,1880.0679,108.9803,-16.1535,0.2374,0.3136,-954.6135,0
Акмолинская область,Степногорск,2012,17.0828,201.0637,1410.8205,3541.5716,137.1383,19.6672,21.4115,779.6233,0.2735,0.2509,0.2756,0.2532,0.2321,60.3605,53.3762,2217.9349,88.5148,-16.3464,0.1425,0.1726,-1209.7568,0
Акмолинская область,Степногорск,2013,13.966,355.1611,1118.7766,3289.3455,197.4227,15.8503,17.9327,629.7297,0.3619,0.3591,0.2453,0.3646,0.3351,15.7417,131.6573,1646.0072,169.045,-15.4935,0.3175,0.2868,-763.6156,0
Акмолинская область,Степногорск,2014,14.574,217.0895,1323.2442,3400.675,123.0702,17.2992,19.4271,743.6061,0.2606,0.2806,0.2405,0.3062,0.2404,18.8711,84.6304,1767.1845,137.1533,-14.7145,0.1641,0.1593,-1106.1546,0
Акмолинская область,Степногорск,2015,14.7471,273.9125,1229.3377,3408.9461,176.0247,18.1825,19.0981,761.8633,0.3421,0.337,0.3084,0.2975,0.2589,47.2168,67.1634,1790.4312,137.6043,-11.3766,0.2228,0.2383,-955.4252,0
Акмолинская область,Степногорск,2016,15.2871,308.1685,1156.027,3368.1204,217.8058,16.5018,18.6698,591.766,0.2732,0.272,0.3296,0.3847,0.3527,84.5636,109.3518,1888.1515,142.0158,-10.6194,0.2666,0.3479,-847.8585,0
Акмолинская область,Степногорск,2017,15.515,176.0222,1379.1295,3528.2,133.3189,18.2512,19.9578,747.4261,0.2629,0.2702,0.2433,0.3096,0.2721,19.7532,79.0988,1931.0935,154.973,-11.6632,0.1276,0.1644,-1203.1073,0
Акмолинская область,Степногорск,2018,13.0837,381.7753,1098.3903,3139.669,194.9462,15.4236,17.9862,625.0357,0.3475,0.3391,0.2955,0.3254,0.3123,67.0474,85.3653,1507.9704,135.9324,-14.9974,0.3476,0.29,-716.6151,0
Акмолинская область,Степногорск,2019,14.1557,268.4444,1225.9293,3499.68,116.0498,16.5643,19.0454,735.618,0.3248,0.3257,0.3277,0.2573,0.2503,64.5254,27.7687,1701.9681,149.9274,-14.1823,0.219,0.162,-957.4849,0
Акмолинская область,Степногорск,2020,16.501,223.1461,1450.9011,3553.6817,109.8657,19.3026,20.045,826.9363,0.28,0.3048,0.2336,0.2795,0.2664,44.1252,55.177,2114.6333,160.6576,-7.7264,0.1538,0.1276,-1227.7549,0
Акмолинская область,Степногорск,2021,15.4593,166.3206,1367.961,3553.862,85.5725,19.1201,19.8885,788.4978,0.2724,0.2946,0.2353,0.2414,0.2235,23.865,27.9043,1932.6042,136.3721,-15.1321,0.1216,0.0993,-1201.6404,0
Акмолинская область,Степногорск,2022,15.9424,202.4462,1319.4808,3421.1268,125.0723,18.8438,19.327,757.9938,0.2473,0.2568,0.2506,0.2555,0.2252,38.4306,67.1619,2008.7293,120.8191,-10.5443,0.1534,0.1477,-1117.0346,0
Акмолинская область,Степногорск,2023,15.817,112.7239,890.3979,2597.2945,27.9367,19.5663,21.3097,551.6553,0.2522,0.2723,0.2164,0.2287,0.2125,11.7544,10.1226,2015.8889,75.0309,-13.5566,0.1266,0.0483,-777.6741,0
Акмолинская область,Степногорск,2024,14.237,391.9987,992.4375,3165.3167,241.381,16.833,19.0841,575.615,0.3789,0.3574,0.3614,0.3737,0.3628,54.9111,106.0611,1695.0643,98.15,-12.9843,0.395,0.4157,-600.4387,0
Акмолинская область,Степногорск,2025,16.1517,340.2725,1231.1744,3298.839,162.9896,19.0955,19.4893,681.4108,0.321,0.3362,0.2957,0.2807,0.2431,51.7088,61.9201,2046.3367,171.2727,-9.2787,0.2764,0.2228,-890.9018,0
Акмолинская область,Целиноградский,1991,15.8202,147.5518,1319.4671,3633.4491,77.0614,19.5712,20.1222,777.9101,0.1857,0.231,0.156,0.2073,0.1697,16.6049,55.8946,1985.7882,,,0.1118,0.0932,-1171.9153,0
Акмолинская область,Целиноградский,1992,12.6271,328.4696,990.5945,3184.0626,188.0436,15.7874,17.2736,609.2037,0.2709,0.2629,0.2757,0.2366,0.234,88.4144,61.5849,1444.5397,152.2446,-11.3024,0.3316,0.2989,-662.1249,0
Акмолинская область,Целиноградский,1993,12.7753,356.5843,969.0464,3276.648,247.8464,15.7558,18.4591,577.3269,0.3218,0.3271,0.3249,0.312,0.29,71.28,115.7256,1516.6571,170.5282,-11.9841,0.368,0.4389,-612.462,0
Акмолинская область,Целиноградский,1994,14.2759,311.8263,1125.0825,3339.1708,177.0142,18.0316,19.0963,678.1557,0.2618,0.2769,0.1589,0.2886,0.2307,25.9944,106.1558,1718.169,116.2695,-16.2652,0.2772,0.2418,-813.2563,0
Акмолинская область,Целиноградский,1995,15.4527,296.5835,1268.7433,3503.0012,140.6387,17.6023,19.8049,764.7954,0.2644,0.2422,0.199,0.2133,0.179,23.718,53.2987,1920.3708,126.8615,-11.6979,0.2338,0.1916,-972.1597,0
Акмолинская область,Целиноградский,1996,13.2778,280.8623,1057.3329,3267.2949,134.4801,17.3283,18.4877,651.5651,0.2904,0.3034,0.2143,0.2424,0.213,45.4893,63.653,1642.9061,189.6945,-16.5838,0.2656,0.2013,-776.4707,0
Акмолинская область,Целиноградский,1997,16.0326,154.6048,1390.157,3510.82,112.9742,17.9984,19.755,853.0193,0.2966,0.2828,0.1586,0.1858,0.1637,4.7405,39.8675,2024.7503,145.0056,-12.4573,0.1112,0.1437,-1235.5522,0
Акмолинская область,Целиноградский,1998,15.696,193.205,1378.8942,3558.7582,106.1005,19.3373,22.6905,873.6945,0.2711,0.2631,0.1657,0.1963,0.1652,21.081,46.5653,2064.5869,114.4281,-15.4362,0.1401,0.1291,-1185.6892,0
Акмолинская область,Целиноградский,1999,14.9829,296.2692,1262.8252,3517.7592,203.7146,17.3043,19.1055,715.0222,0.2056,0.2242,0.2909,0.2468,0.242,130.8738,51.557,1866.1849,126.5129,-9.838,0.2346,0.2806,-966.556,0
Акмолинская область,Целиноградский,2000,14.8589,332.5504,1206.1778,3380.5366,233.026,16.6233,19.4171,717.8704,0.3457,0.3196,0.311,0.2155,0.2119,83.8432,38.4837,1810.4225,137.4222,-10.865,0.2757,0.3614,-873.6274,0
Акмолинская область,Целиноградский,2001,14.5899,357.1802,1203.9603,3377.1361,208.5624,17.7105,17.7015,633.0899,0.2037,0.2274,0.2588,0.3165,0.2996,92.1367,102.9881,1763.963,169.7829,-12.9805,0.2967,0.2928,-846.78,0
Акмолинская область,Целиноградский,2002,14.0124,278.3875,1130.7942,3405.8144,173.3318,15.7851,18.3212,626.0095,0.2813,0.2823,0.276,0.274,0.2658,71.0937,62.0974,1706.7609,222.6705,-8.9082,0.2462,0.29,-852.4066,0
Акмолинская область,Целиноградский,2003,15.0327,251.8489,1160.4407,3344.7327,182.3278,17.356,19.0457,642.1518,0.2462,0.2492,0.2838,0.2407,0.2091,82.4873,56.4834,1907.4102,127.9471,-15.0054,0.217,0.278,-908.5917,0
Акмолинская область,Целиноградский,2004,15.5178,262.1201,1310.9189,3514.5345,119.2341,18.9428,19.5751,748.6405,0.2358,0.2517,0.1747,0.2244,0.1991,39.2776,49.373,1951.3678,143.0056,-10.7203,0.2,0.1483,-1048.7988,0
Акмолинская область,Целиноградский,2005,15.4127,282.967,1219.9421,3476.6335,188.7209,18.6696,19.8243,698.4144,0.2565,0.2665,0.2201,0.2345,0.1965,54.1721,70.749,1912.5469,181.8507,-15.0199,0.232,0.2573,-936.9751,0
Акмолинская область,Целиноградский,2006,15.2269,210.7507,1284.93,3340.3291,141.165,17.9311,19.3656,725.2444,0.2445,0.2341,0.2264,0.2025,0.2054,81.9656,24.114,1876.134,102.3425,-14.9878,0.164,0.1975,-1074.1792,0
Акмолинская область,Целиноградский,2007,15.7554,205.0836,1273.3829,3476.3503,151.5293,17.9618,19.5093,736.582,0.2581,0.252,0.2021,0.2444,0.2077,48.9842,57.8794,1975.8313,191.2624,-8.0849,0.1611,0.2034,-1068.2993,0
Акмолинская область,Целиноградский,2008,15.8575,210.9487,1339.1366,3574.9918,97.8385,19.6889,21.2931,825.628,0.2279,0.2245,0.1625,0.204,0.1659,21.3512,47.1238,1998.4444,154.8586,-14.5227,0.1575,0.1212,-1128.1879,0
Акмолинская область,Целиноградский,2009,14.4649,331.6594,1218.8985,3399.4578,216.3234,16.9058,18.331,683.8839,0.2603,0.2441,0.2028,0.2679,0.2325,25.5188,122.9471,1738.9789,114.0214,-12.7413,0.2721,0.3081,-887.2391,0
Акмолинская область,Целиноградский,2010,15.7293,135.0441,1400.9274,3739.9271,84.3298,18.0077,20.719,843.7746,0.1939,0.2122,0.183,0.1871,0.1603,29.6674,35.8275,1970.7637,144.5289,-17.8677,0.0964,0.1051,-1265.8833,0
Акмолинская область,Целиноградский,2011,15.7662,247.3643,1298.5687,3471.4762,188.0588,17.7608,18.8243,686.7918,0.1762,0.1881,0.2193,0.2681,0.26,74.679,91.9355,1973.6422,125.153,-15.1739,0.1905,0.2601,-1051.2044,0
Акмолинская область,Целиноградский,2012,17.5129,164.8173,1419.7858,3609.7621,117.7481,20.0029,21.7559,784.8438,0.1888,0.1842,0.1907,0.1969,0.1671,51.2095,46.9563,2296.93,110.5841,-17.5802,0.1161,0.146,-1254.9685,0
Акмолинская область,Целиноградский,2013,14.568,318.5224,1153.0003,3350.9738,186.8134,16.3337,18.4309,656.5641,0.3113,0.3121,0.164,0.299,0.258,9.9752,126.6968,1755.7346,213.2207,-14.7964,0.2763,0.2665,-834.4778,0
Акмолинская область,Целиноградский,2014,15.0249,226.065,1315.2272,3467.4195,127.5451,17.8436,19.9215,758.6846,0.2017,0.2232,0.1634,0.2489,0.1883,9.6929,95.6682,1846.4456,164.8567,-14.3086,0.1719,0.1648,-1089.1622,0
Акмолинская область,Целиноградский,2015,14.9939,276.0549,1204.3995,3491.0133,191.9675,18.4455,19.588,780.5172,0.3111,0.3162,0.256,0.2163,0.1836,41.0859,55.8184,1836.5884,183.1218,-11.658,0.2292,0.2648,-928.3447,0
Акмолинская область,Целиноградский,2016,15.5254,313.504,1177.0666,3426.0429,243.9414,16.7065,18.7269,610.6387,0.2166,0.225,0.2563,0.326,0.2923,86.9391,129.2831,1931.127,181.2817,-9.7749,0.2663,0.3872,-863.5626,0
Акмолинская область,Целиноградский,2017,16.0311,169.8017,1364.8681,3598.9238,121.8298,18.9399,20.7748,789.2804,0.2179,0.2318,0.1816,0.226,0.1807,22.0389,64.7352,2026.3685,177.9311,-11.1954,0.1244,0.149,-1195.0664,0
Акмолинская область,Целиноградский,2018,13.4905,341.6206,1103.8878,3273.1398,171.8716,15.8942,18.483,640.6846,0.2927,0.2989,0.2468,0.2448,0.2247,78.635,58.9738,1576.1746,167.105,-14.4067,0.3095,0.2507,-762.2672,0
Акмолинская область,Целиноградский,2019,14.8509,224.2783,1293.4586,3575.0473,111.8405,17.3074,19.8035,781.6834,0.2265,0.2474,0.2531,0.1774,0.1824,73.0108,22.9649,1813.7738,165.4563,-13.8842,0.1734,0.1481,-1069.1803,0
Акмолинская область,Целиноградский,2020,16.5819,235.4818,1412.0009,3585.8131,124.4735,19.6018,20.173,820.2197,0.2088,0.242,0.1803,0.2277,0.2175,52.7634,61.1865,2129.2139,204.9884,-7.735,0.1668,0.1456,-1176.5191,0
Акмолинская область,Целиноградский,2021,15.5152,179.0539,1336.2295,3643.779,101.523,19.0232,20.1104,807.3069,0.2239,0.2527,0.1749,0.1938,0.1736,23.6744,39.6895,1950.4164,177.8289,-14.6469,0.134,0.1236,-1157.1757,0
Акмолинская область,Целиноградский,2022,16.2972,165.7819,1295.1927,3494.7006,111.7666,19.2676,19.7281,752.0014,0.1911,0.2096,0.1741,0.1881,0.1642,21.3312,65.4324,2073.1486,159.3703,-10.3164,0.128,0.1346,-1129.4107,0
Акмолинская область,Целиноградский,2023,15.9854,119.1434,880.709,2656.4051,28.0568,19.9197,21.6926,562.3553,0.1956,0.2328,0.1746,0.1594,0.157,16.1774,7.3622,2066.9012,78.2484,-13.7302,0.1353,0.0479,-761.5655,0
Акмолинская область,Целиноградский,2024,14.3802,391.372,985.798,3281.6873,226.3861,17.0923,19.364,588.082,0.3481,0.3355,0.2992,0.279,0.2561,51.587,81.7326,1722.1423,116.2705,-12.1796,0.397,0.3895,-594.426,0
Акмолинская область,Целиноградский,2025,16.2646,315.6156,1187.9806,3427.9005,178.7876,19.0998,19.5648,668.0259,0.2537,0.2743,0.2492,0.2247,0.2168,72.0688,60.0055,2067.4499,172.8936,-9.6316,0.2657,0.2593,-872.365,0
Акмолинская область,Шортандинский,1991,15.8111,146.6454,1401.3606,3623.4123,81.3753,19.5021,20.0041,815.4674,0.2923,0.3608,0.257,0.3226,0.2997,15.5293,57.6408,1983.6041,,,0.1046,0.0934,-1254.7152,0
Акмолинская область,Шортандинский,1992,12.5432,284.0913,1062.8962,3202.1824,148.3787,15.7947,17.1951,651.5475,0.3714,0.3883,0.3504,0.33,0.339,62.695,53.982,1438.0394,163.8462,-11.4039,0.2673,0.2178,-778.8049,0
Акмолинская область,Шортандинский,1993,12.7417,343.1091,1041.8093,3265.3726,228.7204,15.8297,18.4403,612.7059,0.4107,0.4323,0.4209,0.4071,0.4018,74.0992,109.2011,1510.8399,180.4118,-12.1315,0.3293,0.3697,-698.7002,0
Акмолинская область,Шортандинский,1994,14.1769,261.8213,1187.105,3318.4695,159.1161,17.8928,19.034,719.1723,0.382,0.4134,0.2507,0.3922,0.3422,20.0941,97.1883,1712.214,138.9214,-16.2174,0.2206,0.204,-925.2837,0
Акмолинская область,Шортандинский,1995,15.4377,291.3636,1344.1148,3494.4277,155.7252,17.559,19.7631,809.4794,0.3808,0.3718,0.3025,0.3459,0.3298,22.3813,68.5325,1917.3295,139.249,-11.8506,0.2168,0.2014,-1052.7512,0
Акмолинская область,Шортандинский,1996,13.3065,287.4006,1136.5169,3282.4981,137.3958,17.4575,18.5251,697.4825,0.388,0.4134,0.3217,0.3596,0.357,52.4551,64.4524,1644.0698,189.319,-16.2587,0.2529,0.1917,-849.1163,0
Акмолинская область,Шортандинский,1997,15.8933,127.1261,1472.0763,3503.0905,85.8102,17.9822,19.651,905.7368,0.3926,0.3958,0.257,0.2636,0.2867,6.8708,24.5315,1999.2966,165.8693,-12.8179,0.0864,0.1019,-1344.9501,0
Акмолинская область,Шортандинский,1998,15.3776,203.4274,1410.8598,3536.7491,116.5632,19.1228,22.4242,898.3925,0.3887,0.3958,0.2744,0.3092,0.3088,23.5649,56.53,2024.0631,132.9096,-15.2874,0.1442,0.1376,-1207.4324,0
Акмолинская область,Шортандинский,1999,14.7265,296.3495,1302.587,3493.283,193.6707,17.0558,18.8866,737.7146,0.3255,0.3632,0.3703,0.3562,0.3769,107.4257,57.5116,1824.4471,132.8975,-9.7455,0.2275,0.2565,-1006.2375,0
Акмолинская область,Шортандинский,2000,14.7675,309.7056,1289.8471,3376.3106,209.1282,16.5601,19.4081,759.5469,0.4323,0.4082,0.4216,0.3224,0.3499,100.5495,25.866,1793.5133,159.1468,-10.7016,0.2401,0.3041,-980.1416,0
Акмолинская область,Шортандинский,2001,14.684,309.6468,1309.3797,3362.1923,157.0924,17.9461,17.8664,696.6588,0.3073,0.3469,0.3307,0.3904,0.366,58.9428,81.5243,1781.2794,183.184,-12.8646,0.2365,0.1989,-999.7329,0
Акмолинская область,Шортандинский,2002,13.9263,280.1979,1197.1648,3419.5915,171.9099,15.7297,18.197,660.1355,0.392,0.4033,0.4045,0.3773,0.3881,83.3132,47.4112,1690.2669,241.041,-8.9408,0.2341,0.2704,-916.9669,0
Акмолинская область,Шортандинский,2003,14.9052,282.5476,1210.2454,3315.3456,211.7268,17.1175,18.927,666.7974,0.3711,0.3943,0.408,0.3638,0.3515,97.9311,58.4027,1888.9682,140.4556,-15.0325,0.2335,0.3129,-927.6978,0
Акмолинская область,Шортандинский,2004,15.5183,223.2222,1386.331,3496.3339,104.9417,18.9703,19.6219,792.4927,0.3359,0.371,0.2721,0.3343,0.3079,31.5837,52.4885,1954.0173,154.4997,-10.7272,0.161,0.1222,-1163.1088,0
Акмолинская область,Шортандинский,2005,15.0484,289.6841,1226.9667,3483.0207,194.6707,18.3486,19.4369,701.6917,0.378,0.4002,0.3327,0.3638,0.3652,52.9482,76.9463,1845.8956,206.8957,-14.7812,0.2361,0.2602,-937.2826,0
Акмолинская область,Шортандинский,2006,15.0315,219.2591,1334.8124,3307.8629,134.9342,17.7729,19.1859,751.9568,0.365,0.3691,0.3375,0.3085,0.3367,79.5615,21.4434,1840.4399,98.7706,-14.6105,0.1643,0.1806,-1115.5532,0
Акмолинская область,Шортандинский,2007,15.5444,192.5779,1334.0097,3482.784,146.3516,17.7602,19.3875,770.2719,0.3681,0.3794,0.2893,0.3544,0.3399,34.6811,65.7969,1937.2677,203.5671,-8.125,0.1444,0.189,-1141.4318,0
Акмолинская область,Шортандинский,2008,15.6982,197.4324,1410.004,3584.7177,106.5246,19.4046,21.0315,854.8124,0.3223,0.3397,0.2583,0.3322,0.3104,17.68,64.2547,1968.986,146.5121,-14.3594,0.14,0.1271,-1212.5716,0
Акмолинская область,Шортандинский,2009,14.2978,315.126,1281.6447,3404.3804,209.9519,16.7087,18.2106,725.8458,0.378,0.3748,0.3264,0.37,0.3525,37.0939,103.1831,1708.3175,121.9954,-12.7881,0.2459,0.2851,-966.5187,0
Акмолинская область,Шортандинский,2010,15.889,129.6032,1513.5643,3778.9669,72.3235,18.2753,20.9489,908.5127,0.2974,0.3428,0.2824,0.2884,0.2886,25.6415,31.5932,2000.0741,141.358,-17.7026,0.0856,0.0829,-1383.9611,0
Акмолинская область,Шортандинский,2011,15.5164,261.4364,1340.1046,3451.2435,192.7234,17.5069,18.623,711.0062,0.2899,0.3207,0.3448,0.3772,0.3904,75.4261,91.1035,1928.2748,135.5368,-15.2056,0.1951,0.2574,-1078.6682,0
Акмолинская область,Шортандинский,2012,17.3579,197.4369,1473.2803,3614.6307,149.6151,19.8855,21.6362,825.0402,0.3137,0.3205,0.3183,0.2987,0.3052,60.1286,62.1402,2268.6328,124.9006,-17.046,0.134,0.1765,-1275.8434,0
Акмолинская область,Шортандинский,2013,14.3378,336.0369,1191.5844,3334.0009,196.4999,16.1868,18.2103,679.3736,0.4243,0.4349,0.2925,0.4049,0.3894,19.7486,121.4969,1713.6051,214.7232,-14.745,0.282,0.2697,-855.5475,0
Акмолинская область,Шортандинский,2014,14.8445,238.5472,1370.3158,3441.0377,131.1864,17.6187,19.7397,787.3794,0.3152,0.3543,0.272,0.3679,0.3234,13.9107,93.1307,1820.0818,176.7291,-14.3647,0.1741,0.1635,-1131.7685,0
Акмолинская область,Шортандинский,2015,14.8603,251.1281,1266.4756,3482.0613,162.1649,18.2919,19.375,814.0128,0.414,0.4268,0.3528,0.3172,0.307,32.6213,48.1021,1811.6858,185.4022,-11.7448,0.1983,0.2132,-1015.3475,0
Акмолинская область,Шортандинский,2016,15.4023,285.2484,1232.0527,3409.119,198.3444,16.5715,18.7236,638.478,0.3215,0.3533,0.3549,0.4233,0.3993,76.407,94.8013,1909.3345,207.6481,-9.5875,0.2315,0.2984,-946.8042,0
Акмолинская область,Шортандинский,2017,15.8608,154.9589,1439.9768,3593.16,111.8195,18.6937,20.5029,814.4875,0.3028,0.351,0.2764,0.3376,0.3213,14.483,66.9431,1995.0061,181.7846,-11.2842,0.1076,0.1307,-1285.0179,0
Акмолинская область,Шортандинский,2018,13.3295,296.0375,1156.874,3243.9542,150.8155,15.74,18.2726,667.46,0.3835,0.4041,0.3364,0.3509,0.3442,67.2384,51.8983,1551.597,169.1021,-14.1156,0.2559,0.2106,-860.8366,0
Акмолинская область,Шортандинский,2019,14.5995,250.0465,1317.3073,3552.6632,131.3513,17.1654,19.4344,787.1272,0.3469,0.3731,0.3636,0.3022,0.3354,79.6187,29.6318,1767.6156,174.1036,-13.6269,0.1898,0.1693,-1067.2608,0
Акмолинская область,Шортандинский,2020,16.3525,273.2219,1462.5547,3572.9266,151.6669,19.3522,19.9247,848.9833,0.3338,0.3774,0.287,0.3612,0.3714,63.572,72.1822,2087.1358,216.8802,-7.6372,0.1868,0.1713,-1189.3328,0
Акмолинская область,Шортандинский,2021,15.5919,172.9091,1425.8288,3631.792,99.831,19.0975,20.0558,841.7952,0.3137,0.3609,0.2842,0.3089,0.3001,26.1727,43.1313,1951.2956,168.9219,-14.4973,0.1213,0.1149,-1252.9197,0
Акмолинская область,Шортандинский,2022,16.1165,173.256,1359.9297,3478.0524,122.8938,18.9035,19.499,780.3081,0.2948,0.3362,0.2909,0.2988,0.293,34.0181,66.6411,2040.2664,167.5973,-10.4311,0.1274,0.1426,-1186.6737,0
Акмолинская область,Шортандинский,2023,15.9857,114.0924,927.2863,2613.0775,22.4376,19.9505,21.6163,584.0549,0.2949,0.3565,0.2557,0.2549,0.2814,10.1432,7.0147,2053.5586,89.8203,-13.5095,0.123,0.0365,-813.194,0
Акмолинская область,Шортандинский,2024,14.2873,400.4815,1040.88,3270.1565,220.9391,17.0034,19.1588,614.5804,0.449,0.4479,0.3958,0.3783,0.3773,45.7539,82.7465,1704.6118,128.9013,-12.5195,0.3848,0.352,-640.3984,0
Акмолинская область,Шортандинский,2025,16.1344,338.4086,1246.1753,3411.2624,186.9124,19.0258,19.3631,690.6235,0.3621,0.4012,0.3811,0.3207,0.3353,86.0683,49.4306,2043.7083,204.4999,-9.5562,0.2716,0.2556,-907.7667,0
Костанайская область,Алтынсаринский,1991,16.8575,165.3785,1522.6669,3481.8708,59.2237,20.8206,20.8024,876.8394,0.2776,0.3314,0.2586,0.2949,0.2828,15.4754,36.5944,2174.8059,,,0.1086,0.0602,-1357.2883,0
Костанайская область,Алтынсаринский,1992,12.9829,268.6952,1141.2697,3182.0914,165.2228,15.5792,17.0635,652.9468,0.3511,0.3555,0.3671,0.3434,0.3234,69.8823,63.0216,1495.9665,148.5818,-12.4424,0.2354,0.2336,-872.5745,0
Костанайская область,Алтынсаринский,1993,13.2834,381.1875,1104.3259,3155.0507,217.5165,16.8019,19.0558,634.8994,0.3617,0.3963,0.4273,0.393,0.3825,109.2033,82.5998,1615.3951,216.0611,-12.2025,0.3452,0.3197,-723.1385,0
Костанайская область,Алтынсаринский,1994,14.012,312.2397,1156.3814,3118.5031,201.9668,17.0781,18.4498,664.7587,0.407,0.4203,0.2977,0.4002,0.3648,30.7813,110.1272,1699.5885,185.4243,-15.6695,0.27,0.2748,-844.1417,0
Костанайская область,Алтынсаринский,1995,16.7719,172.4637,1550.5049,3454.043,97.4841,18.981,21.061,949.5643,0.3665,0.3481,0.2982,0.2679,0.2801,25.1854,22.0755,2160.657,129.9725,-11.7743,0.1112,0.1064,-1378.0412,0
Костанайская область,Алтынсаринский,1996,14.2915,261.4671,1309.3401,3294.731,125.5528,19.1165,19.7754,799.2153,0.3588,0.3849,0.2971,0.3535,0.3082,51.6049,58.49,1843.684,153.6824,-15.4282,0.1997,0.1471,-1047.873,0
Костанайская область,Алтынсаринский,1997,15.4806,222.1789,1379.7835,3217.3264,161.7417,17.6331,18.9833,830.1215,0.3921,0.399,0.2824,0.3691,0.3626,24.16,81.1986,1922.2107,150.7549,-13.5968,0.161,0.2075,-1157.6046,0
Костанайская область,Алтынсаринский,1998,16.2327,135.2873,1574.9748,3525.4288,62.2336,20.7142,23.5204,999.2799,0.335,0.3622,0.269,0.2829,0.2805,27.4778,20.7985,2191.3322,165.2776,-14.4905,0.0859,0.0632,-1439.6875,0
Костанайская область,Алтынсаринский,1999,14.1164,353.5121,1192.2936,3159.2256,236.8831,16.0679,18.3492,719.6009,0.4062,0.3972,0.3832,0.3873,0.3998,67.6605,90.2656,1677.6634,209.6547,-9.6769,0.2965,0.3412,-838.7815,0
Костанайская область,Алтынсаринский,2000,15.2894,278.2355,1362.7232,3310.8912,180.9447,17.474,20.2462,804.2498,0.3947,0.3732,0.3699,0.3287,0.3324,55.4643,55.0618,1888.4832,147.0659,-9.3922,0.2042,0.2368,-1084.4877,0
Костанайская область,Алтынсаринский,2001,14.7561,307.2655,1249.8462,3314.2066,141.79,17.7973,18.1544,718.9567,0.3469,0.3613,0.3205,0.3471,0.3188,46.8278,57.6422,1793.6295,210.2456,-12.2553,0.2458,0.1794,-942.5807,0
Костанайская область,Алтынсаринский,2002,13.7155,321.0033,1224.4273,3270.5766,135.9417,16.2604,18.1586,692.1447,0.4198,0.418,0.3589,0.3165,0.3035,47.0133,30.8427,1661.952,221.2101,-9.6173,0.2622,0.1875,-903.424,0
Костанайская область,Алтынсаринский,2003,15.1546,402.8748,1143.9356,3307.9162,304.7437,16.6961,19.5845,683.945,0.4489,0.4559,0.4317,0.4068,0.412,95.3375,83.0404,1930.7197,155.7781,-15.4738,0.3522,0.5099,-741.0609,0
Костанайская область,Алтынсаринский,2004,16.39,142.278,1552.7331,3491.4411,56.1857,19.7595,21.3086,960.2302,0.3049,0.3479,0.2749,0.2691,0.2805,22.0658,23.4145,2134.6902,126.4057,-9.7268,0.0916,0.0596,-1410.4551,0
Костанайская область,Алтынсаринский,2005,15.1649,259.9326,1168.2298,3301.7935,143.9507,18.553,19.4797,709.8055,0.388,0.4098,0.3188,0.3399,0.3238,35.2582,54.2766,1880.2186,238.8446,-15.0162,0.2225,0.1973,-908.2972,0
Костанайская область,Алтынсаринский,2006,15.6678,244.7028,1425.6957,3225.0282,134.9353,18.3727,19.8875,832.0538,0.4065,0.4013,0.3037,0.3333,0.3056,40.203,50.9927,1956.8575,104.0221,-13.9576,0.1716,0.1639,-1180.9929,0
Костанайская область,Алтынсаринский,2007,15.7701,260.3468,1353.2867,3344.4656,153.281,18.0096,19.989,799.1289,0.4159,0.4282,0.302,0.349,0.3208,26.5096,73.247,1980.0174,215.0238,-8.3063,0.1924,0.1945,-1092.9399,0
Костанайская область,Алтынсаринский,2008,15.8853,206.1223,1450.0055,3409.3351,140.8187,18.9133,21.371,893.6957,0.3521,0.3562,0.3248,0.3265,0.346,64.1016,35.3792,2003.1275,169.7922,-14.3621,0.1422,0.1707,-1243.8833,0
Костанайская область,Алтынсаринский,2009,15.0905,263.4293,1401.1422,3380.192,133.3843,17.8727,19.5321,830.0542,0.3631,0.372,0.2776,0.3187,0.315,20.0655,57.8713,1875.5801,118.6069,-11.8475,0.188,0.1536,-1137.7129,0
Костанайская область,Алтынсаринский,2010,17.2784,109.5401,1690.0122,3711.3233,69.4863,19.9633,22.4844,1014.4452,0.2925,0.3177,0.2667,0.2847,0.2884,12.0751,32.9793,2255.3454,146.0373,-17.548,0.0648,0.0706,-1580.4721,0
Костанайская область,Алтынсаринский,2011,15.5845,314.8411,1327.4384,3310.8249,169.779,17.9495,19.0202,737.3806,0.3351,0.3492,0.3847,0.3147,0.3266,97.6388,34.3627,1943.0299,166.0444,-15.7121,0.2372,0.2154,-1012.5973,0
Костанайская область,Алтынсаринский,2012,18.0059,206.59,1609.0158,3489.754,104.6228,20.794,22.6649,941.2851,0.347,0.3726,0.2717,0.26,0.2793,20.3743,41.0673,2387.3175,153.1223,-16.124,0.1284,0.1085,-1402.4257,0
Костанайская область,Алтынсаринский,2013,15.5168,344.894,1346.2277,3265.258,128.4305,18.1161,19.9062,797.7725,0.3758,0.3982,0.2572,0.3342,0.3105,7.2342,87.8693,1930.4979,175.2189,-14.9552,0.2562,0.1457,-1001.3337,0
Костанайская область,Алтынсаринский,2014,15.2243,214.994,1462.4695,3401.5282,143.7258,18.1985,19.7549,827.4195,0.2942,0.3387,0.2746,0.3784,0.3518,21.8228,108.9231,1909.0138,200.5326,-13.9535,0.147,0.1647,-1247.4755,0
Костанайская область,Алтынсаринский,2015,15.4631,249.4804,1372.5237,3365.2001,150.5476,19.0132,20.0056,889.7496,0.4188,0.4212,0.3181,0.3004,0.2854,25.9385,37.1151,1921.0644,173.822,-11.7036,0.1818,0.1844,-1123.0433,0
Костанайская область,Алтынсаринский,2016,15.9123,354.2052,1267.2034,3351.9063,219.4247,17.2664,20.1285,719.8843,0.3114,0.3589,0.3713,0.3918,0.3752,135.4255,75.0024,2005.6631,284.4351,-9.959,0.2795,0.3002,-912.9983,0
Костанайская область,Алтынсаринский,2017,15.0192,236.1761,1300.9972,3413.3038,139.7103,17.241,19.664,740.0717,0.3706,0.3823,0.3616,0.3194,0.3051,54.4966,38.2315,1841.7815,208.39,-13.2288,0.1815,0.1838,-1064.821,0
Костанайская область,Алтынсаринский,2018,14.3248,298.7941,1348.9671,3319.3318,157.2545,16.668,19.0113,768.3863,0.3894,0.3884,0.3473,0.3101,0.3096,49.4231,52.7444,1738.1237,136.3692,-13.2828,0.2215,0.1913,-1050.1729,0
Костанайская область,Алтынсаринский,2019,15.3848,208.7402,1522.2868,3450.9341,69.3035,18.9183,20.3845,923.1546,0.308,0.3248,0.2845,0.2763,0.2798,23.5555,30.1192,1912.1045,134.7598,-13.5455,0.1371,0.0723,-1313.5466,0
Костанайская область,Алтынсаринский,2020,16.1376,325.4262,1435.7332,3431.754,134.2086,19.2257,20.3027,850.462,0.3924,0.4196,0.286,0.2863,0.2878,21.5617,22.8436,2049.5773,217.5076,-7.8936,0.2267,0.1557,-1110.307,0
Костанайская область,Алтынсаринский,2021,16.6669,153.8908,1599.5334,3673.9638,92.7364,20.2321,21.5023,962.8199,0.308,0.3568,0.2617,0.3314,0.3196,13.2653,67.3568,2147.8303,213.8538,-14.1339,0.0962,0.0955,-1445.6427,0
Костанайская область,Алтынсаринский,2022,16.2909,151.5529,1430.5609,3369.4686,122.1757,18.0541,20.3733,860.8167,0.3408,0.3278,0.3189,0.2809,0.2857,34.1504,37.2402,2073.2879,148.2481,-10.6218,0.1059,0.1452,-1279.0081,0
Костанайская область,Алтынсаринский,2023,16.2064,175.2152,892.267,2450.4056,106.8981,19.4479,20.7063,518.9994,0.3134,0.329,0.33,0.336,0.3515,57.2846,33.1573,2060.306,106.3283,-12.8225,0.1964,0.1923,-717.0518,0
Костанайская область,Алтынсаринский,2024,15.077,298.2006,1220.35,3283.7767,195.2137,17.4671,19.8028,711.7621,0.3843,0.3892,0.3219,0.3897,0.3741,57.6841,99.896,1847.138,158.0324,-13.624,0.2444,0.2608,-922.1494,0
Костанайская область,Алтынсаринский,2025,16.613,300.2797,1344.3243,3273.7838,194.1315,18.9471,19.9331,733.131,0.3882,0.3829,0.3398,0.3304,0.3188,64.3355,70.9303,2130.3802,163.1293,-8.2787,0.2234,0.2559,-1044.0446,0
Костанайская область,Амангельдинский,1991,18.7021,64.3583,1534.6504,3799.3306,36.6885,22.2856,23.2328,881.1779,0.1529,0.19,0.145,0.1559,0.1524,12.0578,20.0803,2513.9827,,,0.0419,0.0399,-1470.2921,0
Костанайская область,Амангельдинский,1992,15.33,145.9451,1168.4963,3395.0739,87.8358,17.9627,20.0057,713.1369,0.2508,0.2543,0.2086,0.1558,0.1654,40.4665,7.7774,1898.4924,166.1315,-10.5613,0.1249,0.1278,-1022.5512,0
Костанайская область,Амангельдинский,1993,15.9866,217.0403,1291.3258,3513.4789,99.0557,19.2753,22.1261,797.4852,0.2382,0.2596,0.2372,0.1579,0.1661,44.5001,20.9079,2030.0029,181.2833,-10.2406,0.1681,0.128,-1074.2854,0
Костанайская область,Амангельдинский,1994,17.5739,101.0494,1410.1018,3536.7635,62.1038,20.9133,22.2468,846.0582,0.1794,0.2037,0.1455,0.1812,0.1558,15.7099,32.1103,2307.4169,145.6087,-15.5916,0.0717,0.0713,-1309.0524,0
Костанайская область,Амангельдинский,1995,19.2188,128.2031,1528.0215,3724.5983,83.3704,21.5128,23.9253,913.9132,0.2007,0.197,0.1464,0.177,0.1686,11.4875,37.6768,2608.4999,158.2217,-10.8613,0.0839,0.0983,-1399.8185,0
Костанайская область,Амангельдинский,1996,16.4848,164.3666,1299.612,3666.3193,65.4144,20.8328,22.2972,814.1025,0.227,0.2406,0.159,0.1671,0.157,17.605,24.6392,2182.8713,184.386,-15.8463,0.1265,0.081,-1135.2454,0
Костанайская область,Амангельдинский,1997,18.5261,144.1942,1503.835,3717.6208,89.4667,21.1892,22.9659,952.1253,0.2833,0.289,0.1456,0.1517,0.1555,6.6264,16.7462,2481.0146,183.0724,-11.3701,0.0959,0.1016,-1359.6408,0
Костанайская область,Амангельдинский,1998,18.5165,73.7958,1551.2479,3756.6636,30.8246,22.9521,26.2115,999.894,0.1986,0.2339,0.1415,0.1464,0.1521,10.9511,12.1608,2570.6956,171.6886,-13.7076,0.0476,0.0319,-1477.4521,0
Костанайская область,Амангельдинский,1999,17.4006,169.1067,1353.3103,3545.2755,122.1776,19.0837,21.9612,810.1586,0.1936,0.2125,0.2091,0.2086,0.1821,48.6494,50.8664,2279.9108,136.922,-8.1661,0.125,0.1638,-1184.2036,0
Костанайская область,Амангельдинский,2000,18.0553,139.6693,1465.8649,3628.3293,78.7101,20.1189,23.2575,888.9993,0.2127,0.2112,0.179,0.1513,0.1567,26.9575,15.2217,2395.6171,167.7244,-8.29,0.0953,0.0958,-1326.1956,0
Костанайская область,Амангельдинский,2001,17.5351,163.3762,1399.9907,3620.0009,75.0707,20.7923,21.2632,809.0762,0.1662,0.1866,0.1534,0.1935,0.163,17.9296,39.8675,2302.4802,154.173,-11.1302,0.1167,0.0901,-1236.6146,0
Костанайская область,Амангельдинский,2002,17.0456,97.1471,1384.2268,3625.9194,45.5561,18.9042,22.0586,820.6528,0.2269,0.244,0.1636,0.1465,0.1567,14.1588,10.2727,2212.1686,209.1822,-6.1584,0.0702,0.0596,-1287.0797,0
Костанайская область,Амангельдинский,2003,17.5582,193.5848,1297.2571,3546.647,150.7102,19.1915,22.4169,777.3568,0.2502,0.2319,0.2731,0.1679,0.1796,87.0358,15.8752,2327.2514,137.1453,-13.3582,0.1492,0.2208,-1103.6723,0
Костанайская область,Амангельдинский,2004,18.636,186.6426,1508.3389,3694.4481,69.8865,21.6777,22.8418,869.5244,0.1909,0.2173,0.1472,0.1877,0.178,15.6666,41.2408,2502.9512,148.9259,-9.0953,0.1237,0.0766,-1321.6963,0
Костанайская область,Амангельдинский,2005,17.9513,149.0078,1334.1853,3754.0965,62.7255,21.623,22.7762,822.5264,0.2163,0.2396,0.161,0.1572,0.1577,17.7295,17.7552,2378.9644,240.8968,-12.8409,0.1117,0.0773,-1185.1775,0
Костанайская область,Амангельдинский,2006,18.7725,122.488,1539.2591,3784.2081,70.6118,21.2329,23.0405,908.3912,0.1974,0.1977,0.1471,0.1499,0.1515,14.5346,16.2137,2526.201,84.2255,-11.0239,0.0796,0.0806,-1416.7711,0
Костанайская область,Амангельдинский,2007,18.1352,125.6437,1398.5996,3717.5886,79.7031,20.5465,22.7811,874.3004,0.2461,0.2669,0.1601,0.1662,0.1576,17.0659,26.6654,2413.5891,204.4094,-7.3392,0.0898,0.0984,-1272.9559,0
Костанайская область,Амангельдинский,2008,18.9957,113.5507,1547.0707,3793.316,71.9132,22.16,24.0313,910.4629,0.1599,0.1805,0.1566,0.1869,0.165,29.6992,31.2594,2572.1206,137.9375,-13.6492,0.0734,0.0807,-1433.5199,0
Костанайская область,Амангельдинский,2009,17.1123,200.0399,1376.5115,3612.1092,110.9822,19.7833,21.521,815.6784,0.2038,0.2167,0.1932,0.17,0.1605,57.8574,28.8307,2223.8077,131.7259,-10.2043,0.1453,0.1353,-1176.4716,0
Костанайская область,Амангельдинский,2010,19.4841,79.3432,1644.5764,3992.6994,27.1233,22.2773,24.9508,984.735,0.1731,0.1861,0.1373,0.1399,0.1506,3.9809,9.1841,2659.1074,126.7614,-13.3482,0.0482,0.0288,-1565.2332,0
Костанайская область,Амангельдинский,2011,18.5087,163.7792,1454.3699,3687.8783,122.6426,20.6228,22.307,840.9239,0.167,0.1823,0.2084,0.195,0.1753,42.7108,47.1834,2478.7848,133.8756,-12.8647,0.1126,0.1487,-1290.5908,0
Костанайская область,Амангельдинский,2012,20.5607,112.6985,1586.6802,3840.189,89.8217,23.0803,24.9014,910.7221,0.1855,0.1781,0.1736,0.1437,0.1525,35.3633,21.3126,2855.2118,129.8396,-15.2563,0.071,0.0977,-1473.9818,0
Костанайская область,Амангельдинский,2013,18.0892,199.5084,1431.7397,3627.637,101.4298,20.3649,22.0836,820.6176,0.1997,0.2254,0.1571,0.1988,0.1831,27.1865,58.047,2401.1181,172.3025,-12.9976,0.1393,0.1196,-1232.2313,0
Костанайская область,Амангельдинский,2014,18.21,94.9124,1497.022,3767.9129,56.239,21.2212,23.2155,881.4942,0.1637,0.1938,0.1457,0.1798,0.1554,13.1121,26.217,2427.8661,173.4979,-13.659,0.0634,0.0653,-1402.1096,0
Костанайская область,Амангельдинский,2015,18.3527,120.3982,1456.5504,3758.6021,76.3275,21.9245,23.3236,941.3824,0.2464,0.2445,0.1462,0.1652,0.1546,8.992,26.5638,2450.597,150.1379,-11.3379,0.0827,0.0888,-1336.1522,0
Костанайская область,Амангельдинский,2016,18.6979,119.9594,1475.0037,3649.0806,62.662,20.3064,22.9386,850.2399,0.1704,0.2087,0.18,0.1609,0.1585,33.7163,18.5688,2514.9316,217.9624,-7.249,0.0813,0.0782,-1355.0443,0
Костанайская область,Амангельдинский,2017,18.8028,90.556,1557.9465,3781.2178,41.6235,21.4029,23.8779,921.4166,0.1685,0.1973,0.1486,0.1492,0.1526,5.1825,13.4972,2534.8069,156.1801,-10.5772,0.0581,0.0462,-1467.3905,0
Костанайская область,Амангельдинский,2018,17.4215,109.4577,1510.3788,3738.1184,53.231,20.4677,22.9573,906.1311,0.2055,0.2263,0.1536,0.1399,0.1534,11.4611,16.1668,2282.4951,236.3994,-12.6574,0.0725,0.0563,-1400.9212,0
Костанайская область,Амангельдинский,2019,18.1905,116.547,1565.3885,3761.7329,45.898,21.8935,23.7239,985.8108,0.1687,0.1938,0.1481,0.155,0.1575,13.5038,23.0356,2425.7475,162.3633,-11.8525,0.0745,0.0474,-1448.8415,0
Костанайская область,Амангельдинский,2020,19.0053,149.0283,1584.1482,3714.5537,79.2367,22.2185,23.2152,943.7575,0.2275,0.2335,0.1504,0.1661,0.1563,17.0917,24.4968,2573.5788,184.9274,-6.7895,0.0941,0.0849,-1435.1199,0
Костанайская область,Амангельдинский,2021,20.0825,72.3044,1712.8613,3919.1037,26.1754,23.8558,25.2335,1042.0925,0.1672,0.1795,0.1358,0.1332,0.1501,4.8488,3.2453,2772.6291,137.4419,-12.6065,0.0422,0.0257,-1640.5569,0
Костанайская область,Амангельдинский,2022,19.0915,76.704,1492.139,3678.8628,50.9962,21.4271,23.2903,924.7059,0.1694,0.2034,0.1393,0.1686,0.1621,7.3312,31.8007,2585.6089,185.7043,-8.7224,0.0514,0.0561,-1415.4351,0
Костанайская область,Амангельдинский,2023,19.001,112.6758,925.2576,2664.7111,28.708,22.8885,24.2401,575.6104,0.1742,0.2006,0.1467,0.1604,0.1538,7.2444,14.1544,2573.1247,89.943,-11.8989,0.1218,0.0485,-812.5819,0
Костанайская область,Амангельдинский,2024,18.0011,147.5087,1384.6474,3639.024,101.6488,20.4322,22.9421,830.4911,0.2582,0.254,0.1665,0.1856,0.1639,15.0861,33.3883,2383.8629,148.5068,-10.8442,0.1065,0.129,-1237.1387,0
Костанайская область,Амангельдинский,2025,19.5642,165.0344,1480.0289,3676.1956,78.8662,22.4319,23.2773,862.2605,0.1831,0.198,0.1677,0.1635,0.1594,35.5254,22.9428,2672.164,192.2114,-7.8136,0.1115,0.0913,-1314.9945,0
Костанайская область,Аркалык,1991,16.8317,86.0471,1556.6645,3772.4063,47.9325,20.3181,21.2708,902.7485,0.1969,0.2439,0.136,0.1704,0.1645,6.699,31.2466,2171.145,,,0.0553,0.0517,-1470.6174,0
Костанайская область,Аркалык,1992,13.3719,256.9244,1119.1828,3392.0174,144.1605,16.1277,17.9762,685.4457,0.3123,0.3108,0.2994,0.1813,0.2184,68.3717,13.276,1569.4084,195.9994,-10.704,0.2296,0.2126,-862.2583,0
Костанайская область,Аркалык,1993,13.9484,274.9113,1243.4246,3441.9385,134.8767,17.1452,19.9775,760.877,0.2856,0.3051,0.3012,0.1859,0.2091,64.5999,29.8006,1720.0056,206.5617,-11.0996,0.2211,0.1838,-968.5133,0
Костанайская область,Аркалык,1994,15.6901,139.3491,1414.4892,3484.9922,71.3077,19.2216,20.4553,866.5612,0.2166,0.2513,0.1413,0.1921,0.1752,10.9743,42.8177,1964.0557,161.4242,-15.4545,0.0985,0.0785,-1275.14,0
Костанайская область,Аркалык,1995,17.1609,183.5845,1538.521,3657.5735,109.8996,19.3778,21.7157,922.2259,0.2264,0.2341,0.1565,0.2021,0.196,16.6104,54.8993,2232.0528,177.1956,-11.1533,0.1193,0.1287,-1354.9366,0
Костанайская область,Аркалык,1996,14.5968,209.1589,1281.5212,3553.0845,80.707,18.9194,20.1724,799.8196,0.2616,0.2866,0.1763,0.1898,0.1805,24.7385,39.008,1872.0338,200.7246,-15.7003,0.1632,0.0991,-1072.3623,0
Костанайская область,Аркалык,1997,16.8388,150.6978,1568.1645,3689.1866,99.5198,19.353,21.0165,986.6939,0.2884,0.2978,0.1627,0.1684,0.1739,14.0721,28.1186,2172.336,211.1253,-11.9624,0.0961,0.1087,-1417.4667,0
Костанайская область,Аркалык,1998,16.8708,125.0475,1640.6207,3750.8301,66.7329,21.0411,24.2976,1053.1056,0.2397,0.2719,0.1448,0.1763,0.1696,14.6677,36.3531,2297.8839,182.7523,-14.0904,0.0762,0.0664,-1515.5732,0
Костанайская область,Аркалык,1999,15.8669,201.9718,1424.9815,3544.4385,150.7558,17.6854,20.3364,844.1003,0.2233,0.2496,0.2433,0.226,0.2233,60.0409,58.409,1999.7675,164.2352,-8.7867,0.1417,0.1899,-1223.0097,0
Костанайская область,Аркалык,2000,16.2342,164.893,1484.9967,3567.0959,94.8289,18.2265,21.3148,903.0171,0.2601,0.2515,0.1903,0.1611,0.1688,22.1911,22.3695,2061.944,192.6622,-9.2906,0.111,0.1151,-1320.1037,0
Костанайская область,Аркалык,2001,15.7943,227.886,1432.5726,3569.4642,119.1739,19.0327,19.2413,802.8143,0.1765,0.2134,0.1763,0.241,0.2145,35.0677,65.6038,1983.9641,176.7762,-11.5049,0.1591,0.1399,-1204.6866,0
Костанайская область,Аркалык,2002,15.2232,135.2079,1391.6698,3582.4324,69.812,16.9135,20.0465,811.9227,0.2941,0.2989,0.1934,0.1576,0.1801,16.4543,14.901,1906.062,276.7778,-7.4821,0.0972,0.0927,-1256.4619,0
Костанайская область,Аркалык,2003,15.7048,224.2268,1282.6997,3463.6518,166.55,17.4629,20.1943,754.7682,0.2722,0.2715,0.2752,0.2277,0.2336,76.2163,46.2066,2025.3865,163.9437,-13.805,0.1748,0.2438,-1058.4729,0
Костанайская область,Аркалык,2004,16.926,181.4579,1554.7093,3608.1583,74.8045,20.0438,21.088,894.3379,0.2065,0.246,0.1528,0.1913,0.1741,21.4364,42.2953,2190.2726,172.8248,-9.6531,0.1167,0.0775,-1373.2514,0
Костанайская область,Аркалык,2005,16.2379,209.162,1353.7528,3700.8213,83.1754,19.9591,20.9725,834.5163,0.2466,0.2772,0.1852,0.1623,0.171,27.5481,24.2816,2065.3939,266.2788,-13.3815,0.1545,0.0976,-1144.5909,0
Костанайская область,Аркалык,2006,17.0851,113.7766,1615.8352,3683.5245,65.9099,19.4535,21.1859,936.879,0.2153,0.2165,0.1515,0.1452,0.1574,20.6327,13.72,2216.8939,95.7886,-12.0685,0.0704,0.0727,-1502.0586,0
Костанайская область,Аркалык,2007,16.4466,167.415,1427.9528,3673.3357,105.1799,18.7672,20.7946,876.9507,0.2526,0.2774,0.168,0.1967,0.2079,22.4253,54.4479,2103.7698,237.994,-7.9144,0.1172,0.1262,-1260.5379,0
Костанайская область,Аркалык,2008,17.1209,150.1829,1557.2908,3722.5521,91.506,20.2991,22.0877,915.6788,0.1866,0.2219,0.1668,0.2001,0.1939,42.2298,33.5033,2229.0825,179.2915,-14.1503,0.0964,0.1024,-1407.1079,0
Костанайская область,Аркалык,2009,15.4892,205.832,1431.682,3563.7599,102.4276,18.1196,19.8829,849.0372,0.2438,0.2534,0.1852,0.1778,0.1706,34.5705,34.956,1926.7235,144.8273,-10.5391,0.1438,0.1209,-1225.85,0
Костанайская область,Аркалык,2010,17.4986,107.8382,1694.0932,3952.6701,55.3698,20.1589,22.9357,1024.2874,0.2121,0.2343,0.1489,0.1406,0.1569,9.0649,12.4538,2295.5753,162.3552,-14.5448,0.0637,0.0574,-1586.255,0
Костанайская область,Аркалык,2011,16.6636,241.8007,1474.754,3665.9895,193.619,18.5726,20.0831,815.453,0.187,0.2059,0.2521,0.2432,0.248,92.9044,60.993,2140.2408,155.4939,-13.5861,0.164,0.2345,-1232.9533,0
Костанайская область,Аркалык,2012,18.8607,145.9755,1632.4732,3767.4959,107.0648,21.3085,23.0037,913.9028,0.1828,0.1931,0.1899,0.1604,0.1629,44.8848,32.2378,2543.9447,150.1612,-15.6034,0.0894,0.1137,-1486.4977,0
Костанайская область,Аркалык,2013,16.0671,287.2301,1399.7071,3509.9975,148.8479,18.1998,19.8305,794.4979,0.2435,0.272,0.1762,0.2365,0.2295,31.3159,94.6202,2030.3689,211.3859,-13.4939,0.2052,0.1751,-1112.477,0
Костанайская область,Аркалык,2014,16.1154,167.8043,1481.8913,3700.225,105.204,18.9714,21.0086,878.4068,0.2123,0.2466,0.1628,0.2195,0.2033,37.4491,40.5806,2054.034,225.2807,-13.9028,0.1132,0.1233,-1314.087,0
Костанайская область,Аркалык,2015,16.3427,189.0867,1457.2626,3670.4692,117.1308,19.8029,21.1313,952.4285,0.3145,0.319,0.1894,0.1752,0.1753,17.4776,32.6716,2083.1094,187.5237,-11.2069,0.1298,0.1363,-1268.1759,0
Костанайская область,Аркалык,2016,16.5834,204.3791,1429.0149,3549.1261,107.3652,17.9836,20.5237,805.0863,0.2066,0.2451,0.2032,0.2092,0.1891,43.2894,43.0196,2127.2559,273.3591,-8.2622,0.143,0.1399,-1224.6358,0
Костанайская область,Аркалык,2017,17.0021,112.3604,1586.5055,3746.6803,57.3029,19.6926,22.0724,951.6276,0.1989,0.2407,0.1611,0.1551,0.164,10.7741,18.7818,2205.2971,196.8708,-10.9144,0.0708,0.0612,-1474.1452,0
Костанайская область,Аркалык,2018,15.3605,163.5591,1484.3254,3614.1836,91.193,18.1498,20.6932,874.2224,0.2493,0.2687,0.1817,0.1545,0.1693,24.0356,29.9131,1904.6518,239.5953,-13.137,0.1102,0.099,-1320.7663,0
Костанайская область,Аркалык,2019,16.284,168.9773,1583.407,3679.319,58.6519,19.6726,21.5816,996.9257,0.1894,0.2378,0.1683,0.1605,0.167,24.3534,28.2016,2076.5854,193.9974,-12.2316,0.1067,0.0599,-1414.4297,0
Костанайская область,Аркалык,2020,17.0514,221.8407,1571.6814,3644.8284,99.5789,20.1209,20.8955,926.5451,0.2667,0.2908,0.1632,0.1972,0.187,24.4587,47.0828,2215.3158,212.6078,-7.3221,0.1411,0.107,-1349.8407,0
Костанайская область,Аркалык,2021,17.7,95.9533,1681.6654,3820.0199,43.3344,21.3348,22.6662,1026.4418,0.1714,0.2107,0.1422,0.1546,0.1582,10.727,20.1049,2336.9593,165.3713,-12.9397,0.0571,0.043,-1585.7121,0
Костанайская область,Аркалык,2022,17.5373,110.4391,1556.9833,3643.3184,82.2602,19.9164,21.3124,926.5877,0.1814,0.2268,0.1631,0.1845,0.1913,22.8768,45.4787,2300.6206,212.5261,-8.7535,0.0709,0.0862,-1446.5442,0
Костанайская область,Аркалык,2023,17.2706,121.9737,977.2922,2651.3699,36.2271,21.1208,22.5434,609.6228,0.1979,0.2346,0.1592,0.1529,0.164,16.0361,10.5883,2256.3909,109.3212,-12.3845,0.1248,0.0572,-855.3185,0
Костанайская область,Аркалык,2024,16.0908,213.6084,1366.8001,3524.536,142.813,18.5267,20.8885,819.5737,0.3058,0.307,0.2145,0.2134,0.2,20.1887,46.7395,2034.3252,178.1549,-11.2515,0.1563,0.1815,-1153.1918,0
Костанайская область,Аркалык,2025,17.811,220.4904,1496.374,3574.4731,124.9537,20.6619,21.1961,847.203,0.2154,0.2421,0.1963,0.1871,0.1919,52.3871,42.0207,2350.9386,228.7855,-8.476,0.1473,0.1431,-1275.8836,0
Костанайская область,Аулиекольский,1991,17.2061,128.3329,1450.4924,3551.6212,42.2271,21.0438,21.4191,846.3976,0.1686,0.2068,0.1518,0.1722,0.1536,12.7462,26.1515,2239.0248,,,0.0885,0.0463,-1322.1595,0
Костанайская область,Аулиекольский,1992,13.5251,219.3043,1111.8211,3248.0177,127.7281,16.0207,17.6514,645.3778,0.2364,0.2324,0.2582,0.1965,0.1726,67.1401,31.2632,1580.4591,135.788,-12.4511,0.1972,0.189,-892.5168,0
Костанайская область,Аулиекольский,1993,13.7671,340.0183,1093.9756,3209.3013,189.8428,17.1742,19.6795,652.8822,0.2656,0.2834,0.3088,0.2533,0.2326,94.2764,68.1192,1694.0503,206.7672,-12.1511,0.3108,0.2843,-753.9573,0
Костанайская область,Аулиекольский,1994,14.3776,279.0677,1096.8943,3202.5035,181.5747,17.4164,18.8397,645.0287,0.3026,0.3116,0.1927,0.2761,0.2283,29.1865,91.3731,1773.29,173.7237,-16.0606,0.2544,0.2649,-817.8266,0
Костанайская область,Аулиекольский,1995,17.4643,157.9769,1502.7556,3520.9543,84.3703,19.8993,21.9479,924.4676,0.2322,0.214,0.1834,0.1593,0.1525,23.0703,17.4435,2287.699,125.9008,-11.9709,0.1051,0.0951,-1344.7787,0
Костанайская область,Аулиекольский,1996,14.7563,264.6756,1232.2465,3341.5979,107.4071,19.4922,20.4029,771.7188,0.2645,0.2732,0.1945,0.2137,0.1692,47.1226,43.8927,1928.0367,145.7137,-15.7643,0.2148,0.1349,-967.5709,0
Костанайская область,Аулиекольский,1997,16.2124,201.232,1360.2109,3340.9013,146.0296,18.4793,19.9245,835.1139,0.3001,0.2985,0.1626,0.2411,0.2055,14.3811,67.7478,2056.287,141.2415,-13.6133,0.1479,0.1895,-1158.9789,0
Костанайская область,Аулиекольский,1998,16.9212,134.8759,1539.9363,3635.1118,48.0554,21.634,24.518,1000.2928,0.2147,0.232,0.1539,0.1667,0.153,17.1345,20.5737,2314.5377,148.8197,-14.2799,0.0876,0.049,-1405.0604,0
Костанайская область,Аулиекольский,1999,14.7112,294.8541,1178.4583,3263.7697,226.2292,16.4583,19.0744,724.0966,0.2802,0.2551,0.2467,0.2988,0.2849,70.3766,92.7546,1786.2528,181.5372,-9.5745,0.2502,0.3381,-883.6042,0
Костанайская область,Аулиекольский,2000,15.7344,244.4416,1310.9242,3396.416,155.4061,17.8795,20.8289,788.6944,0.2758,0.2488,0.2371,0.2124,0.1974,47.2635,43.6292,1970.2153,160.3145,-9.2418,0.1865,0.2102,-1066.4826,0
Костанайская область,Аулиекольский,2001,15.2303,280.57,1222.1361,3353.8623,140.7288,18.2729,18.9362,731.6922,0.2454,0.2458,0.1944,0.2514,0.2051,34.417,69.7094,1880.4955,190.0117,-11.7143,0.2296,0.1844,-941.5662,0
Костанайская область,Аулиекольский,2002,14.4607,246.7592,1219.932,3332.0539,90.6703,16.9521,19.0701,703.4817,0.292,0.2864,0.2081,0.1799,0.1641,28.0897,22.7963,1777.9164,218.1004,-8.9543,0.2023,0.125,-973.1727,0
Костанайская область,Аулиекольский,2003,15.5564,345.1406,1118.4383,3374.4749,275.3143,16.9959,20.0234,667.9394,0.3359,0.3252,0.3258,0.2919,0.2789,82.9512,76.5794,2004.8485,146.117,-15.5578,0.3086,0.4708,-773.2977,0
Костанайская область,Аулиекольский,2004,17.0605,146.7675,1508.5246,3541.9744,61.5349,20.2085,21.8298,915.8754,0.1921,0.2193,0.1654,0.1777,0.1577,24.7608,29.6062,2222.2269,132.5919,-9.8469,0.0973,0.0682,-1361.7572,0
Костанайская область,Аулиекольский,2005,15.5701,231.4105,1119.2838,3399.0052,111.2643,18.99,19.9787,697.2959,0.2914,0.2977,0.2158,0.194,0.1794,36.621,30.4126,1954.2043,247.492,-14.9228,0.2067,0.159,-887.8733,0
Костанайская область,Аулиекольский,2006,16.5052,202.4436,1415.1791,3328.8039,111.0573,19.1294,20.7528,835.2559,0.2841,0.2701,0.1787,0.2075,0.1675,29.1708,43.1415,2110.3069,91.0072,-13.525,0.1431,0.1369,-1212.7356,0
Костанайская область,Аулиекольский,2007,16.2407,205.6775,1301.3614,3419.2956,106.4216,18.5797,20.6153,788.0716,0.2998,0.3101,0.1825,0.1955,0.1629,23.2411,39.22,2066.5863,214.319,-8.1355,0.158,0.1382,-1095.6839,0
Костанайская область,Аулиекольский,2008,16.4514,172.2707,1380.5637,3480.1222,117.2323,19.4069,21.8494,857.4205,0.2263,0.234,0.2088,0.2113,0.1996,53.2089,41.8901,2106.954,166.64,-14.5301,0.1248,0.1477,-1208.293,0
Костанайская область,Аулиекольский,2009,15.4603,238.6767,1318.0048,3407.3634,127.9458,18.2005,19.8823,784.7006,0.277,0.2683,0.1838,0.189,0.1632,16.8406,35.079,1929.7063,130.0637,-12.0597,0.1811,0.1595,-1079.3281,0
Костанайская область,Аулиекольский,2010,17.7477,90.0099,1581.684,3777.8288,54.3563,20.5448,23.1828,956.2121,0.18,0.1925,0.1484,0.1773,0.16,7.2528,31.0867,2341.5187,141.6263,-17.0252,0.0569,0.059,-1491.6741,0
Костанайская область,Аулиекольский,2011,16.1713,263.8628,1290.0683,3420.814,145.3417,18.502,19.7928,746.5863,0.2178,0.2226,0.2493,0.2123,0.1875,65.5625,45.6397,2050.5379,149.5365,-15.5167,0.2045,0.1909,-1026.2055,0
Костанайская область,Аулиекольский,2012,18.6387,178.996,1539.9301,3602.2761,111.3966,21.1977,23.2494,895.652,0.2313,0.2453,0.1757,0.1569,0.1524,29.0507,43.171,2503.044,144.8917,-16.1895,0.1162,0.1237,-1360.9341,0
Костанайская область,Аулиекольский,2013,16.1938,272.3654,1317.8372,3358.9222,98.801,18.8115,20.4101,772.6552,0.2537,0.2628,0.1563,0.2083,0.1685,12.8247,63.1113,2054.4884,166.1707,-14.9084,0.2067,0.1171,-1045.4718,0
Костанайская область,Аулиекольский,2014,15.9764,170.8011,1423.4935,3501.4038,106.0671,18.9809,20.749,833.1843,0.1904,0.216,0.1566,0.2301,0.2026,10.953,81.1003,2040.2143,188.5218,-14.1415,0.12,0.1257,-1252.6924,0
Костанайская область,Аулиекольский,2015,16.2736,197.4593,1376.6708,3452.7218,126.4104,19.839,21.0473,906.2998,0.3021,0.2829,0.2114,0.1652,0.1557,30.0048,22.1061,2070.1087,167.0334,-12.0653,0.1434,0.1541,-1179.2115,0
Костанайская область,Аулиекольский,2016,16.6073,225.0482,1285.4517,3406.9298,113.0682,17.9802,21.0464,757.9457,0.2252,0.2517,0.2122,0.2184,0.1805,52.2584,49.5999,2133.1831,254.0385,-9.8413,0.1751,0.1546,-1060.4034,0
Костанайская область,Аулиекольский,2017,15.7984,195.8475,1298.5919,3485.4784,117.2563,18.0928,20.6237,759.8308,0.2586,0.2647,0.2259,0.1993,0.1701,35.9833,38.6812,1984.7962,205.3096,-12.6954,0.1508,0.1554,-1102.7443,0
Костанайская область,Аулиекольский,2018,15.4316,194.5911,1406.2665,3413.4414,88.8591,18.0356,20.315,816.0182,0.2311,0.2333,0.1896,0.1716,0.1553,30.9549,30.2079,1919.5232,158.2992,-13.5688,0.1384,0.1032,-1211.6754,0
Костанайская область,Аулиекольский,2019,16.2379,184.8886,1506.791,3504.6018,62.5188,19.9054,21.534,933.7563,0.1966,0.1981,0.1554,0.1768,0.1557,11.8527,36.914,2068.4523,117.8001,-13.4739,0.1227,0.0663,-1321.9024,0
Костанайская область,Аулиекольский,2020,16.7511,294.884,1419.2622,3498.1516,134.726,19.9288,20.9733,849.4684,0.2866,0.2997,0.1692,0.1846,0.1617,16.753,27.767,2161.6012,197.5325,-7.8732,0.2078,0.1577,-1124.3782,0
Костанайская область,Аулиекольский,2021,17.4126,126.8451,1557.0,3734.8282,64.1203,21.0927,22.6375,970.9566,0.2024,0.2317,0.1542,0.1951,0.1657,12.4096,43.5285,2284.6158,194.4407,-14.0209,0.0815,0.0677,-1430.155,0
Костанайская область,Аулиекольский,2022,16.9494,139.3847,1388.0826,3397.0677,114.4827,18.7948,21.2453,861.0533,0.2314,0.2159,0.2052,0.169,0.1605,37.643,30.0157,2193.9933,174.2157,-10.6539,0.1004,0.1386,-1248.6979,0
Костанайская область,Аулиекольский,2023,16.6629,152.8162,845.4232,2476.4057,82.9432,19.8994,21.4653,513.4545,0.2255,0.2316,0.1978,0.215,0.202,40.7874,28.6937,2143.981,117.8471,-13.3816,0.1808,0.1573,-692.607,0
Костанайская область,Аулиекольский,2024,15.6725,289.123,1204.8178,3361.8188,170.194,17.9965,20.325,708.6017,0.2917,0.296,0.215,0.2735,0.2446,54.1518,83.7471,1956.1247,161.2065,-13.5445,0.24,0.2349,-915.6949,0
Костанайская область,Аулиекольский,2025,17.4044,219.8521,1366.2352,3344.0623,125.8747,19.8262,20.7838,757.8652,0.2321,0.2147,0.1987,0.1844,0.1666,49.1459,40.3748,2275.7306,154.1046,-8.268,0.1609,0.162,-1146.3831,0
Костанайская область,Беимбета Майлина,1991,17.2243,141.8891,1501.7011,3480.1202,52.8311,21.0751,21.1861,852.5585,0.2673,0.3114,0.27,0.308,0.2833,18.4231,31.7692,2242.1098,,,0.0945,0.056,-1359.812,0
Костанайская область,Беимбета Майлина,1992,13.249,286.466,1096.3132,3151.4151,176.1369,15.5478,17.0588,618.3066,0.3588,0.3605,0.3882,0.3473,0.3265,75.6814,58.3043,1522.1945,138.0652,-12.0267,0.2613,0.2644,-809.8471,0
Костанайская область,Беимбета Майлина,1993,13.443,348.3682,1082.424,3161.7663,193.1564,16.779,19.3212,639.7638,0.383,0.4054,0.4247,0.3861,0.3622,89.5222,66.0747,1639.669,196.6727,-11.8058,0.3218,0.2975,-734.0558,0
Костанайская область,Беимбета Майлина,1994,14.0371,294.8103,1090.099,3102.8558,199.639,16.6067,18.1383,616.3841,0.4135,0.4244,0.3393,0.4016,0.372,40.8579,85.187,1692.0404,169.84,-15.0194,0.2704,0.3046,-795.2887,0
Костанайская область,Беимбета Майлина,1995,17.3749,136.9535,1548.6249,3508.6543,75.3627,19.7669,21.8275,955.9864,0.3376,0.3148,0.2955,0.276,0.2792,18.4509,19.8208,2271.3649,130.917,-11.2128,0.0884,0.0827,-1411.6714,0
Костанайская область,Беимбета Майлина,1996,14.7775,234.2719,1302.2598,3327.3452,96.2749,19.5985,20.4829,816.4547,0.3693,0.3826,0.3027,0.3285,0.2886,30.8967,45.6943,1934.8534,142.0753,-14.8761,0.1799,0.1137,-1067.9878,0
Костанайская область,Беимбета Майлина,1997,15.6587,242.9366,1329.5991,3226.6189,164.6835,17.9063,19.2318,798.2129,0.4154,0.419,0.2895,0.3754,0.3595,20.4659,81.1432,1954.3328,134.8551,-12.9176,0.1827,0.22,-1086.6625,0
Костанайская область,Беимбета Майлина,1998,16.7333,122.773,1558.1162,3578.3215,50.862,21.344,24.032,988.7613,0.316,0.347,0.2695,0.2949,0.2813,19.4863,23.5661,2270.32,168.4297,-13.8519,0.0788,0.0519,-1435.3432,0
Костанайская область,Беимбета Майлина,1999,14.1217,411.716,1122.9937,3178.7635,313.19,15.7902,18.4274,680.4267,0.441,0.4378,0.4224,0.4147,0.42,68.3761,106.8615,1677.8016,192.9028,-8.9865,0.3666,0.4966,-711.2777,0
Костанайская область,Беимбета Майлина,2000,15.1884,301.7693,1261.842,3313.5191,189.2741,17.2476,20.2318,755.3811,0.4157,0.4107,0.3821,0.3508,0.3517,54.2747,51.0091,1869.9471,167.2549,-8.9392,0.2391,0.2651,-960.0727,0
Костанайская область,Беимбета Майлина,2001,15.0569,269.3723,1237.2989,3339.7772,152.2643,17.9776,18.6252,727.4046,0.355,0.3518,0.3387,0.3562,0.3323,55.2116,56.861,1848.8539,180.6621,-11.2285,0.2177,0.1999,-967.9266,0
Костанайская область,Беимбета Майлина,2002,13.9322,270.7502,1216.7111,3229.2755,107.0652,16.4965,18.4928,696.1768,0.4098,0.4018,0.3508,0.3083,0.2928,36.6123,23.2435,1703.5569,209.2913,-9.0661,0.2225,0.1479,-945.9609,0
Костанайская область,Беимбета Майлина,2003,15.2878,312.187,1120.266,3291.4662,222.7771,16.6856,19.8336,675.3157,0.4516,0.4419,0.4276,0.356,0.3508,68.5814,47.2139,1948.6262,136.2579,-14.6148,0.2787,0.3781,-808.079,0
Костанайская область,Беимбета Майлина,2004,16.8907,139.2748,1533.1355,3500.5242,64.0786,20.1526,21.7189,935.1288,0.3034,0.3325,0.297,0.281,0.2808,34.2045,19.8857,2202.2258,126.7213,-9.4423,0.0908,0.0693,-1393.8607,0
Костанайская область,Беимбета Майлина,2005,15.435,249.1989,1147.0614,3328.1442,115.419,18.7176,19.6972,709.3664,0.3836,0.3968,0.3445,0.3293,0.3042,46.1507,30.4541,1918.5512,225.3798,-14.029,0.2172,0.1629,-897.8626,0
Костанайская область,Беимбета Майлина,2006,16.2092,219.1565,1421.0966,3266.7905,120.0348,18.7639,20.4555,834.6812,0.4166,0.3989,0.3211,0.3011,0.2868,30.2235,28.4019,2056.2886,90.0064,-13.6328,0.1542,0.1474,-1201.9402,0
Костанайская область,Беимбета Майлина,2007,16.0554,247.5376,1328.2465,3377.6351,147.3167,18.2135,20.3317,791.2753,0.4244,0.4345,0.3148,0.3416,0.2916,31.4607,47.2454,2032.6935,195.1031,-7.7785,0.1864,0.1912,-1080.7089,0
Костанайская область,Беимбета Майлина,2008,16.2253,182.4689,1412.2039,3435.7616,115.041,19.0701,21.6283,874.5819,0.3579,0.3484,0.339,0.314,0.2993,47.0101,25.7912,2065.6484,153.6323,-13.9875,0.1292,0.1434,-1229.735,0
Костанайская область,Беимбета Майлина,2009,15.3752,216.3792,1348.1944,3372.8829,109.8566,18.2146,19.8662,806.4037,0.3756,0.3776,0.303,0.2847,0.2808,22.9066,21.7576,1928.9463,114.1492,-10.9208,0.1605,0.1324,-1131.8152,0
Костанайская область,Беимбета Майлина,2010,17.3014,174.1892,1545.8407,3729.7446,125.9676,20.0662,22.5254,919.4502,0.3035,0.3158,0.2667,0.3389,0.3447,8.8829,97.4209,2259.1889,152.362,-17.0215,0.1127,0.1402,-1371.6515,0
Костанайская область,Беимбета Майлина,2011,15.5904,311.2221,1248.222,3336.0893,160.09,18.0529,19.2342,713.4159,0.319,0.3396,0.3862,0.3448,0.3257,82.9829,53.7245,1944.7614,150.5311,-15.0919,0.2493,0.215,-936.9999,0
Костанайская область,Беимбета Майлина,2012,18.4457,184.7038,1585.6312,3594.4878,103.2723,21.0386,23.1154,937.3091,0.3363,0.3457,0.2957,0.2768,0.288,29.1347,47.3145,2467.9583,153.339,-15.4105,0.1165,0.1098,-1400.9274,0
Костанайская область,Беимбета Майлина,2013,16.1846,296.9943,1346.8355,3298.0237,106.2244,18.8986,20.3703,769.2457,0.3602,0.3733,0.2666,0.3345,0.2936,12.3353,72.759,2052.8358,169.309,-14.081,0.2205,0.1223,-1049.8411,0
Костанайская область,Беимбета Майлина,2014,15.8539,171.1063,1468.6777,3501.4309,105.1503,18.8626,20.478,850.8607,0.304,0.3376,0.272,0.3586,0.3274,16.424,78.3089,2027.6811,188.9868,-13.2513,0.1165,0.1208,-1297.5715,0
Костанайская область,Беимбета Майлина,2015,16.1571,205.2536,1428.6282,3409.0912,130.9101,19.6262,20.9057,940.1039,0.4141,0.4089,0.3134,0.2913,0.281,24.3294,24.0319,2048.0529,167.7082,-10.7025,0.1437,0.1552,-1223.3746,0
Костанайская область,Беимбета Майлина,2016,16.4413,251.9576,1299.6089,3384.8479,136.6693,17.8603,21.0467,773.3446,0.349,0.3732,0.3263,0.3662,0.333,44.3637,74.3995,2102.8931,252.7449,-9.5846,0.1939,0.1827,-1047.6513,0
Костанайская область,Беимбета Майлина,2017,15.4559,224.2757,1298.566,3426.5315,136.8709,17.5789,20.161,749.0071,0.3639,0.3558,0.3657,0.3254,0.297,42.8815,43.7263,1922.1943,179.8345,-12.4542,0.1727,0.1846,-1074.2903,0
Костанайская область,Беимбета Майлина,2018,15.2042,210.0502,1439.0505,3375.5628,122.2942,17.5484,19.7931,816.6462,0.362,0.3617,0.3466,0.2988,0.2879,52.8022,28.7441,1885.8235,150.7679,-13.2026,0.146,0.1435,-1229.0003,0
Костанайская область,Беимбета Майлина,2019,16.1537,173.463,1607.9497,3508.6142,59.6235,20.0194,21.4791,998.0186,0.3095,0.3111,0.2787,0.2788,0.2796,18.3067,24.1789,2053.2207,122.7302,-13.6335,0.1079,0.0584,-1434.4866,0
Костанайская область,Беимбета Майлина,2020,16.5099,309.1783,1433.8377,3415.2421,144.8818,19.6826,20.7501,847.5055,0.3891,0.4066,0.2831,0.3245,0.3031,18.7341,54.563,2117.2512,194.854,-7.3,0.2156,0.1698,-1124.6594,0
Костанайская область,Беимбета Майлина,2021,17.4619,108.4104,1635.9969,3749.2298,60.5044,21.2049,22.7215,1004.5462,0.289,0.3316,0.2584,0.3201,0.2952,6.5383,50.7144,2293.8158,178.9868,-13.4385,0.0663,0.061,-1527.5865,0
Костанайская область,Беимбета Майлина,2022,16.7626,133.0299,1435.2821,3349.3506,98.2427,18.3152,21.0763,881.3064,0.3426,0.3215,0.3215,0.2767,0.2805,30.1478,21.3831,2159.8027,136.4434,-9.6623,0.0927,0.1171,-1302.2522,0
Костанайская область,Беимбета Майлина,2023,16.4594,142.7899,855.2944,2414.78,64.9215,19.5571,20.9326,505.9024,0.3107,0.3213,0.3211,0.3227,0.3171,32.8818,20.4813,2106.4067,108.6737,-12.7841,0.1669,0.122,-712.5045,0
Костанайская область,Беимбета Майлина,2024,15.399,322.2016,1166.7475,3284.4624,221.2542,17.6194,19.8715,673.9179,0.4098,0.4069,0.3296,0.4111,0.4146,73.8309,112.3481,1905.5311,150.2113,-13.0744,0.2762,0.3151,-844.5459,0
Костанайская область,Беимбета Майлина,2025,16.8606,287.1297,1342.2924,3318.0289,158.9471,19.0347,20.3319,754.1902,0.3969,0.3963,0.3274,0.3212,0.3317,59.3837,45.1972,2175.9013,127.2383,-7.8588,0.2139,0.2125,-1055.1626,0
Костанайская область,Денисовский,1991,16.9735,164.3836,1537.5811,3495.9449,75.8,20.6926,20.8275,868.5847,0.2727,0.3132,0.2738,0.3322,0.3098,18.9,52.929,2196.0353,,,0.1069,0.0792,-1373.1975,0
Костанайская область,Денисовский,1992,13.0499,315.203,1099.1569,3103.5372,197.3073,15.2754,16.6887,615.745,0.3714,0.3669,0.4086,0.3685,0.3439,85.6082,63.3131,1483.8096,134.9571,-11.9366,0.2868,0.2967,-783.9539,0
Костанайская область,Денисовский,1993,13.2149,365.47,1106.4979,3139.6847,185.5463,16.5697,19.0426,653.4609,0.3802,0.3995,0.4258,0.39,0.38,95.0518,61.1912,1597.6821,190.7215,-11.8275,0.3303,0.2772,-741.028,0
Костанайская область,Денисовский,1994,13.6871,349.2704,1085.4118,3089.6156,239.682,16.049,17.522,601.1435,0.4263,0.4326,0.3631,0.4374,0.4212,66.7783,83.4282,1618.5753,157.7679,-14.871,0.3218,0.3712,-736.1414,0
Костанайская область,Денисовский,1995,17.3028,117.1535,1583.3571,3497.9567,64.766,19.6921,21.718,967.8393,0.3363,0.321,0.292,0.2656,0.2791,18.5422,12.5935,2257.9071,129.2372,-10.9466,0.074,0.0704,-1466.2036,0
Костанайская область,Денисовский,1996,14.5776,240.8532,1329.8322,3374.8419,94.1158,19.3955,20.2379,835.5069,0.3734,0.3864,0.3144,0.3185,0.2876,31.5704,41.4245,1901.2034,142.953,-14.7562,0.1811,0.1084,-1088.979,0
Костанайская область,Денисовский,1997,15.6104,230.7342,1392.9103,3240.327,149.5388,18.0187,19.3348,840.8135,0.4135,0.4151,0.2857,0.3725,0.3436,20.844,73.0182,1945.3755,140.2136,-12.8313,0.1656,0.1882,-1162.1761,0
Костанайская область,Денисовский,1998,16.4742,149.8731,1567.779,3555.1138,73.0044,21.0961,23.6544,989.9944,0.3293,0.3536,0.2767,0.3145,0.2859,24.6777,35.4303,2221.3633,182.1811,-13.6114,0.0956,0.0741,-1417.906,0
Костанайская область,Денисовский,1999,13.9104,411.8902,1153.8411,3164.2421,318.31,15.5492,18.1823,685.2197,0.4435,0.4382,0.4251,0.4235,0.4234,65.1648,124.4631,1638.7221,186.8804,-8.7984,0.357,0.4945,-741.951,0
Костанайская область,Денисовский,2000,14.727,357.3867,1212.7109,3249.1311,211.1309,16.7176,19.7085,722.0945,0.4274,0.4303,0.3991,0.3669,0.3731,63.2452,50.878,1785.496,178.919,-8.8567,0.2947,0.3058,-855.3242,0
Костанайская область,Денисовский,2001,14.9427,244.9819,1274.6224,3317.1252,148.0859,17.9316,18.5223,754.3433,0.3463,0.3467,0.3372,0.3619,0.3405,43.5237,68.6079,1828.1058,173.7127,-11.0697,0.1922,0.1873,-1029.6404,0
Костанайская область,Денисовский,2002,13.6806,259.1622,1242.2792,3207.2656,98.7073,16.2002,18.2904,710.2154,0.4218,0.4152,0.3594,0.2875,0.2981,34.6275,13.4729,1670.4615,203.2678,-9.092,0.2086,0.134,-983.117,0
Костанайская область,Денисовский,2003,15.1056,308.3684,1159.7379,3269.4778,220.237,16.4448,19.6587,697.4626,0.4556,0.4465,0.4337,0.3552,0.3434,79.4801,39.911,1910.7333,135.351,-14.4172,0.2659,0.3613,-851.3695,0
Костанайская область,Денисовский,2004,16.6626,158.7937,1543.4762,3464.5024,76.2566,19.8658,21.4049,934.899,0.3108,0.3398,0.3005,0.2962,0.2837,33.9313,30.9938,2162.3837,139.3525,-9.397,0.1029,0.0819,-1384.6826,0
Костанайская область,Денисовский,2005,15.3442,234.9712,1194.0566,3350.8518,123.6561,18.478,19.5199,737.0392,0.3889,0.3955,0.3371,0.3437,0.3201,40.8741,43.6048,1901.0828,205.1732,-13.4928,0.1968,0.1697,-959.0854,0
Костанайская область,Денисовский,2006,16.0769,231.6073,1459.4088,3261.394,125.8701,18.6232,20.2398,842.8938,0.4092,0.3965,0.3302,0.3227,0.2971,39.1912,42.2493,2031.8491,93.4866,-13.4484,0.1587,0.151,-1227.8015,0
Костанайская область,Денисовский,2007,15.8415,256.2106,1345.3566,3353.3862,156.025,17.8873,20.1451,809.1507,0.4284,0.4368,0.3203,0.3478,0.295,30.8385,51.2249,1993.63,199.1056,-7.716,0.1904,0.2014,-1089.146,0
Костанайская область,Денисовский,2008,15.9237,213.0705,1418.3559,3431.3358,134.1695,18.6693,21.2731,879.6966,0.3657,0.355,0.3513,0.326,0.3161,47.8184,38.6562,2010.4741,139.4184,-14.0049,0.1502,0.1675,-1205.2854,0
Костанайская область,Денисовский,2009,15.0639,232.6176,1350.6215,3374.2619,123.4588,17.9368,19.5509,813.3621,0.3854,0.3875,0.3215,0.2962,0.284,28.339,25.7983,1881.5765,118.9677,-10.5252,0.1722,0.1474,-1118.0039,0
Костанайская область,Денисовский,2010,16.9926,223.5359,1529.7167,3724.8278,162.9952,19.8056,22.162,902.1564,0.3101,0.3219,0.2637,0.3553,0.3531,7.4938,134.3557,2202.4943,155.8922,-16.815,0.1461,0.1821,-1306.1808,0
Костанайская область,Денисовский,2011,15.2146,311.0107,1245.7295,3313.5124,154.5101,17.7723,18.9033,709.3054,0.3247,0.3508,0.3935,0.3455,0.3296,82.169,52.8159,1876.4061,155.1838,-14.9894,0.2497,0.2061,-934.7188,0
Костанайская область,Денисовский,2012,18.4484,178.7975,1634.211,3612.0495,83.2047,21.1248,23.2006,975.3059,0.3361,0.3388,0.2819,0.2825,0.2863,16.9473,40.7079,2468.5655,147.9018,-15.2976,0.1094,0.0852,-1455.4135,0
Костанайская область,Денисовский,2013,16.0901,332.2132,1375.2328,3302.4827,114.5898,18.9133,20.1987,779.1362,0.3687,0.3792,0.2762,0.3247,0.284,17.9015,69.1356,2035.6178,166.2751,-13.6993,0.2416,0.1278,-1043.0197,0
Костанайская область,Денисовский,2014,15.7601,154.2705,1522.9726,3521.4784,92.5943,18.8413,20.4442,889.2852,0.3131,0.3447,0.2729,0.3523,0.3085,13.5837,67.43,2019.5554,186.8484,-13.0643,0.1013,0.1023,-1368.7021,0
Костанайская область,Денисовский,2015,16.095,205.6769,1481.208,3409.0226,132.6996,19.4271,20.7752,968.4672,0.4081,0.4019,0.3267,0.3,0.283,34.1575,26.1042,2036.2677,154.2097,-10.4676,0.1389,0.1535,-1275.5311,0
Костанайская область,Денисовский,2016,16.3434,265.4759,1346.9092,3408.7613,139.6404,17.864,21.1797,823.0191,0.3744,0.3979,0.3354,0.3538,0.3271,44.654,64.7969,2085.4091,241.9229,-9.5105,0.1971,0.1783,-1081.4333,0
Костанайская область,Денисовский,2017,15.373,234.0922,1382.7006,3438.6451,149.7365,17.3707,20.0294,795.9424,0.3641,0.3633,0.3913,0.3149,0.3014,55.6759,30.9213,1907.3222,170.9157,-12.2802,0.1693,0.192,-1148.6084,0
Костанайская область,Денисовский,2018,15.1383,213.4697,1499.2583,3360.3926,123.6269,17.5252,19.734,858.1071,0.3665,0.368,0.3423,0.3126,0.2935,49.8534,29.8521,1876.1322,149.5012,-12.9448,0.1424,0.1385,-1285.7887,0
Костанайская область,Денисовский,2019,16.1058,163.8287,1683.6642,3538.6113,56.6185,20.1349,21.4734,1046.3706,0.3201,0.3181,0.2809,0.2671,0.2787,18.5042,18.081,2044.3168,129.2067,-13.6719,0.0973,0.0521,-1519.8355,0
Костанайская область,Денисовский,2020,16.6718,235.1253,1551.9357,3426.5769,114.9755,19.9997,20.9102,902.3404,0.3559,0.3583,0.2766,0.321,0.3063,18.3707,58.1262,2146.7756,185.6541,-7.2494,0.1515,0.1242,-1316.8104,0
Костанайская область,Денисовский,2021,17.3639,100.7537,1670.3071,3751.1802,52.6042,21.2232,22.5791,1013.3306,0.2857,0.3245,0.2613,0.3046,0.2935,7.6626,40.8292,2275.8026,165.6276,-13.2995,0.0603,0.0513,-1569.5535,0
Костанайская область,Денисовский,2022,16.3432,157.3692,1420.2246,3316.8366,112.6819,17.7238,20.7207,878.3465,0.3598,0.3368,0.3395,0.2828,0.2834,35.6635,23.0683,2083.0576,130.7791,-9.5779,0.1108,0.1368,-1262.8554,0
Костанайская область,Денисовский,2023,16.1417,152.6613,855.5462,2405.9278,65.1067,19.2054,20.6079,512.3298,0.3244,0.3265,0.3176,0.3348,0.3155,22.9795,27.4449,2048.113,102.8987,-12.8244,0.1784,0.121,-702.8849,0
Костанайская область,Денисовский,2024,15.1141,340.5543,1163.6358,3286.4637,225.1405,17.2893,19.4969,665.9922,0.4258,0.427,0.3495,0.4122,0.4004,66.5979,115.4169,1853.2921,141.9293,-12.8198,0.2927,0.3219,-823.0815,0
Костанайская область,Денисовский,2025,16.6574,295.1213,1384.9322,3324.2991,170.0527,18.7117,20.1624,788.1089,0.4088,0.4119,0.3225,0.3194,0.3299,52.7182,45.3359,2138.8161,118.5143,-7.7494,0.2131,0.223,-1089.811,0
Костанайская область,Джангельдинский,1991,19.4892,45.3063,1492.5727,3870.634,23.8065,23.1819,24.1247,867.4199,0.1455,0.1863,0.1354,0.1417,0.1512,7.2485,12.6413,2658.4031,,,0.0304,0.0261,-1447.2664,0
Костанайская область,Джангельдинский,1992,16.1203,105.3388,1160.9816,3467.0052,59.6935,18.791,20.833,720.761,0.2324,0.2436,0.1742,0.1402,0.155,22.7635,6.3288,2042.5695,148.2955,-10.8403,0.0907,0.0869,-1055.6429,0
Костанайская область,Джангельдинский,1993,16.5559,178.684,1238.5546,3595.3539,76.4794,19.9554,22.8133,775.5598,0.2247,0.2557,0.2166,0.1461,0.162,40.9209,13.4555,2129.807,190.3468,-10.2893,0.1443,0.1009,-1059.8706,0
Костанайская область,Джангельдинский,1994,18.1664,75.0068,1353.7049,3620.215,49.6431,21.2504,22.7092,805.5512,0.1831,0.1983,0.1422,0.1535,0.1526,12.0407,16.2696,2415.7357,130.6628,-15.5319,0.0554,0.061,-1278.6981,0
Костанайская область,Джангельдинский,1995,20.1097,109.1456,1489.3557,3771.3088,67.0014,22.5901,24.9491,889.7466,0.199,0.1887,0.1448,0.1503,0.1521,10.4976,18.5027,2771.699,125.4946,-10.8969,0.0733,0.0803,-1380.2102,0
Костанайская область,Джангельдинский,1996,17.3745,122.1361,1272.6678,3704.6185,43.6684,21.7258,23.3,808.236,0.2059,0.2292,0.1497,0.1503,0.1532,13.3549,14.4778,2331.9337,174.6567,-15.7323,0.096,0.0557,-1150.5317,0
Костанайская область,Джангельдинский,1997,19.0435,141.3599,1415.5792,3755.2288,95.743,21.8635,23.596,901.2581,0.257,0.2672,0.1402,0.1744,0.1661,6.3228,36.0228,2575.6217,164.1311,-11.4905,0.0999,0.114,-1274.2193,0
Костанайская область,Джангельдинский,1998,19.0101,69.4374,1454.3253,3796.6009,30.0744,23.4608,26.6955,932.317,0.1878,0.2282,0.1342,0.1461,0.152,6.3488,17.4152,2646.8708,167.1761,-13.4666,0.0477,0.0332,-1384.8879,0
Костанайская область,Джангельдинский,1999,17.7834,149.906,1263.1704,3559.3077,107.4657,19.3506,22.429,762.4006,0.1832,0.2012,0.207,0.1925,0.1696,44.5576,39.2383,2349.6746,122.1609,-7.7998,0.1187,0.1556,-1113.2644,0
Костанайская область,Джангельдинский,2000,18.4898,147.9301,1369.705,3628.1509,97.2431,20.4681,23.6792,830.2499,0.2092,0.2102,0.1882,0.1643,0.1662,33.7867,24.8444,2475.1962,155.4697,-7.9638,0.108,0.1267,-1221.7749,0
Костанайская область,Джангельдинский,2001,18.2466,128.4525,1363.6632,3708.5838,61.5516,21.3871,22.1435,813.9948,0.156,0.1894,0.1456,0.1816,0.1621,13.2597,36.6389,2432.9514,139.1633,-10.9174,0.0942,0.0766,-1235.2106,0
Костанайская область,Джангельдинский,2002,17.6618,98.5482,1325.1165,3665.4766,48.0369,19.5978,22.7823,796.4846,0.2254,0.2461,0.1698,0.1402,0.1573,20.1914,6.7439,2325.3133,200.1308,-6.1086,0.0744,0.0649,-1226.5682,0
Костанайская область,Джангельдинский,2003,18.1552,161.6196,1238.6454,3600.5395,112.9958,19.9025,23.2875,755.2173,0.2337,0.2243,0.2137,0.1668,0.1681,49.4878,25.305,2431.5807,124.6417,-13.2768,0.1305,0.1676,-1077.0257,0
Костанайская область,Джангельдинский,2004,19.2509,186.1865,1425.2783,3740.1193,80.4398,22.2189,23.5733,835.0991,0.1947,0.2178,0.1354,0.1937,0.1853,5.6102,55.7515,2615.3922,129.4956,-8.9789,0.1306,0.0941,-1239.0917,0
Костанайская область,Джангельдинский,2005,18.7112,116.8812,1308.5248,3767.4269,65.1142,22.269,23.4279,797.6361,0.2045,0.2335,0.153,0.1605,0.1629,16.0344,22.9808,2517.8013,218.4123,-12.7418,0.0893,0.084,-1191.6436,0
Костанайская область,Джангельдинский,2006,19.4341,98.4888,1463.3016,3824.811,49.5066,21.9337,23.9113,881.4564,0.1838,0.1859,0.1521,0.1428,0.1522,17.7032,12.6393,2647.719,88.068,-11.1122,0.0673,0.0585,-1364.8128,0
Костанайская область,Джангельдинский,2007,18.7595,131.9671,1328.1481,3755.3499,88.079,21.0724,23.3997,829.4052,0.2451,0.2654,0.1677,0.165,0.1572,22.4481,26.8969,2527.987,168.5412,-6.8744,0.0994,0.1151,-1196.181,0
Костанайская область,Джангельдинский,2008,19.7562,94.0348,1504.2355,3857.8725,60.8637,22.8571,24.8382,890.6371,0.1585,0.1748,0.1429,0.1724,0.1579,13.8934,32.9829,2711.0617,117.6301,-13.5316,0.0625,0.0701,-1410.2007,0
Костанайская область,Джангельдинский,2009,17.8592,149.3765,1330.4446,3698.1345,65.226,20.7601,22.5196,811.8685,0.2094,0.2258,0.1667,0.1421,0.1536,29.9152,11.659,2360.8276,140.8149,-10.6489,0.1123,0.0804,-1181.0681,0
Костанайская область,Джангельдинский,2010,20.327,56.6047,1594.8411,4056.3525,17.7603,23.3545,25.868,959.4664,0.152,0.1777,0.1311,0.1411,0.1505,1.1493,10.7149,2813.7604,99.6225,-12.2341,0.0355,0.019,-1538.2364,0
Костанайская область,Джангельдинский,2011,19.163,118.5911,1382.2719,3735.2668,78.9976,21.5209,23.2191,820.4043,0.1599,0.179,0.1777,0.1693,0.1557,29.1992,28.9993,2599.1695,121.6148,-11.9909,0.0858,0.0977,-1263.6808,0
Костанайская область,Джангельдинский,2012,21.4126,98.4035,1542.308,3933.1906,72.6531,24.1598,25.831,896.3989,0.1803,0.1809,0.1411,0.1401,0.1511,8.6587,29.6852,3010.4811,102.2139,-15.0255,0.0638,0.0795,-1443.9045,0
Костанайская область,Джангельдинский,2013,18.9659,130.4624,1393.4683,3736.995,50.2433,21.5051,23.0368,807.211,0.178,0.2123,0.1441,0.1632,0.1542,21.5808,19.8765,2562.1809,132.4853,-12.5491,0.0936,0.0604,-1263.0059,0
Костанайская область,Джангельдинский,2014,19.0702,71.2729,1446.9465,3823.2771,43.9361,22.2229,24.0932,850.311,0.148,0.1809,0.1372,0.171,0.156,5.7425,28.194,2585.6838,134.437,-13.3607,0.0493,0.0525,-1375.6737,0
Костанайская область,Джангельдинский,2015,19.2709,79.1904,1436.4479,3805.6023,49.8697,22.8999,24.4132,922.7018,0.2236,0.2214,0.1345,0.1396,0.1513,3.3052,10.3198,2618.5389,139.5216,-11.4176,0.0551,0.0589,-1357.2575,0
Костанайская область,Джангельдинский,2016,19.4954,119.1121,1428.1597,3677.9634,62.4409,21.1758,23.8897,836.2804,0.1925,0.2211,0.1667,0.1563,0.1573,26.2829,16.4213,2661.2233,224.2534,-7.1887,0.0834,0.0805,-1309.0477,0
Костанайская область,Джангельдинский,2017,19.4188,79.7164,1497.5562,3809.7763,38.6847,21.982,24.5679,893.0418,0.1669,0.1963,0.1452,0.1439,0.152,7.9285,11.7142,2647.6869,129.8148,-10.4562,0.0532,0.0449,-1417.8398,0
Костанайская область,Джангельдинский,2018,18.3851,74.6051,1470.5031,3796.6145,36.1007,21.5422,23.8917,886.8068,0.1825,0.2163,0.142,0.1357,0.153,4.7242,13.4378,2459.2655,233.4203,-12.43,0.0507,0.0394,-1395.898,0
Костанайская область,Джангельдинский,2019,18.9554,99.1254,1498.0671,3796.0641,42.7224,22.8637,24.4922,933.657,0.1603,0.1866,0.148,0.149,0.1542,13.7315,19.7372,2565.6873,132.8937,-11.2499,0.0662,0.0459,-1398.9418,0
Костанайская область,Джангельдинский,2020,19.6717,146.7442,1513.6171,3777.166,91.8677,22.8891,24.1864,925.8035,0.2501,0.2626,0.1489,0.1373,0.1535,14.4093,3.3488,2695.8775,152.8465,-6.6869,0.0969,0.1028,-1366.8729,0
Костанайская область,Джангельдинский,2021,20.823,42.8193,1621.2854,4004.1885,17.7686,24.6829,26.0164,983.6723,0.1526,0.1706,0.1319,0.1319,0.1494,3.2875,3.6355,2907.905,109.356,-12.3257,0.0264,0.0183,-1578.4661,0
Костанайская область,Джангельдинский,2022,19.6528,73.3659,1398.2779,3678.6784,54.1474,21.7718,23.9643,882.8408,0.1701,0.1972,0.137,0.1696,0.1554,6.7724,32.7418,2688.102,161.6198,-8.8064,0.0525,0.0644,-1324.9121,0
Костанайская область,Джангельдинский,2023,19.6276,96.9738,880.8919,2672.7792,24.1715,23.3826,24.8359,547.4267,0.1631,0.1967,0.1429,0.1568,0.1561,5.23,12.7071,2687.5784,77.5621,-11.2391,0.1101,0.0435,-783.9181,0
Костанайская область,Джангельдинский,2024,18.6506,111.9956,1333.4862,3680.2494,72.8067,21.0059,23.565,791.5036,0.2345,0.2324,0.1531,0.1668,0.1588,16.1791,22.4533,2502.6564,131.8466,-10.5949,0.084,0.0962,-1221.4906,0
Костанайская область,Джангельдинский,2025,20.296,114.137,1424.7456,3723.343,50.2584,23.0652,24.1538,831.4063,0.1588,0.1885,0.1604,0.1464,0.1534,27.3487,13.6297,2806.6086,155.3109,-7.495,0.0801,0.061,-1310.6086,0
Костанайская область,Житикаринский,1991,16.4815,170.872,1555.2404,3551.4331,90.0939,20.0448,20.3531,877.1104,0.2815,0.3256,0.2724,0.348,0.3203,16.9651,67.201,2106.0982,,,0.1099,0.0949,-1384.3684,0
Костанайская область,Житикаринский,1992,12.7322,367.055,1082.4344,3121.414,240.6842,14.8277,16.1723,602.7189,0.378,0.3784,0.4173,0.3856,0.3635,93.8197,77.4269,1429.1992,142.4438,-11.7458,0.3391,0.372,-715.3794,0
Костанайская область,Житикаринский,1993,12.9521,357.9342,1131.7179,3191.6726,180.2974,16.2488,18.72,680.6135,0.3844,0.4058,0.4333,0.3835,0.3739,98.9037,54.976,1549.0712,225.406,-11.869,0.3163,0.2604,-773.7837,0
Костанайская область,Житикаринский,1994,13.4804,312.2872,1128.3711,3171.6134,202.8129,15.7325,17.1563,625.1409,0.4177,0.4273,0.3459,0.4238,0.3964,49.0269,77.0487,1581.6015,169.2043,-14.846,0.2768,0.305,-816.0839,0
Костанайская область,Житикаринский,1995,17.0613,144.6271,1593.662,3523.9307,82.1539,19.4378,21.3488,955.9308,0.3534,0.3305,0.3035,0.2728,0.2797,21.8856,16.1601,2213.5389,135.518,-10.9883,0.0908,0.0902,-1449.035,0
Костанайская область,Житикаринский,1996,14.3185,266.6731,1333.2973,3414.0607,88.1732,18.9569,19.9219,836.6106,0.3828,0.3945,0.3303,0.3017,0.2859,30.8333,24.8364,1852.8515,166.7598,-14.6967,0.2,0.1032,-1066.6242,0
Костанайская область,Житикаринский,1997,15.4396,236.0584,1439.4739,3330.2253,146.7622,18.0002,19.3439,883.8229,0.4201,0.4255,0.282,0.3854,0.3495,19.7031,76.5555,1914.1517,152.9971,-12.8521,0.164,0.1761,-1203.4155,0
Костанайская область,Житикаринский,1998,16.3395,146.6925,1637.8778,3585.692,81.7182,20.8317,23.5408,1040.7172,0.333,0.3633,0.2799,0.3241,0.2926,25.3994,45.2767,2200.5469,193.8033,-13.4796,0.0896,0.08,-1491.1853,0
Костанайская область,Житикаринский,1999,13.7481,419.6195,1197.8711,3225.1232,327.4317,15.3021,18.1046,714.9013,0.449,0.4469,0.406,0.4313,0.4303,48.5157,134.207,1608.7221,174.6475,-8.6612,0.3503,0.5014,-778.2516,0
Костанайская область,Житикаринский,2000,14.4321,370.4284,1215.8949,3254.2942,246.7413,16.2008,19.3145,716.6095,0.4288,0.4357,0.3998,0.408,0.4133,75.3922,82.4779,1731.563,189.942,-8.6815,0.3047,0.3677,-845.4665,0
Костанайская область,Житикаринский,2001,14.8723,216.4058,1343.9749,3342.7443,128.7382,17.8203,18.5631,812.3845,0.3469,0.3478,0.3308,0.3535,0.3114,39.4853,52.0277,1815.4382,158.4354,-10.9352,0.161,0.1572,-1127.5691,0
Костанайская область,Житикаринский,2002,13.5198,265.1849,1279.8616,3281.6752,118.5823,15.7933,18.1124,722.1714,0.4331,0.4277,0.3782,0.3117,0.3134,43.7238,21.3076,1644.3222,209.4744,-8.774,0.2072,0.1611,-1014.6767,0
Костанайская область,Житикаринский,2003,14.8144,290.8904,1204.8049,3300.1501,211.2658,16.2217,19.4433,727.3296,0.4526,0.4489,0.4108,0.3663,0.3404,66.5398,53.0682,1872.0907,137.2389,-14.3273,0.2414,0.3275,-913.9145,0
Костанайская область,Житикаринский,2004,16.2597,211.4828,1520.7091,3488.1047,122.3927,19.0873,20.6891,898.7726,0.3218,0.3437,0.3112,0.336,0.3325,43.7727,62.9548,2081.0415,151.5912,-9.3769,0.1391,0.1381,-1309.2263,0
Костанайская область,Житикаринский,2005,15.2547,208.767,1249.7381,3440.337,101.7925,18.4467,19.4942,779.887,0.4016,0.4099,0.3038,0.3268,0.2977,22.0556,44.0594,1890.3727,225.2968,-13.1979,0.167,0.1332,-1040.9711,0
Костанайская область,Житикаринский,2006,15.9631,227.2616,1502.9843,3346.5203,130.7911,18.4438,20.049,858.8322,0.3897,0.3801,0.3277,0.3262,0.3043,42.922,46.8902,2011.0328,95.7288,-12.8001,0.1512,0.1534,-1275.7227,0
Костанайская область,Житикаринский,2007,15.6864,238.2799,1386.7925,3404.4549,142.4758,17.6338,20.0082,840.6555,0.4263,0.4405,0.3068,0.3529,0.2982,26.078,52.303,1965.2412,208.8773,-7.6649,0.1718,0.181,-1148.5126,0
Костанайская область,Житикаринский,2008,15.8015,199.1619,1459.8348,3472.6668,126.5926,18.4314,21.1253,913.9053,0.3622,0.3561,0.3476,0.3238,0.3105,46.3578,32.6247,1988.1624,151.7212,-14.066,0.1364,0.154,-1260.6729,0
Костанайская область,Житикаринский,2009,14.8765,248.016,1394.6236,3405.3269,115.579,17.8306,19.5035,858.9303,0.3965,0.3941,0.3216,0.2845,0.2842,31.1099,12.6842,1862.3493,120.6914,-10.5739,0.1778,0.1341,-1146.6077,0
Костанайская область,Житикаринский,2010,17.0249,182.7261,1614.7359,3780.2356,112.0018,19.934,22.3266,952.5455,0.3107,0.329,0.2642,0.3472,0.3396,7.4447,84.7314,2208.863,166.1158,-16.3088,0.1132,0.1181,-1432.0097,0
Костанайская область,Житикаринский,2011,15.171,298.9978,1320.4613,3397.7773,135.4523,17.7388,18.9713,759.2424,0.3242,0.3506,0.3707,0.3378,0.3215,79.8095,37.1008,1868.8289,162.7894,-14.2542,0.2264,0.1705,-1021.4635,0
Костанайская область,Житикаринский,2012,18.4653,139.3548,1697.4982,3665.9183,66.0201,21.0005,23.2791,1023.71,0.3279,0.3471,0.2795,0.2813,0.282,16.8469,33.4111,2471.8061,155.2671,-15.183,0.0821,0.0663,-1558.1433,0
Костанайская область,Житикаринский,2013,16.1078,289.5373,1445.509,3378.5608,122.4349,18.8869,20.0842,817.4638,0.3637,0.3749,0.2818,0.3201,0.2835,25.9892,64.8145,2038.7921,171.3236,-13.2588,0.2003,0.1314,-1155.9717,0
Костанайская область,Житикаринский,2014,15.6391,124.2175,1549.6992,3595.0431,71.4297,18.6449,20.5557,936.0176,0.3352,0.3579,0.2755,0.3228,0.2842,12.7168,39.6514,2019.6126,222.2967,-13.3618,0.0802,0.0784,-1425.4818,0
Костанайская область,Житикаринский,2015,16.0928,174.653,1552.8418,3458.8776,102.9731,19.3663,20.8988,1028.1034,0.4179,0.4161,0.2989,0.2928,0.2811,22.2615,24.1004,2037.0986,166.6186,-10.6154,0.1125,0.1147,-1378.1887,0
Костанайская область,Житикаринский,2016,16.2604,223.6256,1407.6713,3417.8586,108.3717,17.9116,21.347,883.7822,0.3828,0.3987,0.3246,0.3236,0.2917,36.9926,35.4276,2070.779,254.8224,-9.1516,0.1589,0.1315,-1184.0456,0
Костанайская область,Житикаринский,2017,15.3124,225.5237,1441.4495,3527.2799,150.0279,17.2964,20.1564,858.1631,0.388,0.3869,0.3968,0.2911,0.2988,44.1576,22.5887,1896.6387,171.5751,-11.9592,0.1565,0.1858,-1215.9259,0
Костанайская область,Житикаринский,2018,15.2294,190.9771,1582.7967,3433.8997,107.2803,17.7938,19.8983,920.015,0.3528,0.3651,0.3335,0.3039,0.2871,48.0939,26.7761,1899.9192,158.8751,-13.1303,0.1207,0.1127,-1391.8196,0
Костанайская область,Житикаринский,2019,16.0788,139.2491,1759.5913,3587.71,48.4018,20.178,21.4645,1106.9879,0.3102,0.3171,0.2637,0.274,0.279,9.793,23.4046,2039.0258,144.1966,-13.1081,0.0791,0.0428,-1620.3422,0
Костанайская область,Житикаринский,2020,16.5656,207.1386,1628.0057,3518.3311,95.6916,20.0099,20.8648,941.6975,0.3287,0.3409,0.2667,0.3158,0.3014,15.1332,58.2399,2127.3202,172.373,-7.1204,0.1272,0.0985,-1420.8672,0
Костанайская область,Житикаринский,2021,17.5308,89.028,1752.1124,3780.6273,45.7608,21.4943,22.9165,1077.9014,0.2887,0.3281,0.2593,0.2991,0.281,7.3152,34.1697,2306.4236,166.3709,-13.176,0.0508,0.0423,-1663.0844,0
Костанайская область,Житикаринский,2022,16.1295,198.9612,1444.4341,3353.6484,143.6566,17.3274,20.498,906.1169,0.3832,0.3606,0.3504,0.2913,0.2953,40.9669,36.9847,2043.6649,140.3246,-9.4722,0.1377,0.1735,-1245.4729,0
Костанайская область,Житикаринский,2023,16.3058,146.1889,908.7958,2409.4416,51.7242,19.4836,21.0161,561.4069,0.3356,0.3417,0.297,0.3195,0.2914,12.5628,23.9688,2078.3295,101.4642,-12.6469,0.1609,0.0895,-762.607,0
Костанайская область,Житикаринский,2024,15.1096,341.3084,1227.4944,3328.5693,233.6393,17.2469,19.4236,701.4487,0.4161,0.4156,0.3399,0.4095,0.4037,57.7616,138.2166,1852.3802,150.0309,-12.3605,0.2781,0.3197,-886.186,0
Костанайская область,Житикаринский,2025,16.6008,257.2643,1447.8429,3392.7747,152.5589,18.6489,20.1645,834.894,0.4043,0.4054,0.3349,0.3103,0.318,53.5937,36.3791,2129.0387,124.2081,-8.315,0.1777,0.1932,-1190.5787,0
Костанайская область,Камыстинский,1991,16.994,153.3171,1409.1934,3626.3338,78.943,20.6008,21.0496,807.2826,0.1619,0.207,0.1514,0.2113,0.196,17.912,58.26,2200.0131,,,0.1088,0.0914,-1255.8763,0
Костанайская область,Камыстинский,1992,13.4456,256.0731,1052.3665,3244.0446,178.1528,15.5985,17.2295,598.3571,0.2515,0.249,0.2969,0.2118,0.1917,70.4135,40.0585,1551.9795,133.0061,-12.1052,0.2433,0.2867,-796.2934,0
Костанайская область,Камыстинский,1993,13.718,262.2756,1080.8439,3279.0481,120.4463,17.0578,19.8226,674.2475,0.2766,0.2957,0.2704,0.1942,0.1866,54.7226,36.1716,1687.6751,212.2511,-11.8808,0.2427,0.1823,-818.5683,0
Костанайская область,Камыстинский,1994,14.335,248.291,1066.1004,3238.8275,156.606,16.985,18.4542,623.483,0.3001,0.3072,0.1957,0.2517,0.2113,31.6429,63.5713,1739.6899,177.7698,-15.6657,0.2329,0.2391,-817.8095,0
Костанайская область,Камыстинский,1995,17.6696,129.8883,1485.1463,3579.4238,65.2646,20.1943,22.1782,905.5796,0.2063,0.2026,0.16,0.153,0.1532,13.8937,17.4457,2325.2769,128.7389,-11.5985,0.0875,0.0754,-1355.2581,0
Костанайская область,Камыстинский,1996,14.9961,222.5813,1233.3213,3427.0722,62.3763,19.7912,20.6978,778.1771,0.2387,0.258,0.175,0.1688,0.1546,21.5488,22.1082,1959.1606,151.0013,-15.3682,0.1805,0.0777,-1010.74,0
Костанайская область,Камыстинский,1997,16.3227,189.6903,1353.0782,3393.537,126.7872,18.8511,20.3288,847.0576,0.2876,0.288,0.1513,0.2317,0.2058,12.9642,64.8545,2076.3985,140.953,-13.2455,0.1402,0.1614,-1163.3878,0
Костанайская область,Камыстинский,1998,16.9579,130.8961,1507.9937,3664.109,42.8159,21.6549,24.5669,988.9418,0.2195,0.2526,0.1438,0.1652,0.1549,12.8034,23.725,2319.893,179.3468,-13.8928,0.0868,0.0446,-1377.0976,0
Костанайская область,Камыстинский,1999,14.6081,317.6844,1143.8382,3321.748,264.0969,16.1169,19.1025,706.8772,0.3238,0.3078,0.2558,0.3052,0.2882,34.7343,111.438,1766.7555,156.5687,-8.9451,0.2777,0.4233,-826.1538,0
Костанайская область,Камыстинский,2000,15.3639,276.3589,1222.3826,3393.6111,174.0447,17.3123,20.4836,745.1726,0.2934,0.2822,0.2362,0.2283,0.2317,49.2219,62.6364,1902.5303,173.4773,-8.9226,0.2261,0.2511,-946.0237,0
Костанайская область,Камыстинский,2001,15.3885,220.5184,1237.0943,3413.4432,128.6964,18.3402,19.097,744.4422,0.2062,0.2209,0.2027,0.2326,0.1894,56.4528,48.3771,1909.6667,165.1506,-11.2219,0.1783,0.1717,-1016.5759,0
Костанайская область,Камыстинский,2002,14.303,208.6338,1180.9749,3334.7466,77.8995,16.667,18.9803,686.7266,0.2941,0.2955,0.2168,0.1613,0.1681,28.2522,15.2678,1763.0632,211.6186,-8.4039,0.1767,0.1114,-972.341,0
Костанайская область,Камыстинский,2003,15.4489,294.1618,1096.642,3356.213,211.2284,16.8202,20.1448,672.084,0.3447,0.3326,0.3125,0.2312,0.223,71.1717,37.4464,1994.4153,138.6067,-14.8867,0.2682,0.3624,-802.4802,0
Костанайская область,Камыстинский,2004,17.0538,164.6671,1450.36,3566.4344,92.9732,19.9417,21.6011,865.2991,0.1788,0.211,0.166,0.2063,0.1906,31.1868,53.9275,2215.0442,150.2147,-9.6133,0.1135,0.1089,-1285.6929,0
Костанайская область,Камыстинский,2005,15.5165,216.2054,1098.6142,3464.9496,108.5876,18.8649,19.9036,693.8225,0.2978,0.308,0.2016,0.1928,0.1826,28.843,36.5329,1946.3654,250.1688,-13.9887,0.1968,0.1595,-882.4088,0
Костанайская область,Камыстинский,2006,16.7008,160.4252,1387.3671,3445.9823,83.8257,19.2262,20.9172,821.3322,0.2565,0.2448,0.1634,0.1746,0.1563,20.8596,29.0443,2146.3477,99.0631,-13.1582,0.1156,0.1047,-1226.942,0
Костанайская область,Камыстинский,2007,16.0828,212.1193,1241.6483,3503.1356,127.612,18.2634,20.4266,756.1735,0.3114,0.3232,0.2021,0.1996,0.1693,33.532,40.3982,2037.9736,217.428,-7.813,0.1708,0.1778,-1029.529,0
Костанайская область,Камыстинский,2008,16.5399,177.9394,1370.4028,3548.8129,123.6051,19.3351,21.8552,855.8116,0.2294,0.2298,0.2019,0.21,0.1854,36.0976,50.1236,2123.0255,166.0869,-14.2871,0.1298,0.1567,-1192.4634,0
Костанайская область,Камыстинский,2009,15.5126,199.3094,1289.9978,3463.0679,106.5389,18.3697,20.0248,785.288,0.268,0.2623,0.173,0.1729,0.1567,15.9626,24.1453,1953.6225,116.4635,-11.4423,0.1545,0.1341,-1090.6884,0
Костанайская область,Камыстинский,2010,17.7163,135.899,1525.927,3861.15,78.2693,20.4607,23.0732,913.5903,0.1795,0.1981,0.1427,0.2007,0.1777,7.2233,53.1047,2335.5999,151.1787,-16.4547,0.0891,0.0883,-1390.0279,0
Костанайская область,Камыстинский,2011,16.0145,275.2707,1247.1122,3474.1796,146.7847,18.3568,19.7768,734.1702,0.1983,0.2268,0.2679,0.2114,0.1919,82.8568,44.7565,2022.889,148.1224,-14.4611,0.2207,0.1987,-971.8415,0
Костанайская область,Камыстинский,2012,18.8207,130.0998,1524.1267,3714.7368,69.6044,21.4066,23.5634,915.2065,0.2086,0.2278,0.1499,0.1537,0.1522,12.55,33.6859,2536.631,149.8754,-15.4986,0.0854,0.0772,-1394.027,0
Костанайская область,Камыстинский,2013,16.571,216.9899,1337.2627,3462.5766,89.9146,19.1597,20.5313,756.7111,0.2072,0.23,0.1573,0.2011,0.1592,24.4189,50.5281,2123.6548,161.1903,-13.8883,0.1623,0.1075,-1120.2728,0
Костанайская область,Камыстинский,2014,16.3069,111.6488,1425.6805,3614.3607,61.4306,19.2713,21.189,854.0383,0.1907,0.2194,0.1589,0.1779,0.1569,15.3322,29.5269,2107.216,202.8875,-13.9578,0.0783,0.0733,-1314.0317,0
Костанайская область,Камыстинский,2015,16.6066,133.3928,1412.2037,3535.714,78.2922,20.0925,21.4506,924.8807,0.2722,0.2631,0.1722,0.1491,0.1531,21.592,14.9326,2133.8989,162.1869,-11.6177,0.0945,0.0931,-1278.8109,0
Костанайская область,Камыстинский,2016,16.6659,210.8867,1272.5786,3473.2528,117.9659,18.1965,21.4208,776.4173,0.2571,0.2785,0.2005,0.2076,0.1746,42.5504,45.0184,2144.2805,253.8081,-9.2475,0.1657,0.1611,-1061.6919,0
Костанайская область,Камыстинский,2017,15.8708,191.8869,1290.593,3586.5672,104.192,18.1799,20.895,782.5009,0.2671,0.2692,0.2241,0.1681,0.1656,33.4699,23.0917,1998.8188,204.8714,-12.0631,0.1487,0.1396,-1098.7062,0
Костанайская область,Камыстинский,2018,15.8247,137.676,1442.3616,3498.8783,67.9095,18.4795,20.7041,849.7942,0.2253,0.2428,0.1812,0.1557,0.1551,25.4475,19.0432,1990.4229,166.4654,-13.4925,0.0955,0.0776,-1304.6856,0
Костанайская область,Камыстинский,2019,16.7472,128.0049,1579.5411,3592.1688,40.4941,20.6797,22.2426,994.819,0.1853,0.1951,0.15,0.1452,0.151,14.077,14.8247,2161.6704,108.2741,-12.8095,0.081,0.0406,-1451.5363,0
Костанайская область,Камыстинский,2020,16.6665,305.2604,1372.6847,3520.6985,157.8489,19.8602,20.8714,818.0775,0.2748,0.2888,0.1623,0.2043,0.179,22.1293,53.1494,2145.4589,171.4933,-7.3477,0.2224,0.1926,-1067.4243,0
Костанайская область,Камыстинский,2021,17.7208,79.0406,1565.215,3831.8114,34.0476,21.5171,23.2072,990.7744,0.1829,0.2211,0.1366,0.1645,0.1531,3.5415,25.363,2340.9809,169.935,-13.6162,0.0505,0.0356,-1486.1744,0
Костанайская область,Камыстинский,2022,17.083,148.2112,1388.7881,3431.7733,111.6159,18.7143,21.47,866.7312,0.2332,0.2196,0.1812,0.172,0.1597,27.3173,37.9456,2218.1779,160.014,-9.7184,0.1067,0.1357,-1240.5769,0
Костанайская область,Камыстинский,2023,16.7347,147.7709,832.939,2480.7769,58.5411,20.0215,21.5982,517.3146,0.2256,0.2327,0.1752,0.1859,0.1656,18.2453,24.3995,2156.9515,103.1236,-13.0597,0.1774,0.1114,-685.1681,0
Костанайская область,Камыстинский,2024,15.6507,281.2626,1164.932,3372.5868,209.7992,17.8482,20.133,676.2811,0.2833,0.2837,0.2262,0.2868,0.2697,62.8634,103.8172,1952.1737,149.4992,-12.973,0.2414,0.3049,-883.6694,0
Костанайская область,Камыстинский,2025,17.5016,207.8759,1373.7031,3469.4672,123.5226,19.7937,20.9963,781.2108,0.2276,0.2179,0.1905,0.1848,0.1776,53.0704,34.7175,2294.0192,148.5059,-8.2962,0.1513,0.1604,-1165.8272,0
Костанайская область,Карабалыкский,1991,16.5777,181.7807,1445.7672,3393.3274,68.2061,20.2302,20.1776,814.5161,0.2809,0.3362,0.2901,0.3258,0.2897,24.811,40.9629,2123.4526,,,0.1257,0.0743,-1263.9866,0
Костанайская область,Карабалыкский,1992,12.8782,314.6254,1090.2457,3001.0872,217.851,15.1629,16.5773,612.3028,0.3926,0.3868,0.3941,0.3963,0.3824,62.8641,103.9515,1455.8929,128.0983,-11.96,0.2886,0.3273,-775.6203,0
Костанайская область,Карабалыкский,1993,13.0702,415.5951,1079.5807,3039.2357,229.3634,16.6486,18.7949,619.4085,0.385,0.4,0.4163,0.4309,0.4244,87.4547,113.6623,1567.2493,162.8357,-11.8177,0.385,0.3422,-663.9855,0
Костанайская область,Карабалыкский,1994,13.6332,400.6338,1079.2088,2975.5375,266.4214,16.0009,17.4355,584.8997,0.4312,0.4369,0.3785,0.4555,0.4449,77.951,112.6376,1589.5026,164.5994,-14.4732,0.3712,0.4066,-678.575,0
Костанайская область,Карабалыкский,1995,16.6008,162.2,1482.6493,3409.1782,96.2642,18.7776,20.632,891.4742,0.3501,0.3412,0.3191,0.3085,0.2862,26.3245,35.1964,2129.0805,129.5513,-10.8233,0.1094,0.1108,-1320.4492,0
Костанайская область,Карабалыкский,1996,14.2036,253.8496,1299.6517,3263.3566,125.9909,19.3292,19.6579,799.2203,0.3658,0.3802,0.3046,0.3488,0.3162,23.9274,80.7357,1830.8614,157.7562,-14.6267,0.1953,0.1433,-1045.8021,0
Костанайская область,Карабалыкский,1997,14.8455,240.7594,1279.6101,3135.5945,145.0064,16.9664,18.2624,754.5701,0.4355,0.4306,0.3104,0.3653,0.3305,23.895,56.8279,1805.4929,145.4596,-12.8337,0.1882,0.202,-1038.8506,0
Костанайская область,Карабалыкский,1998,15.876,173.2454,1480.171,3470.2682,71.8665,20.5266,22.9005,921.57,0.3583,0.3842,0.2947,0.3078,0.287,31.484,27.464,2116.6836,199.8095,-13.8697,0.117,0.0764,-1306.9256,0
Костанайская область,Карабалыкский,1999,13.5766,425.3029,1101.5246,3053.8531,278.8861,15.5335,17.8079,647.9636,0.4473,0.4452,0.4245,0.4116,0.4167,57.979,94.0532,1577.7529,224.2083,-9.0598,0.3861,0.4288,-676.2218,0
Костанайская область,Карабалыкский,2000,14.3446,350.8919,1146.8701,3175.1929,219.3579,16.3698,19.2737,680.8292,0.4555,0.4495,0.4232,0.3839,0.3821,66.0115,40.6798,1715.1308,182.876,-9.3271,0.306,0.3411,-795.9782,0
Костанайская область,Карабалыкский,2001,14.5385,286.4242,1214.6516,3235.9198,169.3187,17.4218,17.7691,688.9843,0.3425,0.3554,0.3734,0.3789,0.3606,63.7383,73.7514,1754.0652,192.5286,-11.5593,0.2358,0.2248,-928.2274,0
Костанайская область,Карабалыкский,2002,12.921,303.6393,1119.1311,3111.8549,149.5393,15.3825,17.3106,626.1418,0.4559,0.4555,0.4165,0.3364,0.3395,55.1406,21.9089,1548.682,234.3858,-9.5285,0.2713,0.2292,-815.4919,0
Костанайская область,Карабалыкский,2003,14.93,340.2701,1105.3866,3230.9642,232.0012,16.2927,19.2519,651.8718,0.458,0.4529,0.4494,0.3922,0.389,81.8863,59.7277,1861.936,149.606,-14.7714,0.3078,0.3952,-765.1165,0
Костанайская область,Карабалыкский,2004,16.0825,151.7257,1476.8702,3403.7338,47.4419,19.5774,20.939,909.2158,0.3139,0.3519,0.2929,0.2708,0.2806,25.3858,14.5858,2081.4187,128.9953,-9.4298,0.1027,0.0517,-1325.1446,0
Костанайская область,Карабалыкский,2005,15.07,261.2079,1151.0616,3240.9376,127.4088,18.1658,19.0283,693.6622,0.394,0.3982,0.3577,0.3447,0.3177,47.955,41.5568,1850.7734,204.3958,-13.936,0.2269,0.1787,-889.8538,0
Костанайская область,Карабалыкский,2006,15.0776,359.1383,1275.9187,3113.3886,201.306,17.7534,19.0264,714.072,0.4193,0.414,0.3685,0.381,0.3856,99.5647,64.9785,1848.4257,107.1666,-13.9717,0.2815,0.2703,-916.7804,0
Костанайская область,Карабалыкский,2007,15.4766,286.6012,1286.6959,3228.2665,159.1778,17.5112,19.7006,762.1985,0.4292,0.435,0.3554,0.37,0.3203,44.198,55.1536,1926.8492,197.0531,-8.3195,0.2227,0.2141,-1000.0946,0
Костанайская область,Карабалыкский,2008,15.4011,271.538,1346.912,3342.226,170.8231,18.2042,20.5765,807.5934,0.3842,0.3669,0.3585,0.367,0.366,66.0724,51.6909,1914.3256,130.7736,-13.5366,0.2016,0.2286,-1075.374,0
Костанайская область,Карабалыкский,2009,14.6645,267.5632,1297.5675,3315.0716,109.1697,17.5841,19.1073,777.3482,0.3764,0.3763,0.3013,0.3235,0.2963,23.5947,43.358,1817.6095,109.9771,-10.5775,0.2062,0.1324,-1030.0043,0
Костанайская область,Карабалыкский,2010,16.5311,213.8233,1462.5164,3610.648,148.1183,19.2174,21.5347,856.5073,0.3309,0.3396,0.2813,0.3491,0.354,15.5666,107.8976,2117.9436,164.3306,-17.3365,0.1462,0.1748,-1248.6931,0
Костанайская область,Карабалыкский,2011,14.8232,388.1901,1179.4208,3231.7465,214.7168,17.4498,18.294,641.0161,0.3473,0.363,0.4202,0.3815,0.3723,122.5182,64.474,1804.3388,167.0,-15.4791,0.3291,0.2982,-791.2307,0
Костанайская область,Карабалыкский,2012,17.8735,196.6867,1558.5074,3472.6316,98.0791,20.5671,22.4313,916.416,0.3261,0.325,0.314,0.2853,0.2834,38.3436,35.7096,2363.3829,133.0814,-15.1808,0.1262,0.1052,-1361.8206,0
Костанайская область,Карабалыкский,2013,15.2983,382.9551,1262.0834,3178.3969,154.4877,17.9878,19.6176,729.3861,0.4008,0.4135,0.2823,0.3587,0.3223,14.3075,107.6834,1890.7995,209.696,-14.0214,0.3034,0.1869,-879.1284,0
Костанайская область,Карабалыкский,2014,15.0924,243.1264,1423.6527,3380.8217,182.1457,18.0529,19.39,799.3296,0.3486,0.3601,0.2859,0.4056,0.3907,18.8592,140.753,1879.2654,170.9466,-12.7155,0.1708,0.2123,-1180.5263,0
Костанайская область,Карабалыкский,2015,15.2777,284.4657,1342.9453,3290.1477,188.7953,18.4994,19.6028,852.774,0.436,0.4412,0.3548,0.341,0.3157,55.0751,39.2086,1885.6216,151.1168,-10.128,0.2118,0.2412,-1058.4796,0
Костанайская область,Карабалыкский,2016,16.1368,254.9497,1309.5916,3316.8487,160.2524,17.5123,20.7631,766.651,0.3622,0.3803,0.3474,0.3729,0.3506,60.833,73.3802,2047.2663,219.1241,-9.8901,0.1947,0.2105,-1054.6419,0
Костанайская область,Карабалыкский,2017,15.0342,230.7849,1349.757,3319.2872,149.9021,16.9789,19.6978,781.2902,0.3893,0.3867,0.3725,0.3278,0.3077,41.6879,39.0287,1844.8234,180.9089,-13.2876,0.171,0.1953,-1118.9721,0
Костанайская область,Карабалыкский,2018,14.6005,231.4618,1419.7884,3237.644,133.3958,16.8181,19.1352,800.7703,0.3925,0.3931,0.3509,0.3164,0.3001,36.0013,35.8443,1786.0953,113.7865,-13.5132,0.163,0.1595,-1188.3266,0
Костанайская область,Карабалыкский,2019,15.2755,228.4894,1544.6119,3424.3743,90.6118,19.0688,20.2711,937.7027,0.3413,0.3373,0.3151,0.2941,0.294,38.513,32.6673,1894.561,144.1335,-13.8399,0.1479,0.0915,-1316.1225,0
Костанайская область,Карабалыкский,2020,16.3587,293.1237,1504.9643,3323.6237,120.9985,19.622,20.5813,874.4013,0.3728,0.3734,0.2788,0.3305,0.3024,16.4331,60.1267,2089.8967,184.9185,-7.4423,0.1948,0.1344,-1211.8406,0
Костанайская область,Карабалыкский,2021,17.069,126.6794,1651.1032,3663.401,63.6257,20.8157,22.0368,985.5255,0.2888,0.3289,0.2704,0.321,0.2958,10.7408,46.3332,2221.7465,160.6337,-13.4831,0.0767,0.0629,-1524.4238,0
Костанайская область,Карабалыкский,2022,15.811,174.7165,1334.2695,3236.5844,128.5791,17.1518,20.0776,808.0493,0.3723,0.3606,0.3615,0.2929,0.2902,30.1481,24.0084,1986.058,138.6122,-9.9416,0.1309,0.1673,-1159.553,0
Костанайская область,Карабалыкский,2023,15.9615,147.0446,844.296,2373.725,62.0327,19.1375,20.0846,481.895,0.3023,0.316,0.3199,0.3346,0.3206,35.0567,18.5112,2015.2081,91.2317,-12.332,0.1742,0.1149,-697.2514,0
Костанайская область,Карабалыкский,2024,14.8176,380.355,1138.3476,3197.7609,259.6525,16.9416,19.2118,642.559,0.4332,0.4298,0.3625,0.4194,0.4132,85.5291,113.1601,1799.1138,138.7782,-13.4785,0.3341,0.3796,-757.9926,0
Костанайская область,Карабалыкский,2025,16.1442,331.2796,1302.9797,3202.4921,169.5871,18.3519,19.5891,728.3267,0.4101,0.4136,0.3272,0.3334,0.3101,50.8917,43.4859,2044.7169,121.2966,-8.028,0.2542,0.2281,-971.7002,0
Костанайская область,Карасуский,1991,16.664,154.1819,1440.3236,3538.7952,67.7508,20.4291,20.7102,828.303,0.2099,0.2496,0.1748,0.2056,0.1912,17.502,40.8239,2139.3507,,,0.107,0.0743,-1286.1417,0
Костанайская область,Карасуский,1992,13.0327,241.979,1089.6788,3260.8283,134.7703,15.7638,17.2386,630.7208,0.2774,0.2759,0.2754,0.2292,0.2129,56.4169,46.68,1505.3781,162.2361,-12.1543,0.2221,0.199,-847.6997,0
Костанайская область,Карасуский,1993,13.2371,437.0862,1054.1535,3194.993,229.1531,16.681,18.9656,618.1236,0.2912,0.3117,0.3637,0.3077,0.2954,104.8245,83.3748,1601.3177,218.2829,-12.2828,0.4146,0.3508,-617.0673,0
Костанайская область,Карасуский,1994,14.1128,320.8816,1118.6667,3217.9716,198.7856,17.3047,18.5496,663.1643,0.3305,0.3443,0.2077,0.3109,0.2632,26.2612,110.0266,1708.4361,185.3998,-15.8634,0.2868,0.2741,-797.7851,0
Костанайская область,Карасуский,1995,16.7695,175.3541,1468.0708,3486.8207,105.0199,18.865,21.1107,897.2363,0.27,0.256,0.2143,0.1946,0.1856,27.5968,30.6728,2160.4335,144.1881,-11.9044,0.1194,0.1242,-1292.7167,0
Костанайская область,Карасуский,1996,14.3064,260.3598,1255.8395,3355.5786,103.5778,19.0483,19.8447,779.7027,0.298,0.3147,0.2054,0.2367,0.2038,37.0651,48.3924,1848.9674,163.0812,-15.6133,0.2073,0.1267,-995.4797,0
Костанайская область,Карасуский,1997,16.0851,176.9029,1438.3314,3382.4379,129.4263,18.3122,19.7948,876.1246,0.3117,0.3143,0.1895,0.2271,0.2003,19.9624,45.6656,2033.2322,176.7289,-13.5718,0.123,0.1584,-1261.4285,0
Костанайская область,Карасуский,1998,16.4145,152.2714,1536.1693,3597.694,55.1506,20.9558,24.0348,1014.0251,0.2708,0.289,0.1775,0.1773,0.1806,19.28,18.3683,2231.0554,172.0967,-14.3209,0.0991,0.0563,-1383.8979,0
Костанайская область,Карасуский,1999,14.5141,304.316,1212.2428,3260.591,228.9954,16.4367,18.6644,718.4659,0.264,0.2609,0.2633,0.3335,0.3256,84.5619,108.2369,1750.6651,196.2171,-9.5106,0.251,0.3247,-907.9268,0
Костанайская область,Карасуский,2000,15.5658,226.4532,1368.4471,3384.6172,139.1759,17.6862,20.508,810.4396,0.2972,0.2723,0.249,0.2209,0.2025,39.2047,38.9352,1939.0625,173.9669,-9.4659,0.1655,0.1808,-1141.9939,0
Костанайская область,Карасуский,2001,14.8285,307.4307,1232.9918,3353.9163,140.2239,17.8873,18.2735,707.1586,0.2585,0.2669,0.2118,0.2785,0.2298,29.7,75.1074,1806.7525,237.8851,-12.012,0.2493,0.1817,-925.5611,0
Костанайская область,Карасуский,2002,14.1377,250.2275,1226.3246,3365.1004,105.6133,16.3705,18.5391,689.1698,0.3254,0.3223,0.2601,0.1981,0.2005,36.856,19.3804,1716.39,264.1008,-8.3887,0.204,0.1496,-976.097,0
Костанайская область,Карасуский,2003,15.3659,324.4364,1167.1717,3361.1799,252.8917,16.8257,19.7068,691.7882,0.3536,0.3476,0.3406,0.3068,0.3065,81.126,79.7592,1967.4805,165.8328,-15.3698,0.278,0.4197,-842.7354,0
Костанайская область,Карасуский,2004,16.6605,158.2049,1550.333,3557.3174,63.0722,19.9253,21.3927,932.7885,0.2419,0.2607,0.1766,0.1862,0.1833,18.2296,24.8541,2161.5847,151.6167,-10.0026,0.102,0.0668,-1392.1281,0
Костанайская область,Карасуский,2005,15.3877,246.0013,1165.0869,3454.6541,130.4492,18.8892,19.7671,708.0763,0.3117,0.3295,0.2291,0.2204,0.2204,33.206,40.7472,1918.0547,270.7914,-14.5079,0.2111,0.1768,-919.0855,0
Костанайская область,Карасуский,2006,15.9564,220.3705,1413.3338,3324.4615,108.0951,18.5615,20.1474,823.6126,0.3108,0.3011,0.2083,0.217,0.2041,42.1356,27.3426,2009.7568,104.7636,-13.0919,0.1559,0.134,-1192.9633,0
Костанайская область,Карасуский,2007,15.638,257.7683,1287.2452,3447.1672,167.4745,17.9833,19.7624,759.8835,0.3106,0.3232,0.212,0.2793,0.2627,35.1598,92.2422,1955.5709,229.3268,-8.2505,0.2002,0.2193,-1029.4769,0
Костанайская область,Карасуский,2008,16.0885,202.7802,1407.6895,3509.9571,140.8864,19.1578,21.3417,850.8337,0.2501,0.2672,0.2305,0.2472,0.259,75.0705,43.3668,2040.3885,175.8084,-14.478,0.1441,0.1733,-1204.9093,0
Костанайская область,Карасуский,2009,14.9365,269.9507,1311.4899,3420.0718,155.9027,17.5376,19.1459,766.4835,0.3067,0.2971,0.2086,0.2389,0.2143,16.4396,59.3755,1828.1073,163.8555,-11.9048,0.2058,0.1958,-1041.5392,0
Костанайская область,Карасуский,2010,17.3993,95.6817,1636.5843,3786.6244,63.1022,20.1095,22.6875,976.5718,0.2069,0.2224,0.1754,0.1911,0.1835,10.972,28.0922,2277.5718,149.1348,-16.5823,0.0585,0.0665,-1540.9026,0
Костанайская область,Карасуский,2011,15.7419,313.8443,1290.5164,3441.6615,202.5531,17.7703,18.9548,706.5012,0.2525,0.2582,0.312,0.2641,0.2607,95.0315,53.5869,1971.1112,169.6032,-15.0116,0.2432,0.2736,-976.6721,0
Костанайская область,Карасуский,2012,18.2071,200.0887,1546.0359,3561.9746,119.186,20.9584,22.6113,888.2426,0.2466,0.2604,0.1782,0.1866,0.1839,17.6272,65.0264,2423.6923,158.4772,-16.134,0.1294,0.1276,-1345.9472,0
Костанайская область,Карасуский,2013,15.6594,263.2381,1331.1518,3361.945,104.3736,18.0479,19.8128,779.9414,0.3025,0.316,0.1746,0.2318,0.1986,9.6934,64.4026,1956.1904,200.4743,-14.735,0.1978,0.1234,-1067.9138,0
Костанайская область,Карасуский,2014,15.5412,189.6369,1441.8847,3440.2611,121.7245,18.5097,20.2546,831.1668,0.2026,0.2357,0.1862,0.2639,0.2236,24.8482,82.9388,1959.8562,187.7026,-14.1171,0.1315,0.143,-1252.2478,0
Костанайская область,Карасуский,2015,15.784,210.8638,1385.0672,3450.7725,125.2082,19.425,20.3894,890.8671,0.3185,0.3057,0.2269,0.1875,0.1849,30.3772,25.1821,1980.4173,175.2492,-12.0315,0.1522,0.1503,-1174.2034,0
Костанайская область,Карасуский,2016,16.1463,296.7924,1290.1806,3430.5637,183.9557,17.39,20.1569,723.5454,0.2392,0.2708,0.2787,0.2956,0.2801,103.6848,65.341,2048.037,285.084,-9.4531,0.23,0.2528,-993.3882,0
Костанайская область,Карасуский,2017,15.5921,175.3313,1352.0254,3513.2295,104.4276,17.9899,20.3065,775.9212,0.2624,0.282,0.225,0.2166,0.1947,19.6252,39.3938,1946.6991,256.7233,-12.3165,0.1297,0.1308,-1176.694,0
Костанайская область,Карасуский,2018,14.7564,204.9323,1372.037,3355.0947,95.7305,17.2356,19.6709,793.0145,0.2803,0.2887,0.214,0.1984,0.1874,28.5553,34.0346,1801.7852,187.4755,-13.1795,0.1494,0.1135,-1167.1046,0
Костанайская область,Карасуский,2019,15.6279,202.3609,1477.623,3470.4929,68.7457,19.1488,20.7753,911.8867,0.2421,0.2416,0.182,0.1858,0.1806,14.5797,31.3987,1956.4407,143.9186,-12.8202,0.137,0.074,-1275.2621,0
Костанайская область,Карасуский,2020,16.5808,245.2122,1470.226,3529.8755,131.5908,19.626,20.5232,863.0996,0.2991,0.3119,0.1852,0.2171,0.1961,24.3188,34.6454,2130.0477,251.1515,-7.8588,0.1668,0.15,-1225.0138,0
Костанайская область,Карасуский,2021,16.6738,141.9656,1537.2278,3685.636,70.2503,20.2694,21.7176,955.1805,0.2483,0.2814,0.1707,0.2024,0.1874,11.7387,33.6433,2149.3109,205.8446,-13.9796,0.0924,0.075,-1395.2622,0
Костанайская область,Карасуский,2022,16.492,155.1781,1393.6765,3465.534,132.1715,18.5188,20.4222,833.1127,0.2329,0.2358,0.212,0.201,0.196,35.4591,59.6916,2109.5183,184.875,-9.9618,0.1113,0.1567,-1238.4984,0
Костанайская область,Карасуский,2023,16.2342,144.2052,866.8807,2512.7339,63.7599,19.6046,21.1634,532.3853,0.2506,0.2705,0.1968,0.2202,0.2058,24.5786,24.0204,2065.9379,142.9658,-13.3622,0.1663,0.1157,-722.6755,0
Костанайская область,Карасуский,2024,15.2045,271.539,1228.5236,3418.6036,154.3258,17.7193,20.0249,734.9786,0.3168,0.3222,0.2473,0.2691,0.2385,51.9411,71.5717,1871.2994,187.1816,-13.0138,0.221,0.2057,-956.9846,0
Костанайская область,Карасуский,2025,16.8971,282.3267,1341.9839,3319.9076,173.4175,19.4878,20.1427,738.4928,0.2688,0.2596,0.2545,0.2131,0.2028,69.5058,58.3449,2182.8336,195.7014,-8.6026,0.2104,0.2242,-1059.6572,0
Костанайская область,Костанай,1991,16.8967,159.9847,1391.0215,3455.508,57.9783,20.8098,20.7641,798.1068,0.2389,0.2857,0.2306,0.2706,0.2446,16.1189,38.3936,2181.8304,,,0.115,0.0648,-1231.0368,0
Костанайская область,Костанай,1992,12.9002,295.3809,1021.0394,3135.7814,187.3065,15.3615,16.8536,584.2118,0.3362,0.3343,0.3466,0.3288,0.3136,69.0118,76.3989,1477.5033,139.3557,-12.4387,0.2893,0.2973,-725.6585,0
Костанайская область,Костанай,1993,13.2224,356.6693,1002.6986,3125.5729,215.0802,16.7101,19.0159,585.044,0.3491,0.3697,0.3899,0.3678,0.3482,87.1674,83.6303,1605.0343,202.4232,-12.176,0.3557,0.3509,-646.0293,0
Костанайская область,Костанай,1994,13.9334,317.8321,1048.0711,3084.0251,218.4047,16.8085,18.2364,598.8595,0.3814,0.3853,0.2961,0.3785,0.3529,45.7479,113.5845,1681.4736,183.2664,-15.3415,0.3033,0.3315,-730.239,0
Костанайская область,Костанай,1995,16.7714,161.7709,1404.6047,3446.8378,97.7027,18.9929,20.9971,858.6786,0.3239,0.299,0.2718,0.2516,0.2447,24.1505,31.2077,2160.5411,125.5204,-11.7162,0.1152,0.1173,-1242.8338,0
Костанайская область,Костанай,1996,14.3404,230.8091,1201.4931,3276.3263,105.2892,19.2321,19.8621,742.6287,0.3292,0.342,0.2659,0.303,0.2577,43.0264,43.6348,1855.2805,152.1308,-15.2731,0.1921,0.1335,-970.684,0
Костанайская область,Костанай,1997,15.2411,226.1831,1216.2338,3164.9098,155.1659,17.3659,18.6722,728.7203,0.3707,0.3725,0.2568,0.3391,0.3132,24.2549,74.3331,1878.1395,147.1625,-13.3865,0.186,0.2255,-990.0507,0
Костанайская область,Костанай,1998,16.1983,131.5974,1425.793,3541.4945,54.7797,20.7588,23.4643,910.4625,0.3009,0.3275,0.2432,0.2501,0.2397,24.3424,21.5749,2185.278,174.8766,-14.5645,0.0923,0.061,-1294.1956,0
Костанайская область,Костанай,1999,13.8627,382.8285,1042.6726,3128.2031,260.4491,15.7397,18.0922,634.7971,0.4097,0.4031,0.381,0.359,0.3624,64.2608,77.0805,1630.7833,215.0765,-9.5148,0.3672,0.43,-659.8441,0
Костанайская область,Костанай,2000,15.0397,283.1601,1196.6453,3292.1935,182.864,17.2453,20.0457,719.3493,0.382,0.3631,0.3537,0.3029,0.3045,53.4656,50.3294,1842.7578,157.1154,-9.3437,0.2366,0.2691,-913.4852,0
Костанайская область,Костанай,2001,14.6282,306.1798,1118.4336,3292.4886,165.8565,17.5908,17.9505,641.1822,0.3265,0.3258,0.3084,0.3316,0.3111,60.06,63.7441,1770.1744,200.7416,-12.1226,0.2738,0.2357,-812.2539,0
Костанайская область,Костанай,2002,13.4381,309.7943,1085.2787,3225.9107,129.3393,15.962,17.835,616.7605,0.3956,0.3905,0.3443,0.2919,0.274,46.4944,28.3195,1620.5621,220.9614,-9.6986,0.2855,0.2021,-775.4843,0
Костанайская область,Костанай,2003,15.0375,363.3295,1027.6548,3293.3199,264.5063,16.5737,19.4752,620.2394,0.422,0.4196,0.4021,0.3734,0.3741,79.9031,82.2104,1907.454,150.5193,-15.4211,0.3536,0.4854,-664.3254,0
Костанайская область,Костанай,2004,16.2963,137.4023,1395.4203,3483.357,54.1358,19.6737,21.2161,870.1415,0.2788,0.3087,0.2524,0.2363,0.2398,26.2495,17.2468,2122.4573,121.2815,-9.5603,0.0985,0.0639,-1258.018,0
Костанайская область,Костанай,2005,15.025,273.5411,1041.2507,3277.9208,136.807,18.3631,19.2092,636.139,0.356,0.3694,0.3013,0.309,0.292,44.9398,47.5851,1851.7518,228.4924,-14.8452,0.2627,0.2084,-767.7096,0
Костанайская область,Костанай,2006,15.5394,250.8709,1272.5626,3200.6117,138.3589,18.2332,19.6825,738.5866,0.3755,0.3631,0.295,0.3006,0.2736,43.2195,48.8739,1933.3316,99.3588,-14.2235,0.1971,0.1865,-1021.6918,0
Костанайская область,Костанай,2007,15.7314,243.9295,1226.7442,3322.2543,139.3262,17.9134,19.9792,731.4412,0.3958,0.4008,0.2834,0.2979,0.2551,27.5681,47.6004,1973.295,205.4073,-8.3188,0.1988,0.1951,-982.8146,0
Костанайская область,Костанай,2008,15.6918,207.4567,1289.266,3397.7523,140.8809,18.6486,21.1019,792.315,0.3351,0.3216,0.3056,0.2939,0.3028,61.0746,32.1142,1967.7377,152.2303,-14.2652,0.1609,0.1931,-1081.8093,0
Костанайская область,Костанай,2009,14.9614,260.5086,1248.3524,3365.4252,114.9107,17.7482,19.4331,744.534,0.3426,0.3413,0.2518,0.2701,0.25,17.2365,35.1128,1858.9343,105.2287,-11.5069,0.2087,0.1483,-987.8438,0
Костанайская область,Костанай,2010,16.9647,151.5619,1458.8411,3684.0014,104.9048,19.6047,22.089,878.9232,0.2696,0.2843,0.2319,0.2908,0.2975,10.0804,74.7616,2197.5025,152.012,-17.8053,0.1039,0.1235,-1307.2793,0
Костанайская область,Костанай,2011,15.2984,330.1851,1159.6193,3293.3511,169.535,17.7281,18.743,645.514,0.304,0.3121,0.3591,0.2899,0.2935,107.3765,30.5681,1890.8507,166.7346,-15.8604,0.2847,0.2439,-829.4342,0
Костанайская область,Костанай,2012,17.9507,212.2258,1452.4658,3489.0057,106.0229,20.757,22.6347,861.6382,0.3175,0.3208,0.2365,0.2453,0.241,16.2978,49.997,2377.1025,145.0428,-15.8521,0.1461,0.121,-1240.2399,0
Костанайская область,Костанай,2013,15.4413,367.1596,1202.6949,3243.1118,146.4044,18.0345,19.7926,710.4256,0.3577,0.3681,0.2313,0.3154,0.2847,6.2214,108.9796,1916.6032,179.8067,-14.9094,0.3053,0.1859,-835.5353,0
Костанайская область,Костанай,2014,15.2132,211.4952,1319.0675,3407.6867,146.1204,18.1718,19.6907,753.4209,0.2821,0.3083,0.2462,0.3525,0.3148,22.4335,108.7397,1908.2909,191.8809,-13.6863,0.1603,0.1853,-1107.5724,0
Костанайская область,Костанай,2015,15.4193,254.7579,1251.8979,3344.8972,160.6461,18.8674,19.9341,817.2981,0.3973,0.395,0.3004,0.2705,0.2481,28.9571,34.3154,1912.7207,171.0769,-11.1873,0.2035,0.2163,-997.14,0
Костанайская область,Костанай,2016,15.8725,335.4501,1147.4032,3336.353,212.9323,17.2285,20.2447,665.5055,0.2998,0.3301,0.3392,0.3808,0.3616,95.877,104.8773,1998.4944,274.6648,-10.0098,0.2924,0.3198,-811.9532,0
Костанайская область,Костанай,2017,15.0017,214.4397,1196.5695,3385.3388,126.4087,17.1323,19.6379,686.0323,0.3377,0.3373,0.3325,0.2858,0.2615,41.9358,39.2375,1838.5471,191.3107,-13.483,0.1792,0.1814,-982.1299,0
Костанайская область,Костанай,2018,14.3599,297.0692,1239.3739,3311.16,145.6229,16.701,18.9566,706.4811,0.3544,0.3515,0.3214,0.2719,0.268,46.5435,41.4014,1745.3509,130.2992,-13.6693,0.2397,0.193,-942.3048,0
Костанайская область,Костанай,2019,15.3969,214.5479,1403.1306,3447.4763,82.8349,19.0057,20.4124,857.262,0.2873,0.2894,0.2677,0.2559,0.2426,31.8709,32.6995,1914.4803,141.5334,-14.084,0.1529,0.0935,-1188.5828,0
Костанайская область,Костанай,2020,16.0374,340.6955,1301.2192,3379.6299,143.8195,19.1416,20.2634,773.8987,0.3636,0.3815,0.2603,0.2708,0.254,19.1108,35.9519,2031.2822,196.3774,-7.7511,0.2618,0.1837,-960.5237,0
Костанайская область,Костанай,2021,16.8274,153.2328,1481.4192,3673.0076,95.389,20.4061,21.6486,891.4307,0.2708,0.3078,0.2354,0.3047,0.2859,13.1686,70.9319,2177.2741,193.4029,-13.9351,0.1034,0.1058,-1328.1864,0
Костанайская область,Костанай,2022,16.147,161.0452,1278.7585,3348.3583,124.3419,17.7866,20.1757,764.2305,0.3227,0.3003,0.2907,0.251,0.2473,30.0794,33.5217,2046.8825,143.0426,-10.401,0.1259,0.1658,-1117.7134,0
Костанайская область,Костанай,2023,16.2595,150.7878,822.6964,2426.7015,87.4271,19.4864,20.6626,478.3047,0.2742,0.2815,0.2943,0.2969,0.2923,49.784,25.0335,2069.9723,99.8937,-12.8297,0.1833,0.1695,-671.9086,0
Костанайская область,Костанай,2024,14.9968,296.4015,1079.7971,3240.6394,205.2259,17.2761,19.6097,628.1901,0.3649,0.3572,0.2847,0.3733,0.3661,69.882,95.5048,1832.1986,149.7884,-13.8244,0.2745,0.3123,-783.3956,0
Костанайская область,Костанай,2025,16.4098,319.9511,1202.2663,3251.0519,186.4463,18.6351,19.7439,660.0502,0.3651,0.3619,0.3002,0.3124,0.3081,65.2748,60.3399,2093.1098,141.1206,-8.2293,0.2661,0.2756,-882.3152,0
Костанайская область,Костанайский,1991,16.8281,157.3018,1354.9143,3441.8184,57.5796,20.7016,20.642,776.0595,0.275,0.3274,0.2711,0.3113,0.2836,18.189,36.8803,2169.2878,,,0.1161,0.066,-1197.6125,0
Костанайская область,Костанайский,1992,12.8965,291.9928,1002.9215,3110.9635,186.7442,15.2972,16.8138,575.5739,0.3805,0.3821,0.3892,0.3665,0.3521,69.3817,71.1794,1475.8245,136.9423,-12.4248,0.2911,0.3027,-710.9287,0
Костанайская область,Костанайский,1993,13.1677,362.7642,983.4546,3113.7543,212.4639,16.6776,18.986,578.9242,0.3819,0.404,0.421,0.4075,0.3903,83.0623,83.2384,1597.0933,197.8262,-12.1298,0.3689,0.3525,-620.6904,0
Костанайская область,Костанайский,1994,13.8735,321.9286,1020.03,3073.7624,221.8621,16.6315,18.089,583.5938,0.4185,0.4221,0.3478,0.4195,0.3956,48.0111,110.4172,1666.1354,177.9569,-15.2292,0.3156,0.3486,-698.1014,0
Костанайская область,Костанайский,1995,16.7372,174.2314,1374.0613,3445.1153,108.2496,18.9492,20.893,836.9629,0.3659,0.3407,0.3165,0.2965,0.2942,24.2893,39.0893,2154.1668,127.2616,-11.6045,0.1268,0.1331,-1199.8299,0
Костанайская область,Костанайский,1996,14.3204,239.6698,1180.0534,3270.0849,114.3085,19.2197,19.8556,735.0879,0.3702,0.383,0.3116,0.3516,0.3032,42.3466,49.9713,1855.4182,151.6333,-15.1794,0.2031,0.1473,-940.3835,0
Костанайская область,Костанайский,1997,15.1204,248.114,1177.2985,3156.4957,167.3341,17.258,18.5415,706.8456,0.417,0.4233,0.3003,0.3839,0.3684,26.1399,78.8864,1855.96,145.3918,-13.2988,0.2107,0.2501,-929.1844,0
Костанайская область,Костанайский,1998,16.126,136.0283,1390.2205,3542.9678,53.2127,20.7134,23.369,891.3946,0.3415,0.3717,0.2765,0.2932,0.2803,21.2802,23.5075,2172.7428,179.1178,-14.5211,0.0978,0.0606,-1254.1923,0
Костанайская область,Костанайский,1999,13.7482,410.2557,1008.8767,3120.1835,286.6943,15.6215,17.9805,615.8382,0.4508,0.45,0.4277,0.4082,0.4136,68.1285,82.5619,1609.6133,212.4191,-9.4176,0.4066,0.4886,-598.621,0
Костанайская область,Костанайский,2000,14.8997,293.7578,1153.0632,3280.8474,187.5119,17.0692,19.9088,697.5903,0.4298,0.4216,0.4042,0.3491,0.3527,56.1336,46.264,1817.1337,161.8216,-9.3425,0.2548,0.2862,-859.3054,0
Костанайская область,Костанайский,2001,14.5864,309.1695,1097.0928,3282.2578,175.7143,17.5255,17.902,632.1603,0.3667,0.3643,0.3548,0.3828,0.3665,61.372,71.8338,1762.5556,194.646,-11.9917,0.2818,0.2554,-787.9232,0
Костанайская область,Костанайский,2002,13.3625,306.4601,1062.184,3200.5361,129.3023,15.8709,17.7585,606.9023,0.434,0.4295,0.3853,0.3348,0.3151,44.5497,28.7042,1608.9464,222.2892,-9.6678,0.2885,0.2065,-755.7239,0
Костанайская область,Костанайский,2003,14.9979,350.217,1009.8236,3282.4749,254.1014,16.5022,19.4417,610.7113,0.4571,0.4554,0.4389,0.4037,0.4069,74.1481,81.4219,1898.9256,147.8913,-15.2948,0.3468,0.4737,-659.6066,0
Костанайская область,Костанайский,2004,16.2809,139.0681,1372.2579,3471.8593,54.4929,19.6708,21.1839,856.9294,0.3164,0.3501,0.2924,0.2762,0.2799,27.3131,17.684,2118.6203,124.4035,-9.5417,0.1013,0.0652,-1233.1898,0
Костанайская область,Костанайский,2005,15.0104,286.4122,1025.2861,3273.4889,137.8673,18.3272,19.15,630.2234,0.3885,0.4043,0.355,0.3498,0.3377,52.5435,44.6544,1848.0873,224.0415,-14.6707,0.2793,0.2126,-738.8739,0
Костанайская область,Костанайский,2006,15.4571,271.7749,1234.9448,3197.1794,149.9967,18.1193,19.563,718.9808,0.4215,0.4122,0.348,0.3475,0.3325,49.0242,50.4802,1918.2187,98.5687,-14.2542,0.2201,0.2081,-963.1699,0
Костанайская область,Костанайский,2007,15.6815,254.4161,1203.1986,3317.3257,143.6861,17.8691,19.932,721.4043,0.4331,0.4409,0.3285,0.3407,0.2963,30.3383,45.3619,1964.2447,204.2516,-8.3299,0.2114,0.204,-948.7825,0
Костанайская область,Костанайский,2008,15.6484,213.2262,1262.5796,3394.5073,144.308,18.5563,20.9923,774.0584,0.376,0.3625,0.3506,0.3378,0.3479,61.8747,34.4613,1959.7233,147.321,-14.1577,0.1689,0.2027,-1049.3534,0
Костанайская область,Костанайский,2009,14.9122,249.4478,1217.5534,3357.1891,109.8967,17.7195,19.394,731.8393,0.3821,0.3831,0.2965,0.3026,0.2859,18.7248,29.6139,1853.2369,104.8704,-11.3015,0.2049,0.1449,-968.1056,0
Костанайская область,Костанайский,2010,16.8382,174.7231,1404.6271,3669.8356,122.2088,19.4973,21.9417,847.665,0.3121,0.3271,0.2702,0.3373,0.3508,10.3901,91.482,2174.3086,155.1501,-17.7142,0.1244,0.1491,-1229.9041,0
Костанайская область,Костанайский,2011,15.1711,336.4993,1122.9731,3294.0529,168.9302,17.6362,18.6369,630.1494,0.3408,0.3539,0.401,0.3399,0.3378,106.3797,34.3799,1867.6625,165.846,-15.8339,0.2997,0.2492,-786.4738,0
Костанайская область,Костанайский,2012,17.9453,213.1287,1430.9621,3494.5835,107.6838,20.7353,22.6125,852.6437,0.3503,0.3495,0.2818,0.2879,0.2854,18.9101,54.7659,2376.1462,144.3484,-15.7275,0.1489,0.1244,-1217.8335,0
Костанайская область,Костанайский,2013,15.4324,375.5481,1178.1194,3236.4474,149.2043,18.0327,19.7704,697.2858,0.3983,0.4095,0.2713,0.3552,0.326,8.137,108.1846,1915.0396,182.4338,-14.7628,0.3188,0.1939,-802.5713,0
Костанайская область,Костанайский,2014,15.2332,207.6034,1301.0403,3412.3652,142.913,18.1952,19.6949,745.8923,0.3226,0.3492,0.2852,0.3883,0.352,23.3547,104.7405,1914.2825,189.8192,-13.5305,0.1596,0.1832,-1093.4369,0
Костанайская область,Костанайский,2015,15.4397,258.5682,1241.9416,3337.4459,164.9985,18.8805,19.9751,815.4479,0.4321,0.4338,0.3428,0.3136,0.2892,29.4378,36.0423,1916.3872,171.8604,-10.9915,0.2082,0.2238,-983.3734,0
Костанайская область,Костанайский,2016,15.9013,312.079,1138.7404,3329.4052,194.1966,17.2705,20.3566,669.6765,0.3439,0.3714,0.3636,0.4123,0.3914,75.2839,104.8211,2003.8841,264.9494,-10.0353,0.2741,0.2932,-826.6615,0
Костанайская область,Костанайский,2017,15.0409,209.6393,1189.627,3374.9329,123.1374,17.1587,19.7059,687.1366,0.3756,0.3723,0.3698,0.3223,0.3015,37.2727,38.0284,1845.8817,186.0176,-13.4236,0.1762,0.1783,-979.9877,0
Костанайская область,Костанайский,2018,14.4631,272.9291,1243.4288,3300.2049,137.6009,16.7834,19.0383,711.1539,0.3894,0.3905,0.3603,0.3107,0.3057,44.0814,37.6533,1764.1066,129.1226,-13.6516,0.2195,0.183,-970.4996,0
Костанайская область,Костанайский,2019,15.4431,218.2583,1399.3393,3446.2965,90.6816,19.1036,20.4881,858.7452,0.3268,0.3272,0.3054,0.3014,0.2895,31.5632,40.2316,1923.0071,139.4782,-14.1554,0.156,0.1025,-1181.0809,0
Костанайская область,Костанайский,2020,16.0759,348.7286,1291.9222,3362.3645,152.1624,19.205,20.3147,770.678,0.3975,0.4152,0.2962,0.3175,0.3016,19.6332,45.9339,2038.2686,188.5357,-7.6818,0.2699,0.1957,-943.1936,0
Костанайская область,Костанайский,2021,16.9749,143.5087,1482.9338,3676.6354,86.2343,20.6427,21.8804,899.3187,0.3004,0.3441,0.2706,0.3383,0.3164,12.0569,65.9197,2204.3817,184.0383,-13.8108,0.0968,0.0948,-1339.4251,0
Костанайская область,Костанайский,2022,16.1221,161.7447,1253.743,3333.1853,124.7058,17.7128,20.2013,756.453,0.3635,0.3437,0.3354,0.2896,0.2873,28.6019,34.323,2042.4507,143.4492,-10.2856,0.129,0.1692,-1091.9983,0
Костанайская область,Костанайский,2023,16.208,142.4934,799.7901,2413.1842,79.7749,19.4009,20.5784,467.6468,0.3117,0.3224,0.3283,0.3359,0.3314,46.6999,21.4085,2060.4803,99.5969,-12.7757,0.1782,0.1588,-657.2967,0
Костанайская область,Костанайский,2024,14.9833,307.9669,1055.0653,3229.7359,211.203,17.2351,19.5473,614.1937,0.4114,0.4028,0.3303,0.4126,0.4063,70.5297,97.379,1829.6618,146.7679,-13.8083,0.2919,0.3292,-747.0984,0
Костанайская область,Костанайский,2025,16.3433,334.8315,1181.2125,3237.5859,186.3852,18.5648,19.7151,654.5568,0.4036,0.4088,0.3377,0.3516,0.3519,65.6367,55.6173,2081.0,131.6241,-8.1567,0.2835,0.2791,-846.381,0
Костанайская область,Лисаковск,1991,17.1699,145.3428,1475.9254,3490.6193,56.0232,20.9917,21.1475,840.7635,0.2615,0.3056,0.2624,0.3054,0.279,18.4237,34.9924,2232.1769,,,0.0985,0.0606,-1330.5826,0
Костанайская область,Лисаковск,1992,13.2373,286.5067,1075.8872,3155.8972,177.4446,15.5087,17.0367,609.5425,0.352,0.3546,0.3868,0.3405,0.3208,79.3178,56.8432,1520.2425,136.3275,-11.9962,0.2663,0.2723,-789.3806,0
Костанайская область,Лисаковск,1993,13.4384,339.0299,1068.1925,3166.2111,182.9579,16.763,19.3479,635.9138,0.3796,0.4009,0.4147,0.3728,0.3515,86.3354,60.0546,1640.7035,197.8192,-11.7854,0.3174,0.286,-729.1626,0
Костанайская область,Лисаковск,1994,14.0011,290.1919,1067.3381,3107.8411,199.8752,16.5613,18.0963,606.3303,0.4068,0.4184,0.3328,0.3977,0.3694,41.9736,83.3012,1688.3001,167.4511,-15.0147,0.2719,0.3121,-777.1462,0
Костанайская область,Лисаковск,1995,17.4022,136.6274,1530.1086,3511.9816,73.6932,19.8101,21.8766,946.8811,0.3295,0.3086,0.2885,0.2671,0.2704,18.7593,18.7962,2276.3849,129.208,-11.1755,0.0893,0.0819,-1393.4812,0
Костанайская область,Лисаковск,1996,14.7503,239.045,1277.1578,3339.7612,94.2959,19.5329,20.4572,803.969,0.3645,0.3777,0.2998,0.3163,0.2799,32.3135,42.4914,1930.068,140.0154,-14.8724,0.1872,0.114,-1038.1128,0
Костанайская область,Лисаковск,1997,15.6928,241.5674,1316.5701,3240.5479,165.8804,17.9712,19.2875,794.2543,0.4071,0.4109,0.28,0.3718,0.359,19.8779,84.7408,1960.6023,134.1237,-12.8931,0.1835,0.2231,-1075.0027,0
Костанайская область,Лисаковск,1998,16.7353,123.3013,1535.1642,3581.0639,52.5333,21.331,24.0417,977.5031,0.3113,0.341,0.2616,0.2897,0.273,19.79,24.4378,2271.4807,167.2465,-13.7732,0.0803,0.0545,-1411.8629,0
Костанайская область,Лисаковск,1999,14.1369,402.7327,1110.1485,3187.4738,307.1012,15.7876,18.4648,675.7431,0.4337,0.4302,0.4147,0.4095,0.4143,64.3731,106.405,1680.5677,187.6283,-8.9611,0.3628,0.495,-707.4158,0
Костанайская область,Лисаковск,2000,15.1701,300.7179,1240.8465,3313.7301,189.8353,17.2056,20.2141,744.4028,0.4082,0.4031,0.3789,0.3457,0.3468,55.1252,52.1339,1866.6513,166.6549,-8.8895,0.2423,0.2705,-940.1286,0
Костанайская область,Лисаковск,2001,15.053,261.675,1219.3868,3344.8353,149.2996,17.9833,18.6695,723.6537,0.3495,0.3469,0.332,0.3478,0.3233,55.5295,54.455,1848.206,178.7492,-11.1625,0.2146,0.1989,-957.7118,0
Костанайская область,Лисаковск,2002,13.9493,267.6327,1202.9115,3232.5764,105.5887,16.5134,18.5357,690.164,0.4048,0.3967,0.3437,0.2994,0.2855,35.65,22.3745,1708.2442,207.5801,-9.0119,0.2225,0.1475,-935.2788,0
Костанайская область,Лисаковск,2003,15.2527,312.8912,1100.0223,3291.1855,221.2891,16.6554,19.8165,665.3666,0.4475,0.4377,0.4209,0.3476,0.3394,66.7656,44.4893,1945.0555,135.5177,-14.5827,0.2844,0.382,-787.1311,0
Костанайская область,Лисаковск,2004,16.9169,140.2207,1513.9323,3502.8694,65.8055,20.1341,21.7281,924.6922,0.2979,0.3266,0.2893,0.2769,0.2724,33.9797,21.5696,2204.2395,127.8082,-9.4319,0.0926,0.0723,-1373.7117,0
Костанайская область,Лисаковск,2005,15.438,242.1605,1131.4301,3336.3371,114.9351,18.7057,19.7174,703.9682,0.38,0.3924,0.3365,0.3242,0.3,45.846,30.902,1921.9502,225.4505,-13.9576,0.214,0.165,-889.2695,0
Костанайская область,Лисаковск,2006,16.2557,214.6585,1407.8415,3272.9865,118.2524,18.8012,20.4996,828.0913,0.4083,0.391,0.3133,0.2928,0.2781,29.4354,27.7441,2064.8236,88.0393,-13.5651,0.1525,0.1467,-1193.183,0
Костанайская область,Лисаковск,2007,16.0591,242.461,1310.0749,3383.6956,146.3513,18.207,20.3493,783.8308,0.4185,0.4281,0.3075,0.3349,0.2847,31.1129,47.3856,2033.4251,194.7176,-7.7225,0.1851,0.193,-1067.6139,0
Костанайская область,Лисаковск,2008,16.215,184.6503,1389.3747,3439.3122,117.7442,19.0478,21.6117,862.8501,0.3498,0.3422,0.3339,0.3101,0.2945,47.0975,28.9971,2063.7864,153.5887,-14.0121,0.1329,0.1492,-1204.7244,0
Костанайская область,Лисаковск,2009,15.3577,215.8577,1324.8754,3377.3879,114.777,18.1771,19.8424,794.6103,0.3733,0.3732,0.3024,0.2797,0.273,24.4434,23.0158,1927.1318,115.5511,-10.9161,0.1629,0.1412,-1109.0177,0
Костанайская область,Лисаковск,2010,17.2955,179.4001,1520.9149,3739.0966,129.2916,20.0827,22.5495,908.1253,0.2957,0.3089,0.2588,0.3318,0.337,9.1528,101.2947,2258.1615,152.484,-16.9403,0.118,0.1461,-1341.5148,0
Костанайская область,Лисаковск,2011,15.5779,312.2463,1228.6227,3339.6901,160.7636,18.0403,19.2435,706.3686,0.3129,0.3332,0.3803,0.3404,0.3217,82.8255,55.0005,1942.5261,147.9823,-14.9995,0.2541,0.2198,-916.3764,0
Костанайская область,Лисаковск,2012,18.471,181.2558,1564.2856,3601.6474,98.6612,21.0583,23.1668,929.8034,0.3279,0.3398,0.2863,0.2687,0.2783,26.9083,46.0215,2472.6447,152.1774,-15.396,0.1159,0.1063,-1383.0298,0
Костанайская область,Лисаковск,2013,16.2243,295.3455,1332.1989,3311.0626,100.1631,18.9478,20.39,761.7774,0.3515,0.3641,0.2593,0.3234,0.2807,12.5746,66.644,2060.1476,165.964,-14.0043,0.2217,0.1166,-1036.8534,0
Костанайская область,Лисаковск,2014,15.8632,167.5182,1447.5566,3512.6143,101.636,18.8829,20.5227,843.4491,0.2967,0.332,0.2653,0.3497,0.3166,16.6968,75.2093,2032.5339,188.9034,-13.2552,0.1157,0.1185,-1280.0384,0
Костанайская область,Лисаковск,2015,16.1988,196.8793,1414.6473,3415.4456,127.1026,19.6506,20.9515,933.047,0.4047,0.3995,0.3063,0.2834,0.2724,24.7083,23.5509,2055.718,166.1416,-10.724,0.1392,0.1524,-1217.7679,0
Костанайская область,Лисаковск,2016,16.4449,250.2333,1284.0395,3393.7397,132.8546,17.8706,21.0903,770.2211,0.3489,0.3718,0.3194,0.3531,0.3224,43.5872,69.0889,2103.6218,251.0553,-9.535,0.1949,0.1799,-1033.8062,0
Костанайская область,Лисаковск,2017,15.4835,221.9346,1286.5045,3434.2349,133.0557,17.6186,20.2167,745.7828,0.3602,0.3519,0.3616,0.3097,0.2893,43.19,37.9699,1927.3837,180.6904,-12.3474,0.1725,0.1811,-1064.57,0
Костанайская область,Лисаковск,2018,15.2376,207.0536,1422.2708,3383.7479,120.2494,17.5979,19.8428,811.1691,0.3565,0.3571,0.3406,0.2903,0.2801,53.6377,26.4985,1892.1045,155.4943,-13.1094,0.1456,0.1427,-1215.2171,0
Костанайская область,Лисаковск,2019,16.2221,163.9628,1598.1389,3515.7964,53.3063,20.1154,21.5951,997.6775,0.3015,0.3043,0.2667,0.2654,0.27,15.7188,21.0678,2065.7142,120.6167,-13.5495,0.1026,0.0525,-1434.176,0
Костанайская область,Лисаковск,2020,16.5298,300.9271,1419.3328,3421.4948,143.019,19.7121,20.7683,839.9311,0.3811,0.3979,0.2741,0.3178,0.2958,18.2726,55.7369,2120.8128,191.9608,-7.2649,0.212,0.1693,-1118.4057,0
Костанайская область,Лисаковск,2021,17.455,104.7388,1610.1275,3752.8985,57.1041,21.2063,22.7676,994.8056,0.2834,0.3257,0.2513,0.3086,0.2836,6.6272,47.4905,2292.5809,177.1259,-13.4235,0.065,0.0585,-1505.3887,0
Костанайская область,Лисаковск,2022,16.7902,130.9767,1420.2517,3350.898,96.5501,18.3423,21.1346,876.5878,0.3337,0.3142,0.3125,0.2705,0.2716,30.0883,22.5266,2164.8478,135.5968,-9.6208,0.0922,0.1162,-1289.275,0
Костанайская область,Лисаковск,2023,16.4598,141.6973,840.5041,2417.1011,61.1991,19.5461,20.9712,501.5555,0.3082,0.3168,0.3107,0.313,0.3059,29.6074,19.731,2106.4604,108.584,-12.8177,0.1686,0.1171,-698.8068,0
Костанайская область,Лисаковск,2024,15.4088,326.1793,1152.0254,3289.0024,222.4709,17.6257,19.8686,667.2726,0.4054,0.4049,0.3243,0.4069,0.4096,72.0074,115.9212,1907.3373,148.3984,-13.0527,0.2831,0.3209,-825.8461,0
Костанайская область,Лисаковск,2025,16.9012,277.8251,1332.3055,3331.6877,156.8541,19.0607,20.3754,751.9403,0.39,0.3889,0.3199,0.3138,0.3229,58.5506,45.0734,2183.386,126.5464,-7.8771,0.2085,0.2117,-1054.4804,0
Костанайская область,Мендыкаринский,1991,16.4379,212.9292,1467.0315,3413.0533,75.3916,20.2734,20.1213,827.1603,0.2847,0.3187,0.2496,0.3145,0.2752,12.9362,52.355,2097.4261,,,0.1451,0.0796,-1254.1023,0
Костанайская область,Мендыкаринский,1992,12.573,282.1611,1106.3588,3064.4775,185.129,15.0364,16.5511,630.6247,0.3629,0.36,0.3699,0.3618,0.33,65.7089,75.5014,1424.9585,128.5941,-12.4113,0.255,0.2719,-824.1977,0
Костанайская область,Мендыкаринский,1993,13.1301,341.4301,1129.4791,3083.1887,197.6247,16.82,19.0265,655.1807,0.3699,0.3835,0.3997,0.3784,0.3484,81.4488,77.5617,1592.6992,198.3936,-11.8656,0.3023,0.2805,-788.049,0
Костанайская область,Мендыкаринский,1994,13.6343,380.5155,1128.1833,3044.4776,223.2369,16.5574,17.9251,626.9507,0.4052,0.4098,0.3276,0.4146,0.3869,46.4734,110.6011,1623.5876,185.8186,-14.9581,0.3373,0.3098,-747.6678,0
Костанайская область,Мендыкаринский,1995,16.2595,168.9323,1497.4838,3391.9366,100.9409,18.2933,20.3115,896.2425,0.3482,0.3369,0.3177,0.2807,0.2641,34.6454,29.8455,2066.902,126.9457,-11.5183,0.1128,0.1155,-1328.5515,0
Костанайская область,Мендыкаринский,1996,13.8232,263.5584,1296.6164,3226.0992,108.0839,18.9004,19.3118,790.4505,0.3456,0.3645,0.2854,0.3256,0.2788,44.1102,48.6647,1761.8532,163.6232,-14.9656,0.2033,0.1234,-1033.058,0
Костанайская область,Мендыкаринский,1997,14.7821,225.8084,1306.0972,3119.255,146.4726,16.7691,18.0323,757.4138,0.3823,0.3801,0.2863,0.357,0.333,25.5449,74.9461,1794.0014,147.9534,-13.296,0.1729,0.2002,-1080.2888,0
Костанайская область,Мендыкаринский,1998,15.4717,189.8181,1468.2098,3430.5821,103.7273,19.7859,22.3837,896.9629,0.3333,0.3563,0.3105,0.2997,0.2905,65.95,25.0764,2051.6794,174.1769,-14.6505,0.1293,0.1148,-1278.3917,0
Костанайская область,Мендыкаринский,1999,13.4446,443.4566,1102.0228,3059.912,287.2532,15.5751,17.5737,644.3333,0.4362,0.4337,0.4092,0.3776,0.3891,55.6402,109.535,1554.4294,236.2423,-9.5116,0.4024,0.4306,-658.5662,0
Костанайская область,Мендыкаринский,2000,14.4612,309.6244,1205.0453,3193.4924,205.4942,16.6021,19.267,703.2589,0.4334,0.4209,0.414,0.3519,0.3564,65.9332,47.0734,1736.5788,155.794,-9.4903,0.2569,0.3081,-895.4209,0
Костанайская область,Мендыкаринский,2001,14.2436,311.4266,1197.7557,3246.2881,165.2126,17.228,17.4094,661.702,0.3246,0.3375,0.3387,0.3614,0.3468,64.2332,74.6559,1700.0493,205.9492,-12.563,0.26,0.2184,-886.3291,0
Костанайская область,Мендыкаринский,2002,12.653,323.0316,1089.2514,3154.6485,171.837,15.2478,17.022,603.9735,0.4325,0.4344,0.4096,0.3515,0.3355,58.7178,34.6904,1515.0007,221.5898,-9.976,0.2966,0.2693,-766.2198,0
Костанайская область,Мендыкаринский,2003,14.7186,365.8392,1109.7927,3282.3404,265.9626,16.4581,19.2201,668.609,0.4339,0.4365,0.4132,0.4136,0.4031,83.5467,100.3903,1858.5966,176.0085,-15.525,0.3296,0.4418,-743.9534,0
Костанайская область,Мендыкаринский,2004,15.7287,156.3111,1475.5491,3421.2824,54.6592,19.387,20.6822,911.7631,0.2993,0.3342,0.2851,0.2497,0.261,29.9387,14.9901,2045.5914,121.5937,-9.5139,0.1059,0.0601,-1319.238,0
Костанайская область,Мендыкаринский,2005,14.7282,278.0901,1117.342,3216.9255,131.642,18.0766,18.882,665.6193,0.3567,0.3676,0.3206,0.3393,0.32,36.2754,61.5098,1801.9417,219.3294,-14.6971,0.2489,0.1867,-839.252,0
Костанайская область,Мендыкаринский,2006,14.9164,285.4384,1330.9066,3122.7417,155.6653,17.823,19.0458,750.6987,0.3829,0.3783,0.3255,0.3408,0.3293,60.1417,61.7017,1819.5996,100.6335,-14.2988,0.2145,0.1969,-1045.4682,0
Костанайская область,Мендыкаринский,2007,15.3304,267.6978,1313.91,3238.983,171.1351,17.435,19.4901,764.671,0.4108,0.4131,0.3308,0.361,0.3226,44.9983,69.3652,1899.7476,209.1474,-8.57,0.2037,0.2257,-1046.2122,0
Костанайская область,Мендыкаринский,2008,15.1659,245.1947,1364.4035,3330.1482,155.6347,18.2458,20.6343,830.5539,0.3546,0.3436,0.3371,0.3279,0.3366,61.202,48.4946,1871.5597,147.059,-13.8765,0.1797,0.2029,-1119.2088,0
Костанайская область,Мендыкаринский,2009,14.5228,259.8716,1322.2846,3296.9948,125.2083,17.2379,18.9867,794.3068,0.3617,0.3654,0.2656,0.3211,0.3009,13.2118,59.3099,1788.5072,107.709,-11.3562,0.1965,0.1519,-1062.413,0
Костанайская область,Мендыкаринский,2010,16.3685,155.9609,1536.5426,3626.6163,95.9173,18.896,21.3896,920.3122,0.2981,0.3137,0.2671,0.3064,0.2982,18.3162,55.088,2088.6195,163.8041,-18.0966,0.1015,0.1087,-1380.5817,0
Костанайская область,Мендыкаринский,2011,14.8758,344.1096,1225.7937,3234.3531,184.2615,17.3052,18.2128,649.4571,0.318,0.3357,0.4087,0.3271,0.3251,122.4135,37.9459,1813.3481,171.8461,-15.8995,0.2807,0.252,-881.6841,0
Костанайская область,Мендыкаринский,2012,17.4221,248.0153,1535.8987,3369.6378,113.4222,20.3175,22.0694,899.2021,0.3405,0.3431,0.2655,0.2756,0.2615,20.7211,51.5141,2280.569,144.6714,-15.7098,0.1615,0.1227,-1287.8834,0
Костанайская область,Мендыкаринский,2013,14.7787,371.1193,1253.1771,3219.4351,180.3732,17.2575,19.2749,747.8108,0.4162,0.4188,0.2676,0.3446,0.3171,6.5303,123.3069,1795.5542,211.7563,-14.7758,0.2961,0.2221,-882.0578,0
Костанайская область,Мендыкаринский,2014,14.4852,318.0873,1353.3695,3282.8881,252.2093,17.423,18.7338,730.8706,0.3054,0.3305,0.2936,0.4108,0.3999,35.8327,202.9516,1776.3789,179.4765,-13.4515,0.235,0.3069,-1035.2822,0
Костанайская область,Мендыкаринский,2015,14.6792,317.2522,1270.2357,3273.6858,193.4236,18.0683,18.9526,799.9772,0.4309,0.4377,0.335,0.3157,0.2854,25.6938,44.4085,1776.6511,178.7215,-10.8727,0.2498,0.2586,-952.9834,0
Костанайская область,Мендыкаринский,2016,15.4129,388.689,1188.4672,3299.6394,271.5851,16.7104,19.6925,672.6549,0.3441,0.365,0.3641,0.4238,0.4158,135.9501,115.7946,1913.9945,268.6885,-10.1802,0.3271,0.3933,-799.7782,0
Костанайская область,Мендыкаринский,2017,14.5564,246.5774,1289.905,3347.9344,154.7949,16.7343,19.1968,725.1751,0.3631,0.3626,0.3649,0.3396,0.3056,59.1666,51.5462,1756.8157,183.2198,-13.8861,0.1912,0.2047,-1043.3276,0
Костанайская область,Мендыкаринский,2018,13.757,311.3847,1278.1271,3226.8294,174.8457,15.9505,18.3473,720.0633,0.3881,0.3889,0.3688,0.3263,0.3123,49.0408,49.3394,1651.8496,130.008,-13.4146,0.2436,0.2287,-966.7424,0
Костанайская область,Мендыкаринский,2019,14.7936,260.6119,1464.6193,3391.7474,102.1814,18.3237,19.6197,876.7375,0.3163,0.3207,0.3014,0.2971,0.2693,36.4463,47.6447,1814.6952,147.5022,-14.108,0.1779,0.1101,-1204.0074,0
Костанайская область,Мендыкаринский,2020,15.6608,357.4725,1374.4714,3336.2507,130.8492,18.6718,19.825,802.4841,0.3968,0.4066,0.2881,0.2866,0.2712,19.5674,25.762,1962.3577,189.4219,-7.7193,0.2601,0.1595,-1016.9989,0
Костанайская область,Мендыкаринский,2021,16.0022,198.9568,1505.2469,3595.713,138.4753,19.4937,20.4185,854.7959,0.2933,0.3313,0.2704,0.3599,0.3532,19.8302,107.971,2025.7853,191.2812,-14.2075,0.1322,0.1514,-1306.2901,0
Костанайская область,Мендыкаринский,2022,15.5358,204.2356,1317.4182,3300.0223,155.6375,17.1217,19.4963,770.1426,0.3651,0.341,0.3417,0.3064,0.2812,37.4958,49.4781,1935.1086,141.6882,-10.4174,0.155,0.2039,-1113.1827,0
Костанайская область,Мендыкаринский,2023,16.153,132.8703,920.8459,2442.8671,66.8404,19.4475,20.5407,526.5953,0.275,0.2916,0.2994,0.3083,0.3028,33.9212,25.2082,2050.7265,85.9496,-12.2281,0.1443,0.115,-787.9757,0
Костанайская область,Мендыкаринский,2024,14.6492,363.801,1161.5467,3180.4798,262.9776,16.851,19.2814,663.5381,0.4017,0.3939,0.3586,0.398,0.3943,94.9811,110.5608,1768.4732,138.1472,-13.6734,0.3132,0.3759,-797.7458,0
Костанайская область,Мендыкаринский,2025,15.9591,324.21,1268.2048,3174.6918,216.8676,18.2174,19.3197,686.3985,0.4042,0.4088,0.3414,0.3452,0.3228,63.6555,65.7473,2010.555,140.6444,-8.2478,0.2556,0.3035,-943.9948,0
Костанайская область,Наурзумский,1991,17.8708,117.2785,1350.4311,3674.9508,39.6238,21.5934,22.2333,791.5346,0.1703,0.2029,0.1545,0.1614,0.1555,14.3731,18.5769,2361.0935,,,0.0868,0.0476,-1233.1526,0
Костанайская область,Наурзумский,1992,14.3694,153.4057,1047.0285,3311.5101,98.2374,16.8554,18.8117,630.5254,0.2452,0.2375,0.2505,0.1575,0.1696,42.8854,10.7053,1722.3126,133.0143,-12.3257,0.1465,0.1581,-893.6228,0
Костанайская область,Наурзумский,1993,14.7726,256.1874,1081.0766,3323.407,104.0685,18.3077,21.003,677.1202,0.2508,0.271,0.2483,0.1888,0.1771,44.2255,33.8048,1863.3433,190.3704,-12.0181,0.237,0.1557,-824.8892,0
Костанайская область,Наурзумский,1994,15.9151,183.5935,1142.6107,3342.1383,106.0227,19.0077,20.3919,684.6957,0.261,0.2753,0.1653,0.2301,0.1839,20.6537,53.0019,2002.5209,153.5655,-16.4502,0.1607,0.1474,-959.0172,0
Костанайская область,Наурзумский,1995,18.3113,153.6266,1388.9291,3598.8368,100.4961,20.7178,22.924,847.5165,0.2243,0.2052,0.1662,0.1845,0.183,10.8158,42.6452,2442.7154,125.1259,-11.9555,0.1106,0.1251,-1235.3024,0
Костанайская область,Наурзумский,1996,15.7588,167.8119,1171.5991,3472.8809,63.2339,20.3272,21.4905,739.5776,0.2428,0.264,0.1702,0.1901,0.1632,25.1038,26.123,2080.4011,162.5877,-16.3462,0.1432,0.085,-1003.7873,0
Костанайская область,Наурзумский,1997,17.4167,155.2065,1322.1717,3546.3428,117.4077,19.9969,21.5729,835.2046,0.2746,0.2741,0.1522,0.2143,0.1947,7.6315,55.6026,2277.447,145.1516,-13.5179,0.1174,0.1524,-1166.9651,0
Костанайская область,Наурзумский,1998,17.8202,95.3368,1440.8349,3723.9627,30.1896,22.6256,25.7036,952.8703,0.2084,0.2425,0.1504,0.158,0.1549,10.8201,15.899,2471.9163,161.9169,-14.4076,0.0662,0.0327,-1345.4981,0
Костанайская область,Наурзумский,1999,16.0224,214.1659,1172.2145,3400.7675,161.9891,17.86,20.6146,725.6332,0.2267,0.2254,0.2126,0.269,0.2514,47.4554,82.3776,2026.7582,158.6104,-9.4934,0.1827,0.2414,-958.0485,0
Костанайская область,Наурзумский,2000,16.7263,209.2966,1255.9765,3464.4131,122.7161,18.9606,22.0071,774.2969,0.2669,0.2503,0.2148,0.1888,0.1735,35.4228,33.3459,2152.3176,160.0632,-9.1068,0.1666,0.1693,-1046.6799,0
Костанайская область,Наурзумский,2001,16.191,244.6566,1191.4682,3459.4941,144.2473,19.2044,19.9607,709.1227,0.243,0.2451,0.1825,0.2557,0.2242,34.8934,60.8983,2056.1179,178.4656,-11.7177,0.2053,0.2007,-946.8116,0
Костанайская область,Наурзумский,2002,15.6313,144.8195,1188.8572,3461.3711,67.8558,17.8586,20.4678,702.2161,0.2863,0.2838,0.1992,0.157,0.1668,21.0734,11.0941,1975.1009,230.094,-7.9448,0.1218,0.0994,-1044.0377,0
Костанайская область,Наурзумский,2003,16.5962,223.5091,1123.8371,3431.0425,148.2554,18.1773,21.363,684.0906,0.2809,0.2726,0.2717,0.2056,0.1937,62.0724,32.0299,2188.2806,132.7732,-15.4329,0.1989,0.2463,-900.328,0
Костанайская область,Наурзумский,2004,17.7742,150.0333,1358.5809,3594.1732,80.6505,20.764,22.2957,805.8063,0.1871,0.2113,0.1647,0.2009,0.1813,28.2117,42.6186,2346.336,136.4447,-10.1252,0.1104,0.0994,-1208.5477,0
Костанайская область,Наурзумский,2005,16.4991,163.7974,1101.9266,3574.6967,77.0859,20.2007,21.2883,698.1113,0.2627,0.282,0.1846,0.1724,0.1657,22.5496,19.9553,2126.7272,247.8355,-14.6205,0.1486,0.1103,-938.1292,0
Костанайская область,Наурзумский,2006,17.5621,146.6769,1331.9054,3523.4254,77.2758,20.2301,21.8854,798.9786,0.2334,0.23,0.1713,0.1739,0.1622,27.6186,24.0062,2304.2679,96.4368,-12.6364,0.1101,0.0992,-1185.2285,0
Костанайская область,Наурзумский,2007,16.9919,164.3529,1216.0299,3550.7567,103.4,19.4504,21.5032,747.1311,0.2735,0.2828,0.1852,0.1989,0.173,26.8665,40.0626,2204.5216,197.2954,-7.9596,0.1352,0.1442,-1051.6769,0
Костанайская область,Наурзумский,2008,17.6471,130.1309,1343.5495,3635.8855,86.2223,20.7328,23.0232,828.1439,0.1973,0.2163,0.1854,0.1968,0.1828,40.8121,30.7564,2325.8201,157.7565,-14.5016,0.0969,0.1091,-1213.4186,0
Костанайская область,Наурзумский,2009,16.4351,171.8271,1258.3111,3483.4566,75.392,19.1973,20.9142,760.3929,0.244,0.241,0.1657,0.1677,0.1577,7.3916,20.6669,2099.1513,139.4485,-12.2735,0.1366,0.0982,-1086.484,0
Костанайская область,Наурзумский,2010,18.5601,73.9472,1474.2836,3869.1759,30.8707,21.438,24.1245,897.5238,0.1759,0.1964,0.1431,0.157,0.1543,3.3221,15.3996,2490.4133,134.6044,-15.8015,0.0502,0.0358,-1400.3364,0
Костанайская область,Наурзумский,2011,17.2351,188.6181,1236.4315,3560.776,127.7027,19.4451,20.9217,728.4182,0.2019,0.2154,0.2294,0.2043,0.1767,48.5525,42.6989,2245.6441,146.1768,-14.582,0.1526,0.1777,-1047.8134,0
Костанайская область,Наурзумский,2012,19.6516,153.564,1425.8133,3703.5022,112.6224,22.3126,24.1172,827.785,0.2095,0.2015,0.1749,0.1551,0.1559,28.2684,49.0461,2688.6188,126.1146,-16.2023,0.1077,0.1335,-1272.2493,0
Костанайская область,Наурзумский,2013,17.0825,218.9148,1256.9155,3456.9763,91.6633,19.6873,21.3092,740.0389,0.235,0.2518,0.1661,0.1989,0.1652,20.2208,50.0333,2217.4474,172.0246,-14.7696,0.1742,0.1169,-1038.0007,0
Костанайская область,Наурзумский,2014,17.1403,127.4354,1348.9843,3613.6285,79.1181,20.1403,22.0463,797.2177,0.1871,0.2048,0.1587,0.2001,0.1722,13.0581,42.9095,2231.7158,159.2799,-14.3946,0.0945,0.1,-1221.5489,0
Костанайская область,Наурзумский,2015,17.1761,167.0338,1286.6273,3560.6197,100.5926,20.8137,22.1331,842.7903,0.2955,0.2838,0.1788,0.1688,0.1577,17.9343,25.5688,2235.5434,139.785,-12.7297,0.1298,0.1303,-1119.5935,0
Костанайская область,Наурзумский,2016,17.692,169.7207,1260.0769,3503.5029,84.6197,19.1066,22.1011,740.7473,0.2276,0.2536,0.1986,0.1816,0.1704,38.8063,25.4995,2331.4199,238.325,-9.1238,0.1347,0.1188,-1090.3562,0
Костанайская область,Наурзумский,2017,17.2003,142.1355,1314.0586,3638.0625,67.2503,19.7204,22.2573,782.8853,0.2278,0.2426,0.1873,0.1572,0.16,22.9831,12.784,2241.5987,205.5799,-12.2595,0.1082,0.0871,-1171.9231,0
Костанайская область,Наурзумский,2018,16.6038,123.4771,1365.4277,3545.8871,57.3765,19.4509,21.8646,815.5769,0.2152,0.2338,0.1612,0.1615,0.1567,13.7786,25.7722,2132.8582,173.8092,-13.9435,0.0904,0.068,-1241.9506,0
Костанайская область,Наурзумский,2019,17.2156,144.6847,1398.003,3601.9136,42.1253,20.9381,22.7478,886.7782,0.2066,0.2147,0.1527,0.1575,0.1555,9.5865,19.1702,2247.3096,125.1925,-12.443,0.1035,0.0483,-1253.3184,0
Костанайская область,Наурзумский,2020,17.8486,210.5951,1370.5647,3635.7699,129.8603,20.9874,22.054,820.1044,0.2581,0.2682,0.1595,0.1989,0.1721,22.8262,33.762,2362.0102,183.0747,-7.8231,0.1537,0.1593,-1159.9696,0
Костанайская область,Наурзумский,2021,18.2976,78.3483,1441.8231,3827.3686,37.4612,22.106,23.7112,906.6798,0.1752,0.2036,0.1428,0.1737,0.1619,4.1932,26.1264,2446.6456,155.8682,-13.8098,0.0543,0.0429,-1363.4747,0
Костанайская область,Наурзумский,2022,17.6318,92.6321,1258.0129,3508.5594,69.016,19.7114,22.0439,796.744,0.2161,0.2255,0.1651,0.1653,0.1577,16.4467,27.0122,2318.9953,194.1515,-10.8319,0.0736,0.0902,-1165.3809,0
Костанайская область,Наурзумский,2023,17.6186,131.0897,801.6481,2548.8288,51.9084,21.0902,22.7294,500.1295,0.2035,0.224,0.164,0.1976,0.1768,12.9187,29.8431,2319.5004,106.5369,-13.7849,0.1635,0.1031,-670.5584,0
Костанайская область,Наурзумский,2024,16.6004,211.2207,1180.13,3506.1536,143.8238,19.023,21.5248,718.0337,0.2961,0.2963,0.2186,0.2319,0.2031,38.9687,53.9732,2127.0922,164.9914,-12.9701,0.179,0.2068,-968.9094,0
Костанайская область,Наурзумский,2025,18.5444,171.2763,1323.398,3493.0235,103.2991,21.1295,22.0184,743.9623,0.1917,0.2044,0.1976,0.1748,0.1728,53.179,27.508,2485.0264,158.3713,-8.2349,0.1294,0.1364,-1152.1217,0
Костанайская область,Рудный,1991,17.0272,143.3795,1403.6387,3461.1833,49.1963,20.9239,20.9461,804.632,0.2634,0.3175,0.2626,0.2903,0.2771,16.6866,29.8339,2205.9192,,,0.1021,0.0548,-1260.2592,0
Костанайская область,Рудный,1992,13.0747,275.2295,1037.8212,3147.1451,172.6121,15.4593,16.9763,591.6251,0.3624,0.3663,0.3809,0.3452,0.3289,69.1347,60.0861,1502.2162,140.7333,-12.2898,0.2652,0.2716,-762.5916,0
Костанайская область,Рудный,1993,13.2804,370.78,1010.5708,3148.9111,221.0128,16.692,19.1023,595.7559,0.3776,0.4013,0.427,0.4013,0.3902,95.949,76.9025,1614.1708,200.8595,-12.0444,0.3669,0.361,-639.7908,0
Костанайская область,Рудный,1994,13.9695,307.7944,1043.4634,3102.7886,211.7579,16.6963,18.1956,598.3055,0.4145,0.4215,0.3343,0.4032,0.3777,41.1535,102.3027,1685.8711,179.9462,-15.2455,0.295,0.3295,-735.6691,0
Костанайская область,Рудный,1995,17.044,154.1122,1440.6108,3482.9404,93.5154,19.3381,21.3546,885.7145,0.3482,0.3248,0.2953,0.2833,0.2805,20.1637,31.3924,2210.511,129.7846,-11.549,0.107,0.1098,-1286.4985,0
Костанайская область,Рудный,1996,14.5631,237.5753,1220.8994,3285.766,108.6843,19.4393,20.1799,762.9775,0.3605,0.3785,0.3005,0.3378,0.2909,40.3287,49.3053,1899.167,147.5323,-15.1245,0.1946,0.1362,-983.3241,0
Костанайская область,Рудный,1997,15.3746,248.9261,1225.0572,3186.9614,169.6331,17.5624,18.8698,738.7431,0.4101,0.4189,0.2881,0.3738,0.3607,24.1019,79.3817,1902.4734,142.6337,-13.1882,0.2032,0.2442,-976.1311,0
Костанайская область,Рудный,1998,16.4579,123.369,1459.6528,3577.5859,46.7733,21.0841,23.7752,935.9338,0.3207,0.3535,0.2592,0.2804,0.2763,16.7348,21.7102,2228.7294,169.7628,-14.2922,0.0845,0.0507,-1336.2839,0
Костанайская область,Рудный,1999,13.967,395.4307,1052.112,3155.1987,288.4881,15.7263,18.2316,643.8209,0.4397,0.4357,0.4194,0.4051,0.4115,74.6172,84.0605,1649.676,201.8782,-9.2947,0.3758,0.4813,-656.6813,0
Костанайская область,Рудный,2000,15.072,303.6403,1195.0364,3312.9847,190.1337,17.2253,20.0968,720.4443,0.4136,0.4033,0.3826,0.3473,0.3512,54.4107,52.0503,1848.6321,161.0731,-9.2002,0.2541,0.2798,-891.3961,0
Костанайская область,Рудный,2001,14.785,301.3424,1139.4339,3315.4573,163.8905,17.7123,18.2201,664.4106,0.3566,0.3569,0.3357,0.3683,0.3484,54.3602,67.7902,1798.9031,191.1201,-11.6978,0.2645,0.231,-838.0915,0
Костанайская область,Рудный,2002,13.6866,300.6762,1123.3674,3227.0024,115.6742,16.225,18.1677,646.9383,0.4205,0.4158,0.3567,0.3105,0.297,39.2624,25.8299,1659.3821,210.4093,-9.4299,0.2677,0.1734,-822.6913,0
Костанайская область,Рудный,2003,15.2016,329.2643,1057.8079,3300.2722,239.1437,16.632,19.6989,640.0622,0.451,0.4467,0.4251,0.3841,0.3923,69.0483,70.2499,1936.0074,142.1278,-15.0569,0.3113,0.4309,-728.5436,0
Костанайская область,Рудный,2004,16.6017,134.1879,1435.6148,3495.7255,57.2253,19.9648,21.4957,888.443,0.3011,0.3365,0.283,0.2681,0.2762,28.6822,18.7413,2166.0766,124.9282,-9.5122,0.0935,0.0656,-1301.4269,0
Костанайская область,Рудный,2005,15.1972,267.6717,1064.7946,3302.9169,125.2713,18.5263,19.4254,659.5043,0.3838,0.4009,0.3421,0.3286,0.3116,44.3672,37.3021,1880.1307,230.0731,-14.519,0.2514,0.1877,-797.123,0
Костанайская область,Рудный,2006,15.8492,238.7429,1313.8138,3246.1723,135.6767,18.4427,20.0523,774.2968,0.4168,0.4031,0.3259,0.32,0.3038,38.4472,40.905,1990.1613,93.5449,-14.0207,0.1817,0.1788,-1075.0709,0
Костанайская область,Рудный,2007,15.8427,262.3213,1237.7496,3355.3796,149.9656,18.0402,20.0865,739.625,0.4232,0.4349,0.3187,0.3351,0.2907,34.2458,46.8436,1993.6903,201.1443,-8.0957,0.2119,0.2073,-975.4283,0
Костанайская область,Рудный,2008,15.9353,184.7447,1316.9376,3420.8937,120.5278,18.8362,21.3339,814.7125,0.3569,0.3529,0.331,0.3144,0.3205,52.4961,26.7497,2012.352,155.6561,-14.1493,0.1403,0.161,-1132.1929,0
Костанайская область,Рудный,2009,15.1496,223.1569,1264.2726,3369.6831,103.2596,17.9856,19.6339,756.6252,0.3646,0.3715,0.2815,0.2867,0.2784,17.5912,24.8869,1891.2811,106.6398,-11.2578,0.1765,0.1317,-1041.1157,0
Костанайская область,Рудный,2010,17.178,147.2212,1476.5051,3700.0626,104.7916,19.9197,22.4035,891.7694,0.2966,0.3158,0.2543,0.322,0.3372,7.1457,79.1184,2236.5973,150.6652,-17.4526,0.0997,0.1215,-1329.2838,0
Костанайская область,Рудный,2011,15.453,316.5473,1176.8939,3328.4261,161.7344,17.906,19.0129,670.7891,0.3226,0.3411,0.3849,0.3324,0.3224,91.7275,41.3337,1919.3594,156.854,-15.565,0.269,0.2289,-860.3466,0
Костанайская область,Рудный,2012,18.1621,213.2405,1476.651,3554.1716,112.6517,20.8606,22.8166,875.1437,0.3383,0.3496,0.2846,0.2736,0.2836,26.5243,53.9513,2415.8769,149.7644,-15.6756,0.1444,0.1272,-1263.4105,0
Костанайская область,Рудный,2013,15.7996,318.3243,1242.9971,3261.5071,124.58,18.4193,20.0573,724.5449,0.3682,0.3871,0.2593,0.3399,0.3104,10.6386,91.4311,1982.2266,175.6162,-14.5768,0.2561,0.1549,-924.6728,0
Костанайская область,Рудный,2014,15.5575,178.3367,1364.3038,3452.0687,116.4691,18.5203,20.1172,789.7065,0.303,0.3381,0.2686,0.3607,0.3258,19.3745,84.2295,1973.3728,191.6225,-13.4931,0.1307,0.1435,-1185.9671,0
Костанайская область,Рудный,2015,15.7758,228.9001,1306.5828,3376.561,145.1061,19.2614,20.4538,865.4396,0.4189,0.4165,0.3235,0.2873,0.2805,26.9591,27.9475,1978.2943,169.3881,-11.0033,0.1752,0.1867,-1077.6827,0
Костанайская область,Рудный,2016,16.1373,281.8739,1192.7962,3350.274,163.2118,17.5294,20.6379,705.3651,0.3315,0.3645,0.3363,0.3879,0.3533,58.8784,91.9481,2047.1412,267.0126,-9.8526,0.2363,0.2362,-910.9223,0
Костанайская область,Рудный,2017,15.2318,216.0208,1214.4538,3405.704,130.162,17.3484,19.9097,702.324,0.3672,0.365,0.3599,0.32,0.2963,37.5731,44.0033,1880.8853,183.3669,-12.9995,0.1779,0.1859,-998.433,0
Костанайская область,Рудный,2018,14.7952,245.8832,1310.5377,3342.5832,129.4088,17.1542,19.3967,748.025,0.3691,0.3694,0.3433,0.2938,0.2907,47.1646,35.0715,1819.613,138.3947,-13.5049,0.1876,0.1639,-1064.6545,0
Костанайская область,Рудный,2019,15.7432,196.4794,1460.5186,3474.9314,74.4237,19.4825,20.8993,900.333,0.3041,0.3131,0.2817,0.2842,0.2819,23.5567,34.9442,1978.0199,134.4982,-13.932,0.1345,0.0805,-1264.0392,0
Костанайская область,Рудный,2020,16.2571,327.7228,1336.6201,3397.7172,147.0287,19.4123,20.4993,797.5174,0.3881,0.4079,0.2834,0.3071,0.2981,18.3554,47.4952,2071.2567,197.717,-7.5737,0.2452,0.183,-1008.8973,0
Костанайская область,Рудный,2021,17.244,131.3714,1544.0389,3708.0885,76.9268,20.9337,22.2948,946.7896,0.2933,0.3391,0.2538,0.3251,0.3038,8.5492,60.5087,2253.7366,188.496,-13.6329,0.0851,0.0815,-1412.6676,0
Костанайская область,Рудный,2022,16.4611,145.8625,1326.9734,3349.859,111.5506,18.0798,20.6261,808.429,0.3416,0.3237,0.3201,0.2745,0.2798,29.7387,29.2388,2104.5157,142.564,-10.0504,0.1099,0.1427,-1181.1109,0
Костанайская область,Рудный,2023,16.3441,143.7194,815.8148,2416.3886,76.9674,19.501,20.7813,480.1836,0.3036,0.318,0.3186,0.3247,0.3226,42.5835,21.7716,2085.3326,106.0736,-12.8462,0.1762,0.1512,-672.0954,0
Костанайская область,Рудный,2024,15.1855,305.9431,1099.7093,3264.61,205.3516,17.4317,19.7252,639.4981,0.4026,0.3971,0.32,0.4033,0.4015,72.3959,94.894,1866.5946,149.568,-13.4819,0.2782,0.308,-793.7661,0
Костанайская область,Рудный,2025,16.6293,312.9399,1244.4716,3272.364,166.7784,18.8625,20.054,694.1192,0.3873,0.3916,0.324,0.3295,0.3413,64.296,50.6436,2133.4695,134.905,-7.9856,0.2515,0.2378,-931.5316,0
Костанайская область,Сарыкольский,1991,16.3158,200.4336,1461.0392,3460.3022,80.3942,20.2986,20.0802,826.2035,0.3164,0.3439,0.2703,0.3218,0.2946,14.5805,49.3642,2074.9471,,,0.1372,0.0835,-1260.6056,0
Костанайская область,Сарыкольский,1992,12.4465,268.713,1080.5148,3098.8734,175.8768,15.0483,16.536,619.6576,0.3871,0.3737,0.3814,0.3542,0.3317,67.088,66.4477,1409.391,145.5761,-12.3093,0.2487,0.2625,-811.8018,0
Костанайская область,Сарыкольский,1993,12.9399,380.9916,1100.4324,3120.6752,184.5625,16.6115,18.847,638.3968,0.3721,0.4002,0.4105,0.3892,0.3609,90.927,71.2795,1569.7502,212.8962,-12.4113,0.3462,0.2656,-719.4409,0
Костанайская область,Сарыкольский,1994,13.5351,345.7332,1111.0838,3066.0371,193.2936,16.7632,18.0752,641.7189,0.424,0.4295,0.3142,0.415,0.3713,27.182,105.7699,1622.318,196.5266,-15.4631,0.3112,0.2643,-765.3506,0
Костанайская область,Сарыкольский,1995,15.9895,192.2471,1464.4344,3420.6653,115.1145,18.061,20.0377,871.6985,0.3771,0.354,0.327,0.3027,0.2863,31.9775,35.9606,2017.5402,138.5542,-11.9674,0.1313,0.134,-1272.1874,0
Костанайская область,Сарыкольский,1996,13.5922,293.3576,1233.0824,3233.7926,141.3721,18.3606,18.93,740.8533,0.3899,0.4007,0.3147,0.3763,0.3299,51.1052,67.4601,1715.2412,172.5073,-15.2371,0.2379,0.1746,-939.7248,0
Костанайская область,Сарыкольский,1997,15.0052,211.1378,1357.4855,3222.1484,144.5521,16.9401,18.2461,783.2356,0.3827,0.3796,0.2983,0.3751,0.3585,22.6132,79.1383,1835.0093,159.7773,-13.5261,0.1555,0.1917,-1146.3476,0
Костанайская область,Сарыкольский,1998,15.4279,168.6819,1466.9511,3424.8877,85.4534,19.7193,22.4881,916.1281,0.3526,0.3735,0.3126,0.3051,0.2962,52.0903,21.2425,2048.8465,176.8672,-14.5683,0.115,0.0937,-1298.2692,0
Костанайская область,Сарыкольский,1999,13.6283,366.1956,1147.4552,3119.7745,226.5086,15.8596,17.6999,672.3456,0.4002,0.3916,0.3965,0.3863,0.3924,64.7323,101.7255,1598.1652,228.8119,-9.5851,0.3191,0.3245,-781.2595,0
Костанайская область,Сарыкольский,2000,14.7592,309.106,1286.1757,3235.0517,205.8804,16.8301,19.4205,733.8001,0.4105,0.3834,0.4198,0.3684,0.3528,70.6627,56.7617,1791.2197,149.8467,-9.5136,0.2403,0.2926,-977.0697,0
Костанайская область,Сарыкольский,2001,14.2009,322.6111,1186.1813,3292.0076,154.3642,17.2021,17.4921,670.92,0.3659,0.3686,0.3481,0.3648,0.3284,45.8738,66.3963,1692.2412,235.4718,-12.8863,0.272,0.2051,-863.5702,0
Костанайская область,Сарыкольский,2002,12.9551,334.2703,1125.567,3273.8912,158.4975,15.5289,17.3297,622.71,0.4307,0.4236,0.3957,0.3656,0.3398,59.6364,39.4029,1553.6738,249.5272,-9.6302,0.297,0.2383,-791.2968,0
Костанайская область,Сарыкольский,2003,14.7171,370.2198,1125.6407,3274.6998,274.4912,16.4531,19.1812,672.6735,0.4455,0.445,0.4345,0.4261,0.4208,84.6498,98.6629,1870.0972,169.684,-15.5426,0.3289,0.4571,-755.4209,0
Костанайская область,Сарыкольский,2004,15.7523,182.3533,1490.5385,3431.2652,83.0844,19.2524,20.6136,911.6869,0.35,0.365,0.3131,0.2869,0.284,35.8876,20.8051,2039.8964,139.6805,-9.7484,0.1223,0.0907,-1308.1852,0
Костанайская область,Сарыкольский,2005,14.7523,277.0315,1132.6142,3229.919,149.0686,18.1534,19.1329,676.7243,0.3913,0.4008,0.3305,0.3639,0.3449,32.1064,65.9243,1811.7397,239.8905,-15.0573,0.2446,0.2079,-855.5826,0
Костанайская область,Сарыкольский,2006,15.001,264.4964,1367.0856,3154.1715,141.0221,17.9056,19.127,767.9123,0.3979,0.3899,0.328,0.35,0.3267,56.3141,50.3184,1834.7855,108.673,-14.1623,0.1935,0.1755,-1102.5891,0
Костанайская область,Сарыкольский,2007,15.1342,285.1792,1278.0142,3299.6236,189.6759,17.2784,19.1462,732.7248,0.4292,0.4307,0.337,0.3976,0.3757,42.4535,94.9415,1863.134,240.5988,-8.4757,0.2231,0.2573,-992.835,0
Костанайская область,Сарыкольский,2008,15.28,217.4761,1391.2095,3373.6461,130.6974,18.5152,20.8661,859.7416,0.3812,0.3758,0.3334,0.3327,0.3254,39.4452,48.9914,1892.4595,186.2735,-13.9981,0.1563,0.1625,-1173.7335,0
Костанайская область,Сарыкольский,2009,14.5334,240.8201,1340.5003,3326.6434,116.1462,17.1781,18.9128,793.7855,0.3778,0.3768,0.2763,0.3375,0.3076,13.2298,54.2031,1780.2449,138.8509,-11.9353,0.1796,0.1418,-1099.6802,0
Костанайская область,Сарыкольский,2010,16.7217,113.0399,1646.6445,3689.6106,69.8586,19.3796,21.8572,988.104,0.2988,0.3219,0.2836,0.2995,0.2918,15.985,36.0947,2153.3985,157.7206,-18.0028,0.0686,0.0722,-1533.6046,0
Костанайская область,Сарыкольский,2011,15.0718,309.9177,1264.005,3228.5239,163.5877,17.2785,18.3233,676.4242,0.3534,0.3606,0.4157,0.329,0.3277,91.0577,37.8122,1848.6006,185.8187,-15.7289,0.2452,0.2213,-954.0873,0
Костанайская область,Сарыкольский,2012,17.2627,256.4026,1515.2084,3402.251,145.8637,19.9992,21.7488,868.6126,0.3643,0.3771,0.309,0.3,0.2895,41.3077,58.4491,2250.9979,159.0512,-16.0085,0.1692,0.1626,-1258.8058,0
Костанайская область,Сарыкольский,2013,14.7809,340.2285,1280.9487,3236.4964,140.1089,17.1984,19.2033,761.7484,0.4139,0.4226,0.2871,0.3443,0.3112,13.2645,88.6443,1795.8107,193.6065,-15.0912,0.2656,0.1687,-940.7202,0
Костанайская область,Сарыкольский,2014,14.3604,291.208,1337.3468,3282.5189,212.6199,17.2308,18.7329,727.177,0.3268,0.3453,0.313,0.4167,0.3772,32.6076,158.9134,1759.3096,210.1893,-13.8789,0.2178,0.2671,-1046.1388,0
Костанайская область,Сарыкольский,2015,14.6871,326.4036,1276.5562,3290.4822,188.0956,18.2825,19.0755,806.9694,0.4358,0.4464,0.3346,0.3465,0.3019,23.2992,55.2512,1785.7123,189.6118,-11.6161,0.2557,0.2435,-950.1526,0
Костанайская область,Сарыкольский,2016,15.3334,402.6674,1182.7749,3306.9944,278.6974,16.631,19.4421,656.4962,0.3441,0.3704,0.38,0.4336,0.4246,181.4019,82.0687,1899.1051,311.2497,-9.9419,0.3404,0.4083,-780.1075,0
Костанайская область,Сарыкольский,2017,14.4757,245.2058,1252.6031,3383.545,155.4583,16.6903,19.0553,693.8154,0.3865,0.3897,0.3886,0.3522,0.3236,68.8752,40.2083,1747.0248,224.9576,-13.2363,0.1958,0.2123,-1007.3972,0
Костанайская область,Сарыкольский,2018,13.5482,312.7518,1237.3402,3212.0278,179.2386,15.7483,18.1492,690.8366,0.4149,0.4063,0.3819,0.3399,0.3299,60.6594,50.5541,1609.1263,139.0915,-12.8627,0.2528,0.2393,-924.5885,0
Костанайская область,Сарыкольский,2019,14.6306,263.6764,1414.3412,3396.2863,109.6287,18.0012,19.4227,841.3501,0.3295,0.3381,0.3295,0.315,0.2919,41.9027,50.5063,1788.0754,148.509,-13.3646,0.1864,0.1231,-1150.6648,0
Костанайская область,Сарыкольский,2020,15.7552,291.374,1383.9068,3390.4479,152.9119,18.5456,19.5998,787.9279,0.401,0.4125,0.3146,0.3318,0.3095,32.2956,43.1555,1979.3108,235.3228,-7.8593,0.2105,0.1912,-1092.5327,0
Костанайская область,Сарыкольский,2021,16.033,166.4414,1530.6988,3578.6697,101.2837,19.5466,20.6782,896.642,0.3266,0.3597,0.2884,0.3465,0.322,19.8637,65.2188,2033.4047,224.2398,-14.4251,0.1087,0.1086,-1364.2574,0
Костанайская область,Сарыкольский,2022,15.8953,153.534,1401.0537,3326.3925,115.3465,17.6929,19.8172,816.3145,0.3551,0.3293,0.3176,0.3056,0.2849,29.5999,38.4875,2000.6118,139.5633,-10.3867,0.1096,0.14,-1247.5197,0
Костанайская область,Сарыкольский,2023,15.9892,144.2954,911.6227,2478.8627,82.4157,19.322,20.547,527.0663,0.3166,0.3323,0.3281,0.3243,0.3282,42.5808,24.6469,2020.8041,109.615,-12.6216,0.1583,0.1437,-767.3273,0
Костанайская область,Сарыкольский,2024,14.5464,346.1869,1159.1731,3226.523,234.0689,17.0291,19.3362,672.0385,0.4097,0.4002,0.3816,0.3962,0.3725,85.2734,90.9044,1750.5028,158.423,-13.7133,0.2986,0.3281,-812.9862,0
Костанайская область,Сарыкольский,2025,16.0394,323.2492,1266.5307,3190.34,230.0402,18.4131,19.3229,688.4272,0.4226,0.4253,0.3693,0.3474,0.336,63.7427,64.5617,2025.348,165.739,-8.4453,0.2552,0.3222,-943.2815,0
Костанайская область,Узункольский,1991,16.0728,222.7204,1311.4529,3405.0708,93.3366,19.9664,19.7497,751.4372,0.3328,0.3611,0.2832,0.3455,0.3018,17.8252,58.1117,2030.4082,,,0.1698,0.1072,-1088.7325,0
Костанайская область,Узункольский,1992,12.2007,288.6032,973.9388,3023.6387,197.8576,14.7584,16.3223,564.6848,0.4023,0.3954,0.4105,0.389,0.3731,75.0437,85.998,1371.0939,136.0419,-12.4437,0.2963,0.3267,-685.3356,0
Костанайская область,Узункольский,1993,12.9138,378.027,1015.2679,3073.3267,189.4275,16.6411,18.9313,602.6903,0.3968,0.4126,0.4158,0.407,0.3914,70.6978,92.6196,1567.2145,210.0473,-12.1244,0.3723,0.2897,-637.2409,0
Костанайская область,Узункольский,1994,13.4282,369.399,1006.1287,3011.554,192.3297,16.6268,18.0193,583.6226,0.4284,0.4374,0.3298,0.4387,0.3985,34.4565,101.0993,1606.2942,203.2791,-15.312,0.3671,0.2875,-636.7296,0
Костанайская область,Узункольский,1995,15.7411,175.0107,1323.5298,3358.6603,112.4583,17.6797,19.6342,781.3175,0.3757,0.3727,0.3368,0.3295,0.2986,31.3837,45.4373,1971.975,138.2273,-11.8786,0.1322,0.1451,-1148.519,0
Костанайская область,Узункольский,1996,13.3712,296.4225,1134.3894,3147.0721,142.8437,18.2126,18.7715,688.3259,0.3963,0.4096,0.3261,0.3971,0.3499,47.9131,75.1921,1678.8792,175.4385,-15.1022,0.2613,0.1902,-837.9669,0
Костанайская область,Узункольский,1997,14.5199,232.9872,1180.8152,3140.3446,150.6321,16.4335,17.6326,679.7956,0.4092,0.4118,0.3226,0.4008,0.377,25.4146,80.2509,1746.1846,153.6707,-13.4778,0.1973,0.225,-947.8279,0
Костанайская область,Узункольский,1998,15.0703,179.906,1314.8968,3343.8636,94.3076,19.3727,22.1351,827.5568,0.3691,0.3922,0.32,0.3296,0.3215,59.3643,23.8845,1998.5877,171.9908,-14.9783,0.1368,0.1148,-1134.9909,0
Костанайская область,Узункольский,1999,13.383,388.4638,1017.3672,3037.6091,230.2328,15.7585,17.5065,600.7204,0.427,0.4218,0.4365,0.3966,0.4056,69.5799,78.6214,1560.4514,232.267,-9.7469,0.3818,0.3661,-628.9034,0
Костанайская область,Узункольский,2000,14.4002,340.2636,1114.9246,3134.5672,227.9215,16.6277,19.0583,641.1603,0.4495,0.44,0.4363,0.3994,0.4088,77.3465,60.0801,1725.4027,145.5183,-9.7799,0.3052,0.3668,-774.6609,0
Костанайская область,Узункольский,2001,13.9709,315.5294,1080.8974,3244.5824,175.3017,16.9626,17.2553,612.0161,0.3793,0.3865,0.3878,0.3995,0.3831,68.7039,68.5291,1650.6574,225.647,-13.2584,0.2919,0.2554,-765.368,0
Костанайская область,Узункольский,2002,12.4823,367.3247,971.1906,3177.3341,192.3176,15.2214,16.8779,550.5076,0.4516,0.4504,0.4342,0.4149,0.4114,66.3773,49.353,1498.3288,241.1882,-9.9674,0.3782,0.3291,-603.8659,0
Костанайская область,Узункольский,2003,14.6732,321.5536,1055.224,3283.7359,231.4003,16.5827,19.2978,638.5205,0.4396,0.4414,0.4379,0.4265,0.4156,88.5679,87.9314,1865.4097,174.3826,-15.732,0.3047,0.3957,-733.6703,0
Костанайская область,Узункольский,2004,15.2907,218.7877,1299.6079,3382.9386,106.3047,18.9523,20.0961,800.0806,0.3693,0.3889,0.3434,0.3106,0.2999,47.441,26.2434,1972.9413,132.4957,-9.8603,0.1683,0.1323,-1080.8203,0
Костанайская область,Узункольский,2005,14.5498,291.8071,1021.4799,3191.21,160.709,17.9666,18.8965,610.2589,0.3958,0.3994,0.3589,0.3915,0.3765,32.4446,79.8211,1781.8239,238.8568,-15.0848,0.2857,0.2466,-729.6728,0
Костанайская область,Узункольский,2006,14.5581,286.3185,1195.8429,3102.3815,166.7046,17.6532,18.751,674.1142,0.4125,0.4082,0.3522,0.3937,0.3731,67.1104,67.2349,1780.4816,97.5507,-14.4592,0.2394,0.2314,-909.5243,0
Костанайская область,Узункольский,2007,14.9975,301.6099,1167.3048,3249.0633,200.8993,17.1913,19.1094,680.2699,0.4443,0.4455,0.3617,0.4212,0.4002,38.868,106.1121,1838.412,242.9548,-8.6539,0.2584,0.2944,-865.6949,0
Костанайская область,Узункольский,2008,14.8316,233.7443,1219.7915,3293.2665,130.4151,18.1493,20.4647,762.7978,0.4111,0.4049,0.3596,0.3379,0.3459,33.9016,51.0852,1810.4488,174.9349,-13.7859,0.1916,0.1849,-986.0471,0
Костанайская область,Узункольский,2009,14.2834,248.0499,1201.3814,3275.0063,129.616,16.8507,18.6454,723.0285,0.403,0.4073,0.3189,0.3489,0.3201,23.4569,52.0795,1744.6995,126.8743,-11.9805,0.2065,0.1759,-953.3315,0
Костанайская область,Узункольский,2010,16.189,122.644,1449.7367,3624.2643,65.2419,18.8375,21.3206,887.8865,0.3092,0.3436,0.278,0.3172,0.2979,14.7058,39.5282,2056.2192,161.4041,-18.7304,0.0846,0.0761,-1327.0926,0
Костанайская область,Узункольский,2011,14.727,354.4179,1120.3317,3195.1072,194.8128,17.0935,18.0047,598.3146,0.3616,0.3749,0.4424,0.3587,0.3577,108.4927,54.9483,1785.5405,176.3947,-16.0755,0.3164,0.2871,-765.9137,0
Костанайская область,Узункольский,2012,16.7971,278.144,1331.5301,3346.2397,155.374,19.5147,21.2308,769.0704,0.3754,0.3887,0.3262,0.3251,0.3032,51.1008,66.8149,2165.9049,156.5768,-15.9566,0.2089,0.1963,-1053.3861,0
Костанайская область,Узункольский,2013,14.4593,354.8051,1149.3293,3181.1996,154.0371,16.8923,19.0213,697.7056,0.4355,0.4396,0.2967,0.3644,0.33,9.845,103.1924,1737.2748,214.1632,-15.1381,0.3087,0.2056,-794.5242,0
Костанайская область,Узункольский,2014,14.0033,352.9665,1182.7909,3214.8152,274.9239,16.85,18.3393,645.4959,0.3528,0.3726,0.341,0.4522,0.4341,44.6625,210.6692,1701.3306,194.4883,-13.9335,0.2984,0.3815,-829.8244,0
Костанайская область,Узункольский,2015,14.331,344.891,1122.3332,3235.5888,208.4355,17.9039,18.5729,702.9859,0.4464,0.4578,0.361,0.3771,0.3373,26.698,67.5136,1720.0427,184.3742,-11.3397,0.3073,0.3047,-777.4422,0
Костанайская область,Узункольский,2016,15.3166,334.5067,1083.5968,3253.7296,217.6336,16.7004,19.6057,614.6349,0.364,0.3868,0.3909,0.4441,0.4333,102.0252,97.748,1896.1513,288.5105,-10.2836,0.3087,0.3415,-749.0901,0
Костанайская область,Узункольский,2017,14.304,266.2463,1154.6972,3348.3678,174.5699,16.6075,19.032,648.8166,0.4068,0.4064,0.4088,0.3883,0.3526,65.5101,56.9175,1718.9421,199.9027,-13.8572,0.2306,0.2553,-888.4509,0
Костанайская область,Узункольский,2018,13.2829,342.5546,1104.1,3166.6245,224.8073,15.5063,17.8992,621.5001,0.4271,0.4311,0.418,0.389,0.3773,75.2546,65.1975,1577.2554,138.5093,-12.9723,0.3103,0.334,-761.5454,0
Костанайская область,Узункольский,2019,14.3451,289.0258,1266.0008,3319.3678,129.7992,17.6635,19.0368,751.7091,0.3592,0.3669,0.3531,0.3459,0.3123,45.1739,63.3118,1745.5608,154.6383,-13.9095,0.2283,0.1627,-976.975,0
Костанайская область,Узункольский,2020,15.6652,298.3812,1265.8282,3339.3201,141.6468,18.5069,19.6905,734.0158,0.4236,0.4357,0.3257,0.321,0.3051,23.1389,24.8359,1963.2481,198.4908,-7.9491,0.2357,0.1912,-967.4471,0
Костанайская область,Узункольский,2021,15.6804,222.5031,1358.1555,3534.8889,149.9324,19.2437,20.1433,779.0018,0.3379,0.3705,0.3053,0.3872,0.3798,26.2471,106.7147,1972.4937,208.4686,-14.6778,0.1638,0.1786,-1135.6525,0
Костанайская область,Узункольский,2022,15.4012,210.7613,1221.5183,3270.1184,156.3221,17.214,19.3327,711.3802,0.3893,0.3691,0.3706,0.3495,0.3225,49.2492,47.8376,1910.5797,136.6671,-10.5452,0.1725,0.2166,-1010.757,0
Костанайская область,Узункольский,2023,15.8776,136.8366,841.037,2465.5852,77.5278,19.1722,20.3961,488.0545,0.3192,0.3385,0.3303,0.3403,0.3444,37.5084,28.6449,2000.3681,96.5232,-12.1942,0.1627,0.1465,-704.2005,0
Костанайская область,Узункольский,2024,14.4405,377.5659,1064.4969,3177.6998,262.3499,16.8604,19.2368,610.63,0.4248,0.4169,0.4135,0.4075,0.3994,103.8361,95.4199,1731.1125,139.8886,-13.8896,0.3547,0.4036,-686.931,0
Костанайская область,Узункольский,2025,15.7835,311.593,1143.9283,3137.9938,213.9701,18.1712,19.2273,637.6182,0.44,0.4444,0.3618,0.3706,0.3636,44.4645,70.7733,1978.5109,154.3747,-8.4253,0.2724,0.3263,-832.3353,0
Костанайская область,Федоровский,1991,16.714,175.9473,1386.1879,3410.7193,64.1889,20.5443,20.3781,778.7783,0.273,0.3248,0.277,0.3229,0.2862,19.3002,42.661,2148.2822,,,0.1269,0.072,-1210.2406,0
Костанайская область,Федоровский,1992,12.9046,286.9832,1047.7816,3048.8656,196.4218,15.2575,16.7539,594.2549,0.3866,0.3839,0.3853,0.3685,0.3493,66.5879,74.0863,1471.9004,130.4605,-12.4127,0.2739,0.3061,-760.7984,0
Костанайская область,Федоровский,1993,13.1326,395.6085,1019.4413,3065.6544,233.0465,16.7365,18.9112,590.1875,0.3822,0.4011,0.4093,0.4211,0.4111,83.9325,108.2316,1585.9688,185.2422,-12.062,0.3881,0.3671,-623.8328,0
Костанайская область,Федоровский,1994,13.8183,357.0697,1049.2683,3028.3826,240.7927,16.4283,17.8462,582.4848,0.4167,0.4164,0.3584,0.4361,0.4125,60.3561,114.4752,1638.1136,171.5617,-14.9636,0.3403,0.3693,-692.1986,0
Костанайская область,Федоровский,1995,16.6138,173.8268,1403.6456,3411.8896,106.8938,18.7737,20.6476,842.3916,0.36,0.3359,0.3201,0.3026,0.2848,27.8062,35.5601,2131.5006,128.6775,-11.3711,0.1238,0.1293,-1229.8187,0
Костанайская область,Федоровский,1996,14.2199,252.3225,1223.4153,3256.129,125.3438,19.2346,19.7039,755.2529,0.3575,0.3729,0.3117,0.3521,0.303,37.1107,64.3444,1834.3669,156.3445,-15.0609,0.2062,0.1528,-971.0928,0
Костанайская область,Федоровский,1997,14.9892,245.1578,1220.6416,3137.6945,161.7933,17.0847,18.3609,717.8333,0.4213,0.418,0.3042,0.3696,0.3514,28.1735,72.6464,1831.7752,146.861,-13.2444,0.2008,0.2351,-975.4838,0
Костанайская область,Федоровский,1998,15.9727,155.74,1422.7673,3494.1102,56.5346,20.5987,23.114,897.9453,0.3466,0.3739,0.2801,0.2932,0.2804,21.4131,24.1905,2138.9691,189.8949,-14.4609,0.1095,0.0625,-1267.0273,0
Костанайская область,Федоровский,1999,13.5746,450.0567,1021.9919,3078.6254,306.2787,15.5259,17.7539,608.7071,0.4557,0.4556,0.4225,0.4009,0.4091,58.8884,91.0389,1577.5954,223.2567,-9.4131,0.4404,0.5026,-571.9352,0
Костанайская область,Федоровский,2000,14.6399,304.5411,1143.2894,3228.0798,188.4428,16.7647,19.6417,688.0535,0.4454,0.4387,0.411,0.3384,0.3368,54.1439,34.8626,1769.4665,169.1789,-9.4906,0.2664,0.2908,-838.7483,0
Костанайская область,Федоровский,2001,14.514,314.8481,1133.2241,3244.039,186.3722,17.4584,17.6748,634.0812,0.3401,0.3445,0.3637,0.3854,0.3661,66.9001,86.5798,1749.402,191.3814,-12.0341,0.2778,0.2618,-818.376,0
Костанайская область,Федоровский,2002,13.0497,301.3225,1066.0044,3147.6038,136.8987,15.5664,17.4242,599.4749,0.4467,0.4438,0.3958,0.3269,0.3145,44.1355,24.743,1566.3738,233.1055,-9.789,0.2827,0.2184,-764.682,0
Костанайская область,Федоровский,2003,14.8873,373.8917,1029.933,3255.0154,272.8332,16.367,19.2621,613.2735,0.4557,0.4547,0.4415,0.4137,0.4116,75.4078,93.2207,1869.5702,157.6922,-15.3048,0.363,0.4939,-656.0413,0
Костанайская область,Федоровский,2004,16.1389,144.7405,1405.9128,3431.9213,47.8838,19.6413,21.0226,868.5795,0.3089,0.3477,0.2885,0.2731,0.2797,24.3707,16.1869,2094.3863,122.8608,-9.5343,0.103,0.055,-1261.1723,0
Костанайская область,Федоровский,2005,14.9525,300.9968,1053.3858,3245.3027,143.9997,18.1857,18.9482,634.0583,0.3818,0.3902,0.3647,0.35,0.3328,57.8418,49.294,1829.3564,212.0117,-14.4972,0.2857,0.2159,-752.389,0
Костанайская область,Федоровский,2006,15.1996,313.36,1232.8045,3137.5457,173.057,17.9402,19.204,697.742,0.4158,0.4071,0.3497,0.3591,0.3577,69.9889,61.7602,1870.9166,102.25,-14.3488,0.2542,0.2383,-919.4445,0
Костанайская область,Федоровский,2007,15.6396,260.6737,1248.639,3267.3831,145.4432,17.7978,19.8927,742.2081,0.4277,0.4322,0.3343,0.3379,0.2936,39.566,42.6111,1956.6181,201.0804,-8.5154,0.2088,0.1986,-987.9653,0
Костанайская область,Федоровский,2008,15.5133,258.5689,1294.8533,3363.5721,173.5556,18.4422,20.7709,779.3292,0.3698,0.35,0.3524,0.3515,0.362,74.8619,49.0808,1934.8849,135.015,-13.9239,0.1997,0.2384,-1036.2844,0
Костанайская область,Федоровский,2009,14.75,281.1232,1233.0613,3336.4732,114.3587,17.6092,19.21,739.8826,0.3742,0.3743,0.2966,0.323,0.298,21.7535,45.3712,1826.4924,104.0964,-11.0291,0.228,0.1464,-951.9381,0
Костанайская область,Федоровский,2010,16.6405,199.3366,1418.4736,3630.4743,136.4301,19.2809,21.643,838.9153,0.3146,0.327,0.281,0.3414,0.3509,17.3884,98.738,2138.081,157.5875,-17.7884,0.1405,0.1656,-1219.137,0
Костанайская область,Федоровский,2011,14.9793,365.4332,1138.4758,3261.0238,184.4423,17.5235,18.4132,621.737,0.3349,0.351,0.4102,0.349,0.3357,115.1703,43.6267,1832.6826,166.3999,-15.9468,0.321,0.2663,-773.0426,0
Костанайская область,Федоровский,2012,17.9457,213.5094,1493.6772,3446.3609,101.1813,20.7826,22.6128,883.9742,0.3383,0.3262,0.2892,0.29,0.2841,22.9332,47.5729,2376.4088,139.804,-15.597,0.1429,0.112,-1280.1678,0
Костанайская область,Федоровский,2013,15.2058,410.3171,1185.5755,3210.468,173.6648,17.7909,19.5673,696.836,0.419,0.4275,0.2848,0.3595,0.3275,11.25,110.7736,1873.6858,198.1229,-14.6346,0.3461,0.2242,-775.2584,0
Костанайская область,Федоровский,2014,15.1013,240.7596,1337.7273,3378.5456,177.717,18.0661,19.4348,750.7961,0.3286,0.3467,0.2866,0.405,0.3802,22.2491,137.4521,1883.0186,179.1058,-13.282,0.18,0.2201,-1096.9678,0
Костанайская область,Федоровский,2015,15.3097,285.1696,1276.1836,3297.1554,180.1738,18.6809,19.7326,819.0739,0.4374,0.4397,0.3438,0.325,0.2886,33.789,42.0267,1891.9862,165.718,-10.6738,0.2235,0.2392,-991.014,0
Костанайская область,Федоровский,2016,15.9812,284.1561,1197.0985,3306.8571,184.086,17.2956,20.4985,696.3659,0.3502,0.372,0.3554,0.3987,0.3736,71.6415,93.9088,2018.604,236.6423,-10.167,0.2374,0.2659,-912.9424,0
Костанайская область,Федоровский,2017,15.0586,204.6451,1263.2597,3338.8434,128.1728,17.121,19.769,730.4299,0.3759,0.3654,0.3563,0.3221,0.2934,36.9925,39.4617,1849.1591,181.1831,-13.688,0.162,0.1754,-1058.6146,0
Костанайская область,Федоровский,2018,14.4322,259.6417,1299.0066,3251.55,144.252,16.7084,18.9881,736.3585,0.3884,0.3885,0.3583,0.3143,0.3033,39.4328,40.9002,1758.3612,120.5141,-13.8029,0.1999,0.1851,-1039.3649,0
Костанайская область,Федоровский,2019,15.3567,235.873,1453.9278,3423.0855,104.8602,19.0479,20.337,881.6713,0.329,0.3252,0.3135,0.3078,0.2982,38.0606,48.3256,1908.5499,141.9598,-14.2547,0.1622,0.1134,-1218.0548,0
Костанайская область,Федоровский,2020,16.0989,347.6095,1355.7467,3317.2233,151.9632,19.2198,20.3071,795.1723,0.3944,0.4081,0.2927,0.3274,0.2986,23.9665,47.6063,2042.4582,179.9626,-7.6423,0.2564,0.1874,-1008.1371,0
Костанайская область,Федоровский,2021,16.9733,136.5038,1543.0943,3652.1533,75.823,20.6882,21.8252,919.5068,0.2899,0.3301,0.2723,0.3276,0.3046,12.6099,56.0071,2204.1762,170.9792,-13.8641,0.0885,0.0798,-1406.5905,0
Костанайская область,Федоровский,2022,15.9335,175.2596,1275.3012,3289.2837,135.2699,17.4346,20.0309,760.4417,0.3673,0.3472,0.3451,0.2973,0.2864,30.1814,37.2111,2008.1026,141.9112,-10.2977,0.1374,0.1819,-1100.0417,0
Костанайская область,Федоровский,2023,16.1801,126.1058,836.1292,2400.119,61.9293,19.4118,20.4311,479.0121,0.2987,0.3109,0.3186,0.3239,0.3114,35.1403,18.0082,2055.4562,91.7934,-12.5549,0.1508,0.1166,-710.0234,0
Костанайская область,Федоровский,2024,14.9012,341.9287,1087.0192,3195.9537,233.9487,17.0905,19.4065,621.7012,0.4194,0.409,0.3443,0.4081,0.3921,67.2209,113.8099,1814.5224,143.3144,-13.9194,0.3146,0.356,-745.0905,0
Костанайская область,Федоровский,2025,16.2016,344.9925,1219.9103,3200.1748,197.3822,18.4303,19.5895,672.5689,0.4099,0.4135,0.3321,0.3405,0.3286,63.8764,54.0935,2055.0372,124.0017,-8.1841,0.2828,0.2847,-874.9178,0
Северо-Казахстанская область,Айыртауский,1991,15.2367,232.7289,1306.3273,3438.2981,89.4252,19.1487,19.0189,742.5829,0.3077,0.3585,0.2827,0.3365,0.3132,19.8083,63.9469,1877.3727,,,0.1782,0.1027,-1073.5984,0
Северо-Казахстанская область,Айыртауский,1992,11.6658,377.6567,973.3492,3088.5217,243.9162,14.5384,15.8322,560.8417,0.4051,0.3987,0.4227,0.4013,0.3944,74.9724,125.7058,1290.3623,139.2199,-11.7167,0.388,0.3993,-595.6926,0
Северо-Казахстанская область,Айыртауский,1993,12.2704,397.0347,1020.7242,3157.2357,206.3449,15.6868,18.046,594.2557,0.4015,0.4199,0.4154,0.4223,0.4119,84.7719,96.015,1450.8143,186.4263,-12.2011,0.389,0.3213,-623.6895,0
Северо-Казахстанская область,Айыртауский,1994,12.7995,386.5681,1017.5135,3104.7207,186.4899,16.2301,17.5344,602.4983,0.435,0.4413,0.3039,0.4396,0.3975,35.3526,101.388,1517.1868,193.5134,-15.7228,0.3799,0.273,-630.9454,0
Северо-Казахстанская область,Айыртауский,1995,14.5983,232.8924,1238.5606,3405.0697,160.4743,16.3241,18.4301,726.2986,0.4155,0.4046,0.3699,0.3603,0.3267,32.8754,61.3937,1762.9847,150.3288,-11.9587,0.188,0.2309,-1005.6682,0
Северо-Казахстанская область,Айыртауский,1996,12.5713,299.4311,1092.8601,3172.4125,122.6861,17.0791,17.8589,673.4593,0.4281,0.4372,0.3238,0.3772,0.3511,35.4462,65.9702,1547.8432,173.3363,-15.4582,0.274,0.1709,-793.429,0
Северо-Казахстанская область,Айыртауский,1997,14.4186,208.0724,1292.4133,3318.3341,134.9866,16.2563,17.5688,751.6003,0.4018,0.3996,0.2997,0.3704,0.3563,19.5754,69.9093,1728.1623,173.5875,-13.2401,0.161,0.1887,-1084.3409,0
Северо-Казахстанская область,Айыртауский,1998,14.2756,261.9553,1285.647,3418.9806,136.3772,18.2534,21.3171,819.4498,0.4055,0.4138,0.3313,0.3435,0.3433,60.5056,47.3794,1869.5539,156.82,-14.4667,0.2038,0.1736,-1023.6916,0
Северо-Казахстанская область,Айыртауский,1999,13.2925,344.0245,1130.7399,3188.2668,219.8872,15.738,17.2654,640.1477,0.3687,0.3687,0.4264,0.3943,0.4042,112.2499,73.949,1570.4352,192.3387,-9.4579,0.3042,0.3203,-786.7153,0
Северо-Казахстанская область,Айыртауский,2000,13.8369,330.5108,1160.3745,3214.4629,218.906,15.9284,18.3577,646.3587,0.406,0.378,0.4259,0.39,0.3913,104.5833,42.1579,1622.5225,132.8917,-10.015,0.2848,0.3485,-829.8637,0
Северо-Казахстанская область,Айыртауский,2001,13.383,377.1308,1100.0286,3239.0662,166.7502,16.4758,16.6709,606.806,0.3609,0.377,0.3735,0.406,0.3612,55.3856,81.6387,1551.5826,251.2784,-12.858,0.3428,0.2417,-722.8978,0
Северо-Казахстанская область,Айыртауский,2002,12.6371,272.6169,1102.0689,3284.8311,139.2516,14.9493,16.8776,597.8873,0.4267,0.4197,0.414,0.3428,0.3468,57.5346,24.347,1499.0077,245.9353,-9.0426,0.2474,0.2224,-829.452,0
Северо-Казахстанская область,Айыртауский,2003,14.0433,332.5678,1086.8738,3205.8809,256.6536,16.0158,18.3905,630.0241,0.4394,0.4444,0.4422,0.4268,0.4242,68.1861,92.5518,1772.3653,166.8448,-15.1476,0.306,0.4323,-754.3059,0
Северо-Казахстанская область,Айыртауский,2004,14.9982,195.6846,1411.5944,3409.5192,92.1447,18.4838,19.5078,843.241,0.3551,0.3731,0.2918,0.3269,0.2999,34.7917,39.4789,1900.1426,153.9526,-10.2233,0.1386,0.1052,-1215.9098,0
Северо-Казахстанская область,Айыртауский,2005,13.9601,360.8125,1034.1099,3257.5919,213.5986,17.2525,18.3283,599.9141,0.4296,0.4303,0.3852,0.3903,0.4024,65.7009,64.1096,1680.9447,226.848,-14.7057,0.3489,0.3349,-673.2974,0
Северо-Казахстанская область,Айыртауский,2006,13.9166,321.8955,1206.2134,3130.6122,151.2417,16.9017,18.0578,692.3418,0.4373,0.4392,0.3503,0.3745,0.366,65.6866,47.0412,1655.2189,124.5631,-13.9796,0.2669,0.2122,-884.3179,0
Северо-Казахстанская область,Айыртауский,2007,14.1175,385.016,1145.8438,3320.403,284.1242,16.3549,17.9684,647.0673,0.4484,0.4481,0.3773,0.4234,0.4127,44.2286,154.2602,1676.6232,227.7225,-8.3842,0.336,0.4241,-760.8278,0
Северо-Казахстанская область,Айыртауский,2008,14.5745,217.4714,1302.2654,3380.4996,150.5231,17.8498,19.9322,793.956,0.379,0.3708,0.3457,0.3563,0.3521,50.6264,62.5098,1763.3644,147.5107,-13.9553,0.167,0.2039,-1084.794,0
Северо-Казахстанская область,Айыртауский,2009,13.5392,351.3688,1209.0381,3308.1845,178.295,16.1405,17.7029,710.793,0.4241,0.4184,0.3107,0.3742,0.3403,19.5772,85.8929,1599.3496,134.6406,-12.172,0.2906,0.2402,-857.6693,0
Северо-Казахстанская область,Айыртауский,2010,15.3513,116.6947,1470.4358,3677.5898,64.4164,17.7893,20.4901,889.118,0.3481,0.3696,0.3027,0.2885,0.2834,21.8223,21.7097,1935.142,167.8807,-17.8207,0.0794,0.0761,-1353.7411,0
Северо-Казахстанская область,Айыртауский,2011,14.0914,423.9034,1091.8537,3150.1471,288.1279,15.9301,17.0377,567.3728,0.4023,0.3993,0.4465,0.4048,0.4052,95.6256,85.4873,1667.6127,165.6525,-15.4458,0.3882,0.4705,-667.9503,0
Северо-Казахстанская область,Айыртауский,2012,16.0873,293.3102,1311.6793,3398.118,193.3447,18.5812,20.3356,741.5161,0.3945,0.4005,0.3167,0.3277,0.3271,50.1663,90.3851,2035.4513,140.0086,-16.1822,0.2236,0.2555,-1018.3691,0
Северо-Казахстанская область,Айыртауский,2013,13.5833,468.3831,1101.3254,3221.4968,214.3327,15.7039,17.6853,634.2686,0.4308,0.4384,0.3199,0.4118,0.3839,21.4701,149.2972,1576.411,204.9794,-14.9204,0.4253,0.3029,-632.9423,0
Северо-Казахстанская область,Айыртауский,2014,13.4475,285.3086,1210.8471,3267.6039,193.567,16.1221,18.0147,669.3907,0.3657,0.3732,0.3211,0.4379,0.4047,33.2372,120.0178,1605.7542,181.2137,-14.0927,0.2356,0.2744,-925.5384,0
Северо-Казахстанская область,Айыртауский,2015,13.9196,328.3503,1183.1316,3300.7751,201.4975,17.3848,18.1326,732.5159,0.4351,0.4376,0.3787,0.3851,0.3509,57.047,74.9395,1665.7619,194.1687,-11.3881,0.2775,0.2857,-854.7813,0
Северо-Казахстанская область,Айыртауский,2016,14.6917,315.5593,1116.443,3246.3495,207.6057,15.9347,18.4637,597.0236,0.3511,0.3795,0.3794,0.4479,0.4422,102.6928,91.5467,1780.5596,310.6845,-9.7145,0.2826,0.3267,-800.8837,0
Северо-Казахстанская область,Айыртауский,2017,14.3352,235.5033,1268.2518,3393.604,164.1913,16.7302,18.795,691.2356,0.3836,0.3882,0.3579,0.3884,0.3652,37.5221,81.9486,1722.7637,234.3053,-12.0745,0.1857,0.2207,-1032.7486,0
Северо-Казахстанская область,Айыртауский,2018,12.6453,379.3091,1108.9701,3124.9443,218.8136,14.9001,17.3476,625.4848,0.4312,0.4293,0.3937,0.3961,0.3885,68.8103,89.5381,1456.3338,158.2694,-13.1489,0.342,0.3216,-729.661,0
Северо-Казахстанская область,Айыртауский,2019,13.7249,305.9128,1239.1995,3313.5987,121.0311,16.6873,18.4754,737.6034,0.3942,0.3928,0.3751,0.3244,0.3077,46.6186,43.5579,1637.7822,167.5213,-13.4737,0.2469,0.1588,-933.2867,0
Северо-Казахстанская область,Айыртауский,2020,15.4046,305.1475,1349.9589,3416.9773,173.6299,18.1937,18.862,746.0169,0.358,0.3696,0.2899,0.3822,0.3861,38.5196,111.3207,1914.1258,234.2615,-7.6551,0.226,0.2184,-1044.8114,0
Северо-Казахстанская область,Айыртауский,2021,15.1398,190.808,1396.744,3527.7622,103.8156,18.7096,19.5948,810.267,0.3397,0.3739,0.2875,0.3467,0.3354,20.9609,68.9886,1884.9106,191.3796,-14.3749,0.1366,0.1194,-1205.936,0
Северо-Казахстанская область,Айыртауский,2022,15.4645,180.7359,1359.9259,3352.4997,142.578,17.5725,18.8551,754.7121,0.3148,0.3281,0.3374,0.3508,0.3064,49.8189,67.1863,1921.1393,152.5935,-9.5964,0.1329,0.1729,-1179.19,0
Северо-Казахстанская область,Айыртауский,2023,15.2421,135.8892,866.9935,2484.1056,68.7219,18.5797,20.1124,522.2757,0.3263,0.3481,0.3214,0.316,0.3184,39.4395,15.6176,1886.7866,115.9037,-12.7922,0.1567,0.1253,-731.1043,0
Северо-Казахстанская область,Айыртауский,2024,13.8422,411.2659,1048.416,3149.6115,276.0955,16.3,18.5192,603.0814,0.442,0.4366,0.4291,0.4413,0.4347,88.0077,104.172,1621.9288,155.8293,-13.3048,0.3923,0.4329,-637.1501,0
Северо-Казахстанская область,Айыртауский,2025,15.2383,369.7837,1142.6665,3172.2123,221.5697,17.8119,18.4121,632.0724,0.4304,0.4294,0.3885,0.3551,0.3322,54.3617,81.382,1878.8458,188.7895,-8.7656,0.3236,0.3358,-772.8828,0
Северо-Казахстанская область,Акжарский,1991,16.21,221.4124,1339.5999,3391.5245,87.0259,20.3871,20.193,765.0232,0.27,0.3136,0.285,0.3087,0.2794,30.0257,50.5367,2056.3351,,,0.1653,0.097,-1118.1875,0
Северо-Казахстанская область,Акжарский,1992,12.9375,255.9619,1132.2128,3133.6515,128.5245,16.351,17.5957,681.6749,0.3228,0.3375,0.3328,0.3261,0.289,48.3154,60.8756,1523.7589,103.4617,-12.4121,0.2261,0.1755,-876.2509,0
Северо-Казахстанская область,Акжарский,1993,13.6837,317.5135,1119.7011,3153.8036,179.178,16.8743,19.9044,679.7976,0.4143,0.4223,0.3726,0.3589,0.3292,59.5934,66.4547,1666.3086,141.871,-11.7984,0.2836,0.2639,-802.1875,0
Северо-Казахстанская область,Акжарский,1994,14.4025,323.9456,1158.3542,3129.2133,169.4218,18.2028,19.4655,683.6177,0.3782,0.3808,0.2924,0.3828,0.3476,47.3027,77.1157,1769.817,146.9433,-15.9411,0.2797,0.2164,-834.4087,0
Северо-Казахстанская область,Акжарский,1995,15.4723,264.2523,1286.3824,3312.6262,195.4697,17.3369,19.3257,730.559,0.3855,0.3772,0.3414,0.375,0.37,37.5053,96.0195,1923.4765,126.1579,-12.0647,0.2054,0.2672,-1022.1301,0
Северо-Казахстанская область,Акжарский,1996,13.013,357.3132,1030.5886,3119.463,168.436,17.3203,18.2394,617.9808,0.3967,0.4113,0.3318,0.4045,0.397,53.5439,96.4118,1594.1388,144.338,-15.6002,0.3467,0.2558,-673.2754,0
Северо-Казахстанская область,Акжарский,1997,15.4827,187.7,1370.0842,3355.1804,122.1942,17.1952,18.5878,790.3951,0.3487,0.3472,0.303,0.3295,0.3145,31.7066,55.0319,1923.8783,126.8818,-12.9628,0.137,0.1608,-1182.3842,0
Северо-Казахстанская область,Акжарский,1998,14.888,288.6962,1267.159,3244.9279,155.6098,18.7772,22.058,809.3474,0.4045,0.4066,0.2938,0.3511,0.3434,43.8573,68.1705,1952.4174,127.4981,-16.3336,0.2278,0.2016,-978.4629,0
Северо-Казахстанская область,Акжарский,1999,14.8713,232.2414,1334.6187,3345.5872,121.7843,18.0219,19.2238,752.3364,0.3188,0.3363,0.3471,0.305,0.3019,56.1278,37.2569,1847.4096,149.4662,-9.8617,0.174,0.151,-1102.3772,0
Северо-Казахстанская область,Акжарский,2000,15.2706,262.3935,1301.8574,3230.5975,158.3239,17.8107,19.9786,751.4419,0.3948,0.3586,0.351,0.3002,0.2889,37.134,48.7044,1885.2631,122.95,-10.3335,0.2016,0.2137,-1039.4639,0
Северо-Казахстанская область,Акжарский,2001,14.8879,318.3461,1241.6146,3246.4838,172.2445,18.0412,18.1274,650.8268,0.3124,0.3412,0.3872,0.3647,0.3479,84.5963,68.9731,1819.3888,193.573,-14.5354,0.2564,0.2315,-923.2685,0
Северо-Казахстанская область,Акжарский,2002,13.8549,258.3248,1179.7629,3313.5795,149.9405,16.695,18.3138,653.1681,0.3714,0.3735,0.3529,0.3597,0.3168,46.1736,65.4402,1734.2711,191.5854,-9.1025,0.219,0.2174,-921.4381,0
Северо-Казахстанская область,Акжарский,2003,15.3127,262.917,1232.8681,3260.7501,168.2229,17.7736,19.6163,693.7588,0.3714,0.3703,0.3722,0.3528,0.3219,47.7012,62.3532,1953.8583,154.6423,-15.8247,0.2133,0.2328,-969.9511,0
Северо-Казахстанская область,Акжарский,2004,15.7101,244.9166,1426.8627,3295.5118,120.6597,19.8513,20.2845,830.9876,0.3294,0.3537,0.284,0.3286,0.3124,41.8798,46.947,2019.0667,129.8312,-11.0274,0.1716,0.1369,-1181.9461,0
Северо-Казахстанская область,Акжарский,2005,15.1244,348.4027,1122.245,3253.2856,233.1334,18.5719,19.7962,632.3431,0.3381,0.3446,0.3477,0.3986,0.4035,109.9111,88.2667,1863.1319,168.0758,-15.5953,0.3105,0.3291,-773.8423,0
Северо-Казахстанская область,Акжарский,2006,14.8354,251.7841,1300.0764,3186.4902,122.7362,18.3795,19.7298,741.0752,0.3744,0.3842,0.3094,0.3352,0.3305,66.6349,33.3582,1861.1474,100.5053,-16.6221,0.1937,0.1578,-1048.2923,0
Северо-Казахстанская область,Акжарский,2007,15.8143,279.038,1320.8938,3347.9213,181.0138,17.9841,19.7464,736.1466,0.3807,0.3942,0.3168,0.3711,0.3467,39.2821,89.582,1986.7147,190.562,-8.0876,0.2112,0.2394,-1041.8558,0
Северо-Казахстанская область,Акжарский,2008,15.5375,225.2843,1375.2466,3394.5977,132.258,19.2023,20.9489,819.7442,0.3329,0.3269,0.2987,0.3252,0.3009,29.8932,65.3866,1939.5353,117.1999,-13.3845,0.1638,0.1679,-1149.9623,0
Северо-Казахстанская область,Акжарский,2009,14.5133,301.5694,1226.8908,3218.1422,174.0198,17.2067,18.6518,701.6293,0.3501,0.3454,0.3186,0.3657,0.3382,34.1879,95.9847,1748.2759,110.8132,-13.3457,0.2458,0.2358,-925.3214,0
Северо-Казахстанская область,Акжарский,2010,15.8254,138.0067,1469.9989,3532.1748,79.5459,18.1139,20.8914,883.2721,0.3236,0.3347,0.2979,0.2804,0.2796,41.8532,14.6296,1988.4423,133.095,-20.0696,0.0939,0.0956,-1331.9921,0
Северо-Казахстанская область,Акжарский,2011,15.3242,338.6447,1223.8624,3245.6989,243.3225,17.279,18.5461,635.0286,0.3584,0.3695,0.3794,0.3704,0.3644,68.4858,76.1845,1892.4863,122.4217,-16.9336,0.2767,0.3601,-885.2176,0
Северо-Казахстанская область,Акжарский,2012,17.3286,202.623,1415.8691,3428.6916,130.9619,20.1199,22.0349,795.0133,0.338,0.3373,0.3258,0.2898,0.2805,60.8539,38.2604,2262.9704,103.0462,-16.473,0.1431,0.1635,-1213.2461,0
Северо-Казахстанская область,Акжарский,2013,14.3923,351.5028,1168.9442,3270.4332,167.6317,16.6141,18.7433,657.2039,0.4012,0.4004,0.282,0.373,0.3511,16.5331,109.954,1724.578,163.1137,-16.302,0.3007,0.227,-817.4414,0
Северо-Казахстанская область,Акжарский,2014,14.8094,192.5442,1363.7665,3304.6874,121.8524,17.3776,19.63,750.0767,0.3029,0.333,0.2908,0.3664,0.3179,36.7908,65.6738,1804.893,160.8829,-14.1742,0.1412,0.1539,-1171.2223,0
Северо-Казахстанская область,Акжарский,2015,14.9093,349.0289,1216.6335,3283.0437,213.9183,18.5439,19.2889,726.9768,0.3694,0.3661,0.3475,0.384,0.3774,60.7995,113.8666,1819.8716,178.5583,-11.5217,0.2869,0.2894,-867.6046,0
Северо-Казахстанская область,Акжарский,2016,16.0997,330.9692,1195.7151,3319.2485,234.8808,17.4892,19.7714,616.2892,0.3068,0.3422,0.3718,0.425,0.4069,86.2358,134.8965,2037.517,198.0991,-10.7193,0.2768,0.348,-864.7459,0
Северо-Казахстанская область,Акжарский,2017,15.7542,213.5542,1401.2844,3401.8433,154.972,18.5175,20.3994,760.0915,0.3165,0.3432,0.3052,0.3715,0.316,35.4552,94.4391,1975.1188,164.9715,-12.5585,0.1524,0.1867,-1187.7302,0
Северо-Казахстанская область,Акжарский,2018,13.664,382.5156,1151.712,3081.2621,186.24,16.1651,18.7653,673.7301,0.4079,0.3988,0.3448,0.3468,0.3372,64.7401,62.465,1616.8322,134.9955,-14.9471,0.3321,0.2615,-769.1963,0
Северо-Казахстанская область,Акжарский,2019,14.7429,268.1607,1285.0641,3362.2432,142.8944,17.409,19.6177,758.5507,0.3664,0.3642,0.3639,0.3135,0.3097,52.1432,56.0807,1806.2548,146.5161,-14.8529,0.2087,0.189,-1016.9034,0
Северо-Казахстанская область,Акжарский,2020,17.2736,206.6032,1522.875,3507.8122,93.2118,19.8034,20.6967,832.7126,0.3175,0.3541,0.2813,0.3108,0.3099,51.0528,32.3486,2256.6907,158.9551,-7.4944,0.1357,0.1079,-1316.2717,0
Северо-Казахстанская область,Акжарский,2021,15.898,156.608,1401.9705,3541.2809,83.1824,19.6743,20.5887,795.7713,0.301,0.3304,0.2881,0.3013,0.2835,27.1318,41.2871,2036.0562,140.2719,-15.77,0.1117,0.0942,-1245.3624,0
Северо-Казахстанская область,Акжарский,2022,16.4435,167.0848,1397.4922,3373.2219,112.1107,19.2729,20.0462,788.4331,0.2738,0.3051,0.2972,0.3241,0.2872,36.7606,57.727,2101.5686,119.6853,-10.6482,0.1196,0.1279,-1230.4074,0
Северо-Казахстанская область,Акжарский,2023,16.163,87.2648,896.7142,2555.4635,29.0007,19.8448,21.5709,542.5174,0.2847,0.3149,0.2759,0.2649,0.2758,17.3849,7.0951,2068.7894,89.3868,-13.4029,0.0973,0.0508,-809.4494,0
Северо-Казахстанская область,Акжарский,2024,14.8831,328.8118,1078.5088,3167.2996,222.9707,17.5172,19.8919,617.3631,0.4134,0.4062,0.3875,0.3914,0.3782,56.8912,91.9888,1813.4636,124.0785,-14.0121,0.3049,0.3509,-749.697,0
Северо-Казахстанская область,Акжарский,2025,16.4728,302.7539,1222.3207,3211.8416,157.1175,19.3062,19.9535,680.3201,0.365,0.3616,0.3287,0.3324,0.2972,61.0337,54.547,2104.4227,149.8883,-8.6027,0.2477,0.2162,-919.5668,0
Северо-Казахстанская область,Аккайынский,1991,15.7849,235.9591,1363.4938,3351.8971,102.9926,19.8054,19.4662,764.9201,0.2837,0.3355,0.297,0.3501,0.3063,37.7151,60.9748,1977.7024,,,0.1731,0.1122,-1127.5347,0
Северо-Казахстанская область,Аккайынский,1992,12.2661,267.3052,1124.5833,3081.2042,191.717,15.2265,16.5963,654.4504,0.3638,0.3586,0.3935,0.3649,0.3414,79.2375,81.9029,1397.1006,122.9801,-11.9948,0.2377,0.2725,-857.2781,0
Северо-Казахстанская область,Аккайынский,1993,13.0493,373.9982,1127.5358,3042.7651,186.8439,16.6841,19.2359,672.2714,0.3992,0.4018,0.3615,0.3946,0.3608,46.7299,103.8549,1583.0336,157.1965,-11.8075,0.3317,0.2514,-753.5376,0
Северо-Казахстанская область,Аккайынский,1994,13.4004,398.1708,1073.1908,3072.3874,199.3668,17.0754,18.361,623.3675,0.4158,0.4209,0.2919,0.4232,0.3684,18.3676,132.965,1615.4946,203.2501,-15.6504,0.371,0.2728,-675.02,0
Северо-Казахстанская область,Аккайынский,1995,14.8357,227.6139,1268.4859,3272.3899,156.0324,16.5541,18.5579,721.8449,0.3899,0.3819,0.3665,0.3651,0.3369,44.6397,67.5381,1806.8516,152.1013,-11.9611,0.1794,0.2164,-1040.872,0
Северо-Казахстанская область,Аккайынский,1996,12.3736,341.744,1033.9022,3031.4752,165.1679,16.8924,17.721,621.0866,0.4222,0.4301,0.3391,0.4168,0.3941,44.5728,96.2946,1501.1337,158.7636,-15.4468,0.3305,0.2421,-692.1582,0
Северо-Казахстанская область,Аккайынский,1997,14.3453,239.7586,1272.4656,3222.0171,143.2889,16.0717,17.2169,708.296,0.3636,0.3711,0.3239,0.3882,0.37,37.6819,79.8008,1715.1527,153.7176,-12.9849,0.1884,0.2003,-1032.7071,0
Северо-Казахстанская область,Аккайынский,1998,14.0791,305.4452,1237.8476,3266.5067,171.4751,18.2159,21.1985,776.6439,0.4039,0.4009,0.3177,0.3763,0.3686,55.1263,81.5874,1847.3865,151.8501,-16.0552,0.2468,0.2214,-932.4024,0
Северо-Казахстанская область,Аккайынский,1999,13.823,290.8515,1248.8296,3173.1308,159.3274,16.8352,17.9415,703.6978,0.3334,0.3548,0.3621,0.3597,0.3689,51.5378,81.3675,1659.951,189.5617,-9.8688,0.2329,0.2034,-957.9781,0
Северо-Казахстанская область,Аккайынский,2000,14.4941,293.4918,1263.8175,3146.5041,195.8315,16.915,19.0314,704.5776,0.3991,0.3801,0.3916,0.3529,0.3357,68.4364,50.8912,1742.5734,120.5829,-10.1039,0.2322,0.2748,-970.3257,0
Северо-Казахстанская область,Аккайынский,2001,13.6748,339.2895,1123.5204,3185.5214,187.9427,16.7593,17.095,614.0048,0.3554,0.3756,0.4236,0.3942,0.3861,92.6933,65.7079,1629.0614,247.003,-14.2923,0.302,0.2743,-784.2309,0
Северо-Казахстанская область,Аккайынский,2002,12.5074,345.7209,1044.6313,3164.0209,181.5252,15.3707,16.8277,568.8086,0.4247,0.417,0.4203,0.3897,0.3866,65.378,45.6827,1511.0591,209.2167,-9.61,0.331,0.2895,-698.9104,0
Северо-Казахстанская область,Аккайынский,2003,14.5509,242.9491,1187.3871,3255.4333,164.2753,16.8092,19.0959,699.1669,0.4014,0.4144,0.3947,0.3716,0.349,53.4003,67.5467,1850.5354,172.065,-15.6028,0.2046,0.2388,-944.4381,0
Северо-Казахстанская область,Аккайынский,2004,14.8111,282.913,1335.6377,3256.9317,164.5792,18.8864,19.2763,771.4438,0.3182,0.348,0.3266,0.3632,0.3381,74.7312,75.2229,1875.0181,139.5234,-10.3698,0.2118,0.1947,-1052.7248,0
Северо-Казахстанская область,Аккайынский,2005,14.2119,441.4623,1061.311,3196.6249,279.8019,17.4405,18.6042,595.5491,0.3877,0.3824,0.4159,0.4135,0.4292,88.7899,121.7716,1709.5963,191.2424,-15.6297,0.416,0.4261,-619.8487,0
Северо-Казахстанская область,Аккайынский,2006,13.7527,364.4228,1177.9873,3084.7197,175.9654,17.2213,18.3525,663.2498,0.407,0.4173,0.3518,0.3885,0.3791,89.7065,55.2182,1682.2594,104.9714,-15.9015,0.3094,0.2425,-813.5645,0
Северо-Казахстанская область,Аккайынский,2007,14.7632,349.7627,1232.0984,3239.435,208.0115,17.0073,18.8726,705.4655,0.4404,0.441,0.3841,0.3956,0.3786,51.421,90.5063,1794.9842,240.7312,-8.5277,0.2839,0.2912,-882.3357,0
Северо-Казахстанская область,Аккайынский,2008,14.5382,288.5795,1301.6585,3282.3856,166.3551,17.9452,20.0198,796.045,0.4074,0.3939,0.3471,0.3506,0.3183,40.0029,71.0229,1756.3746,132.2958,-13.2346,0.2217,0.2236,-1013.079,0
Северо-Казахстанская область,Аккайынский,2009,13.8138,326.8126,1214.7216,3255.2968,173.0144,16.3769,18.1104,717.0905,0.3933,0.3967,0.3228,0.3807,0.3382,31.2775,88.0131,1642.4948,121.1975,-12.8521,0.269,0.2343,-887.909,0
Северо-Казахстанская область,Аккайынский,2010,15.5049,131.7212,1497.8941,3483.5204,68.0656,17.8176,20.4525,901.9456,0.3368,0.3498,0.3048,0.2849,0.2802,29.1398,16.1641,1930.2545,134.1517,-19.8389,0.0879,0.0782,-1366.1729,0
Северо-Казахстанская область,Аккайынский,2011,14.313,381.6291,1130.5204,3108.2357,248.2589,16.3657,17.5444,584.3551,0.3878,0.3864,0.4465,0.4004,0.3882,105.8355,65.08,1708.0011,176.8189,-16.6663,0.3376,0.3788,-748.8913,0
Северо-Казахстанская область,Аккайынский,2012,16.1638,312.2005,1325.0243,3305.5159,187.6569,18.8183,20.5703,743.8823,0.3886,0.3946,0.3411,0.3345,0.3323,75.7501,59.5691,2049.0841,138.4598,-16.2247,0.2356,0.2459,-1012.8238,0
Северо-Казахстанская область,Аккайынский,2013,13.7814,339.307,1160.5559,3156.271,137.7929,15.8719,18.2069,667.7978,0.424,0.4303,0.3171,0.3602,0.3173,21.3675,72.2208,1613.0885,194.2226,-15.7204,0.2924,0.1883,-821.249,0
Северо-Казахстанская область,Аккайынский,2014,13.723,271.382,1279.8258,3184.0655,180.9153,16.2286,18.3329,705.0132,0.3379,0.3535,0.3174,0.4361,0.4012,37.6172,120.9792,1631.442,179.3893,-13.8468,0.212,0.2383,-1008.4438,0
Северо-Казахстанская область,Аккайынский,2015,14.0924,396.8727,1178.4517,3210.2115,230.4878,17.731,18.3735,703.9449,0.4079,0.4087,0.3463,0.4182,0.4117,39.8752,144.6332,1672.6834,210.3739,-11.3226,0.3368,0.3169,-781.579,0
Северо-Казахстанская область,Аккайынский,2016,15.3187,375.8687,1159.9927,3233.8329,258.3762,16.651,19.2121,609.008,0.338,0.365,0.3818,0.4522,0.4534,109.2254,129.1239,1894.9603,264.3819,-10.5268,0.324,0.385,-784.124,0
Северо-Казахстанская область,Аккайынский,2017,14.5692,294.6202,1291.7748,3317.4078,189.6665,17.0546,19.2139,710.8298,0.4002,0.4009,0.3822,0.3805,0.3403,49.3922,76.2032,1758.8441,194.5996,-13.0484,0.2281,0.2495,-997.1546,0
Северо-Казахстанская область,Аккайынский,2018,12.9081,391.5089,1126.1866,3067.5612,202.5949,15.173,17.6718,635.9981,0.4213,0.4205,0.42,0.37,0.3472,73.6129,58.6422,1498.6057,138.3416,-13.8604,0.3476,0.2933,-734.6777,0
Северо-Казахстанская область,Аккайынский,2019,13.9657,349.8512,1260.7483,3276.3147,181.1926,16.8229,18.6036,732.1472,0.3723,0.3732,0.4016,0.3603,0.3525,86.5041,58.8804,1677.3307,167.7647,-14.0265,0.2775,0.2384,-910.8971,0
Северо-Казахстанская область,Аккайынский,2020,16.2995,262.35,1459.3726,3384.7281,106.3995,18.8966,19.7288,798.3896,0.3409,0.3644,0.2807,0.3324,0.3378,33.7693,53.1582,2078.6301,187.7726,-7.5397,0.1798,0.1256,-1197.0226,0
Северо-Казахстанская область,Аккайынский,2021,15.3573,212.1042,1399.0456,3462.0145,119.4498,19.0347,19.7052,764.5681,0.3244,0.3595,0.3004,0.3496,0.3287,24.876,76.909,1923.5592,188.5917,-15.6381,0.1516,0.1352,-1186.9414,0
Северо-Казахстанская область,Аккайынский,2022,15.5876,208.0846,1372.7615,3252.7883,143.3987,18.0347,19.1831,760.4477,0.31,0.3199,0.3146,0.3645,0.3269,56.8756,60.5819,1944.6205,120.2689,-10.2709,0.1516,0.1712,-1164.6769,0
Северо-Казахстанская область,Аккайынский,2023,15.6913,106.2779,924.7547,2509.3969,54.202,19.1534,20.6033,540.0452,0.3176,0.3323,0.3245,0.2954,0.2973,30.7757,11.865,1966.3152,95.3503,-12.2642,0.1149,0.093,-818.4768,0
Северо-Казахстанская область,Аккайынский,2024,14.1258,333.4389,1072.3823,3109.2883,214.2436,16.5954,19.0112,594.8034,0.4266,0.4205,0.4154,0.3999,0.3789,78.0846,67.195,1674.2248,148.3443,-14.0632,0.3109,0.3345,-738.9434,0
Северо-Казахстанская область,Аккайынский,2025,15.576,360.3876,1146.3147,3111.9182,222.0187,18.129,18.9984,633.4443,0.4278,0.421,0.3696,0.3699,0.3482,66.8864,64.7461,1940.1351,171.0527,-8.1701,0.3144,0.3327,-785.9271,0
Северо-Казахстанская область,Г.Мусрепова,1991,16.419,183.9094,1436.9393,3487.0348,76.8623,20.408,20.275,816.6203,0.3158,0.3483,0.2685,0.3136,0.2955,14.3906,46.0648,2093.9079,,,0.128,0.0812,-1253.0299,0
Северо-Казахстанская область,Г.Мусрепова,1992,12.6252,273.7635,1068.4689,3135.3999,166.1687,15.3595,16.7685,611.4741,0.383,0.3731,0.3887,0.3511,0.3285,64.184,61.0407,1438.8822,152.0291,-12.0403,0.2562,0.2493,-794.7054,0
Северо-Казахстанская область,Г.Мусрепова,1993,13.1309,415.9677,1091.1826,3146.9958,211.1191,16.6771,18.9042,630.9897,0.3802,0.4011,0.4229,0.4067,0.3885,98.0494,80.841,1586.1651,202.4939,-12.3255,0.3812,0.3093,-675.2149,0
Северо-Казахстанская область,Г.Мусрепова,1994,13.7093,369.6178,1103.8707,3140.5502,204.6317,17.0065,18.2958,649.9838,0.4178,0.4261,0.306,0.4122,0.3688,25.1666,117.7199,1647.9161,182.0269,-15.6254,0.3348,0.2819,-734.2529,0
Северо-Казахстанская область,Г.Мусрепова,1995,16.1126,176.8491,1436.4354,3455.4253,115.9181,18.0999,20.2555,862.0585,0.3842,0.3645,0.3368,0.2912,0.2855,33.61,29.0041,2040.3328,140.4501,-12.003,0.1231,0.1399,-1259.5864,0
Северо-Казахстанская область,Г.Мусрепова,1996,13.7756,281.0339,1212.0975,3257.7587,125.6767,18.4709,19.129,738.942,0.3931,0.4087,0.3079,0.3677,0.3316,45.2786,59.2112,1745.2709,161.1242,-15.3025,0.2319,0.1589,-931.0635,0
Северо-Казахстанская область,Г.Мусрепова,1997,15.4135,203.062,1385.2844,3304.301,133.4364,17.4229,18.7644,814.4001,0.3761,0.3795,0.2927,0.3617,0.3432,23.3122,68.811,1910.1074,166.9651,-13.4541,0.1466,0.1713,-1182.2225,0
Северо-Казахстанская область,Г.Мусрепова,1998,15.6701,197.1943,1460.5167,3478.7746,97.0365,19.9411,22.8343,922.9853,0.3649,0.3781,0.3087,0.3066,0.2966,50.7874,26.5097,2086.5419,163.0472,-14.5127,0.135,0.1068,-1263.3223,0
Северо-Казахстанская область,Г.Мусрепова,1999,13.9793,329.6396,1165.11,3172.6647,214.5116,16.1957,18.0297,680.8238,0.365,0.3611,0.376,0.3896,0.3951,67.6353,107.6351,1658.8155,203.5785,-9.4757,0.2829,0.3043,-835.4704,0
Северо-Казахстанская область,Г.Мусрепова,2000,15.0833,283.8239,1322.4338,3306.6786,183.4932,17.1412,19.8263,762.2572,0.4034,0.3752,0.4018,0.3391,0.323,65.9514,42.193,1850.8287,146.5471,-9.5447,0.2146,0.2532,-1038.6098,0
Северо-Казахстанская область,Г.Мусрепова,2001,14.3989,327.3122,1187.0586,3294.2609,148.7277,17.4808,17.757,671.3242,0.349,0.3569,0.3275,0.3788,0.3371,32.4784,82.1433,1728.3635,234.0419,-12.5292,0.2757,0.1966,-859.7464,0
Северо-Казахстанская область,Г.Мусрепова,2002,13.4749,294.8043,1164.0446,3298.334,155.8104,15.8203,17.7321,635.1538,0.4267,0.4194,0.3949,0.35,0.3383,60.3681,32.3327,1616.5481,244.4977,-8.9501,0.2533,0.2319,-869.2403,0
Северо-Казахстанская область,Г.Мусрепова,2003,14.8898,365.1205,1132.0264,3286.8827,282.5315,16.5884,19.2602,666.3204,0.4445,0.4471,0.4288,0.4196,0.4149,77.3916,92.8349,1897.4053,168.4547,-15.3125,0.3225,0.4722,-766.9059,0
Северо-Казахстанская область,Г.Мусрепова,2004,16.0899,178.6039,1513.3618,3453.806,74.6546,19.5147,20.9064,921.8489,0.3501,0.3687,0.2908,0.2817,0.2832,26.3002,23.5529,2084.5977,150.4655,-9.7981,0.118,0.08,-1334.7578,0
Северо-Казахстанская область,Г.Мусрепова,2005,14.9922,295.2162,1140.3471,3304.0078,159.1271,18.399,19.3919,682.3391,0.4037,0.4141,0.3325,0.3581,0.3446,39.384,58.1705,1845.9404,234.7823,-14.8347,0.2589,0.2221,-845.1308,0
Северо-Казахстанская область,Г.Мусрепова,2006,15.2186,249.4089,1359.9006,3199.4828,129.3194,18.0276,19.381,777.7338,0.4136,0.4086,0.3249,0.335,0.3218,52.1926,38.6147,1874.6092,116.5284,-13.6146,0.1834,0.1636,-1110.4917,0
Северо-Казахстанская область,Г.Мусрепова,2007,15.181,304.191,1250.2939,3351.5596,206.6424,17.4106,19.1303,713.3295,0.4254,0.4274,0.3375,0.4071,0.3928,44.7258,106.1178,1871.5376,220.0445,-8.1566,0.2433,0.2837,-946.1028,0
Северо-Казахстанская область,Г.Мусрепова,2008,15.4209,227.4632,1360.3208,3423.5881,151.9031,18.5748,20.7901,826.0478,0.369,0.3667,0.3484,0.343,0.3478,60.9506,51.9712,1918.0957,176.353,-14.0303,0.1672,0.1947,-1132.8575,0
Северо-Казахстанская область,Г.Мусрепова,2009,14.5521,266.8696,1305.4403,3362.0439,138.9073,17.218,18.8773,770.4133,0.4014,0.3993,0.2858,0.3409,0.3106,13.3083,60.8472,1774.424,159.9156,-12.0649,0.2044,0.1727,-1038.5708,0
Северо-Казахстанская область,Г.Мусрепова,2010,16.9631,88.4571,1649.2421,3717.5635,57.1659,19.6645,22.1764,987.3471,0.2995,0.324,0.2688,0.2941,0.2852,10.2517,29.154,2197.7106,146.3318,-17.4023,0.0536,0.0592,-1560.7851,0
Северо-Казахстанская область,Г.Мусрепова,2011,15.3208,322.2662,1263.8518,3270.8838,172.9838,17.4058,18.5529,685.4186,0.3693,0.3654,0.4183,0.3318,0.3278,78.2491,40.0042,1893.9187,174.9868,-15.5089,0.255,0.2363,-941.5856,0
Северо-Казахстанская область,Г.Мусрепова,2012,17.5048,231.893,1509.5069,3460.759,135.4945,20.2089,21.9903,869.8575,0.3622,0.3824,0.2954,0.2876,0.2867,31.6749,56.0382,2295.2072,157.9729,-16.343,0.1536,0.1505,-1277.6139,0
Северо-Казахстанская область,Г.Мусрепова,2013,14.9056,360.0189,1261.8631,3274.2474,131.9651,17.2919,19.1843,743.9313,0.4068,0.4217,0.2862,0.348,0.3103,15.1623,77.7262,1818.5015,183.5669,-14.7982,0.2853,0.1617,-901.8442,0
Северо-Казахстанская область,Г.Мусрепова,2014,14.6899,255.659,1356.7652,3329.279,169.7771,17.5536,19.1868,747.868,0.3153,0.3411,0.2991,0.4023,0.3593,28.6993,121.8679,1811.8096,190.1214,-13.8665,0.1884,0.212,-1101.1062,0
Северо-Казахстанская область,Г.Мусрепова,2015,14.9302,302.4663,1281.1738,3332.2275,183.717,18.5537,19.3537,810.8666,0.4314,0.4404,0.3486,0.3138,0.3015,39.0575,36.101,1834.8272,182.4996,-11.7882,0.2361,0.237,-978.7076,0
Северо-Казахстанская область,Г.Мусрепова,2016,15.6539,323.1107,1218.153,3337.2372,217.0343,16.9008,19.5993,666.7534,0.3182,0.3587,0.3812,0.4169,0.4121,130.9408,77.1579,1957.6066,298.3696,-9.645,0.2652,0.3138,-895.0423,0
Северо-Казахстанская область,Г.Мусрепова,2017,14.9965,211.9173,1299.9415,3428.4262,133.5158,17.3393,19.5932,726.9803,0.3701,0.382,0.3642,0.3371,0.3056,45.1748,42.3929,1837.4847,235.4393,-12.4613,0.163,0.174,-1088.0242,0
Северо-Казахстанская область,Г.Мусрепова,2018,13.7852,303.794,1238.8328,3220.8493,170.3258,16.0399,18.4577,696.0275,0.4121,0.407,0.3574,0.3526,0.3304,48.5296,66.0133,1641.0077,147.1495,-12.8292,0.2452,0.2268,-935.0388,0
Северо-Казахстанская область,Г.Мусрепова,2019,14.8819,256.3024,1393.9549,3414.8063,95.8194,18.2381,19.7668,840.3577,0.3493,0.3464,0.3154,0.2964,0.2851,32.615,39.3482,1823.4964,142.6877,-12.8476,0.1839,0.109,-1137.6526,0
Северо-Казахстанская область,Г.Мусрепова,2020,16.1889,258.2562,1429.045,3446.84,134.0308,18.9732,20.0062,821.1078,0.3952,0.3996,0.2973,0.3222,0.3012,31.6499,33.808,2058.3967,235.326,-7.7053,0.1807,0.1623,-1170.7888,0
Северо-Казахстанская область,Г.Мусрепова,2021,16.1592,155.6243,1516.4915,3604.6012,88.4115,19.7134,20.928,904.767,0.3303,0.3686,0.282,0.331,0.3125,18.1294,56.4922,2064.2343,219.981,-14.2209,0.1026,0.0956,-1360.8672,0
Северо-Казахстанская область,Г.Мусрепова,2022,16.2494,135.6512,1422.2147,3375.4155,111.4353,18.21,20.1369,836.0611,0.3345,0.3252,0.3143,0.2932,0.2856,36.4044,36.4086,2065.3537,146.8653,-10.1129,0.0954,0.1314,-1286.5635,0
Северо-Казахстанская область,Г.Мусрепова,2023,16.0251,135.8456,894.1255,2497.8598,76.1481,19.3669,20.7608,529.6347,0.3232,0.3432,0.317,0.3276,0.3173,37.9392,22.5107,2027.5615,127.4284,-12.9624,0.1519,0.1356,-758.2799,0
Северо-Казахстанская область,Г.Мусрепова,2024,14.8507,309.019,1190.8759,3266.6559,199.2262,17.3773,19.6702,698.3468,0.4056,0.4022,0.3641,0.3943,0.3698,63.1697,89.6752,1806.3526,166.5019,-13.4431,0.2595,0.272,-881.8569,0
Северо-Казахстанская область,Г.Мусрепова,2025,16.1725,351.1136,1242.304,3213.9012,247.1812,18.6494,19.3647,677.1974,0.4104,0.4111,0.3734,0.3449,0.321,60.2813,89.0874,2049.7801,179.3314,-8.3988,0.2826,0.3482,-891.1903,0
Северо-Казахстанская область,Есильский,1991,15.9601,198.6908,1320.3859,3350.2569,82.4868,19.8905,19.6396,739.4414,0.2816,0.3314,0.2825,0.3162,0.2784,26.2155,53.0115,2009.7456,,,0.1505,0.0939,-1121.6951,0
Северо-Казахстанская область,Есильский,1992,12.3297,322.1032,1044.4721,3060.0875,230.507,15.2401,16.5774,602.237,0.3417,0.3411,0.375,0.3637,0.3359,86.1735,118.8533,1398.709,120.0584,-11.7189,0.3084,0.3515,-722.3689,0
Северо-Казахстанская область,Есильский,1993,13.1681,366.2487,1085.2795,3065.495,182.05,16.8635,19.272,644.1955,0.3814,0.3851,0.3643,0.3733,0.3498,49.215,94.8598,1597.2943,162.8432,-11.726,0.3375,0.2564,-719.0308,0
Северо-Казахстанская область,Есильский,1994,13.4463,373.1719,1022.6009,3042.9663,187.7759,16.9074,18.2807,595.4367,0.4035,0.4063,0.2935,0.4171,0.366,30.0727,109.1624,1615.5012,200.8105,-15.3749,0.3649,0.2718,-649.429,0
Северо-Казахстанская область,Есильский,1995,15.2367,211.2641,1261.3331,3290.0831,137.3256,17.0578,19.1249,732.9905,0.3693,0.3555,0.3388,0.3279,0.2972,37.1414,53.969,1880.182,139.6866,-11.744,0.1675,0.19,-1050.069,0
Северо-Казахстанская область,Есильский,1996,12.8262,321.2507,1056.0843,3080.3692,150.029,17.4605,18.2506,641.1686,0.3966,0.4022,0.3058,0.3854,0.3556,33.2878,93.2559,1582.0964,152.7057,-14.9964,0.3042,0.2153,-734.8336,0
Северо-Казахстанская область,Есильский,1997,14.6187,221.5557,1247.8815,3232.3665,151.8485,16.3551,17.6147,699.6642,0.3622,0.3602,0.3135,0.3737,0.3561,40.8183,78.0634,1764.9025,150.6673,-12.8781,0.1775,0.2207,-1026.3258,0
Северо-Казахстанская область,Есильский,1998,14.5753,253.0186,1254.7938,3305.6864,136.6729,18.6898,21.673,785.1956,0.3681,0.3712,0.2915,0.3471,0.3311,47.4534,65.4652,1916.5591,154.1049,-15.3212,0.2016,0.175,-1001.7752,0
Северо-Казахстанская область,Есильский,1999,13.7531,308.6267,1146.3186,3122.0931,175.0469,16.4843,17.8807,655.9691,0.3334,0.34,0.3859,0.3501,0.3511,77.7543,65.8428,1641.9778,196.4915,-9.5377,0.2692,0.246,-837.692,0
Северо-Казахстанская область,Есильский,2000,14.5234,315.2271,1188.9175,3148.0983,223.4773,16.8009,19.0862,662.0594,0.3829,0.3572,0.3788,0.384,0.3785,82.2181,64.8931,1747.6815,113.7855,-9.7405,0.2651,0.3397,-873.6904,0
Северо-Казахстанская область,Есильский,2001,13.8538,332.9822,1091.5243,3204.7008,160.6909,16.9736,17.3228,615.6133,0.3454,0.3585,0.3731,0.359,0.3384,65.3789,65.6841,1651.2653,250.576,-13.5176,0.3051,0.2373,-758.5421,0
Северо-Казахстанская область,Есильский,2002,12.7841,308.3059,1039.6585,3184.5686,154.2754,15.583,17.238,580.3017,0.4097,0.3983,0.3858,0.3563,0.3494,60.6361,39.3484,1552.3027,213.7613,-9.2738,0.2965,0.2475,-731.3526,0
Северо-Казахстанская область,Есильский,2003,14.7094,253.4452,1116.5355,3215.2893,181.6427,16.8045,19.3568,668.5727,0.3989,0.4,0.3946,0.3613,0.3443,60.8026,72.2696,1878.0429,170.0083,-15.3442,0.227,0.2891,-863.0903,0
Северо-Казахстанская область,Есильский,2004,15.2663,257.4377,1333.9134,3318.1755,148.8618,19.1218,19.8499,790.9679,0.3272,0.3381,0.3225,0.3327,0.3238,83.4194,46.0815,1952.2343,139.6475,-10.0164,0.193,0.1775,-1076.4757,0
Северо-Казахстанская область,Есильский,2005,14.5538,361.3809,1055.0188,3192.1942,216.595,17.8821,19.0634,613.2221,0.3795,0.3681,0.3698,0.3785,0.3773,69.7722,88.0866,1776.7467,200.0009,-15.1985,0.3425,0.332,-693.6379,0
Северо-Казахстанская область,Есильский,2006,14.2681,328.7513,1189.846,3094.2703,162.4172,17.6231,18.7367,682.0779,0.3875,0.3901,0.3373,0.3647,0.3436,72.8233,58.1525,1755.6487,105.3745,-14.9496,0.2763,0.2235,-861.0947,0
Северо-Казахстанская область,Есильский,2007,14.9598,341.7214,1204.3728,3251.7904,200.5389,17.2483,19.054,688.9987,0.4201,0.4189,0.3335,0.3928,0.3701,40.4465,101.5468,1830.9054,230.1025,-8.3142,0.2837,0.2848,-862.6514,0
Северо-Казахстанская область,Есильский,2008,14.8079,253.2278,1260.8372,3286.415,145.4383,18.2177,20.4308,785.3188,0.378,0.3692,0.3175,0.3281,0.3137,31.9554,67.549,1805.9332,135.0447,-13.3563,0.2008,0.2008,-1007.6094,0
Северо-Казахстанская область,Есильский,2009,14.0649,317.7107,1182.6102,3277.5122,162.0664,16.6714,18.4643,712.8386,0.3881,0.3897,0.3146,0.3528,0.3113,31.2027,74.2968,1693.0117,125.0633,-12.3095,0.2687,0.2229,-864.8995,0
Северо-Казахстанская область,Есильский,2010,15.966,130.3841,1483.4028,3558.1395,74.5999,18.3502,20.9757,893.227,0.3023,0.325,0.3049,0.2911,0.273,40.6415,20.7268,2014.7751,137.1967,-19.0765,0.0879,0.0863,-1353.0186,0
Северо-Казахстанская область,Есильский,2011,14.423,400.1885,1066.4389,3083.2712,252.8837,16.5032,17.6189,556.4626,0.3706,0.3633,0.4226,0.3705,0.3643,124.7432,56.3216,1728.5576,173.5345,-16.192,0.3753,0.4079,-666.2505,0
Северо-Казахстанская область,Есильский,2012,16.2966,317.6065,1267.5933,3323.8404,192.4333,18.8915,20.608,716.8195,0.3621,0.3688,0.3038,0.3262,0.3293,80.5881,68.2491,2073.3671,138.3877,-16.2782,0.2506,0.2632,-949.9868,0
Северо-Казахстанская область,Есильский,2013,13.9494,387.1521,1096.3919,3147.8518,155.4809,16.1241,18.3528,641.4163,0.4071,0.4122,0.296,0.3532,0.3174,16.0526,105.1332,1643.635,199.5456,-15.209,0.3531,0.2207,-709.2397,0
Северо-Казахстанская область,Есильский,2014,13.8985,267.6206,1218.0421,3204.2165,176.4497,16.5218,18.4469,672.2571,0.3362,0.344,0.3044,0.4137,0.3694,29.3484,118.3053,1668.1878,181.1558,-13.7154,0.2197,0.2451,-950.4215,0
Северо-Казахстанская область,Есильский,2015,14.256,353.2878,1151.2668,3228.0553,198.5896,17.8473,18.6173,705.1045,0.4034,0.4041,0.3217,0.386,0.3659,25.2949,118.1927,1710.0549,204.8933,-11.143,0.3069,0.2832,-797.979,0
Северо-Казахстанская область,Есильский,2016,15.4191,326.3902,1129.2064,3221.2456,200.2236,16.7412,19.4519,613.2398,0.3353,0.358,0.3543,0.4276,0.4123,72.9512,108.7849,1913.7689,280.7012,-10.1871,0.289,0.3054,-802.8163,0
Северо-Казахстанская область,Есильский,2017,14.676,261.4836,1240.2064,3330.6824,176.0825,16.9844,19.2989,681.3237,0.3851,0.3818,0.3688,0.3647,0.3227,53.3608,62.0373,1778.5771,190.1961,-12.6963,0.2108,0.2455,-978.7227,0
Северо-Казахстанская область,Есильский,2018,13.0872,369.5487,1088.0583,3096.86,229.3559,15.2549,17.7292,602.2484,0.4039,0.3983,0.4011,0.381,0.3628,72.5834,85.2553,1526.2045,143.0475,-13.3063,0.3396,0.3495,-718.5096,0
Северо-Казахстанская область,Есильский,2019,14.1043,327.5159,1205.3298,3245.611,169.925,17.1133,18.7237,698.7761,0.3466,0.3459,0.3559,0.3529,0.3447,61.83,82.179,1703.6653,159.092,-13.5046,0.2717,0.229,-877.8139,0
Северо-Казахстанская область,Есильский,2020,16.2104,254.7721,1374.555,3381.4152,124.9228,18.8943,19.7707,757.3146,0.3402,0.3438,0.2868,0.329,0.3279,36.1039,53.7927,2062.4607,198.0034,-7.496,0.1853,0.157,-1119.783,0
Северо-Казахстанская область,Есильский,2021,15.5827,215.8785,1360.9004,3456.3789,126.054,19.3238,20.0247,757.8508,0.3167,0.3457,0.2781,0.3477,0.3428,19.3284,91.4991,1962.1778,197.3386,-14.9996,0.1586,0.1462,-1145.0219,0
Северо-Казахстанская область,Есильский,2022,15.6559,214.7048,1304.1548,3273.7119,153.3357,17.8905,19.2958,730.0664,0.3163,0.3093,0.3087,0.3357,0.3126,58.9793,61.0702,1956.7997,116.258,-9.8826,0.1646,0.194,-1089.45,0
Северо-Казахстанская область,Есильский,2023,15.9075,109.4286,883.9729,2495.2989,58.6072,19.306,20.7862,518.1331,0.3021,0.3149,0.3186,0.2949,0.2916,32.8456,14.4774,2006.0274,94.5581,-12.2368,0.1238,0.1055,-774.5443,0
Северо-Казахстанская область,Есильский,2024,14.3453,346.2661,1052.4027,3124.1718,230.1728,16.8527,19.183,595.0318,0.4003,0.3919,0.3917,0.3997,0.3791,74.2409,91.1394,1714.1585,146.7868,-13.5968,0.329,0.3617,-706.1365,0
Северо-Казахстанская область,Есильский,2025,15.7165,361.3245,1116.6113,3114.2831,227.6071,18.2795,19.1308,623.1756,0.4143,0.4104,0.3537,0.3466,0.3245,52.5986,75.2555,1966.0814,163.5345,-8.1274,0.3236,0.3505,-755.2867,0
Северо-Казахстанская область,Жамбылский,1991,15.7899,212.0672,1360.1197,3346.7512,104.236,19.6201,19.3604,759.7234,0.3235,0.3666,0.3036,0.369,0.3155,27.8242,68.9738,1978.4513,,,0.1559,0.1157,-1148.0525,0
Северо-Казахстанская область,Жамбылский,1992,11.997,314.0899,1059.0829,3026.5227,221.5251,14.72,16.2115,609.7747,0.4003,0.3973,0.4104,0.3975,0.3786,76.8892,116.4778,1343.8695,134.3326,-12.1705,0.2966,0.3357,-744.993,0
Северо-Казахстанская область,Жамбылский,1993,12.8519,441.0709,1098.4143,3032.1159,221.2762,16.5786,18.8843,643.3295,0.4156,0.4232,0.4053,0.4131,0.412,53.8449,137.5783,1549.7901,194.6931,-11.8444,0.4016,0.3087,-657.3435,0
Северо-Казахстанская область,Жамбылский,1994,13.3696,379.3534,1078.492,2985.2431,192.0895,16.6452,18.0291,613.6483,0.4323,0.4366,0.3259,0.4534,0.4204,35.3628,106.5494,1595.0328,209.4305,-15.2698,0.3517,0.2666,-699.1386,0
Северо-Казахстанская область,Жамбылский,1995,15.2262,195.2476,1336.4384,3304.976,116.7827,17.1076,19.0088,768.6177,0.3864,0.3842,0.3596,0.3425,0.3137,34.2098,46.2122,1877.9873,141.3459,-11.6259,0.1461,0.1504,-1141.1908,0
Северо-Казахстанская область,Жамбылский,1996,12.9471,300.3855,1175.0295,3091.5525,145.7493,17.7692,18.4061,705.4448,0.416,0.4249,0.3176,0.4186,0.3948,30.2707,93.6096,1608.1011,164.564,-14.9371,0.2556,0.1866,-874.644,0
Северо-Казахстанская область,Жамбылский,1997,14.2776,236.7514,1253.5809,3153.8917,162.0843,16.0394,17.2001,699.0028,0.4118,0.4161,0.365,0.4157,0.4021,52.4664,72.8589,1702.0687,152.639,-13.2526,0.1889,0.2321,-1016.8295,0
Северо-Казахстанская область,Жамбылский,1998,14.6249,191.1971,1361.9794,3302.8718,92.936,18.8886,21.7958,857.9685,0.4005,0.4086,0.3155,0.349,0.3113,34.2179,39.2177,1932.9715,160.2789,-15.2957,0.1404,0.1092,-1170.7823,0
Северо-Казахстанская область,Жамбылский,1999,13.3467,367.5163,1128.2995,3043.3909,216.4989,15.9185,17.4798,649.5901,0.4227,0.4156,0.4463,0.3965,0.3957,89.3195,60.8576,1565.0973,210.221,-9.7522,0.3257,0.3102,-760.7833,0
Северо-Казахстанская область,Жамбылский,2000,14.2914,354.9642,1196.7035,3101.527,234.5914,16.5914,18.8783,672.1702,0.4504,0.4457,0.4277,0.4229,0.4228,71.802,67.3788,1705.2466,127.4129,-9.8612,0.2966,0.3517,-841.7393,0
Северо-Казахстанская область,Жамбылский,2001,13.841,320.3025,1170.0833,3208.0876,165.6999,16.8596,17.2126,656.0549,0.3899,0.4004,0.413,0.4027,0.3823,73.2388,55.4773,1636.2387,235.1347,-13.5671,0.2737,0.2285,-849.7808,0
Северо-Казахстанская область,Жамбылский,2002,12.4558,382.1068,1040.9058,3149.5622,199.894,15.1877,16.7371,575.6448,0.4577,0.4599,0.4434,0.4219,0.4256,71.1469,41.9707,1485.1433,235.1672,-9.7333,0.3671,0.3231,-658.7989,0
Северо-Казахстанская область,Жамбылский,2003,14.5984,304.2054,1149.7911,3250.6141,226.0477,16.6078,19.1691,681.8135,0.4351,0.4419,0.4432,0.4333,0.4291,78.8727,96.4151,1846.8784,178.3782,-15.5154,0.2646,0.3529,-845.5858,0
Северо-Казахстанская область,Жамбылский,2004,14.943,268.621,1354.3695,3319.3786,149.3693,18.7309,19.6015,811.0742,0.3908,0.4049,0.3578,0.354,0.3687,86.7201,26.2326,1912.8984,132.958,-9.9438,0.1983,0.1774,-1085.7485,0
Северо-Казахстанская область,Жамбылский,2005,14.4746,324.0833,1111.8099,3166.926,198.6118,17.8121,18.85,649.4686,0.4088,0.4079,0.3818,0.4088,0.4029,39.5799,103.7915,1762.9208,221.5321,-15.1655,0.2915,0.2865,-787.7266,0
Северо-Казахстанская область,Жамбылский,2006,14.2209,290.2114,1260.7828,3092.1024,164.4315,17.4728,18.5198,703.5965,0.4196,0.4212,0.3715,0.3979,0.3815,67.5001,66.2767,1744.983,105.5019,-14.8571,0.2302,0.216,-970.5714,0
Северо-Казахстанская область,Жамбылский,2007,14.9127,317.6826,1262.5526,3231.561,197.3894,17.1817,19.0009,722.8442,0.4475,0.4469,0.3656,0.407,0.394,32.1932,111.1218,1822.5981,255.3691,-8.5277,0.2516,0.266,-944.8699,0
Северо-Казахстанская область,Жамбылский,2008,14.61,266.07,1307.0795,3284.2819,133.6785,17.9837,20.2186,810.8059,0.43,0.4288,0.3715,0.3426,0.3398,33.1314,50.2963,1769.6777,154.2541,-13.3457,0.2036,0.1779,-1041.0096,0
Северо-Казахстанская область,Жамбылский,2009,14.0524,248.3488,1270.5805,3266.8304,110.4374,16.618,18.498,766.5857,0.4237,0.4299,0.326,0.3295,0.3084,20.1622,34.6318,1702.6929,138.6639,-12.3046,0.1955,0.142,-1022.2317,0
Северо-Казахстанская область,Жамбылский,2010,15.9153,113.4749,1552.4627,3559.0253,59.6499,18.4409,20.9125,936.2118,0.3182,0.3535,0.294,0.3164,0.2917,21.35,28.4959,2005.8434,148.0446,-19.059,0.0731,0.0655,-1438.9878,0
Северо-Казахстанская область,Жамбылский,2011,14.4634,374.8719,1171.5633,3121.8015,212.3616,16.743,17.7052,612.7914,0.387,0.3866,0.4377,0.3763,0.3796,113.7371,59.0872,1736.6341,173.6219,-16.0675,0.32,0.3037,-796.6913,0
Северо-Казахстанская область,Жамбылский,2012,16.3462,285.9281,1366.2757,3316.7687,168.0939,18.9838,20.7402,782.1274,0.4009,0.4103,0.3183,0.3439,0.331,47.4556,82.3009,2082.8995,152.294,-15.9291,0.2093,0.2121,-1080.3476,0
Северо-Казахстанская область,Жамбылский,2013,14.0125,359.7949,1180.0062,3137.4251,151.0215,16.2449,18.4872,699.1961,0.4421,0.447,0.3185,0.383,0.3644,11.293,96.5154,1655.4325,215.5696,-15.1162,0.3049,0.2005,-820.2113,0
Северо-Казахстанская область,Жамбылский,2014,13.8208,287.6155,1284.0745,3197.1899,202.1456,16.5282,18.2269,703.3699,0.3663,0.3826,0.3352,0.449,0.4287,36.605,146.4881,1662.1063,191.9887,-13.8904,0.224,0.2614,-996.4589,0
Северо-Казахстанская область,Жамбылский,2015,14.0938,349.1917,1187.2883,3219.2658,205.1025,17.69,18.2873,719.4023,0.4508,0.4586,0.3531,0.4144,0.3986,18.8695,103.6604,1676.9869,195.2931,-11.1667,0.2941,0.283,-838.0966,0
Северо-Казахстанская область,Жамбылский,2016,15.3333,306.0099,1177.5451,3216.9516,213.0296,16.6323,19.5205,649.0664,0.3733,0.3909,0.405,0.453,0.4465,86.7733,103.5846,1898.6453,276.2428,-10.2639,0.2599,0.3122,-871.5352,0
Северо-Казахстанская область,Жамбылский,2017,14.3736,260.7867,1277.4458,3335.5593,153.2444,16.729,19.1519,711.8062,0.418,0.422,0.4028,0.3784,0.3471,54.0177,45.8502,1723.4696,186.2576,-13.5141,0.2041,0.2045,-1016.659,0
Северо-Казахстанская область,Жамбылский,2018,13.0838,361.9351,1173.0026,3126.3164,247.4975,15.2538,17.7026,649.1504,0.434,0.4383,0.4287,0.4189,0.4166,79.091,85.5256,1536.2696,137.617,-12.9846,0.3086,0.3508,-811.0675,0
Северо-Казахстанская область,Жамбылский,2019,13.973,329.8915,1279.361,3245.3318,174.0418,17.0825,18.6073,741.8143,0.3891,0.3914,0.4065,0.3772,0.3719,69.6531,75.5646,1686.8655,163.8557,-13.6723,0.2579,0.2205,-949.4695,0
Северо-Казахстанская область,Жамбылский,2020,15.8871,250.2706,1408.4877,3360.1653,116.0537,18.5673,19.6719,786.8833,0.3992,0.4023,0.3189,0.3288,0.3239,25.6642,34.816,2003.6076,189.8309,-7.7797,0.1777,0.144,-1158.2171,0
Северо-Казахстанская область,Жамбылский,2021,15.4171,219.6977,1417.4249,3454.3928,141.261,19.0317,19.7375,782.6284,0.3438,0.3809,0.3038,0.3852,0.381,20.241,105.419,1924.6046,202.2575,-14.9862,0.155,0.1596,-1197.7272,0
Северо-Казахстанская область,Жамбылский,2022,15.1873,241.8437,1307.7511,3256.258,186.8955,17.2183,18.9972,738.5317,0.3777,0.3627,0.3661,0.3956,0.3837,65.3713,78.7129,1871.4001,126.9902,-10.1878,0.1849,0.2392,-1065.9074,0
Северо-Казахстанская область,Жамбылский,2023,15.758,109.7875,923.7994,2490.1868,63.2488,19.0262,20.329,529.5038,0.334,0.3562,0.3375,0.3373,0.3309,33.1367,19.4176,1978.4134,97.4367,-11.8902,0.1188,0.1098,-814.0118,0
Северо-Казахстанская область,Жамбылский,2024,14.3014,387.8039,1131.9719,3130.4892,269.7912,16.6816,19.0475,629.257,0.4347,0.4293,0.4351,0.4344,0.427,104.5118,99.5078,1705.876,141.6928,-13.7056,0.3426,0.3965,-744.168,0
Северо-Казахстанская область,Жамбылский,2025,15.5688,326.3829,1176.8355,3112.7283,223.4376,18.006,18.9992,651.8078,0.4497,0.4563,0.3829,0.3832,0.3807,44.4939,72.7848,1939.1867,156.0605,-8.3181,0.2773,0.3304,-850.4527,0
Северо-Казахстанская область,Кызылжарский,1991,15.3519,246.3546,1354.2621,3323.1995,97.8882,19.2482,18.9641,753.4641,0.27,0.312,0.2544,0.3063,0.2615,33.2899,59.9377,1898.423,,,0.1819,0.1082,-1107.9075,0
Северо-Казахстанская область,Кызылжарский,1992,11.7816,290.2411,1117.3228,3049.0749,210.6932,14.7174,16.1135,651.8972,0.3411,0.3451,0.3565,0.3515,0.3378,75.979,108.9069,1324.7828,129.8222,-12.1569,0.2598,0.2979,-827.0817,0
Северо-Казахстанская область,Кызылжарский,1993,12.6717,386.9881,1130.6538,3022.4041,183.9895,16.3164,18.8595,670.3425,0.3724,0.3773,0.3215,0.3598,0.3363,50.5734,103.6409,1523.8587,164.1504,-11.9265,0.3423,0.2452,-743.6657,0
Северо-Казахстанская область,Кызылжарский,1994,13.1008,421.8539,1077.3318,3035.3212,222.1763,16.6253,17.9949,609.5597,0.389,0.3942,0.2766,0.3937,0.3521,22.0258,147.5901,1563.3463,212.2797,-15.7344,0.3916,0.3082,-655.4778,0
Северо-Казахстанская область,Кызылжарский,1995,14.4115,235.912,1255.4678,3233.323,150.7829,16.1132,18.0727,707.8414,0.3677,0.3618,0.3435,0.3225,0.2987,45.7718,59.745,1729.2836,151.8042,-12.0337,0.1879,0.2114,-1019.5558,0
Северо-Казахстанская область,Кызылжарский,1996,11.9218,364.0448,1026.4325,3003.6474,182.8132,16.5034,17.3473,611.1576,0.3966,0.4002,0.3091,0.3925,0.376,40.1765,114.0753,1435.3712,159.1402,-15.6238,0.3547,0.2682,-662.3877,0
Северо-Казахстанская область,Кызылжарский,1997,13.8088,254.6163,1250.7479,3167.3003,143.1647,15.4998,16.5995,690.3238,0.343,0.3522,0.3172,0.3434,0.3261,51.4935,66.9547,1616.9496,157.5064,-13.2175,0.2036,0.202,-996.1316,0
Северо-Казахстанская область,Кызылжарский,1998,13.5569,337.3353,1218.8086,3248.3513,194.7219,17.7382,20.659,761.9654,0.3825,0.3844,0.3015,0.3591,0.3587,65.9282,96.2169,1770.2538,151.1666,-16.286,0.2768,0.2548,-881.4733,0
Северо-Казахстанская область,Кызылжарский,1999,13.3317,291.9468,1232.8579,3144.2907,150.4714,16.3258,17.5114,698.3925,0.3296,0.3404,0.3163,0.3195,0.3254,42.0756,78.2494,1582.9616,194.1455,-10.1045,0.2368,0.1955,-940.9111,0
Северо-Казахстанская область,Кызылжарский,2000,13.9344,331.1322,1225.0545,3140.9665,209.1205,16.4499,18.4499,679.775,0.3805,0.3686,0.3597,0.3363,0.3315,65.3083,66.8174,1640.1452,126.6227,-10.307,0.2703,0.2965,-893.9223,0
Северо-Казахстанская область,Кызылжарский,2001,13.2566,347.8747,1115.7936,3172.0166,195.3001,16.3074,16.7028,609.2071,0.3511,0.3645,0.4012,0.3695,0.3677,100.9388,58.735,1571.2712,250.7042,-14.8041,0.3118,0.2878,-767.9188,0
Северо-Казахстанская область,Кызылжарский,2002,11.9838,383.4691,1015.9987,3117.3757,192.3072,14.8908,16.2926,551.6177,0.4048,0.4023,0.3885,0.3662,0.3688,66.7263,46.8154,1431.2082,217.1153,-9.9037,0.3774,0.3134,-632.5296,0
Северо-Казахстанская область,Кызылжарский,2003,14.1622,250.1254,1181.0758,3271.8552,170.2601,16.4292,18.6862,690.7241,0.3725,0.3874,0.3726,0.3432,0.3378,57.6609,67.311,1784.8261,178.7828,-15.7587,0.2118,0.2482,-930.9504,0
Северо-Казахстанская область,Кызылжарский,2004,14.261,295.9327,1315.9587,3235.8204,166.984,18.4287,18.8176,769.2604,0.3068,0.3275,0.294,0.3154,0.298,74.2358,75.7412,1794.7952,147.0103,-10.3761,0.2249,0.1994,-1020.026,0
Северо-Казахстанская область,Кызылжарский,2005,13.826,473.0832,1049.3915,3165.0785,305.3244,17.0104,18.1377,581.3284,0.357,0.3575,0.3953,0.3925,0.4027,93.8918,147.028,1646.932,197.3917,-15.9484,0.4508,0.4727,-576.3083,0
Северо-Казахстанская область,Кызылжарский,2006,13.2714,367.5808,1163.6932,3069.563,164.1742,16.7542,17.9337,645.9911,0.375,0.3843,0.3162,0.3567,0.3448,77.3667,61.5951,1612.1679,107.6706,-16.0719,0.3159,0.2288,-796.1124,0
Северо-Казахстанская область,Кызылжарский,2007,14.3148,356.929,1206.0997,3206.4327,221.4604,16.4927,18.3912,685.6591,0.411,0.4119,0.3774,0.3733,0.3624,61.6451,95.2897,1712.9666,261.4428,-8.8769,0.2959,0.3187,-849.1707,0
Северо-Казахстанская область,Кызылжарский,2008,14.023,291.0016,1286.8436,3280.2057,153.7402,17.4321,19.482,783.8946,0.3786,0.3703,0.3211,0.3057,0.2883,38.6358,66.8586,1673.5654,134.8494,-13.1049,0.2261,0.2091,-995.842,0
Северо-Казахстанская область,Кызылжарский,2009,13.3929,318.0815,1203.205,3225.8638,163.0126,15.8689,17.7008,710.174,0.3802,0.3842,0.3007,0.3342,0.2982,34.3344,74.771,1583.6909,130.7588,-13.0868,0.2644,0.2245,-885.1236,0
Северо-Казахстанская область,Кызылжарский,2010,14.9154,157.9985,1483.9678,3444.625,84.6698,17.1359,19.7851,894.7843,0.3258,0.3359,0.2957,0.2512,0.2451,41.1704,19.8219,1822.5581,141.4188,-20.2514,0.1065,0.0992,-1325.9692,0
Северо-Казахстанская область,Кызылжарский,2011,14.0142,377.7312,1160.9877,3106.7445,240.0163,16.1928,17.3601,604.0077,0.3543,0.3521,0.3967,0.3625,0.356,87.9225,88.8694,1653.2375,182.5573,-16.7227,0.3254,0.3483,-783.2565,0
Северо-Казахстанская область,Кызылжарский,2012,15.7223,327.2794,1328.2502,3288.4436,211.6106,18.3386,20.1194,741.9095,0.3693,0.3762,0.32,0.3121,0.3145,91.7341,65.9033,1968.346,154.6201,-16.2533,0.2464,0.2794,-1000.9709,0
Северо-Казахстанская область,Кызылжарский,2013,13.3947,313.4476,1167.5355,3137.047,140.9613,15.3902,17.9116,678.042,0.402,0.4067,0.2965,0.3192,0.2914,20.0495,68.1652,1542.6389,211.8042,-15.8605,0.2685,0.1959,-854.088,0
Северо-Казахстанская область,Кызылжарский,2014,13.2983,292.5221,1287.7166,3156.0667,187.1058,15.7566,17.9553,716.3005,0.329,0.3345,0.2921,0.395,0.3648,35.9467,123.4503,1566.3002,188.5423,-13.9844,0.2272,0.2449,-995.1944,0
Северо-Казахстанская область,Кызылжарский,2015,13.726,419.0084,1171.9538,3179.5812,257.6113,17.3674,17.9077,689.2317,0.3757,0.3782,0.325,0.3917,0.3887,41.6151,171.3697,1610.0989,206.8047,-11.3754,0.3575,0.3557,-752.9454,0
Северо-Казахстанская область,Кызылжарский,2016,15.0293,388.0501,1165.6864,3232.6023,276.2066,16.326,19.0119,617.5284,0.3271,0.3425,0.3485,0.4177,0.4218,115.7021,136.3617,1842.0788,259.702,-10.7374,0.3329,0.4114,-777.6363,0
Северо-Казахстанская область,Кызылжарский,2017,14.1579,278.6711,1303.2759,3294.247,167.6063,16.6227,18.9074,725.8708,0.3672,0.3697,0.3471,0.3383,0.2991,47.9926,66.4105,1683.7223,193.0415,-13.6273,0.2138,0.2196,-1024.6048,0
Северо-Казахстанская область,Кызылжарский,2018,12.5148,412.932,1124.3987,3059.3809,221.8023,14.7043,17.2504,628.3208,0.3943,0.3946,0.4061,0.3406,0.3309,85.4888,50.3829,1440.9279,133.2286,-14.0162,0.3672,0.3258,-711.4667,0
Северо-Казахстанская область,Кызылжарский,2019,13.4928,382.8427,1242.165,3258.4763,208.276,16.3154,18.0853,716.4571,0.368,0.3636,0.3867,0.3398,0.3387,91.8555,65.7604,1605.7773,167.4397,-14.1422,0.3082,0.2809,-859.3223,0
Северо-Казахстанская область,Кызылжарский,2020,15.8628,254.7823,1454.2371,3380.1951,96.7097,18.3774,19.3426,801.0995,0.3306,0.3405,0.2549,0.277,0.2728,33.6965,36.0333,1998.9032,183.6351,-7.7372,0.1752,0.1154,-1199.4548,0
Северо-Казахстанская область,Кызылжарский,2021,14.9873,207.3372,1412.893,3454.3308,117.3273,18.5775,19.2735,759.2829,0.2983,0.3291,0.2587,0.3065,0.2785,23.6448,75.894,1856.5058,187.3626,-15.9262,0.1467,0.1321,-1205.5558,0
Северо-Казахстанская область,Кызылжарский,2022,15.0241,220.488,1360.9674,3220.1318,152.9003,17.4009,18.7322,760.6327,0.3043,0.3028,0.2833,0.3219,0.2944,58.0864,58.1746,1841.8032,123.4819,-10.4278,0.162,0.1861,-1140.4794,0
Северо-Казахстанская область,Кызылжарский,2023,15.2851,117.8644,937.2145,2514.4883,57.8907,18.6993,20.0644,539.7142,0.2921,0.3065,0.2838,0.2662,0.262,31.5155,15.2669,1901.3007,94.4991,-12.1102,0.1258,0.0981,-819.3501,0
Северо-Казахстанская область,Кызылжарский,2024,13.7979,343.2974,1087.7816,3094.8111,202.6241,16.2686,18.7174,594.5967,0.3821,0.3751,0.3634,0.3611,0.3415,75.6335,70.8854,1614.2835,148.6857,-14.2558,0.3156,0.31,-744.4842,0
Северо-Казахстанская область,Кызылжарский,2025,15.1446,404.1015,1138.6692,3107.4217,259.3788,17.631,18.5903,618.4686,0.4065,0.4086,0.3477,0.373,0.3628,68.6852,94.5112,1861.1816,165.5188,-8.2941,0.3549,0.3941,-734.5677,0
Северо-Казахстанская область,М.Жумабаева,1991,15.6461,235.2902,,3328.7973,86.0269,19.7524,19.41,,0.2942,0.3501,0.2902,0.3343,0.303,23.282,57.8545,1952.4817,,,,,,1
Северо-Казахстанская область,М.Жумабаева,1992,12.0559,299.3078,,3090.5431,199.2226,15.1935,16.4562,,0.3874,0.3858,0.4117,0.38,0.3742,81.3063,76.8219,1375.476,118.4309,-12.1841,,,,1
Северо-Казахстанская область,М.Жумабаева,1993,12.9611,356.988,,3068.2372,190.093,16.3955,19.0692,,0.4088,0.4181,0.3711,0.4191,0.3991,53.5768,105.5684,1563.4372,159.0138,-11.6964,,,,1
Северо-Казахстанская область,М.Жумабаева,1994,13.526,382.6541,,3105.3671,211.6971,17.307,18.5537,,0.4221,0.4287,0.3202,0.4159,0.3792,38.5935,118.8257,1636.5827,184.3376,-15.7268,,,,1
Северо-Казахстанская область,М.Жумабаева,1995,14.7643,223.5838,,3257.9632,155.96,16.5185,18.5196,,0.402,0.3952,0.3719,0.3674,0.3567,41.4966,66.5685,1793.8886,147.9535,-11.9984,,,,1
Северо-Казахстанская область,М.Жумабаева,1996,12.2087,378.3304,,3024.8049,172.0081,16.7257,17.4925,,0.4305,0.4404,0.3551,0.4282,0.4184,47.8749,98.7849,1468.9983,159.2675,-15.4638,,,,1
Северо-Казахстанская область,М.Жумабаева,1997,14.3042,265.1101,,3242.7897,144.0146,16.1172,17.1238,,0.3513,0.3746,0.3324,0.3974,0.3889,38.5195,84.4751,1707.8057,149.0982,-12.844,,,,1
Северо-Казахстанская область,М.Жумабаева,1998,13.8229,347.5736,,3216.2446,197.3524,17.8789,20.8823,,0.4357,0.4381,0.3419,0.3945,0.4054,58.3916,91.1923,1796.8334,151.6878,-16.162,,,,1
Северо-Казахстанская область,М.Жумабаева,1999,13.9378,248.6417,,3248.8208,116.1877,17.1251,18.0943,,0.3527,0.3789,0.3601,0.3283,0.3248,44.4935,43.0291,1684.3699,183.0086,-9.9384,,,,1
Северо-Казахстанская область,М.Жумабаева,2000,14.558,282.3349,,3157.1519,167.0002,17.133,19.1277,,0.4118,0.3999,0.384,0.3178,0.3118,46.3778,44.8509,1754.4139,128.5007,-10.3306,,,,1
Северо-Казахстанская область,М.Жумабаева,2001,13.8674,357.9633,,3209.0284,188.624,17.005,17.088,,0.3522,0.3827,0.4151,0.393,0.3845,85.1231,77.9019,1649.4073,216.5552,-14.6531,,,,1
Северо-Казахстанская область,М.Жумабаева,2002,12.5923,378.6487,,3170.5423,206.4653,15.4917,16.8811,,0.4284,0.4287,0.4364,0.4132,0.4162,81.4838,52.2827,1523.6628,205.3984,-9.4796,,,,1
Северо-Казахстанская область,М.Жумабаева,2003,14.3931,282.2657,,3213.9898,173.2338,16.903,18.8121,,0.4115,0.4285,0.3883,0.3881,0.3742,41.385,80.3832,1818.4085,169.4957,-15.5211,,,,1
Северо-Казахстанская область,М.Жумабаева,2004,14.6374,267.3423,,3230.9013,141.5488,18.746,19.079,,0.3363,0.368,0.3396,0.3686,0.3622,66.2981,56.3297,1845.8804,138.4905,-10.6454,,,,1
Северо-Казахстанская область,М.Жумабаева,2005,14.3292,380.7528,,3166.7528,221.2866,17.5815,18.8179,,0.3814,0.3806,0.3887,0.418,0.4201,73.2629,96.4209,1724.0729,178.6385,-15.5574,,,,1
Северо-Казахстанская область,М.Жумабаева,2006,13.6935,367.2429,,3102.5924,171.8644,17.3505,18.4171,,0.41,0.42,0.3488,0.3938,0.3942,85.1475,54.2845,1677.7213,105.7897,-16.3792,,,,1
Северо-Казахстанская область,М.Жумабаева,2007,14.6716,385.2438,,3241.4043,254.9384,16.8185,18.6462,,0.4382,0.4431,0.4099,0.4287,0.424,76.0201,109.855,1777.9194,219.7031,-8.4809,,,,1
Северо-Казахстанская область,М.Жумабаева,2008,14.5067,284.7348,,3307.5148,157.3222,18.0559,19.8415,,0.3942,0.3923,0.3472,0.3567,0.3432,45.2895,67.3054,1750.6096,124.9562,-13.0686,,,,1
Северо-Казахстанская область,М.Жумабаева,2009,13.6845,353.7738,,3204.574,190.1332,16.3264,17.8671,,0.3928,0.4011,0.3445,0.4013,0.3707,45.9924,96.8411,1614.2867,112.5475,-13.1526,,,,1
Северо-Казахстанская область,М.Жумабаева,2010,15.1744,125.2192,,3468.9093,70.8368,17.3965,20.0216,,0.3448,0.3673,0.3169,0.2936,0.2922,34.3614,11.1093,1869.4189,129.7171,-19.9966,,,,1
Северо-Казахстанская область,М.Жумабаева,2011,14.3777,341.4704,,3153.1386,213.4535,16.4975,17.6781,,0.3847,0.3893,0.4109,0.4022,0.3926,77.9121,83.3654,1719.3063,168.738,-16.6941,,,,1
Северо-Казахстанская область,М.Жумабаева,2012,16.3301,254.7399,,3311.9034,157.2041,19.0149,20.8617,,0.397,0.401,0.3507,0.319,0.3043,57.815,47.1269,2079.8016,120.8269,-16.1093,,,,1
Северо-Казахстанская область,М.Жумабаева,2013,13.6925,341.6473,,3190.8344,144.6844,15.8276,18.1198,,0.4247,0.4291,0.3109,0.3723,0.3309,18.8608,80.4239,1596.7184,180.7618,-15.9671,,,,1
Северо-Казахстанская область,М.Жумабаева,2014,13.651,292.7361,,3200.0663,205.2678,16.1462,18.2645,,0.3313,0.3608,0.3153,0.4507,0.441,54.945,132.0909,1611.5424,169.0671,-13.898,,,,1
Северо-Казахстанская область,М.Жумабаева,2015,13.9419,400.1866,,3199.37,254.6762,17.5643,18.1396,,0.4061,0.4085,0.3799,0.4297,0.4329,51.8038,156.2578,1646.3858,198.3917,-11.3481,,,,1
Северо-Казахстанская область,М.Жумабаева,2016,15.3685,367.153,,3240.1604,256.0302,16.7399,19.2031,,0.3406,0.3748,0.3864,0.4616,0.46,99.9289,137.2592,1903.9386,253.5112,-10.7691,,,,1
Северо-Казахстанская область,М.Жумабаева,2017,14.6156,272.8064,,3309.4837,175.9939,17.3033,19.3294,,0.3864,0.3959,0.358,0.3845,0.3575,33.409,87.2964,1767.0664,191.6613,-12.9799,,,,1
Северо-Казахстанская область,М.Жумабаева,2018,12.8522,381.629,,3053.5202,166.8173,15.3199,17.8375,,0.4311,0.4317,0.394,0.342,0.3458,65.9674,41.6944,1494.874,143.6979,-14.4259,,,,1
Северо-Казахстанская область,М.Жумабаева,2019,13.832,364.1808,,3275.3802,197.1916,16.6046,18.4643,,0.392,0.393,0.4193,0.3591,0.3694,80.0686,76.9335,1656.0398,162.3447,-14.5205,,,,1
Северо-Казахстанская область,М.Жумабаева,2020,16.4124,215.5414,,3407.3769,91.6127,18.9269,19.6959,,0.3369,0.3708,0.2928,0.3255,0.3234,34.4184,41.3867,2099.3309,176.5974,-7.5833,,,,1
Северо-Казахстанская область,М.Жумабаева,2021,15.2261,189.1537,,3485.0148,99.0064,18.8921,19.6558,,0.3305,0.3747,0.3221,0.329,0.313,31.5916,53.0931,1909.0233,175.7301,-15.8752,,,,1
Северо-Казахстанская область,М.Жумабаева,2022,15.4295,199.2329,,3282.6657,139.579,18.1077,19.0068,,0.3009,0.3331,0.3328,0.3608,0.34,63.4348,55.3048,1916.1975,121.7681,-10.5295,,,,1
Северо-Казахстанская область,М.Жумабаева,2023,15.4089,96.2795,,2512.7409,44.9838,19.0064,20.4385,,0.3223,0.3516,0.3153,0.2914,0.3036,27.2445,9.6389,1935.977,92.3279,-12.6179,,,,1
Северо-Казахстанская область,М.Жумабаева,2024,14.0248,378.3583,,3141.4481,248.9999,16.5389,18.9449,,0.4253,0.4228,0.4264,0.4358,0.4287,83.3635,98.4987,1656.0044,138.2198,-14.1473,,,,1
Северо-Казахстанская область,М.Жумабаева,2025,15.5467,347.2584,,3111.784,206.5108,18.1852,19.0141,,0.4287,0.4271,0.3687,0.3875,0.353,57.0429,79.1497,1934.5006,161.3817,-8.2722,,,,1
Северо-Казахстанская область,Мамлютский,1991,15.5049,223.5324,1252.4438,3294.4453,105.5958,19.352,19.0499,698.1002,0.2898,0.3509,0.28,0.3524,0.3041,27.9546,72.0852,1926.352,,,0.1785,0.1261,-1028.9114,0
Северо-Казахстанская область,Мамлютский,1992,11.8676,286.7262,1022.4383,3035.004,208.35,14.7167,16.1268,596.7269,0.3565,0.3734,0.3714,0.3851,0.363,68.2379,119.4745,1331.3535,132.2584,-12.2231,0.2804,0.3203,-735.7121,0
Северо-Казахстанская область,Мамлютский,1993,12.7936,404.844,1050.0714,3010.5388,179.2273,16.5653,18.9855,630.84,0.4007,0.4105,0.351,0.3814,0.3651,45.0707,104.1028,1543.0846,175.5903,-11.8847,0.3855,0.2543,-645.2274,0
Северо-Казахстанская область,Мамлютский,1994,13.1568,407.1737,990.2769,2994.9043,219.3562,16.5433,17.9331,565.2309,0.4222,0.4308,0.3138,0.4379,0.3971,28.7081,130.7627,1565.7701,210.4383,-15.5633,0.4112,0.3277,-583.1031,0
Северо-Казахстанская область,Мамлютский,1995,14.6924,240.777,1182.2765,3228.6246,150.112,16.4665,18.4314,679.537,0.3786,0.3773,0.3662,0.3447,0.3347,45.8729,61.967,1780.6588,137.795,-11.7858,0.2037,0.2198,-941.4995,0
Северо-Казахстанская область,Мамлютский,1996,12.306,343.435,1011.9166,3029.3584,180.846,17.0685,17.783,608.2957,0.4047,0.4162,0.3099,0.4241,0.4026,33.5833,123.1542,1502.3301,157.882,-15.2916,0.3394,0.2641,-668.4817,0
Северо-Казахстанская область,Мамлютский,1997,13.9799,234.3141,1170.2292,3138.3445,141.704,15.7022,16.8228,653.7137,0.3833,0.3932,0.3468,0.363,0.3451,53.9027,54.8435,1647.9436,161.1732,-13.3227,0.2002,0.2129,-935.9151,0
Северо-Казахстанская область,Мамлютский,1998,14.0065,280.2101,1190.3438,3257.3584,129.7256,18.2755,21.1183,751.5792,0.3817,0.3986,0.2972,0.3535,0.345,45.5427,65.7031,1835.0637,150.838,-16.0755,0.2354,0.1708,-910.1337,0
Северо-Казахстанская область,Мамлютский,1999,13.278,313.6535,1102.5859,3072.8206,163.9816,16.1186,17.4945,637.6873,0.3885,0.3877,0.3773,0.3479,0.3512,54.1907,62.915,1567.6205,191.1986,-10.0858,0.2845,0.2367,-788.9324,0
Северо-Казахстанская область,Мамлютский,2000,13.9985,385.4009,1118.024,3099.0858,251.4439,16.4912,18.5187,626.6665,0.4153,0.4073,0.3973,0.3984,0.4076,84.995,74.4542,1651.7028,121.1347,-10.1287,0.3447,0.3871,-732.623,0
Северо-Казахстанская область,Мамлютский,2001,13.5118,344.4357,1059.1766,3165.5288,194.3076,16.5533,16.9034,593.4546,0.3669,0.3872,0.4164,0.405,0.4042,96.2336,61.5843,1600.1503,236.6248,-14.3655,0.3252,0.297,-714.7409,0
Северо-Казахстанская область,Мамлютский,2002,12.1198,377.7033,952.6627,3094.4752,186.1676,14.9858,16.4524,530.418,0.4341,0.4334,0.4319,0.3874,0.3943,69.3455,42.2524,1445.1683,220.451,-9.9171,0.3965,0.3209,-574.9595,0
Северо-Казахстанская область,Мамлютский,2003,14.4904,255.6217,1107.4896,3261.4116,183.3181,16.5457,19.017,656.1657,0.4002,0.4181,0.4141,0.3804,0.3802,71.3551,70.3808,1827.6675,180.1428,-15.7009,0.2308,0.2916,-851.8679,0
Северо-Казахстанская область,Мамлютский,2004,14.5532,294.1058,1233.3345,3243.6172,160.7808,18.723,19.1766,736.5846,0.3431,0.3638,0.3218,0.3305,0.3259,69.028,68.6652,1845.8591,137.8108,-10.2175,0.2385,0.2026,-939.2286,0
Северо-Казахстанская область,Мамлютский,2005,14.1009,394.8489,1008.0611,3154.3354,237.197,17.3708,18.483,584.2703,0.3795,0.3875,0.3905,0.4061,0.4118,73.1067,116.1278,1698.7848,209.9179,-15.7855,0.3917,0.3772,-613.2122,0
Северо-Казахстанская область,Мамлютский,2006,13.6095,343.774,1114.9726,3075.419,169.1727,17.0454,18.1239,626.1151,0.3951,0.4096,0.356,0.3857,0.376,77.4357,68.0386,1662.8895,107.34,-15.7224,0.3083,0.2452,-771.1986,0
Северо-Казахстанская область,Мамлютский,2007,14.6223,322.3736,1158.9738,3198.7709,188.629,16.8721,18.7771,675.5215,0.4377,0.4391,0.3662,0.3845,0.3659,43.4803,86.4113,1769.4166,255.5988,-8.8521,0.2782,0.2757,-836.6001,0
Северо-Казахстанская область,Мамлютский,2008,14.2829,297.472,1221.3721,3261.8496,148.5398,17.7446,19.8986,761.8187,0.4153,0.4049,0.3361,0.3301,0.3191,31.2109,64.8464,1713.9869,135.6409,-13.0864,0.2436,0.209,-923.9001,0
Северо-Казахстанская область,Мамлютский,2009,13.6501,301.7081,1140.9349,3242.5077,142.7443,16.1917,18.0784,690.7465,0.4184,0.4275,0.3112,0.3464,0.3121,28.8559,57.9864,1634.007,142.1702,-12.8319,0.2644,0.2029,-839.2268,0
Северо-Казахстанская область,Мамлютский,2010,15.2736,143.0653,1402.6071,3468.9571,69.5633,17.6638,20.1526,846.9641,0.3116,0.3478,0.294,0.2866,0.2786,29.644,25.2124,1888.2582,148.2711,-19.9653,0.102,0.084,-1259.5418,0
Северо-Казахстанская область,Мамлютский,2011,14.1694,363.5328,1082.9606,3076.1638,225.359,16.4091,17.4806,570.5079,0.3577,0.3688,0.4173,0.3842,0.3817,114.7076,76.9285,1682.1276,176.818,-16.55,0.3357,0.3471,-719.4277,0
Северо-Казахстанская область,Мамлютский,2012,16.0406,294.1556,1278.0095,3287.4484,160.1787,18.7627,20.5246,741.242,0.3912,0.4042,0.3092,0.3088,0.3102,56.1813,58.2259,2026.8634,152.3438,-16.2196,0.2302,0.214,-983.8539,0
Северо-Казахстанская область,Мамлютский,2013,13.6066,328.6235,1084.601,3093.5053,134.3246,15.7673,18.1763,646.2893,0.4285,0.438,0.2976,0.3567,0.3344,13.2774,74.6763,1581.2873,222.4929,-15.5872,0.303,0.195,-755.9775,0
Северо-Казахстанская область,Мамлютский,2014,13.5331,280.9789,1215.2748,3162.9157,176.0255,16.1264,18.1238,683.8263,0.3547,0.3697,0.304,0.4174,0.3801,28.6715,118.2416,1609.6207,189.786,-14.002,0.2312,0.2392,-934.296,0
Северо-Казахстанская область,Мамлютский,2015,13.9273,392.4313,1117.9571,3189.0222,239.3005,17.5899,18.1329,670.5598,0.419,0.4293,0.3329,0.4058,0.3979,28.924,151.685,1646.435,200.1023,-11.2922,0.351,0.3444,-725.5258,0
Северо-Казахстанская область,Мамлютский,2016,15.1971,360.7488,1104.0362,3213.1907,259.9903,16.4764,19.284,600.0135,0.3548,0.3806,0.381,0.446,0.4516,116.0945,119.0237,1873.2442,255.4557,-10.6407,0.3268,0.4039,-743.2874,0
Северо-Казахстанская область,Мамлютский,2017,14.2972,274.636,1227.8625,3300.4272,168.2923,16.7528,19.0728,685.8872,0.3952,0.4013,0.367,0.3723,0.3296,51.4981,63.4955,1709.2554,181.8772,-13.7217,0.2237,0.2311,-953.2265,0
Северо-Казахстанская область,Мамлютский,2018,12.8259,370.9547,1088.0148,3079.4274,234.7886,15.0085,17.5213,609.1058,0.4132,0.4192,0.4383,0.3741,0.3769,95.9816,49.8603,1493.3773,125.3804,-13.6966,0.3409,0.3559,-717.0601,0
Северо-Казахстанская область,Мамлютский,2019,13.786,359.3742,1206.5722,3243.2918,186.3184,16.8252,18.3907,700.7408,0.3719,0.378,0.3947,0.365,0.3671,73.7019,76.7563,1657.404,167.908,-13.9006,0.2978,0.2505,-847.198,0
Северо-Казахстанская область,Мамлютский,2020,15.9594,259.8424,1359.1108,3364.0433,116.6154,18.5882,19.6041,757.0622,0.3632,0.3711,0.2874,0.3073,0.3018,31.0522,37.5687,2016.8547,179.6552,-7.8256,0.1912,0.1478,-1099.2683,0
Северо-Казахстанская область,Мамлютский,2021,15.3177,223.2846,1341.1437,3433.3102,123.1504,19.0684,19.5849,726.4325,0.3012,0.3508,0.2667,0.3559,0.3494,17.3452,93.448,1907.2231,190.8831,-15.6133,0.1665,0.143,-1117.8591,0
Северо-Казахстанская область,Мамлютский,2022,15.031,251.8452,1245.6464,3217.8702,186.6581,17.273,18.8007,698.9316,0.3407,0.3401,0.318,0.3752,0.3606,74.0648,70.9501,1843.0111,123.9259,-10.3054,0.2022,0.2475,-993.8012,0
Северо-Казахстанская область,Мамлютский,2023,15.5735,110.9775,883.6502,2501.1498,60.5845,18.9357,20.235,508.2303,0.3088,0.3362,0.3217,0.291,0.3101,36.3643,13.8287,1944.9466,94.0548,-11.9586,0.1256,0.1089,-772.6727,0
Северо-Казахстанская область,Мамлютский,2024,14.0392,365.0178,1045.4254,3111.6399,225.4979,16.4882,18.8641,578.3697,0.4112,0.4025,0.3851,0.4062,0.3899,73.1196,93.2884,1658.1115,141.9731,-14.03,0.3492,0.3542,-680.4076,0
Северо-Казахстанская область,Мамлютский,2025,15.3207,371.374,1089.8985,3090.1646,244.747,17.7977,18.8481,607.6049,0.4327,0.4355,0.3681,0.3761,0.3802,61.3924,88.4398,1893.5521,157.5549,-8.326,0.3407,0.3864,-718.5245,0
Северо-Казахстанская область,Петропавловск,1991,15.4873,228.9583,1335.6327,3317.1762,93.5937,19.3772,19.0954,744.5372,0.2513,0.2979,0.2368,0.2901,0.2425,30.2599,59.4718,1923.1774,,,0.1714,0.1049,-1106.6744,0
Северо-Казахстанская область,Петропавловск,1992,11.9029,285.7071,1101.8801,3047.6888,211.2979,14.8234,16.2199,642.9388,0.3152,0.3241,0.3356,0.3391,0.3236,74.622,114.0635,1341.999,130.2196,-12.0686,0.2593,0.3024,-816.173,0
Северо-Казахстанская область,Петропавловск,1993,12.804,383.3231,1120.2862,3017.8033,181.1527,16.5078,19.0089,667.9637,0.3583,0.3639,0.3078,0.3423,0.3174,51.0229,99.4708,1545.1463,164.9238,-11.8653,0.3422,0.2423,-736.9631,0
Северо-Казахстанская область,Петропавловск,1994,13.1934,411.4834,1056.9889,3022.9177,214.4296,16.6914,18.0582,599.8553,0.376,0.3818,0.2605,0.3796,0.3344,21.5742,139.686,1575.5475,211.6996,-15.6309,0.3893,0.3021,-645.5055,0
Северо-Казахстанская область,Петропавловск,1995,14.5525,232.2386,1238.5617,3231.0732,146.8125,16.2781,18.2379,704.0451,0.346,0.3417,0.3245,0.3036,0.281,44.5443,58.805,1755.0941,147.5636,-11.9416,0.1875,0.2073,-1006.323,0
Северо-Казахстанская область,Петропавловск,1996,12.0755,360.7407,1020.8316,3008.8935,187.8158,16.6917,17.5073,608.5798,0.3796,0.3844,0.2906,0.3829,0.3656,39.5865,120.2697,1460.807,157.1642,-15.4885,0.3534,0.276,-660.0909,0
Северо-Казахстанская область,Петропавловск,1997,13.9301,240.7809,1234.9552,3162.4194,141.3374,15.6281,16.7445,684.3482,0.3305,0.3392,0.3002,0.3261,0.3071,51.3201,63.2793,1639.1142,159.0709,-13.1785,0.195,0.2021,-994.1743,0
Северо-Казахстанская область,Петропавловск,1998,13.736,323.2667,1212.9362,3256.0203,187.4191,17.9489,20.8349,759.331,0.3585,0.3625,0.2781,0.3451,0.3435,65.786,93.1517,1798.3397,150.5742,-16.193,0.2665,0.2452,-889.6695,0
Северо-Казахстанская область,Петропавловск,1999,13.3965,290.7188,1203.7362,3125.521,148.6484,16.3505,17.5934,685.8938,0.3195,0.3271,0.3067,0.3002,0.305,44.1618,70.9528,1591.3527,193.1921,-10.0405,0.2415,0.1975,-913.0174,0
Северо-Казахстанская область,Петропавловск,2000,14.0135,343.9106,1196.5843,3133.2479,223.5962,16.518,18.5193,664.2607,0.3649,0.3515,0.3486,0.3338,0.3351,71.1887,70.483,1654.5782,123.8873,-10.214,0.2874,0.3239,-852.6737,0
Северо-Казахстанская область,Петропавловск,2001,13.3824,344.5063,1098.1513,3169.2511,197.4062,16.424,16.8261,604.1737,0.3365,0.3511,0.3863,0.3606,0.361,99.9694,59.1819,1588.2516,247.898,-14.635,0.3137,0.2953,-753.645,0
Северо-Казахстанская область,Петропавловск,2002,12.0755,366.6992,1002.0991,3111.7064,187.0926,14.9825,16.4075,547.9201,0.3918,0.3887,0.3784,0.3497,0.3525,66.1538,44.5492,1445.2882,216.8982,-9.8611,0.3659,0.3086,-635.3999,0
Северо-Казахстанская область,Петропавловск,2003,14.3097,252.1828,1162.7016,3270.261,173.9907,16.5181,18.8492,683.5665,0.3606,0.376,0.3631,0.3313,0.3285,62.6619,66.2067,1806.5311,177.6935,-15.6798,0.2169,0.2591,-910.5188,0
Северо-Казахстанская область,Петропавловск,2004,14.4158,291.2942,1297.1267,3237.1656,161.4405,18.5859,18.9932,763.1355,0.2866,0.3116,0.2788,0.2965,0.278,73.4008,71.715,1819.4682,145.4322,-10.2723,0.2246,0.1949,-1005.8325,0
Северо-Казахстанская область,Петропавловск,2005,13.9347,455.3238,1034.2419,3165.1696,291.9071,17.132,18.2547,578.8296,0.3432,0.3433,0.3775,0.3813,0.3911,90.9074,141.6914,1665.7168,200.6623,-15.8818,0.4402,0.4575,-578.9181,0
Северо-Казахстанская область,Петропавловск,2006,13.4258,353.8517,1153.7895,3073.1505,159.7613,16.8942,18.0639,643.2403,0.3588,0.3697,0.3018,0.3384,0.3232,72.6191,64.3879,1635.9082,108.9652,-15.936,0.3067,0.2244,-799.9378,0
Северо-Казахстанская область,Петропавловск,2007,14.4564,340.5394,1195.6713,3204.6514,207.9481,16.6555,18.5572,683.9617,0.3976,0.3981,0.3531,0.3552,0.339,55.7993,90.0021,1738.9448,260.7623,-8.8235,0.2848,0.3003,-855.132,0
Северо-Казахстанская область,Петропавловск,2008,14.1572,291.1009,1271.8665,3274.1947,151.1071,17.5766,19.666,780.3838,0.3636,0.3547,0.299,0.2911,0.2706,36.0299,67.0292,1694.9246,134.3616,-13.0606,0.2289,0.2068,-980.7655,0
Северо-Казахстанская область,Петропавловск,2009,13.5241,316.6455,1185.8565,3231.5298,157.7892,16.0136,17.8617,703.7795,0.3681,0.3729,0.2795,0.3167,0.2806,32.9974,70.6791,1606.1557,131.9605,-12.9689,0.267,0.2193,-869.211,0
Северо-Казахстанская область,Петропавловск,2010,15.0755,157.9677,1463.2825,3450.722,82.5421,17.3409,19.9535,882.8454,0.2987,0.3149,0.2721,0.2382,0.2288,39.6564,22.2024,1851.8816,144.1764,-20.1234,0.108,0.0973,-1305.3149,0
Северо-Казахстанская область,Петропавловск,2011,14.1278,365.6111,1140.6789,3093.8282,231.9712,16.32,17.4628,595.7226,0.3331,0.3307,0.3838,0.3458,0.3397,93.9359,83.3511,1674.1677,180.5445,-16.6093,0.3205,0.3419,-775.0678,0
Северо-Казахстанская область,Петропавловск,2012,15.855,329.0891,1311.6764,3291.6306,205.4957,18.4887,20.2456,736.5352,0.352,0.3581,0.2959,0.2957,0.298,89.7065,64.6727,1992.6541,153.3065,-16.1975,0.2509,0.2729,-982.5873,0
Северо-Казахстанская область,Петропавловск,2013,13.5097,320.1541,1146.7808,3124.2138,144.9299,15.5425,18.0366,669.2475,0.3911,0.3969,0.2794,0.3088,0.2841,19.0898,72.5907,1563.6362,212.9423,-15.7277,0.2792,0.2038,-826.6267,0
Северо-Казахстанская область,Петропавловск,2014,13.4463,283.7857,1274.5471,3156.0944,178.0722,15.9319,18.0923,711.9135,0.3153,0.3214,0.2677,0.3743,0.3357,30.3532,117.2543,1590.3754,189.016,-13.9011,0.2227,0.2346,-990.7614,0
Северо-Казахстанская область,Петропавловск,2015,13.8541,401.407,1161.3822,3181.7484,246.9139,17.4971,18.0513,687.6653,0.3631,0.3667,0.3025,0.3779,0.3717,37.4893,163.6321,1631.2512,205.6274,-11.2799,0.3456,0.3437,-759.9752,0
Северо-Казахстанская область,Петропавловск,2016,15.1234,385.9229,1145.845,3226.7384,272.0879,16.4158,19.13,611.0396,0.3134,0.3317,0.3354,0.4092,0.4124,118.0307,130.2208,1859.3928,257.6956,-10.6465,0.3368,0.4101,-759.9221,0
Северо-Казахстанская область,Петропавловск,2017,14.2781,264.0149,1289.0707,3298.4904,156.3247,16.7319,19.0356,719.5492,0.3526,0.3564,0.3264,0.316,0.2774,45.6329,60.0947,1705.7487,190.7263,-13.5765,0.2048,0.2066,-1025.0557,0
Северо-Казахстанская область,Петропавловск,2018,12.6627,407.5256,1112.4441,3062.2295,227.0476,14.8405,17.369,620.0571,0.3768,0.3771,0.3969,0.332,0.3237,87.7367,51.1242,1463.2866,129.7725,-13.9221,0.3663,0.3376,-704.9185,0
Северо-Казахстанская область,Петропавловск,2019,13.6447,377.5719,1234.7896,3255.9863,206.3225,16.5029,18.242,714.1985,0.3483,0.3455,0.3724,0.3293,0.33,91.4839,67.4733,1630.2919,168.2578,-13.9998,0.3058,0.2785,-857.2177,0
Северо-Казахстанская область,Петропавловск,2020,15.9759,251.2253,1435.8306,3375.2845,99.1484,18.5163,19.4964,792.4069,0.3135,0.3217,0.2436,0.2576,0.2571,36.6435,31.1083,2019.6781,182.315,-7.6916,0.175,0.1197,-1184.6053,0
Северо-Казахстанская область,Петропавловск,2021,15.1653,213.5848,1402.7949,3449.1928,119.61,18.8056,19.4273,753.8332,0.2742,0.3094,0.2352,0.299,0.2696,22.0819,81.7181,1883.4663,188.0247,-15.7974,0.1523,0.1347,-1189.2101,0
Северо-Казахстанская область,Петропавловск,2022,15.1272,227.0353,1339.0677,3219.4685,158.3137,17.4675,18.8517,748.9217,0.2906,0.2874,0.2668,0.309,0.2822,60.5751,58.1738,1860.6173,121.5583,-10.3479,0.1695,0.1958,-1112.0323,0
Северо-Казахстанская область,Петропавловск,2023,15.4478,118.1494,925.7622,2511.5963,59.3051,18.8496,20.1994,532.7379,0.2713,0.2877,0.2726,0.2501,0.2521,34.5436,13.9548,1924.5445,95.3262,-11.9626,0.1276,0.1017,-807.6128,0
Северо-Казахстанская область,Петропавловск,2024,13.9433,346.3487,1082.7856,3097.986,205.1102,16.4103,18.8378,594.8063,0.3691,0.362,0.3459,0.3486,0.3296,71.2299,75.7515,1640.8053,148.1267,-14.0893,0.3199,0.3137,-736.4368,0
Северо-Казахстанская область,Петропавловск,2025,15.2597,393.4815,1125.7793,3101.0784,255.2093,17.7436,18.7243,615.1703,0.3933,0.3937,0.3307,0.3528,0.3448,63.6155,97.5237,1882.2584,164.5467,-8.2236,0.3495,0.3917,-732.2978,0
Северо-Казахстанская область,Тайыншинский,1991,16.1515,241.4564,1394.2508,3372.6093,104.7621,20.3489,19.9061,781.0731,0.2764,0.3166,0.2925,0.3305,0.2997,38.9165,60.953,2044.867,,,0.1732,0.1107,-1152.7944,0
Северо-Казахстанская область,Тайыншинский,1992,12.5713,298.3811,1120.6162,3090.5899,202.6763,15.6282,16.8925,647.7025,0.3746,0.3495,0.3816,0.3622,0.3251,67.5155,90.2531,1438.2529,105.3269,-11.7674,0.2663,0.2906,-822.2351,0
Северо-Казахстанская область,Тайыншинский,1993,13.3433,375.2273,1127.2201,3094.7643,193.4441,16.8021,19.3965,666.9613,0.3976,0.396,0.3755,0.3943,0.3632,53.9414,97.104,1616.5253,144.0889,-11.639,0.3329,0.2687,-751.9928,0
Северо-Казахстанская область,Тайыншинский,1994,13.7289,364.1592,1111.071,3107.9679,163.2912,17.5329,18.7507,655.7083,0.3967,0.4011,0.2811,0.3994,0.3241,18.4981,105.2226,1670.9104,171.858,-15.4914,0.3278,0.2135,-746.9118,0
Северо-Казахстанская область,Тайыншинский,1995,15.31,231.8793,1326.0159,3325.2041,171.8044,17.0762,19.1266,757.8273,0.3939,0.3681,0.3537,0.3617,0.3329,37.5604,74.0334,1893.5371,139.5021,-11.7683,0.1749,0.2293,-1094.1366,0
Северо-Казахстанская область,Тайыншинский,1996,12.6297,348.0811,1034.2829,3080.9146,156.6937,17.0227,17.9063,624.1676,0.4099,0.417,0.3275,0.4035,0.3692,42.9241,91.4523,1539.5047,148.0551,-15.1618,0.3365,0.2332,-686.2018,0
Северо-Казахстанская область,Тайыншинский,1997,14.9799,196.177,1351.8281,3293.7052,129.8517,16.6894,18.0648,769.8823,0.3656,0.3556,0.3012,0.3614,0.349,26.4414,70.0474,1831.3134,140.0136,-12.6548,0.1451,0.1762,-1155.6511,0
Северо-Казахстанская область,Тайыншинский,1998,14.513,307.3988,1267.6627,3294.3364,186.7492,18.5308,21.5691,790.6845,0.3982,0.394,0.3146,0.3717,0.367,56.8417,94.1731,1907.1128,135.1464,-15.5507,0.2425,0.24,-960.2639,0
Северо-Казахстанская область,Тайыншинский,1999,14.2331,301.184,1277.0999,3220.3708,177.6605,17.2309,18.2499,705.1954,0.317,0.3351,0.373,0.3601,0.3704,74.0022,82.3695,1726.778,170.4568,-9.5831,0.2358,0.2238,-975.9158,0
Северо-Казахстанская область,Тайыншинский,2000,14.8461,291.339,1292.0039,3164.0858,188.059,17.263,19.4024,721.5797,0.3764,0.3363,0.3824,0.3312,0.2979,67.8882,54.32,1807.1393,107.2724,-9.718,0.2255,0.2596,-1000.6649,0
Северо-Казахстанская область,Тайыншинский,2001,14.1803,332.1188,1182.8404,3223.2128,179.1798,17.3232,17.4555,631.047,0.3172,0.3394,0.3881,0.3861,0.3605,74.6324,81.2351,1693.5589,208.9448,-13.6961,0.2808,0.2493,-850.7217,0
Северо-Казахстанская область,Тайыншинский,2002,13.1036,288.3213,1117.2336,3237.024,165.2953,15.8513,17.5198,612.8985,0.4093,0.3976,0.3963,0.3681,0.3506,65.6731,37.1905,1612.3767,190.7948,-9.0804,0.2581,0.2525,-828.9124,0
Северо-Казахстанская область,Тайыншинский,2003,14.9212,274.8977,1217.4209,3210.7168,198.7996,17.1497,19.3479,701.5361,0.397,0.3903,0.3865,0.3762,0.3415,47.3479,87.1461,1901.4788,152.341,-15.4426,0.2258,0.2858,-942.5232,0
Северо-Казахстанская область,Тайыншинский,2004,15.3024,264.4696,1376.8338,3288.2439,153.451,19.256,19.6595,781.52,0.3128,0.3349,0.3124,0.3653,0.3535,71.8343,69.2438,1949.5713,129.0329,-10.4021,0.1921,0.1782,-1112.3642,0
Северо-Казахстанская область,Тайыншинский,2005,14.5881,399.8328,1089.037,3224.893,231.8697,17.8646,19.0989,615.9091,0.3859,0.3663,0.3802,0.3946,0.3938,80.7775,90.6699,1771.5139,175.8783,-15.2471,0.3671,0.343,-689.2042,0
Северо-Казахстанская область,Тайыншинский,2006,14.2034,349.1834,1207.0781,3105.7088,173.6712,17.5378,18.7322,689.532,0.4098,0.4132,0.3586,0.3829,0.3749,98.2309,45.3717,1744.6923,107.7336,-15.6653,0.2893,0.2393,-857.8947,0
Северо-Казахстанская область,Тайыншинский,2007,15.1678,335.4165,1279.4322,3293.0723,219.7227,17.3503,19.1474,721.1457,0.4279,0.4286,0.3529,0.3945,0.3709,41.3738,105.1916,1868.653,207.366,-8.1296,0.2622,0.3004,-944.0157,0
Северо-Казахстанская область,Тайыншинский,2008,15.0667,260.6689,1343.7716,3316.7974,170.7085,18.5249,20.5045,810.7427,0.3728,0.3518,0.3264,0.3554,0.3218,36.7997,83.9436,1853.1962,120.7963,-13.2633,0.194,0.2233,-1083.1027,0
Северо-Казахстанская область,Тайыншинский,2009,14.1693,344.0778,1246.459,3272.18,186.3953,16.8989,18.4304,731.5534,0.3849,0.3684,0.3176,0.3752,0.3393,29.8223,100.2406,1690.5995,106.9473,-12.6281,0.276,0.2428,-902.3812,0
Северо-Казахстанская область,Тайыншинский,2010,15.8736,111.3147,1517.2631,3535.9251,65.4731,18.1763,20.8485,904.4394,0.3258,0.332,0.2976,0.2888,0.2797,29.2161,14.8871,1997.5352,133.9116,-19.3912,0.0734,0.0755,-1405.9484,0
Северо-Казахстанская область,Тайыншинский,2011,14.652,367.9955,1147.0486,3141.7565,240.1863,16.4969,17.6984,582.0831,0.387,0.3804,0.4222,0.3834,0.377,100.8063,61.1001,1769.6634,146.2511,-16.3108,0.3208,0.3776,-779.0532,0
Северо-Казахстанская область,Тайыншинский,2012,16.7413,233.0404,1367.519,3359.1632,151.8151,19.3014,21.14,764.227,0.3705,0.3793,0.3248,0.306,0.2938,52.6573,42.6295,2154.9675,107.932,-15.954,0.1704,0.1974,-1134.4786,0
Северо-Казахстанская область,Тайыншинский,2013,14.0915,419.618,1167.7128,3213.3088,189.0347,16.3084,18.3619,661.7916,0.4098,0.4081,0.2946,0.3928,0.3511,17.22,132.9753,1669.1967,179.7462,-15.5537,0.3594,0.2516,-748.0949,0
Северо-Казахстанская область,Тайыншинский,2014,14.0474,277.0804,1281.9291,3249.8407,206.6626,16.5978,18.5898,690.7179,0.34,0.3433,0.3136,0.442,0.4234,50.0499,123.4799,1683.4921,159.7703,-13.7397,0.2161,0.2747,-1004.8487,0
Северо-Казахстанская область,Тайыншинский,2015,14.574,347.158,1232.5804,3241.6163,208.9105,18.0658,18.8693,739.1747,0.4,0.4006,0.3521,0.3896,0.3616,47.7567,103.7791,1758.1062,192.9611,-11.1185,0.2817,0.2828,-885.4224,0
Северо-Казахстанская область,Тайыншинский,2016,15.5622,347.6061,1178.3427,3235.2192,221.945,16.8513,19.2665,601.5958,0.3313,0.3572,0.3859,0.4417,0.4321,102.1514,104.5293,1939.442,245.0038,-10.4513,0.295,0.3323,-830.7366,0
Северо-Казахстанская область,Тайыншинский,2017,15.2001,258.4506,1371.5262,3360.2351,190.9528,17.6412,19.6585,730.8677,0.3607,0.3585,0.356,0.3956,0.3444,54.3441,89.987,1874.037,183.9007,-12.2424,0.1884,0.2405,-1113.0756,0
Северо-Казахстанская область,Тайыншинский,2018,13.381,377.8058,1172.3351,3085.0359,192.7907,15.7426,18.2416,669.5296,0.4138,0.4022,0.3674,0.3664,0.3175,55.3632,77.5904,1565.857,137.7833,-13.9046,0.3223,0.2677,-794.5293,0
Северо-Казахстанская область,Тайыншинский,2019,14.3703,324.7382,1289.8344,3309.2747,162.5416,17.2261,19.1165,757.7324,0.3624,0.3557,0.3845,0.3445,0.329,77.6637,53.623,1742.6334,156.1131,-13.9295,0.2518,0.2085,-965.0962,0
Северо-Казахстанская область,Тайыншинский,2020,16.5844,288.2347,1467.4106,3403.8434,147.1562,19.1784,19.8204,779.0036,0.3214,0.3418,0.3049,0.3524,0.3508,46.6658,85.5198,2130.3705,169.2722,-7.2474,0.1964,0.1739,-1179.1758,0
Северо-Казахстанская область,Тайыншинский,2021,15.9455,194.4319,1460.3114,3491.1937,101.8175,19.669,20.332,806.3096,0.3201,0.3395,0.2973,0.3288,0.3186,22.7622,60.3194,2016.0582,167.8431,-15.0412,0.1331,0.1109,-1265.8795,0
Северо-Казахстанская область,Тайыншинский,2022,16.2757,186.1213,1448.1087,3324.8289,130.213,18.8042,19.6623,789.9099,0.2887,0.304,0.3034,0.3585,0.3051,34.322,77.6051,2070.0031,117.9098,-9.4242,0.1285,0.146,-1261.9874,0
Северо-Казахстанская область,Тайыншинский,2023,16.061,98.2717,926.9826,2506.0738,42.961,19.5992,21.1165,548.5164,0.3016,0.3106,0.3056,0.2859,0.2905,25.9703,7.1433,2034.0783,91.2088,-12.1976,0.106,0.0736,-828.7109,0
Северо-Казахстанская область,Тайыншинский,2024,14.3771,375.293,1060.3287,3106.6336,262.8821,16.7829,19.101,586.8277,0.4265,0.4174,0.4244,0.4199,0.4111,85.5173,95.8245,1719.8996,133.3605,-13.3433,0.3539,0.4191,-685.0357,0
Северо-Казахстанская область,Тайыншинский,2025,16.03,339.9142,1212.1891,3170.8285,216.447,18.7178,19.3936,671.5278,0.4114,0.3964,0.3528,0.3515,0.3025,55.0443,88.4637,2023.153,152.8398,-7.9428,0.2804,0.303,-872.2749,0
Северо-Казахстанская область,Тимирязевский,1991,16.2777,189.7713,1311.7388,3441.6225,74.5008,20.3739,20.0842,750.8269,0.2911,0.3392,0.2612,0.3105,0.2889,16.2581,47.6073,2067.9672,,,0.1447,0.0847,-1121.9676,0
Северо-Казахстанская область,Тимирязевский,1992,12.4707,269.6519,981.0521,3070.2624,177.3044,15.2063,16.6713,571.5329,0.3634,0.3583,0.3823,0.3438,0.3323,75.6812,66.5913,1419.1238,133.5397,-12.186,0.2749,0.29,-711.4002,0
Северо-Казахстанская область,Тимирязевский,1993,13.1415,407.8894,1020.0026,3115.3519,205.8222,16.8207,19.0149,599.1415,0.3625,0.3926,0.4111,0.3849,0.3711,89.8412,87.5584,1594.9627,188.3638,-12.3249,0.3999,0.3147,-612.1132,0
Северо-Казахстанская область,Тимирязевский,1994,13.5229,385.6097,980.3914,3060.7263,202.2722,16.8911,18.2,578.2799,0.4212,0.431,0.2984,0.427,0.3827,35.1104,104.0002,1625.1397,187.8875,-15.6498,0.3933,0.3071,-594.7817,0
Северо-Казахстанская область,Тимирязевский,1995,15.744,201.7384,1276.6431,3403.308,128.1228,17.7095,19.6987,751.2145,0.3689,0.3574,0.3325,0.3045,0.2912,38.4952,41.7638,1972.7451,137.8014,-12.1403,0.158,0.1723,-1074.9048,0
Северо-Казахстанская область,Тимирязевский,1996,13.5342,290.2167,1095.9192,3168.6873,131.4577,18.3165,18.944,674.4422,0.3912,0.4072,0.2997,0.354,0.3326,47.5509,62.6006,1704.5855,163.2005,-15.3304,0.2648,0.1809,-805.7025,0
Северо-Казахстанская область,Тимирязевский,1997,14.971,229.2241,1209.6028,3248.515,152.8519,16.7967,18.0958,694.8848,0.3655,0.37,0.3006,0.3741,0.3669,30.9689,81.9676,1828.9402,150.8279,-13.4098,0.1895,0.2275,-980.3787,0
Северо-Казахстанская область,Тимирязевский,1998,15.2237,205.2305,1284.1043,3397.6907,111.5797,19.3928,22.2912,807.7029,0.3516,0.3737,0.3103,0.312,0.3143,67.1519,27.8529,2015.4337,167.9216,-14.8937,0.1598,0.1403,-1078.8738,0
Северо-Казахстанская область,Тимирязевский,1999,13.6938,342.4837,1033.2916,3110.5977,197.574,16.0906,17.7397,605.4993,0.3687,0.3696,0.3885,0.3732,0.382,71.8803,86.1176,1618.884,213.1555,-9.5869,0.3314,0.308,-690.8079,0
Северо-Казахстанская область,Тимирязевский,2000,14.9048,299.9601,1183.2062,3201.2583,205.5797,16.9721,19.5701,675.4183,0.4065,0.3795,0.4049,0.3548,0.344,70.3734,52.1202,1817.9342,126.0204,-9.7391,0.2535,0.3206,-883.2461,0
Северо-Казахстанская область,Тимирязевский,2001,14.141,354.1788,1057.8518,3267.5764,158.289,17.2719,17.5539,609.9387,0.3532,0.366,0.3503,0.358,0.3306,49.288,70.2683,1681.8181,239.678,-13.2004,0.3348,0.2322,-703.6729,0
Северо-Казахстанская область,Тимирязевский,2002,13.0306,325.0519,1016.2939,3265.4537,170.0129,15.591,17.3834,564.798,0.4248,0.4175,0.3997,0.3576,0.3491,68.3208,38.6711,1568.2405,231.1124,-9.5042,0.3198,0.2838,-691.242,0
Северо-Казахстанская область,Тимирязевский,2003,14.7129,350.0361,1034.8497,3267.0437,264.9695,16.6359,19.2606,619.2862,0.432,0.4329,0.4222,0.4145,0.4157,69.8176,111.9278,1878.5848,168.6672,-15.6322,0.3382,0.4663,-684.8136,0
Северо-Казахстанская область,Тимирязевский,2004,15.7495,189.3225,1349.9117,3385.0522,85.6398,19.36,20.5741,826.2891,0.3355,0.3604,0.301,0.2774,0.287,44.1711,17.5451,2040.3895,137.6064,-10.0135,0.1402,0.1019,-1160.5892,0
Северо-Казахстанская область,Тимирязевский,2005,14.776,305.3515,1023.4638,3213.318,175.1241,18.2144,19.2624,614.237,0.3886,0.3922,0.3272,0.3758,0.361,32.0728,81.2854,1818.918,216.2345,-15.0922,0.2984,0.2701,-718.1123,0
Северо-Казахстанская область,Тимирязевский,2006,14.8737,271.012,1211.1439,3139.3084,158.5251,17.8505,19.0557,687.1582,0.3949,0.3969,0.3238,0.351,0.3456,75.0732,52.336,1819.0833,111.4256,-14.299,0.2238,0.2216,-940.1319,0
Северо-Казахстанская область,Тимирязевский,2007,15.0993,318.8711,1150.0837,3299.4037,210.2506,17.2993,19.0999,660.8792,0.425,0.4307,0.3277,0.3986,0.3829,39.7305,118.1905,1856.5934,238.7141,-8.4704,0.2773,0.3142,-831.2126,0
Северо-Казахстанская область,Тимирязевский,2008,15.2681,238.3962,1258.8954,3342.466,149.1656,18.613,20.875,781.879,0.3649,0.3695,0.3251,0.3383,0.343,45.1731,65.7364,1890.2006,170.2097,-13.8981,0.1894,0.2034,-1020.4992,0
Северо-Казахстанская область,Тимирязевский,2009,14.4957,247.7951,1198.6931,3306.5597,117.3867,17.1495,18.9422,725.0293,0.3838,0.3901,0.2762,0.3193,0.2935,18.4355,46.1037,1769.9204,141.7922,-12.2251,0.2067,0.1588,-950.898,0
Северо-Казахстанская область,Тимирязевский,2010,16.58,125.7777,1473.2894,3667.1761,80.8085,19.1811,21.7331,891.5305,0.2941,0.3243,0.2922,0.2891,0.2864,28.1904,32.3454,2127.6709,146.0988,-18.3955,0.0854,0.0932,-1347.5117,0
Северо-Казахстанская область,Тимирязевский,2011,14.9309,333.3484,1102.8656,3177.6123,200.0831,17.0358,18.0983,586.213,0.3688,0.3677,0.4272,0.3336,0.3359,99.0056,50.1496,1822.3433,171.9691,-16.2867,0.3023,0.3119,-769.5172,0
Северо-Казахстанская область,Тимирязевский,2012,16.982,288.3888,1312.6755,3378.3494,178.0449,19.603,21.3288,749.7461,0.3618,0.3782,0.2985,0.3095,0.3215,64.5435,65.2188,2199.1365,145.0816,-16.5122,0.2197,0.2308,-1024.2867,0
Северо-Казахстанская область,Тимирязевский,2013,14.5899,372.0995,1127.046,3206.1844,160.1101,17.0115,18.9913,672.5165,0.4104,0.421,0.2773,0.3546,0.3301,14.5451,110.2002,1760.7176,192.1225,-15.1976,0.3302,0.2162,-754.9465,0
Северо-Казахстанская область,Тимирязевский,2014,14.2583,286.9072,1187.9702,3243.4901,198.695,17.0398,18.6486,646.8,0.3256,0.3472,0.3034,0.4206,0.3796,31.8132,137.3567,1733.5226,191.4114,-13.9626,0.2415,0.2815,-901.063,0
Северо-Казахстанская область,Тимирязевский,2015,14.5157,325.4356,1118.9543,3269.2609,184.4679,18.0907,18.8832,706.9195,0.4341,0.4452,0.334,0.3354,0.3058,25.3644,55.0845,1760.6064,191.1125,-11.7368,0.2908,0.272,-793.5187,0
Северо-Казахстанская область,Тимирязевский,2016,15.4577,320.6058,1080.168,3281.5375,214.9394,16.7517,19.5743,601.6284,0.3296,0.3678,0.3779,0.4207,0.4083,114.4391,85.326,1921.5636,301.2436,-10.0074,0.2968,0.3451,-759.5622,0
Северо-Казахстанская область,Тимирязевский,2017,14.6321,261.4446,1145.9212,3370.9574,175.5628,16.8989,19.2009,635.3817,0.379,0.3874,0.3878,0.3629,0.3342,69.9783,51.1825,1770.8136,212.5073,-12.9669,0.2282,0.2619,-884.4766,0
Северо-Казахстанская область,Тимирязевский,2018,13.4611,316.4715,1087.8078,3152.7497,191.5455,15.6221,18.0424,605.7936,0.4142,0.4064,0.3726,0.3447,0.3286,62.7841,62.0146,1589.0506,138.9868,-13.0812,0.2909,0.292,-771.3364,0
Северо-Казахстанская область,Тимирязевский,2019,14.4621,296.2806,1209.6403,3318.5246,140.0127,17.6683,19.1448,713.0954,0.3318,0.3442,0.3351,0.3209,0.3098,53.2206,64.9663,1758.5491,143.0905,-13.7504,0.2449,0.1849,-913.3597,0
Северо-Казахстанская область,Тимирязевский,2020,16.0342,269.9963,1277.7562,3388.964,159.2512,18.7093,19.733,719.0796,0.3741,0.3802,0.3005,0.3417,0.3296,40.2363,60.295,2030.0436,222.6311,-7.8362,0.2113,0.2179,-1007.7599,0
Северо-Казахстанская область,Тимирязевский,2021,15.7491,203.0279,1317.8419,3534.5104,122.7573,19.3658,20.3286,768.6632,0.3218,0.3633,0.2729,0.3535,0.3525,19.0974,87.6292,1996.5359,211.7616,-14.843,0.1541,0.1501,-1114.8141,0
Северо-Казахстанская область,Тимирязевский,2022,15.9229,172.0299,1269.1894,3322.1835,126.7941,17.9208,19.7703,737.3635,0.3261,0.3249,0.3088,0.3034,0.3009,42.5753,49.0583,2005.7059,126.5658,-10.5577,0.1355,0.167,-1097.1595,0
Северо-Казахстанская область,Тимирязевский,2023,15.8925,125.9075,826.7353,2491.4271,64.9548,19.2406,20.6558,489.7064,0.307,0.337,0.3144,0.299,0.303,32.8986,17.2463,2003.3462,108.7634,-12.7391,0.1523,0.1249,-700.8278,0
Северо-Казахстанская область,Тимирязевский,2024,14.4912,355.3446,1035.2736,3198.8557,235.2003,17.0474,19.3294,597.9902,0.3983,0.4015,0.3978,0.3884,0.3634,91.4251,85.0586,1740.8806,152.4641,-13.9878,0.3432,0.3689,-679.929,0
Северо-Казахстанская область,Тимирязевский,2025,15.8596,347.8563,1094.6459,3147.9956,247.129,18.3098,19.118,604.5181,0.4237,0.4273,0.3567,0.3358,0.3301,51.3623,80.0693,1992.4474,166.2069,-8.5124,0.3178,0.3926,-746.7896,0
Северо-Казахстанская область,Уалихановский,1991,16.1207,233.3417,1112.8847,3457.5466,108.5453,20.1242,20.1765,650.5315,0.2103,0.2547,0.2289,0.2353,0.246,56.6166,42.3341,2040.3341,,,0.2097,0.1472,-879.5429,0
Северо-Казахстанская область,Уалихановский,1992,13.0219,270.6731,944.6824,3134.0434,154.6892,16.4602,17.7948,582.1177,0.2492,0.2785,0.2527,0.2718,0.2478,41.6627,97.1211,1544.0725,104.7896,-12.2998,0.2865,0.2513,-674.0093,0
Северо-Казахстанская область,Уалихановский,1993,13.5669,369.7241,908.3642,3181.6101,219.2973,16.7258,19.763,567.9091,0.3446,0.354,0.3195,0.3116,0.301,73.8548,93.2998,1644.1219,128.4634,-11.733,0.407,0.3952,-538.64,0
Северо-Казахстанская область,Уалихановский,1994,14.3747,310.6525,971.2699,3179.3985,167.4247,18.1765,19.6995,603.0732,0.312,0.3214,0.2073,0.3131,0.2864,25.5085,100.2616,1784.7108,136.9239,-16.1403,0.3198,0.2573,-660.6174,0
Северо-Казахстанская область,Уалихановский,1995,15.467,271.1398,1079.1949,3370.2341,179.4521,17.4966,19.5234,633.49,0.3124,0.3115,0.2567,0.3049,0.304,31.6721,96.0277,1922.9984,122.628,-11.9979,0.2512,0.2848,-808.0551,0
Северо-Казахстанская область,Уалихановский,1996,13.1958,372.713,877.454,3165.3359,165.3683,17.3441,18.433,539.3763,0.333,0.3426,0.2717,0.3249,0.3193,64.7935,76.7133,1623.0123,140.9467,-15.9374,0.4248,0.2982,-504.7411,0
Северо-Казахстанская область,Уалихановский,1997,15.7158,157.4802,1178.0798,3409.5108,96.8588,17.6079,19.1187,714.638,0.2846,0.2957,0.2132,0.2194,0.2169,25.629,35.5002,1967.2956,122.6174,-13.1175,0.1337,0.1421,-1020.5996,0
Северо-Казахстанская область,Уалихановский,1998,15.1082,232.6908,1114.3114,3306.6545,119.1813,18.8691,22.344,733.9379,0.3058,0.3165,0.2132,0.2622,0.2717,50.3457,45.1512,1983.552,107.3463,-16.6566,0.2088,0.1754,-881.6206,0
Северо-Казахстанская область,Уалихановский,1999,15.1389,230.4493,1151.9595,3439.3183,121.0877,18.375,19.7916,682.0767,0.2379,0.2699,0.275,0.2314,0.2496,64.6324,35.1919,1903.7461,130.9756,-9.9593,0.2,0.1731,-921.5102,0
Северо-Казахстанская область,Уалихановский,2000,15.1845,270.8773,1093.5919,3307.9763,158.072,17.8412,20.1245,671.374,0.3454,0.3288,0.2912,0.2021,0.2268,36.4568,22.5274,1870.3529,124.002,-10.6493,0.2477,0.2467,-822.7146,0
Северо-Казахстанская область,Уалихановский,2001,14.9962,317.2643,1052.5907,3271.741,184.1308,18.0626,18.386,570.6262,0.2542,0.2827,0.3215,0.323,0.3095,88.4098,74.6326,1838.9688,177.987,-14.5312,0.3014,0.2944,-735.3264,0
Северо-Казахстанская область,Уалихановский,2002,14.2658,241.6351,1042.5684,3393.6729,152.3595,17.001,18.7123,591.8971,0.2805,0.3009,0.2642,0.3088,0.2923,50.4332,76.2749,1793.424,203.3657,-9.0332,0.2318,0.2511,-800.9333,0
Северо-Казахстанская область,Уалихановский,2003,15.425,245.4594,1052.0532,3319.516,142.7666,17.9568,19.8792,617.0028,0.2917,0.3,0.2815,0.2604,0.2454,45.0799,58.2708,1968.2984,145.9262,-15.7721,0.2333,0.2287,-806.5938,0
Северо-Казахстанская область,Уалихановский,2004,15.6088,273.5955,1165.6084,3352.0163,126.8808,19.7075,20.193,698.5689,0.2718,0.2969,0.2049,0.2727,0.2803,52.9498,45.038,2002.6648,125.4131,-11.3261,0.2347,0.1741,-892.0129,0
Северо-Казахстанская область,Уалихановский,2005,15.4282,281.1346,1011.0839,3343.6775,153.9993,19.0127,20.3066,597.9562,0.2586,0.2811,0.2521,0.2839,0.2892,71.8074,52.6579,1920.4195,154.2471,-15.3984,0.2781,0.2369,-729.9493,0
Северо-Казахстанская область,Уалихановский,2006,15.0079,235.3028,1118.0165,3263.205,108.6022,18.5574,20.0381,651.68,0.2997,0.3148,0.23,0.2493,0.259,62.0359,29.1822,1893.3348,81.7856,-16.6048,0.2105,0.1626,-882.7137,0
Северо-Казахстанская область,Уалихановский,2007,16.0103,263.5851,1127.2758,3390.7497,190.2997,18.2817,19.8774,636.5517,0.2912,0.3034,0.2402,0.3174,0.3074,36.751,110.5766,2022.5184,194.4201,-8.0093,0.2338,0.2874,-863.6907,0
Северо-Казахстанская область,Уалихановский,2008,15.8432,183.8129,1205.9584,3444.2335,86.9959,19.7467,21.3739,739.1404,0.237,0.2591,0.2025,0.2255,0.2174,22.1275,40.8045,1995.9201,122.4757,-13.5521,0.1524,0.1219,-1022.1455,0
Северо-Казахстанская область,Уалихановский,2009,14.6019,331.9915,1035.3324,3240.0468,209.2394,17.2058,18.6014,590.7608,0.2805,0.2829,0.2672,0.3014,0.2878,41.5233,117.743,1764.7346,107.3918,-13.592,0.3207,0.3354,-703.3409,0
Северо-Казахстанская область,Уалихановский,2010,15.6252,144.1307,1221.0839,3591.8695,84.5531,17.9106,20.7851,753.5278,0.245,0.2742,0.2365,0.1978,0.2359,55.1034,10.3232,1951.6358,129.9586,-20.1209,0.118,0.1202,-1076.9532,0
Северо-Казахстанская область,Уалихановский,2011,15.7489,285.063,1097.3301,3325.5962,211.5693,17.8111,19.1581,597.1255,0.2661,0.2834,0.2858,0.2937,0.3007,56.3112,80.095,1970.3804,111.0546,-17.0424,0.2598,0.3449,-812.2671,0
Северо-Казахстанская область,Уалихановский,2012,17.5012,198.3037,1239.6677,3536.1745,126.7649,20.3931,22.4298,728.5056,0.2657,0.2751,0.2701,0.2072,0.2227,68.641,24.744,2294.9482,98.0485,-16.4397,0.16,0.1765,-1041.3639,0
Северо-Казахстанская область,Уалихановский,2013,14.5915,339.4906,1014.527,3330.4217,155.6816,16.8464,18.995,591.5029,0.3223,0.3248,0.2,0.3116,0.2923,10.1276,103.216,1761.4597,155.0109,-16.3708,0.3346,0.2407,-675.0364,0
Северо-Казахстанская область,Уалихановский,2014,15.1301,176.2382,1183.8773,3371.9006,97.4617,17.8996,20.1043,668.3071,0.2164,0.2681,0.2124,0.2625,0.2264,25.3278,61.0289,1862.5692,152.6406,-14.3489,0.1489,0.1381,-1007.6392,0
Северо-Казахстанская область,Уалихановский,2015,15.2015,291.1781,1058.0754,3329.7053,170.8603,18.8976,19.722,654.3278,0.2926,0.3013,0.253,0.2935,0.2924,37.7683,90.348,1873.6019,161.2261,-11.5675,0.2752,0.2599,-766.8973,0
Северо-Казахстанская область,Уалихановский,2016,16.4202,271.9709,1062.6017,3388.496,192.3391,17.9329,20.0892,566.6895,0.2368,0.2743,0.2648,0.3441,0.3184,65.8039,110.5296,2095.9752,168.2962,-10.6567,0.2559,0.3143,-790.6308,0
Северо-Казахстанская область,Уалихановский,2017,16.0533,185.2247,1226.454,3480.8757,135.1139,18.9388,20.8366,693.0116,0.2317,0.2696,0.2051,0.3056,0.2629,27.4594,84.5521,2030.0138,156.9552,-12.2514,0.151,0.1834,-1041.2293,0
Северо-Казахстанская область,Уалихановский,2018,13.7652,348.1491,970.2402,3122.06,177.3881,16.2158,19.0272,593.5064,0.3495,0.3454,0.2806,0.2674,0.2771,61.4115,47.3696,1634.9284,130.8716,-15.0994,0.3588,0.2951,-622.0911,0
Северо-Казахстанская область,Уалихановский,2019,14.8517,250.4531,1102.6705,3424.3995,130.3058,17.3673,19.9337,677.1339,0.2989,0.3035,0.2912,0.2286,0.2477,48.0865,49.2499,1833.4411,132.8047,-15.0629,0.2271,0.2012,-852.2174,0
Северо-Казахстанская область,Уалихановский,2020,17.4688,191.0021,1324.3116,3559.9219,76.2919,20.2525,21.1042,757.2732,0.2426,0.2882,0.2029,0.2173,0.24,48.1427,20.8405,2292.5566,156.4405,-7.2862,0.1442,0.0976,-1133.3095,0
Северо-Казахстанская область,Уалихановский,2021,15.8519,145.0613,1193.6712,3559.1105,65.8858,19.6104,20.6938,705.5135,0.2258,0.2685,0.2088,0.211,0.2159,25.2271,28.4319,2034.0812,132.3117,-15.4993,0.1215,0.0866,-1048.6099,0
Северо-Казахстанская область,Уалихановский,2022,16.4614,146.4793,1180.4967,3393.1939,85.3988,19.4342,20.2207,699.1302,0.2128,0.2509,0.2083,0.2226,0.2103,24.6057,40.0727,2104.9731,117.2106,-10.8604,0.1241,0.1133,-1034.0174,0
Северо-Казахстанская область,Уалихановский,2023,16.2202,90.4537,772.0795,2612.1306,24.8694,19.8509,21.8817,477.2735,0.2081,0.2516,0.1948,0.1912,0.2078,13.1872,6.7871,2094.0126,81.9233,-13.4684,0.1172,0.0503,-681.6258,0
Северо-Казахстанская область,Уалихановский,2024,15.1492,356.6922,937.1331,3180.3842,218.2772,17.9843,20.2639,554.0897,0.3229,0.3252,0.3145,0.3183,0.3133,53.8916,95.6543,1862.6675,111.6691,-13.7677,0.3806,0.385,-580.4409,0
Северо-Казахстанская область,Уалихановский,2025,16.5542,338.2935,1057.388,3265.5639,187.4667,19.5098,20.1054,599.8692,0.2784,0.2934,0.2696,0.2892,0.2738,71.4057,83.4587,2119.6802,173.6624,-8.9843,0.3199,0.2929,-719.0945,0
Северо-Казахстанская область,Шал акына,1991,16.1008,186.9787,1348.9984,3390.4514,77.2316,20.0978,19.8402,761.8203,0.26,0.3083,0.2441,0.2846,0.2468,21.0447,51.623,2035.5539,,,0.1386,0.0858,-1162.0197,0
Северо-Казахстанская область,Шал акына,1992,12.4011,299.7776,1032.6703,3053.7722,204.9847,15.2453,16.6381,600.5713,0.3383,0.328,0.3581,0.3324,0.3069,82.0497,89.9386,1410.7865,131.0325,-11.8095,0.2903,0.3188,-732.8927,0
Северо-Казахстанская область,Шал акына,1993,13.1592,396.9794,1082.2485,3092.1604,197.7321,16.8363,19.0689,632.2927,0.3469,0.361,0.3646,0.3631,0.3447,69.9869,99.4322,1594.5791,179.7259,-11.9318,0.3668,0.283,-685.2691,0
Северо-Казахстанская область,Шал акына,1994,13.4499,388.4354,1024.5479,3054.3696,196.1759,16.8304,18.1637,599.2429,0.3913,0.3963,0.2745,0.4075,0.3659,41.2087,103.2606,1614.1506,199.6648,-15.452,0.3791,0.2859,-636.1125,0
Северо-Казахстанская область,Шал акына,1995,15.5248,192.5519,1313.6594,3351.8092,117.7652,17.419,19.47,770.825,0.3422,0.327,0.3011,0.2772,0.2529,31.2958,40.6114,1932.7866,144.4413,-11.8796,0.1466,0.1556,-1121.1075,0
Северо-Казахстанская область,Шал акына,1996,13.1895,302.4379,1109.0976,3130.9459,130.4371,17.8917,18.6191,679.3705,0.3758,0.3834,0.275,0.338,0.3102,36.5439,72.9324,1646.3243,159.2092,-15.0476,0.2727,0.1788,-806.6597,0
Северо-Казахстанская область,Шал акына,1997,14.7897,236.7264,1254.914,3246.0379,158.6088,16.5487,17.7688,707.4228,0.3417,0.3406,0.2842,0.3562,0.3405,38.8628,83.3911,1795.8704,154.5409,-13.0659,0.1886,0.2292,-1018.1876,0
Северо-Казахстанская область,Шал акына,1998,14.9882,205.1448,1325.4654,3358.0889,103.7769,19.0812,22.1518,841.5351,0.3469,0.3498,0.2753,0.2784,0.271,55.0405,24.3623,1983.5654,165.3142,-14.937,0.1548,0.1274,-1120.3206,0
Северо-Казахстанская область,Шал акына,1999,13.7264,337.0792,1115.8648,3112.4736,200.6106,16.2622,17.7675,642.0374,0.3384,0.333,0.3822,0.3393,0.3452,87.499,73.1401,1630.154,206.7511,-9.3924,0.3021,0.2911,-778.7856,0
Северо-Казахстанская область,Шал акына,2000,14.6923,319.4543,1211.618,3169.7797,222.273,16.8277,19.2677,680.1977,0.379,0.3523,0.3718,0.3544,0.349,76.9574,59.1768,1778.7149,122.0916,-9.7115,0.2637,0.3374,-892.1638,0
Северо-Казахстанская область,Шал акына,2001,13.9939,332.9968,1106.8296,3240.6564,152.2629,17.1462,17.4481,630.2392,0.3315,0.341,0.3337,0.3285,0.2968,56.4539,63.3059,1662.5462,259.0029,-13.2065,0.3009,0.2174,-773.8328,0
Северо-Казахстанская область,Шал акына,2002,12.9433,322.6369,1055.8447,3237.831,164.4357,15.5542,17.2975,583.9945,0.3989,0.3883,0.3796,0.3324,0.3329,74.4191,29.5373,1560.0168,229.3357,-9.2513,0.3056,0.2646,-733.2078,0
Северо-Казахстанская область,Шал акына,2003,14.6872,292.3476,1089.0699,3222.5786,220.7218,16.6796,19.2786,652.3724,0.4032,0.4031,0.3964,0.3757,0.366,66.115,83.7794,1877.0363,175.9928,-15.3411,0.2684,0.3689,-796.7224,0
Северо-Казахстанская область,Шал акына,2004,15.5973,203.6084,1398.9118,3353.875,99.373,19.2853,20.2866,845.1729,0.3012,0.3177,0.2844,0.2632,0.2573,58.9493,21.8828,2006.3981,142.6367,-9.9437,0.1455,0.1138,-1195.3033,0
Северо-Казахстанская область,Шал акына,2005,14.6889,328.1612,1070.7905,3197.6577,187.454,18.0643,19.1969,635.2209,0.3647,0.3559,0.3133,0.3502,0.3377,37.7096,85.7704,1801.4431,213.7283,-14.9807,0.3065,0.281,-742.6293,0
Северо-Казахстанская область,Шал акына,2006,14.6036,288.1184,1243.1587,3114.1872,163.0796,17.7655,18.8792,707.9269,0.369,0.369,0.2949,0.339,0.3124,65.3812,66.8746,1790.369,114.8114,-14.3406,0.2318,0.219,-955.0403,0
Северо-Казахстанская область,Шал акына,2007,14.9782,370.2506,1196.4353,3273.8823,248.7955,17.2559,18.9724,681.0337,0.4026,0.4026,0.3078,0.377,0.3618,39.211,152.2221,1834.2999,250.3948,-8.292,0.3095,0.3548,-826.1847,0
Северо-Казахстанская область,Шал акына,2008,14.9795,251.3389,1282.9317,3321.4736,146.4256,18.3314,20.5277,794.4989,0.3472,0.3476,0.2982,0.3108,0.3033,38.081,69.7064,1837.3034,152.7827,-13.6235,0.1959,0.1978,-1031.5928,0
Северо-Казахстанская область,Шал акына,2009,14.3072,268.4791,1229.0311,3294.6434,128.2899,16.9291,18.7228,743.3256,0.3631,0.3646,0.2637,0.2972,0.2664,20.5749,54.0951,1733.6139,140.2293,-12.1606,0.2184,0.1699,-960.552,0
Северо-Казахстанская область,Шал акына,2010,16.2611,118.1962,1523.551,3619.6078,71.9628,18.7479,21.3643,923.5174,0.2771,0.2971,0.2718,0.2534,0.241,33.7766,22.9534,2069.2533,147.5928,-18.5185,0.0776,0.0811,-1405.3548,0
Северо-Казахстанская область,Шал акына,2011,14.6228,392.2851,1089.9005,3114.6181,239.3263,16.6869,17.7395,572.2387,0.3513,0.3407,0.4011,0.3352,0.3335,111.3182,61.3235,1765.437,172.2975,-16.138,0.3599,0.3791,-697.6154,0
Северо-Казахстанская область,Шал акына,2012,16.5469,316.0139,1304.148,3346.649,203.872,19.0679,20.8168,740.5242,0.3442,0.3519,0.275,0.3065,0.3106,90.7616,66.8121,2119.2475,143.6478,-16.4003,0.2423,0.2715,-988.1341,0
Северо-Казахстанская область,Шал акына,2013,14.2394,405.0461,1131.1767,3182.766,176.8204,16.4935,18.5491,663.4113,0.3864,0.3897,0.2704,0.3402,0.3114,19.0847,123.3283,1696.5876,197.3611,-15.0501,0.3581,0.2411,-726.1307,0
Северо-Казахстанская область,Шал акына,2014,14.0578,284.4528,1225.865,3225.1506,192.8709,16.757,18.4931,668.7844,0.3125,0.3219,0.2797,0.3965,0.3526,29.5302,130.6565,1695.4948,190.8996,-13.8179,0.232,0.2666,-941.4122,0
Северо-Казахстанская область,Шал акына,2015,14.3777,327.3562,1168.5245,3254.3916,177.2503,17.9247,18.7027,725.0635,0.3975,0.397,0.3054,0.3437,0.3109,25.4359,85.2993,1734.844,203.1248,-11.3814,0.2801,0.2515,-841.1683,0
Северо-Казахстанская область,Шал акына,2016,15.4534,298.2046,1143.1112,3247.8655,188.7435,16.7552,19.5271,629.6224,0.3107,0.3367,0.3326,0.3976,0.3736,73.647,98.9732,1920.3266,306.1579,-9.9235,0.2609,0.2856,-844.9065,0
Северо-Казахстанская область,Шал акына,2017,14.7163,251.2458,1238.0659,3354.4177,165.5686,16.9998,19.2861,681.9335,0.3592,0.3595,0.349,0.3306,0.2965,52.1428,52.9677,1786.0791,209.3984,-12.6291,0.2029,0.2306,-986.8201,0
Северо-Казахстанская область,Шал акына,2018,13.2851,350.8011,1116.3861,3118.7874,226.1334,15.4037,17.839,615.9342,0.3917,0.3834,0.3724,0.3497,0.3296,75.5587,76.284,1555.9605,145.5183,-13.0899,0.3142,0.3375,-765.585,0
Северо-Казахстанская область,Шал акына,2019,14.2862,320.0595,1231.813,3272.6947,163.1034,17.3187,18.9041,715.2551,0.3193,0.3209,0.3397,0.3173,0.3041,69.2792,70.5744,1729.8025,153.9353,-13.5212,0.2598,0.2156,-911.7536,0
Северо-Казахстанская область,Шал акына,2020,16.1347,268.8301,1364.3207,3388.9627,146.4621,18.7742,19.7032,755.781,0.3307,0.3322,0.2758,0.3152,0.3117,45.0563,57.599,2048.4352,219.6297,-7.5577,0.197,0.1875,-1095.4906,0
Северо-Казахстанская область,Шал акына,2021,15.5934,228.3769,1359.0655,3490.2115,139.2037,19.2497,20.0557,774.058,0.3057,0.3316,0.2603,0.3243,0.3263,23.4394,95.8996,1965.3462,207.6632,-14.8018,0.168,0.1639,-1130.6886,0
Северо-Казахстанская область,Шал акына,2022,15.7674,185.2058,1314.6145,3309.5272,135.7947,17.8,19.4301,744.2573,0.2892,0.2896,0.2891,0.294,0.2687,57.7183,48.9183,1977.1507,127.9451,-10.0344,0.1409,0.1733,-1129.4087,0
Северо-Казахстанская область,Шал акына,2023,15.8897,117.8476,879.3109,2487.6262,61.322,19.2348,20.6783,517.0815,0.2788,0.2941,0.288,0.2687,0.2607,31.5081,16.5573,2002.7246,103.4211,-12.4431,0.134,0.1111,-761.4633,0
Северо-Казахстанская область,Шал акына,2024,14.4191,376.2681,1067.1818,3151.4848,256.7737,16.9282,19.2013,605.5485,0.3768,0.3713,0.3862,0.3898,0.3731,88.049,105.5102,1727.6509,154.1432,-13.6664,0.3526,0.3947,-690.9137,0
Северо-Казахстанская область,Шал акына,2025,15.7886,380.9549,1126.9631,3122.6156,261.3694,18.2949,19.0858,624.5515,0.4019,0.4032,0.3395,0.3185,0.304,52.3885,81.685,1979.3497,168.0867,-8.2741,0.338,0.402,-746.0082,0
