year,month,region,crop_raw,price_kzt_t,crop
2022,10,Республика Казахстан,Пшеница,108827.0,Пшеница
2022,10,Абай область,Пшеница,91864.0,Пшеница
2022,10,Акмолинская область,Пшеница,113147.0,Пшеница
2022,10,Актюбинская область,Пшеница,106579.0,Пшеница
2022,10,Алматинская область,Пшеница,146027.0,Пшеница
2022,10,Западно-Казахстанская область,Пшеница,106100.0,Пшеница
2022,10,Жамбылская область,Пшеница,105333.0,Пшеница
2022,10,Жетісу область,Пшеница,102920.0,Пшеница
2022,10,Карагандинская область,Пшеница,127381.0,Пшеница
2022,10,Костанайская область,Пшеница,107152.0,Пшеница
2022,10,Павлодарская область,Пшеница,80478.0,Пшеница
2022,10,Северо-Казахстанская область,Пшеница,106756.0,Пшеница
2022,10,Туркестанская область,Пшеница,111920.0,Пшеница
2022,10,Республика Казахстан,Пшеница твердая,120671.0,
2022,10,Северо-Казахстанская область,Пшеница твердая,126542.0,
2022,10,Республика Казахстан,"Пшеница, кроме пшеницы твердой",108279.0,
2022,10,Абай область,"Пшеница, кроме пшеницы твердой",91864.0,
2022,10,Акмолинская область,"Пшеница, кроме пшеницы твердой",113231.0,
2022,10,Актюбинская область,"Пшеница, кроме пшеницы твердой",106550.0,
2022,10,Алматинская область,"Пшеница, кроме пшеницы твердой",146027.0,
2022,10,Западно-Казахстанская область,"Пшеница, кроме пшеницы твердой",106100.0,
2022,10,Жамбылская область,"Пшеница, кроме пшеницы твердой",105333.0,
2022,10,Жетісу область,"Пшеница, кроме пшеницы твердой",102920.0,
2022,10,Карагандинская область,"Пшеница, кроме пшеницы твердой",127381.0,
2022,10,Костанайская область,"Пшеница, кроме пшеницы твердой",107152.0,
2022,10,Павлодарская область,"Пшеница, кроме пшеницы твердой",80432.0,
2022,10,Северо-Казахстанская область,"Пшеница, кроме пшеницы твердой",104318.0,
2022,10,Туркестанская область,"Пшеница, кроме пшеницы твердой",111920.0,
2022,10,Республика Казахстан,Кукуруза (маис),95022.0,Кукуруза
2022,10,Туркестанская область,Кукуруза (маис),85159.0,Кукуруза
2022,10,Республика Казахстан,Ячмень,87143.0,Ячмень
2022,10,Акмолинская область,Ячмень,90323.0,Ячмень
2022,10,Актюбинская область,Ячмень,80986.0,Ячмень
2022,10,Западно-Казахстанская область,Ячмень,81396.0,Ячмень
2022,10,Жамбылская область,Ячмень,87026.0,Ячмень
2022,10,Жетісу область,Ячмень,99918.0,Ячмень
2022,10,Карагандинская область,Ячмень,61073.0,Ячмень
2022,10,Костанайская область,Ячмень,84995.0,Ячмень
2022,10,Северо-Казахстанская область,Ячмень,84106.0,Ячмень
2022,10,Туркестанская область,Ячмень,96439.0,Ячмень
2022,10,Восточно-Казахстанская область,Ячмень,74265.0,Ячмень
2022,10,Республика Казахстан,Овес,83302.0,
2022,10,Республика Казахстан,Просо,82485.0,
2022,10,Республика Казахстан,Гречиха,181375.0,
2022,10,Республика Казахстан,"Рис, необрушенный",82758.0,
2022,10,Алматинская область,"Рис, необрушенный",62300.0,
2022,10,Кызылординская область,"Рис, необрушенный",82799.0,
2022,10,Республика Казахстан,Чечевица сушеная,230012.0,
2022,10,Акмолинская область,Чечевица сушеная,245762.0,
2022,10,Северо-Казахстанская область,Чечевица сушеная,222741.0,
2022,10,Республика Казахстан,"Горох, сушенный",122770.0,
2022,10,Республика Казахстан,Семена льна-кудряша,201207.0,
2022,10,Костанайская область,Семена льна-кудряша,216624.0,
2022,10,Северо-Казахстанская область,Семена льна-кудряша,194416.0,
2022,10,Республика Казахстан,Семена рапса,190504.0,
2022,10,Республика Казахстан,Семена подсолнечника,183975.0,Подсолнечник
2022,10,Абай область,Семена подсолнечника,186045.0,Подсолнечник
2022,10,Восточно-Казахстанская область,Семена подсолнечника,174578.0,Подсолнечник
2022,10,Республика Казахстан,Семена сафлора,99177.0,
2022,10,Туркестанская область,Семена сафлора,106880.0,
2022,10,Республика Казахстан,Картофель,106447.0,
2022,10,Акмолинская область,Картофель,85478.0,
2022,10,Актюбинская область,Картофель,134666.0,
2022,10,Алматинская область,Картофель,118769.0,
2022,10,Западно-Казахстанская область,Картофель,118338.0,
2022,10,Карагандинская область,Картофель,81851.0,
2022,10,Костанайская область,Картофель,112911.0,
2022,10,Павлодарская область,Картофель,83044.0,
2022,10,Северо-Казахстанская область,Картофель,93429.0,
2022,10,Республика Казахстан,Капуста кочанная,77702.0,
2022,10,Костанайская область,Капуста кочанная,64113.0,
2022,10,Северо-Казахстанская область,Капуста кочанная,76449.0,
2022,10,Республика Казахстан,Перцы,124341.0,
2022,10,Туркестанская область,Перцы,123414.0,
2022,10,Республика Казахстан,Огурцы открытого грунта,178539.0,
2022,10,Туркестанская область,Огурцы открытого грунта,182432.0,
2022,10,Республика Казахстан,Огурцы закрытого грунта,267457.0,
2022,10,Республика Казахстан,Баклажаны,69830.0,
2022,10,Республика Казахстан,Помидоры открытого грунта,165549.0,
2022,10,Западно-Казахстанская область,Помидоры открытого грунта,199433.0,
2022,10,Республика Казахстан,Помидоры закрытого грунта,287076.0,
2022,10,Актюбинская область,Помидоры закрытого грунта,452390.0,
2022,10,Павлодарская область,Помидоры закрытого грунта,564415.0,
2022,10,Республика Казахстан,Морковь столовая,94433.0,
2022,10,Западно-Казахстанская область,Морковь столовая,110279.0,
2022,10,Костанайская область,Морковь столовая,107700.0,
2022,10,Павлодарская область,Морковь столовая,66546.0,
2022,10,Республика Казахстан,Лук репчатый,51466.0,
2022,10,Республика Казахстан,Свекла столовая,147955.0,
2022,10,Костанайская область,Свекла столовая,103303.0,
2022,10,Павлодарская область,Свекла столовая,86001.0,
2022,10,Республика Казахстан,Культуры бахчевые,62224.0,
2022,10,Атырауская область,Культуры бахчевые,122593.0,
2022,10,Кызылординская область,Культуры бахчевые,107733.0,
2022,10,Республика Казахстан,Арбузы,81891.0,
2022,10,Кызылординская область,Арбузы,89559.0,
2022,10,Республика Казахстан,Дыни,61135.0,
2022,10,Кызылординская область,Дыни,169210.0,
2022,10,Республика Казахстан,Хлопок очищенный или не очищенный от семян,326768.0,
2022,10,Туркестанская область,Хлопок очищенный или не очищенный от семян,326768.0,
2022,10,Республика Казахстан,Культуры кормовые зерновые,76529.0,
2022,10,Акмолинская область,Культуры кормовые зерновые,85921.0,
2022,10,Алматинская область,Культуры кормовые зерновые,101604.0,
2022,10,Западно-Казахстанская область,Культуры кормовые зерновые,82513.0,
2022,10,Жамбылская область,Культуры кормовые зерновые,80929.0,
2022,10,Жетісу область,Культуры кормовые зерновые,83989.0,
2022,10,Карагандинская область,Культуры кормовые зерновые,68516.0,
2022,10,Костанайская область,Культуры кормовые зерновые,85183.0,
2022,10,Северо-Казахстанская область,Культуры кормовые зерновые,81412.0,
2022,10,Туркестанская область,Культуры кормовые зерновые,65731.0,
2022,10,Республика Казахстан,Сено,31521.0,
2022,10,Алматинская область,Сено,17307.0,
2022,10,Западно-Казахстанская область,Сено,21207.0,
2022,10,Жетісу область,Сено,43278.0,
2022,10,Карагандинская область,Сено,21246.0,
2022,10,Кызылординская область,Сено,27589.0,
2022,10,Республика Казахстан,Плоды семечковые,176649.0,
2022,10,Алматинская область,Плоды семечковые,193858.0,
2022,10,Туркестанская область,Плоды семечковые,154068.0,
2022,10,Республика Казахстан,Яблоки,176649.0,
2022,10,Алматинская область,Яблоки,193858.0,
2022,10,Туркестанская область,Яблоки,154068.0,
2022,10,Республика Казахстан,Скот крупный рогатый,896549.0,
2022,10,Абай область,Скот крупный рогатый,703657.0,
2022,10,Акмолинская область,Скот крупный рогатый,1104606.0,
2022,10,Актюбинская область,Скот крупный рогатый,908595.0,
2022,10,Алматинская область,Скот крупный рогатый,928945.0,
2022,10,Атырауская область,Скот крупный рогатый,933458.0,
2022,10,Западно-Казахстанская область,Скот крупный рогатый,907759.0,
2022,10,Жетісу область,Скот крупный рогатый,828275.0,
2022,10,Карагандинская область,Скот крупный рогатый,857206.0,
2022,10,Костанайская область,Скот крупный рогатый,1031114.0,
2022,10,Кызылординская область,Скот крупный рогатый,881138.0,
2022,10,Павлодарская область,Скот крупный рогатый,978140.0,
2022,10,Северо-Казахстанская область,Скот крупный рогатый,912489.0,
2022,10,Туркестанская область,Скот крупный рогатый,805158.0,
2022,10,Ұлытау область,Скот крупный рогатый,1099525.0,
2022,10,Восточно-Казахстанская область,Скот крупный рогатый,799929.0,
2022,10,Республика Казахстан,Лошади,989303.0,
2022,10,Абай область,Лошади,764751.0,
2022,10,Акмолинская область,Лошади,1121195.0,
2022,10,Актюбинская область,Лошади,976009.0,
2022,10,Атырауская область,Лошади,980068.0,
2022,10,Западно-Казахстанская область,Лошади,930049.0,
2022,10,Жетісу область,Лошади,879139.0,
2022,10,Карагандинская область,Лошади,956791.0,
2022,10,Кызылординская область,Лошади,999819.0,
2022,10,Павлодарская область,Лошади,1195987.0,
2022,10,Туркестанская область,Лошади,836948.0,
2022,10,Ұлытау область,Лошади,1056863.0,
2022,10,Республика Казахстан,Верблюды,1099345.0,
2022,10,Актюбинская область,Верблюды,735518.0,
2022,10,Кызылординская область,Верблюды,931986.0,
2022,10,Мангистауская область,Верблюды,1221639.0,
2022,10,Республика Казахстан,Овцы,887334.0,
2022,10,Абай область,Овцы,628993.0,
2022,10,Актюбинская область,Овцы,827691.0,
2022,10,Атырауская область,Овцы,732656.0,
2022,10,Западно-Казахстанская область,Овцы,825712.0,
2022,10,Жамбылская область,Овцы,909366.0,
2022,10,Жетісу область,Овцы,1065544.0,
2022,10,Карагандинская область,Овцы,871788.0,
2022,10,Костанайская область,Овцы,555000.0,
2022,10,Кызылординская область,Овцы,922195.0,
2022,10,Павлодарская область,Овцы,1191822.0,
2022,10,Туркестанская область,Овцы,613161.0,
2022,10,Ұлытау область,Овцы,802549.0,
2022,10,Восточно-Казахстанская область,Овцы,840091.0,
2022,10,Республика Казахстан,Свиньи,845227.0,
2022,10,Республика Казахстан,"Домашняя птица, живая",671160.0,
2022,10,Акмолинская область,"Домашняя птица, живая",974188.0,
2022,10,Карагандинская область,"Домашняя птица, живая",571072.0,
2022,10,Республика Казахстан,Молоко сырое коровье,174592.0,
2022,10,Абай область,Молоко сырое коровье,170786.0,
2022,10,Акмолинская область,Молоко сырое коровье,202248.0,
2022,10,Актюбинская область,Молоко сырое коровье,205371.0,
2022,10,Алматинская область,Молоко сырое коровье,189640.0,
2022,10,Жамбылская область,Молоко сырое коровье,124617.0,
2022,10,Жетісу область,Молоко сырое коровье,177593.0,
2022,10,Костанайская область,Молоко сырое коровье,173546.0,
2022,10,Кызылординская область,Молоко сырое коровье,142941.0,
2022,10,Павлодарская область,Молоко сырое коровье,187291.0,
2022,10,Северо-Казахстанская область,Молоко сырое коровье,170298.0,
2022,10,Туркестанская область,Молоко сырое коровье,176625.0,
2022,10,Восточно-Казахстанская область,Молоко сырое коровье,174531.0,
2022,10,Республика Казахстан,Молоко сырое кобылье,792135.0,
2022,10,Акмолинская область,Молоко сырое кобылье,617408.0,
2022,10,Кызылординская область,Молоко сырое кобылье,915602.0,
2022,10,Республика Казахстан,Молоко сырое верблюжье,707685.0,
2022,10,Атырауская область,Молоко сырое верблюжье,789989.0,
2022,10,Кызылординская область,Молоко сырое верблюжье,959579.0,
2022,10,Мангистауская область,Молоко сырое верблюжье,795830.0,
2022,10,Туркестанская область,Молоко сырое верблюжье,632887.0,
2022,10,Республика Казахстан,"Яйца в скорлупе, свежие",36779.0,
2022,10,Акмолинская область,"Яйца в скорлупе, свежие",35764.0,
2022,10,Карагандинская область,"Яйца в скорлупе, свежие",33571.0,
2022,10,Костанайская область,"Яйца в скорлупе, свежие",41517.0,
2022,10,Северо-Казахстанская область,"Яйца в скорлупе, свежие",37669.0,
2022,10,Туркестанская область,"Яйца в скорлупе, свежие",34530.0,
2022,10,Республика Казахстан,Мед натуральный,1100639.0,
2022,10,Жетісу область,Мед натуральный,2312790.0,
2022,11,Республика Казахстан,Пшеница,107383.0,Пшеница
2022,11,Акмолинская область,Пшеница,110190.0,Пшеница
2022,11,Актюбинская область,Пшеница,106473.0,Пшеница
2022,11,Алматинская область,Пшеница,126002.0,Пшеница
2022,11,Западно-Казахстанская область,Пшеница,101214.0,Пшеница
2022,11,Жамбылская область,Пшеница,103751.0,Пшеница
2022,11,Жетісу область,Пшеница,120000.0,Пшеница
2022,11,Карагандинская область,Пшеница,101678.0,Пшеница
2022,11,Костанайская область,Пшеница,107478.0,Пшеница
2022,11,Павлодарская область,Пшеница,96166.0,Пшеница
2022,11,Северо-Казахстанская область,Пшеница,106800.0,Пшеница
2022,11,Туркестанская область,Пшеница,115476.0,Пшеница
2022,11,Восточно-Казахстанская область,Пшеница,105687.0,Пшеница
2022,11,Республика Казахстан,Пшеница твердая,124535.0,
2022,11,Республика Казахстан,"Пшеница, кроме пшеницы твердой",106880.0,
2022,11,Акмолинская область,"Пшеница, кроме пшеницы твердой",110190.0,
2022,11,Актюбинская область,"Пшеница, кроме пшеницы твердой",106473.0,
2022,11,Алматинская область,"Пшеница, кроме пшеницы твердой",126002.0,
2022,11,Западно-Казахстанская область,"Пшеница, кроме пшеницы твердой",101214.0,
2022,11,Жамбылская область,"Пшеница, кроме пшеницы твердой",103751.0,
2022,11,Жетісу область,"Пшеница, кроме пшеницы твердой",120000.0,
2022,11,Карагандинская область,"Пшеница, кроме пшеницы твердой",101486.0,
2022,11,Костанайская область,"Пшеница, кроме пшеницы твердой",107478.0,
2022,11,Павлодарская область,"Пшеница, кроме пшеницы твердой",96154.0,
2022,11,Северо-Казахстанская область,"Пшеница, кроме пшеницы твердой",104557.0,
2022,11,Туркестанская область,"Пшеница, кроме пшеницы твердой",115476.0,
2022,11,Восточно-Казахстанская область,"Пшеница, кроме пшеницы твердой",105687.0,
2022,11,Республика Казахстан,Кукуруза (маис),99515.0,Кукуруза
2022,11,Алматинская область,Кукуруза (маис),82956.0,Кукуруза
2022,11,Жамбылская область,Кукуруза (маис),108788.0,Кукуруза
2022,11,Республика Казахстан,Ячмень,87090.0,Ячмень
2022,11,Акмолинская область,Ячмень,85497.0,Ячмень
2022,11,Актюбинская область,Ячмень,77696.0,Ячмень
2022,11,Западно-Казахстанская область,Ячмень,93509.0,Ячмень
2022,11,Жамбылская область,Ячмень,101757.0,Ячмень
2022,11,Жетісу область,Ячмень,100369.0,Ячмень
2022,11,Карагандинская область,Ячмень,63760.0,Ячмень
2022,11,Костанайская область,Ячмень,81826.0,Ячмень
2022,11,Северо-Казахстанская область,Ячмень,83150.0,Ячмень
2022,11,Восточно-Казахстанская область,Ячмень,91559.0,Ячмень
2022,11,Республика Казахстан,Овес,63136.0,
2022,11,Республика Казахстан,Гречиха,177428.0,
2022,11,Павлодарская область,Гречиха,170629.0,
2022,11,Республика Казахстан,"Рис, необрушенный",98047.0,
2022,11,Алматинская область,"Рис, необрушенный",62300.0,
2022,11,Кызылординская область,"Рис, необрушенный",91944.0,
2022,11,Республика Казахстан,Чечевица сушеная,251709.0,
2022,11,Северо-Казахстанская область,Чечевица сушеная,216130.0,
2022,11,Республика Казахстан,"Горох, сушенный",122197.0,
2022,11,Республика Казахстан,Семена льна-кудряша,177055.0,
2022,11,Костанайская область,Семена льна-кудряша,160714.0,
2022,11,Северо-Казахстанская область,Семена льна-кудряша,176333.0,
2022,11,Республика Казахстан,Семена рапса,189162.0,
2022,11,Республика Казахстан,Семена подсолнечника,162247.0,Подсолнечник
2022,11,Абай область,Семена подсолнечника,163145.0,Подсолнечник
2022,11,Костанайская область,Семена подсолнечника,154640.0,Подсолнечник
2022,11,Северо-Казахстанская область,Семена подсолнечника,172380.0,Подсолнечник
2022,11,Восточно-Казахстанская область,Семена подсолнечника,157811.0,Подсолнечник
2022,11,Республика Казахстан,Семена сафлора,96369.0,
2022,11,Туркестанская область,Семена сафлора,106469.0,
2022,11,Республика Казахстан,Картофель,110739.0,
2022,11,Акмолинская область,Картофель,95102.0,
2022,11,Актюбинская область,Картофель,144444.0,
2022,11,Алматинская область,Картофель,136476.0,
2022,11,Западно-Казахстанская область,Картофель,94348.0,
2022,11,Карагандинская область,Картофель,75824.0,
2022,11,Костанайская область,Картофель,107524.0,
2022,11,Павлодарская область,Картофель,86299.0,
2022,11,Северо-Казахстанская область,Картофель,85688.0,
2022,11,Восточно-Казахстанская область,Картофель,149204.0,
2022,11,Республика Казахстан,Свекла сахарная,15362.0,
2022,11,Жамбылская область,Свекла сахарная,15000.0,
2022,11,Жетісу область,Свекла сахарная,15846.0,
2022,11,Республика Казахстан,Капуста кочанная,95295.0,
2022,11,Костанайская область,Капуста кочанная,108207.0,
2022,11,Северо-Казахстанская область,Капуста кочанная,76913.0,
2022,11,Республика Казахстан,Огурцы закрытого грунта,415751.0,
2022,11,Республика Казахстан,Помидоры закрытого грунта,381171.0,
2022,11,Актюбинская область,Помидоры закрытого грунта,552578.0,
2022,11,Республика Казахстан,Морковь столовая,89086.0,
2022,11,Костанайская область,Морковь столовая,123149.0,
2022,11,Павлодарская область,Морковь столовая,69781.0,
2022,11,Северо-Казахстанская область,Морковь столовая,83811.0,
2022,11,Республика Казахстан,Лук репчатый,54893.0,
2022,11,Алматинская область,Лук репчатый,45926.0,
2022,11,Жамбылская область,Лук репчатый,55538.0,
2022,11,Республика Казахстан,Свекла столовая,142634.0,
2022,11,Костанайская область,Свекла столовая,120745.0,
2022,11,Республика Казахстан,Культуры кормовые зерновые,82500.0,
2022,11,Акмолинская область,Культуры кормовые зерновые,85445.0,
2022,11,Алматинская область,Культуры кормовые зерновые,97387.0,
2022,11,Западно-Казахстанская область,Культуры кормовые зерновые,86885.0,
2022,11,Жамбылская область,Культуры кормовые зерновые,84309.0,
2022,11,Жетісу область,Культуры кормовые зерновые,95000.0,
2022,11,Карагандинская область,Культуры кормовые зерновые,81774.0,
2022,11,Костанайская область,Культуры кормовые зерновые,82278.0,
2022,11,Северо-Казахстанская область,Культуры кормовые зерновые,82875.0,
2022,11,Республика Казахстан,Сено,31607.0,
2022,11,Западно-Казахстанская область,Сено,19587.0,
2022,11,Жамбылская область,Сено,41040.0,
2022,11,Карагандинская область,Сено,21130.0,
2022,11,Республика Казахстан,Виноград свежий,221610.0,
2022,11,Республика Казахстан,Яблоки,230274.0,
2022,11,Жетісу область,Яблоки,165173.0,
2022,11,Туркестанская область,Яблоки,205710.0,
2022,11,Республика Казахстан,Скот крупный рогатый,903919.0,
2022,11,Абай область,Скот крупный рогатый,728388.0,
2022,11,Акмолинская область,Скот крупный рогатый,1087765.0,
2022,11,Актюбинская область,Скот крупный рогатый,902360.0,
2022,11,Алматинская область,Скот крупный рогатый,996274.0,
2022,11,Атырауская область,Скот крупный рогатый,964494.0,
2022,11,Западно-Казахстанская область,Скот крупный рогатый,935134.0,
2022,11,Жамбылская область,Скот крупный рогатый,884470.0,
2022,11,Жетісу область,Скот крупный рогатый,840050.0,
2022,11,Карагандинская область,Скот крупный рогатый,803562.0,
2022,11,Костанайская область,Скот крупный рогатый,878097.0,
2022,11,Кызылординская область,Скот крупный рогатый,875470.0,
2022,11,Павлодарская область,Скот крупный рогатый,1011897.0,
2022,11,Северо-Казахстанская область,Скот крупный рогатый,839192.0,
2022,11,Туркестанская область,Скот крупный рогатый,835346.0,
2022,11,Ұлытау область,Скот крупный рогатый,1156112.0,
2022,11,Восточно-Казахстанская область,Скот крупный рогатый,841834.0,
2022,11,Республика Казахстан,Лошади,1017662.0,
2022,11,Абай область,Лошади,758764.0,
2022,11,Акмолинская область,Лошади,1225436.0,
2022,11,Актюбинская область,Лошади,958058.0,
2022,11,Атырауская область,Лошади,1000670.0,
2022,11,Западно-Казахстанская область,Лошади,996134.0,
2022,11,Жамбылская область,Лошади,1195474.0,
2022,11,Жетісу область,Лошади,887097.0,
2022,11,Карагандинская область,Лошади,992855.0,
2022,11,Кызылординская область,Лошади,999692.0,
2022,11,Мангистауская область,Лошади,1574898.0,
2022,11,Павлодарская область,Лошади,1233346.0,
2022,11,Ұлытау область,Лошади,1181747.0,
2022,11,Республика Казахстан,Верблюды,1038384.0,
2022,11,Актюбинская область,Верблюды,735518.0,
2022,11,Жамбылская область,Верблюды,931991.0,
2022,11,Кызылординская область,Верблюды,815814.0,
2022,11,Мангистауская область,Верблюды,1265937.0,
2022,11,Туркестанская область,Верблюды,650000.0,
2022,11,Республика Казахстан,Овцы,863634.0,
2022,11,Абай область,Овцы,638344.0,
2022,11,Актюбинская область,Овцы,848024.0,
2022,11,Атырауская область,Овцы,724899.0,
2022,11,Западно-Казахстанская область,Овцы,843423.0,
2022,11,Жамбылская область,Овцы,894514.0,
2022,11,Жетісу область,Овцы,840172.0,
2022,11,Карагандинская область,Овцы,735065.0,
2022,11,Кызылординская область,Овцы,920245.0,
2022,11,Павлодарская область,Овцы,1195513.0,
2022,11,Туркестанская область,Овцы,731543.0,
2022,11,Ұлытау область,Овцы,759841.0,
2022,11,Восточно-Казахстанская область,Овцы,840091.0,
2022,11,Республика Казахстан,Свиньи,865339.0,
2022,11,Республика Казахстан,Домашняя птица,673982.0,
2022,11,Акмолинская область,Домашняя птица,974188.0,
2022,11,Карагандинская область,Домашняя птица,699301.0,
2022,11,Республика Казахстан,Молоко сырое коровье,186232.0,
2022,11,Абай область,Молоко сырое коровье,189845.0,
2022,11,Акмолинская область,Молоко сырое коровье,225876.0,
2022,11,Актюбинская область,Молоко сырое коровье,214560.0,
2022,11,Алматинская область,Молоко сырое коровье,196670.0,
2022,11,Жамбылская область,Молоко сырое коровье,163321.0,
2022,11,Жетісу область,Молоко сырое коровье,183663.0,
2022,11,Костанайская область,Молоко сырое коровье,175170.0,
2022,11,Кызылординская область,Молоко сырое коровье,158555.0,
2022,11,Павлодарская область,Молоко сырое коровье,194515.0,
2022,11,Северо-Казахстанская область,Молоко сырое коровье,178897.0,
2022,11,Туркестанская область,Молоко сырое коровье,184935.0,
2022,11,Восточно-Казахстанская область,Молоко сырое коровье,182719.0,
2022,11,Республика Казахстан,Молоко сырое кобылье,712347.0,
2022,11,Акмолинская область,Молоко сырое кобылье,617408.0,
2022,11,Республика Казахстан,Молоко сырое верблюжье,707054.0,
2022,11,Атырауская область,Молоко сырое верблюжье,789989.0,
2022,11,Кызылординская область,Молоко сырое верблюжье,971049.0,
2022,11,Туркестанская область,Молоко сырое верблюжье,606594.0,
2022,11,Республика Казахстан,Яйца в скорлупе (за тыс. штук),39824.0,
2022,11,Акмолинская область,Яйца в скорлупе (за тыс. штук),39504.0,
2022,11,Карагандинская область,Яйца в скорлупе (за тыс. штук),34331.0,
2022,11,Костанайская область,Яйца в скорлупе (за тыс. штук),44653.0,
2022,11,Северо-Казахстанская область,Яйца в скорлупе (за тыс. штук),39498.0,
2022,11,Туркестанская область,Яйца в скорлупе (за тыс. штук),36691.0,
2022,11,Республика Казахстан,Мед натуральный,1130551.0,
2022,11,Восточно-Казахстанская область,Мед натуральный,986461.0,
2022,12,Республика Казахстан,Пшеница,104968.0,Пшеница
2022,12,Акмолинская область,Пшеница,107309.0,Пшеница
2022,12,Актюбинская область,Пшеница,98840.0,Пшеница
2022,12,Алматинская область,Пшеница,114422.0,Пшеница
2022,12,Западно-Казахстанская область,Пшеница,97342.0,Пшеница
2022,12,Жамбылская область,Пшеница,126459.0,Пшеница
2022,12,Жетісу область,Пшеница,112465.0,Пшеница
2022,12,Карагандинская область,Пшеница,102865.0,Пшеница
2022,12,Костанайская область,Пшеница,105156.0,Пшеница
2022,12,Павлодарская область,Пшеница,95986.0,Пшеница
2022,12,Северо-Казахстанская область,Пшеница,102697.0,Пшеница
2022,12,Туркестанская область,Пшеница,114815.0,Пшеница
2022,12,Восточно-Казахстанская область,Пшеница,105032.0,Пшеница
2022,12,Республика Казахстан,Пшеница твердая,109208.0,
2022,12,Республика Казахстан,"Пшеница, кроме пшеницы твердой",104788.0,
2022,12,Акмолинская область,"Пшеница, кроме пшеницы твердой",107309.0,
2022,12,Актюбинская область,"Пшеница, кроме пшеницы твердой",98270.0,
2022,12,Алматинская область,"Пшеница, кроме пшеницы твердой",114422.0,
2022,12,Западно-Казахстанская область,"Пшеница, кроме пшеницы твердой",97342.0,
2022,12,Жамбылская область,"Пшеница, кроме пшеницы твердой",126459.0,
2022,12,Жетісу область,"Пшеница, кроме пшеницы твердой",112465.0,
2022,12,Карагандинская область,"Пшеница, кроме пшеницы твердой",102713.0,
2022,12,Костанайская область,"Пшеница, кроме пшеницы твердой",104837.0,
2022,12,Павлодарская область,"Пшеница, кроме пшеницы твердой",95986.0,
2022,12,Северо-Казахстанская область,"Пшеница, кроме пшеницы твердой",102031.0,
2022,12,Туркестанская область,"Пшеница, кроме пшеницы твердой",114815.0,
2022,12,Восточно-Казахстанская область,"Пшеница, кроме пшеницы твердой",105032.0,
2022,12,Республика Казахстан,Кукуруза (маис),93486.0,Кукуруза
2022,12,Жамбылская область,Кукуруза (маис),108788.0,Кукуруза
2022,12,Республика Казахстан,Ячмень,87031.0,Ячмень
2022,12,Акмолинская область,Ячмень,83891.0,Ячмень
2022,12,Алматинская область,Ячмень,95051.0,Ячмень
2022,12,Жамбылская область,Ячмень,106958.0,Ячмень
2022,12,Жетісу область,Ячмень,99566.0,Ячмень
2022,12,Костанайская область,Ячмень,83095.0,Ячмень
2022,12,Северо-Казахстанская область,Ячмень,80040.0,Ячмень
2022,12,Восточно-Казахстанская область,Ячмень,86502.0,Ячмень
2022,12,Республика Казахстан,Овес,63554.0,
2022,12,Республика Казахстан,Гречиха,199261.0,
2022,12,Республика Казахстан,"Рис, необрушенный",125064.0,
2022,12,Алматинская область,"Рис, необрушенный",62300.0,
2022,12,Кызылординская область,"Рис, необрушенный",125896.0,
2022,12,Республика Казахстан,"Горох, сушенный",142165.0,
2022,12,Республика Казахстан,Бобы соевые,234765.0,
2022,12,Жетісу область,Бобы соевые,241639.0,
2022,12,Республика Казахстан,Семена подсолнечника,181355.0,Подсолнечник
2022,12,Абай область,Семена подсолнечника,183044.0,Подсолнечник
2022,12,Костанайская область,Семена подсолнечника,168234.0,Подсолнечник
2022,12,Павлодарская область,Семена подсолнечника,179651.0,Подсолнечник
2022,12,Восточно-Казахстанская область,Семена подсолнечника,187162.0,Подсолнечник
2022,12,Республика Казахстан,Семена сафлора,110252.0,
2022,12,Республика Казахстан,Семена льна-кудряша,181550.0,
2022,12,Акмолинская область,Семена льна-кудряша,171765.0,
2022,12,Костанайская область,Семена льна-кудряша,181702.0,
2022,12,Северо-Казахстанская область,Семена льна-кудряша,182193.0,
2022,12,Республика Казахстан,Семена рапса,192040.0,
2022,12,Республика Казахстан,Капуста кочанная,107879.0,
2022,12,Костанайская область,Капуста кочанная,90552.0,
2022,12,Республика Казахстан,Огурцы закрытого грунта,608463.0,
2022,12,Республика Казахстан,Помидоры закрытого грунта,555479.0,
2022,12,Актюбинская область,Помидоры закрытого грунта,437090.0,
2022,12,Республика Казахстан,Морковь столовая,87388.0,
2022,12,Павлодарская область,Морковь столовая,78674.0,
2022,12,Республика Казахстан,Лук репчатый,70518.0,
2022,12,Атырауская область,Лук репчатый,95464.0,
2022,12,Республика Казахстан,Свекла столовая,118166.0,
2022,12,Атырауская область,Свекла столовая,119722.0,
2022,12,Костанайская область,Свекла столовая,116808.0,
2022,12,Республика Казахстан,Картофель,111050.0,
2022,12,Акмолинская область,Картофель,102347.0,
2022,12,Актюбинская область,Картофель,135102.0,
2022,12,Алматинская область,Картофель,136476.0,
2022,12,Западно-Казахстанская область,Картофель,108850.0,
2022,12,Карагандинская область,Картофель,78030.0,
2022,12,Костанайская область,Картофель,110516.0,
2022,12,Павлодарская область,Картофель,88875.0,
2022,12,Северо-Казахстанская область,Картофель,81896.0,
2022,12,Восточно-Казахстанская область,Картофель,149204.0,
2022,12,Республика Казахстан,Хлопок очищенный или не очищенный от семян,259631.0,
2022,12,Туркестанская область,Хлопок очищенный или не очищенный от семян,259631.0,
2022,12,Республика Казахстан,Культуры кормовые зерновые,84111.0,
2022,12,Акмолинская область,Культуры кормовые зерновые,84783.0,
2022,12,Алматинская область,Культуры кормовые зерновые,101169.0,
2022,12,Жамбылская область,Культуры кормовые зерновые,98929.0,
2022,12,Жетісу область,Культуры кормовые зерновые,92395.0,
2022,12,Костанайская область,Культуры кормовые зерновые,83393.0,
2022,12,Северо-Казахстанская область,Культуры кормовые зерновые,80664.0,
2022,12,Республика Казахстан,Кукуруза на силос,8929.0,
2022,12,Восточно-Казахстанская область,Кукуруза на силос,8929.0,
2022,12,Республика Казахстан,Сено,25232.0,
2022,12,Алматинская область,Сено,19846.0,
2022,12,Западно-Казахстанская область,Сено,20000.0,
2022,12,Жетісу область,Сено,45730.0,
2022,12,Карагандинская область,Сено,21130.0,
2022,12,Кызылординская область,Сено,30971.0,
2022,12,Восточно-Казахстанская область,Сено,16018.0,
2022,12,Республика Казахстан,Плоды семечковые,211374.0,
2022,12,Алматинская область,Плоды семечковые,223852.0,
2022,12,Туркестанская область,Плоды семечковые,228504.0,
2022,12,Республика Казахстан,Яблоки,211374.0,
2022,12,Алматинская область,Яблоки,223852.0,
2022,12,Туркестанская область,Яблоки,228504.0,
2022,12,Республика Казахстан,Скот крупный рогатый,912898.0,
2022,12,Абай область,Скот крупный рогатый,743544.0,
2022,12,Акмолинская область,Скот крупный рогатый,1076996.0,
2022,12,Актюбинская область,Скот крупный рогатый,912119.0,
2022,12,Алматинская область,Скот крупный рогатый,1011321.0,
2022,12,Атырауская область,Скот крупный рогатый,966659.0,
2022,12,Западно-Казахстанская область,Скот крупный рогатый,950567.0,
2022,12,Жетісу область,Скот крупный рогатый,866357.0,
2022,12,Карагандинская область,Скот крупный рогатый,734600.0,
2022,12,Костанайская область,Скот крупный рогатый,1106352.0,
2022,12,Кызылординская область,Скот крупный рогатый,880871.0,
2022,12,Павлодарская область,Скот крупный рогатый,901958.0,
2022,12,Северо-Казахстанская область,Скот крупный рогатый,844196.0,
2022,12,Туркестанская область,Скот крупный рогатый,786886.0,
2022,12,Ұлытау область,Скот крупный рогатый,1138976.0,
2022,12,Восточно-Казахстанская область,Скот крупный рогатый,792628.0,
2022,12,Республика Казахстан,Лошади,1067844.0,
2022,12,Абай область,Лошади,753576.0,
2022,12,Акмолинская область,Лошади,1225436.0,
2022,12,Актюбинская область,Лошади,977901.0,
2022,12,Атырауская область,Лошади,1020945.0,
2022,12,Западно-Казахстанская область,Лошади,1072462.0,
2022,12,Карагандинская область,Лошади,1040213.0,
2022,12,Кызылординская область,Лошади,1003352.0,
2022,12,Мангистауская область,Лошади,1549265.0,
2022,12,Павлодарская область,Лошади,1288513.0,
2022,12,Северо-Казахстанская область,Лошади,1178117.0,
2022,12,Туркестанская область,Лошади,844501.0,
2022,12,Ұлытау область,Лошади,1158169.0,
2022,12,Республика Казахстан,Верблюды,1134829.0,
2022,12,Актюбинская область,Верблюды,735518.0,
2022,12,Кызылординская область,Верблюды,819053.0,
2022,12,Мангистауская область,Верблюды,1467263.0,
2022,12,Республика Казахстан,Овцы,914585.0,
2022,12,Абай область,Овцы,618429.0,
2022,12,Актюбинская область,Овцы,849920.0,
2022,12,Алматинская область,Овцы,1344411.0,
2022,12,Атырауская область,Овцы,737366.0,
2022,12,Западно-Казахстанская область,Овцы,818995.0,
2022,12,Жамбылская область,Овцы,942032.0,
2022,12,Жетісу область,Овцы,847147.0,
2022,12,Карагандинская область,Овцы,722265.0,
2022,12,Кызылординская область,Овцы,1020235.0,
2022,12,Мангистауская область,Овцы,905332.0,
2022,12,Павлодарская область,Овцы,1394236.0,
2022,12,Туркестанская область,Овцы,735591.0,
2022,12,Ұлытау область,Овцы,778436.0,
2022,12,Восточно-Казахстанская область,Овцы,846826.0,
2022,12,Республика Казахстан,Свиньи,856788.0,
2022,12,Западно-Казахстанская область,Свиньи,1097901.0,
2022,12,Республика Казахстан,"Домашняя птица, живая",676406.0,
2022,12,Акмолинская область,"Домашняя птица, живая",985346.0,
2022,12,Карагандинская область,"Домашняя птица, живая",699303.0,
2022,12,Республика Казахстан,Молоко сырое коровье,189084.0,
2022,12,Абай область,Молоко сырое коровье,189845.0,
2022,12,Акмолинская область,Молоко сырое коровье,226669.0,
2022,12,Актюбинская область,Молоко сырое коровье,184302.0,
2022,12,Алматинская область,Молоко сырое коровье,198051.0,
2022,12,Жамбылская область,Молоко сырое коровье,165595.0,
2022,12,Жетісу область,Молоко сырое коровье,195564.0,
2022,12,Костанайская область,Молоко сырое коровье,183324.0,
2022,12,Кызылординская область,Молоко сырое коровье,153155.0,
2022,12,Павлодарская область,Молоко сырое коровье,202817.0,
2022,12,Северо-Казахстанская область,Молоко сырое коровье,182550.0,
2022,12,Туркестанская область,Молоко сырое коровье,186995.0,
2022,12,Восточно-Казахстанская область,Молоко сырое коровье,189726.0,
2022,12,Республика Казахстан,Молоко сырое кобылье,651339.0,
2022,12,Республика Казахстан,Молоко сырое верблюжье,715648.0,
2022,12,Атырауская область,Молоко сырое верблюжье,789989.0,
2022,12,Кызылординская область,Молоко сырое верблюжье,972809.0,
2022,12,Туркестанская область,Молоко сырое верблюжье,606594.0,
2022,12,Республика Казахстан,Яйца в скорлупе (за тыс. штук),38335.0,
2022,12,Акмолинская область,Яйца в скорлупе (за тыс. штук),37019.0,
2022,12,Карагандинская область,Яйца в скорлупе (за тыс. штук),34466.0,
2022,12,Костанайская область,Яйца в скорлупе (за тыс. штук),41570.0,
2022,12,Северо-Казахстанская область,Яйца в скорлупе (за тыс. штук),38197.0,
2022,12,Туркестанская область,Яйца в скорлупе (за тыс. штук),37684.0,
2022,12,Республика Казахстан,Мед натуральный,1143040.0,
2023,1,Республика Казахстан,Пшеница,107105.0,Пшеница
2023,1,Абай область,Пшеница,106302.0,Пшеница
2023,1,Акмолинская область,Пшеница,110245.0,Пшеница
2023,1,Актюбинская область,Пшеница,109772.0,Пшеница
2023,1,Алматинская область,Пшеница,146114.0,Пшеница
2023,1,Западно-Казахстанская область,Пшеница,102969.0,Пшеница
2023,1,Жетісу область,Пшеница,120000.0,Пшеница
2023,1,Карагандинская область,Пшеница,109288.0,Пшеница
2023,1,Костанайская область,Пшеница,104201.0,Пшеница
2023,1,Павлодарская область,Пшеница,104970.0,Пшеница
2023,1,Северо-Казахстанская область,Пшеница,101123.0,Пшеница
2023,1,Республика Казахстан,Пшеница твердая,124729.0,
2023,1,Костанайская область,Пшеница твердая,104480.0,
2023,1,Северо-Казахстанская область,Пшеница твердая,117209.0,
2023,1,Республика Казахстан,"Пшеница, кроме пшеницы твердой",106125.0,
2023,1,Абай область,"Пшеница, кроме пшеницы твердой",106302.0,
2023,1,Акмолинская область,"Пшеница, кроме пшеницы твердой",108389.0,
2023,1,Актюбинская область,"Пшеница, кроме пшеницы твердой",100432.0,
2023,1,Алматинская область,"Пшеница, кроме пшеницы твердой",146114.0,
2023,1,Западно-Казахстанская область,"Пшеница, кроме пшеницы твердой",102969.0,
2023,1,Жетісу область,"Пшеница, кроме пшеницы твердой",120000.0,
2023,1,Карагандинская область,"Пшеница, кроме пшеницы твердой",109206.0,
2023,1,Костанайская область,"Пшеница, кроме пшеницы твердой",104187.0,
2023,1,Павлодарская область,"Пшеница, кроме пшеницы твердой",104970.0,
2023,1,Северо-Казахстанская область,"Пшеница, кроме пшеницы твердой",99273.0,
2023,1,Республика Казахстан,Ячмень,89050.0,Ячмень
2023,1,Акмолинская область,Ячмень,85076.0,Ячмень
2023,1,Актюбинская область,Ячмень,75065.0,Ячмень
2023,1,Западно-Казахстанская область,Ячмень,86439.0,Ячмень
2023,1,Карагандинская область,Ячмень,73068.0,Ячмень
2023,1,Северо-Казахстанская область,Ячмень,84218.0,Ячмень
2023,1,Восточно-Казахстанская область,Ячмень,80917.0,Ячмень
2023,1,Республика Казахстан,Овес,68006.0,
2023,1,Республика Казахстан,Просо,135459.0,
2023,1,Республика Казахстан,Гречиха,202578.0,
2023,1,Павлодарская область,Гречиха,202578.0,
2023,1,Республика Казахстан,"Рис, необрушенный",133671.0,
2023,1,Алматинская область,"Рис, необрушенный",62300.0,
2023,1,Кызылординская область,"Рис, необрушенный",134564.0,
2023,1,Республика Казахстан,Чечевица сушеная,249419.0,
2023,1,Акмолинская область,Чечевица сушеная,232327.0,
2023,1,Республика Казахстан,"Горох, сушенный",107724.0,
2023,1,Республика Казахстан,Бобы соевые,264814.0,
2023,1,Жетісу область,Бобы соевые,266785.0,
2023,1,Республика Казахстан,Семена подсолнечника,187555.0,Подсолнечник
2023,1,Абай область,Семена подсолнечника,183347.0,Подсолнечник
2023,1,Актюбинская область,Семена подсолнечника,190789.0,Подсолнечник
2023,1,Западно-Казахстанская область,Семена подсолнечника,166910.0,Подсолнечник
2023,1,Костанайская область,Семена подсолнечника,161789.0,Подсолнечник
2023,1,Павлодарская область,Семена подсолнечника,171339.0,Подсолнечник
2023,1,Северо-Казахстанская область,Семена подсолнечника,171120.0,Подсолнечник
2023,1,Восточно-Казахстанская область,Семена подсолнечника,197096.0,Подсолнечник
2023,1,Республика Казахстан,Семена сафлора,99701.0,
2023,1,Западно-Казахстанская область,Семена сафлора,103017.0,
2023,1,Республика Казахстан,Семена льна-кудряша,184585.0,
2023,1,Акмолинская область,Семена льна-кудряша,187386.0,
2023,1,Северо-Казахстанская область,Семена льна-кудряша,190031.0,
2023,1,Республика Казахстан,Семена рапса,196178.0,
2023,1,Северо-Казахстанская область,Семена рапса,189141.0,
2023,1,Республика Казахстан,Капуста кочанная,116535.0,
2023,1,Республика Казахстан,Огурцы закрытого грунта,950192.0,
2023,1,Алматинская область,Огурцы закрытого грунта,901906.0,
2023,1,Республика Казахстан,Помидоры закрытого грунта,627318.0,
2023,1,Актюбинская область,Помидоры закрытого грунта,479085.0,
2023,1,Алматинская область,Помидоры закрытого грунта,736291.0,
2023,1,Республика Казахстан,Морковь столовая,82358.0,
2023,1,Атырауская область,Морковь столовая,161395.0,
2023,1,Павлодарская область,Морковь столовая,75983.0,
2023,1,Республика Казахстан,Лук репчатый,69717.0,
2023,1,Алматинская область,Лук репчатый,62744.0,
2023,1,Атырауская область,Лук репчатый,122219.0,
2023,1,Республика Казахстан,Свекла столовая,113673.0,
2023,1,Атырауская область,Свекла столовая,122026.0,
2023,1,Павлодарская область,Свекла столовая,105202.0,
2023,1,Республика Казахстан,Картофель,110515.0,
2023,1,Акмолинская область,Картофель,97391.0,
2023,1,Актюбинская область,Картофель,128406.0,
2023,1,Алматинская область,Картофель,138850.0,
2023,1,Западно-Казахстанская область,Картофель,122462.0,
2023,1,Карагандинская область,Картофель,73406.0,
2023,1,Костанайская область,Картофель,125456.0,
2023,1,Павлодарская область,Картофель,97900.0,
2023,1,Восточно-Казахстанская область,Картофель,153934.0,
2023,1,Республика Казахстан,Культуры кормовые зерновые,72515.0,
2023,1,Акмолинская область,Культуры кормовые зерновые,89990.0,
2023,1,Западно-Казахстанская область,Культуры кормовые зерновые,95156.0,
2023,1,Карагандинская область,Культуры кормовые зерновые,69323.0,
2023,1,Северо-Казахстанская область,Культуры кормовые зерновые,80143.0,
2023,1,Восточно-Казахстанская область,Культуры кормовые зерновые,58479.0,
2023,1,Республика Казахстан,Кукуруза на силос,8929.0,
2023,1,Восточно-Казахстанская область,Кукуруза на силос,8929.0,
2023,1,Республика Казахстан,Сено,39359.0,
2023,1,Алматинская область,Сено,42633.0,
2023,1,Западно-Казахстанская область,Сено,21340.0,
2023,1,Жетісу область,Сено,53133.0,
2023,1,Карагандинская область,Сено,25124.0,
2023,1,Восточно-Казахстанская область,Сено,16134.0,
2023,1,Республика Казахстан,Яблоки,220707.0,
2023,1,Алматинская область,Яблоки,220904.0,
2023,1,Туркестанская область,Яблоки,224202.0,
2023,1,Республика Казахстан,Скот крупный рогатый,950039.0,
2023,1,Абай область,Скот крупный рогатый,658311.0,
2023,1,Акмолинская область,Скот крупный рогатый,1177211.0,
2023,1,Актюбинская область,Скот крупный рогатый,915644.0,
2023,1,Алматинская область,Скот крупный рогатый,1076604.0,
2023,1,Атырауская область,Скот крупный рогатый,821285.0,
2023,1,Западно-Казахстанская область,Скот крупный рогатый,949224.0,
2023,1,Жамбылская область,Скот крупный рогатый,804932.0,
2023,1,Жетісу область,Скот крупный рогатый,894337.0,
2023,1,Карагандинская область,Скот крупный рогатый,879438.0,
2023,1,Костанайская область,Скот крупный рогатый,1123428.0,
2023,1,Кызылординская область,Скот крупный рогатый,890587.0,
2023,1,Павлодарская область,Скот крупный рогатый,952920.0,
2023,1,Северо-Казахстанская область,Скот крупный рогатый,898960.0,
2023,1,Туркестанская область,Скот крупный рогатый,862752.0,
2023,1,Ұлытау область,Скот крупный рогатый,1253661.0,
2023,1,Восточно-Казахстанская область,Скот крупный рогатый,825967.0,
2023,1,Республика Казахстан,Лошади,1061714.0,
2023,1,Акмолинская область,Лошади,1351808.0,
2023,1,Актюбинская область,Лошади,1020431.0,
2023,1,Атырауская область,Лошади,772936.0,
2023,1,Западно-Казахстанская область,Лошади,1031786.0,
2023,1,Жамбылская область,Лошади,1145602.0,
2023,1,Карагандинская область,Лошади,977829.0,
2023,1,Кызылординская область,Лошади,1021100.0,
2023,1,Мангистауская область,Лошади,1610044.0,
2023,1,Павлодарская область,Лошади,1225045.0,
2023,1,Ұлытау область,Лошади,1245253.0,
2023,1,Восточно-Казахстанская область,Лошади,1117509.0,
2023,1,Республика Казахстан,Верблюды,1101541.0,
2023,1,Атырауская область,Верблюды,709167.0,
2023,1,Кызылординская область,Верблюды,804981.0,
2023,1,Мангистауская область,Верблюды,1358032.0,
2023,1,Республика Казахстан,Овцы,942436.0,
2023,1,Акмолинская область,Овцы,1252481.0,
2023,1,Актюбинская область,Овцы,842839.0,
2023,1,Алматинская область,Овцы,1220490.0,
2023,1,Атырауская область,Овцы,712638.0,
2023,1,Западно-Казахстанская область,Овцы,835049.0,
2023,1,Жамбылская область,Овцы,824677.0,
2023,1,Жетісу область,Овцы,824750.0,
2023,1,Карагандинская область,Овцы,853931.0,
2023,1,Кызылординская область,Овцы,920847.0,
2023,1,Мангистауская область,Овцы,936162.0,
2023,1,Павлодарская область,Овцы,1518653.0,
2023,1,Ұлытау область,Овцы,705217.0,
2023,1,Восточно-Казахстанская область,Овцы,996944.0,
2023,1,Республика Казахстан,Свиньи,842186.0,
2023,1,Западно-Казахстанская область,Свиньи,1140912.0,
2023,1,Республика Казахстан,Домашняя птица,744275.0,
2023,1,Акмолинская область,Домашняя птица,1053896.0,
2023,1,Карагандинская область,Домашняя птица,712156.0,
2023,1,Восточно-Казахстанская область,Домашняя птица,777010.0,
2023,1,Республика Казахстан,Молоко сырое коровье,204612.0,
2023,1,Абай область,Молоко сырое коровье,203263.0,
2023,1,Акмолинская область,Молоко сырое коровье,238103.0,
2023,1,Алматинская область,Молоко сырое коровье,213674.0,
2023,1,Западно-Казахстанская область,Молоко сырое коровье,173342.0,
2023,1,Жетісу область,Молоко сырое коровье,198291.0,
2023,1,Карагандинская область,Молоко сырое коровье,231223.0,
2023,1,Костанайская область,Молоко сырое коровье,185097.0,
2023,1,Кызылординская область,Молоко сырое коровье,245968.0,
2023,1,Павлодарская область,Молоко сырое коровье,203677.0,
2023,1,Северо-Казахстанская область,Молоко сырое коровье,186040.0,
2023,1,Туркестанская область,Молоко сырое коровье,211269.0,
2023,1,Восточно-Казахстанская область,Молоко сырое коровье,199296.0,
2023,1,Республика Казахстан,Молоко сырое кобылье,899843.0,
2023,1,Акмолинская область,Молоко сырое кобылье,833767.0,
2023,1,Республика Казахстан,Молоко сырое верблюжье,705490.0,
2023,1,Атырауская область,Молоко сырое верблюжье,831835.0,
2023,1,Кызылординская область,Молоко сырое верблюжье,999151.0,
2023,1,Мангистауская область,Молоко сырое верблюжье,823673.0,
2023,1,Туркестанская область,Молоко сырое верблюжье,643264.0,
2023,1,Республика Казахстан,Яйца куриные (за тыс.штук),37897.0,
2023,1,Акмолинская область,Яйца куриные (за тыс.штук),37254.0,
2023,1,Карагандинская область,Яйца куриные (за тыс.штук),34099.0,
2023,1,Костанайская область,Яйца куриные (за тыс.штук),41028.0,
2023,1,Северо-Казахстанская область,Яйца куриные (за тыс.штук),38813.0,
2023,1,Туркестанская область,Яйца куриные (за тыс.штук),38567.0,
2023,1,Республика Казахстан,Мед натуральный,2738475.0,
2023,2,Республика Казахстан,Пшеница,104370.0,Пшеница
2023,2,Акмолинская область,Пшеница,105684.0,Пшеница
2023,2,Актюбинская область,Пшеница,97322.0,Пшеница
2023,2,Западно-Казахстанская область,Пшеница,110059.0,Пшеница
2023,2,Карагандинская область,Пшеница,105682.0,Пшеница
2023,2,Костанайская область,Пшеница,105843.0,Пшеница
2023,2,Павлодарская область,Пшеница,102184.0,Пшеница
2023,2,Северо-Казахстанская область,Пшеница,101895.0,Пшеница
2023,2,Восточно-Казахстанская область,Пшеница,85853.0,Пшеница
2023,2,Республика Казахстан,Пшеница твердая,109101.0,
2023,2,Республика Казахстан,"Пшеница, кроме пшеницы твердой",104166.0,
2023,2,Акмолинская область,"Пшеница, кроме пшеницы твердой",105684.0,
2023,2,Актюбинская область,"Пшеница, кроме пшеницы твердой",97322.0,
2023,2,Западно-Казахстанская область,"Пшеница, кроме пшеницы твердой",110059.0,
2023,2,Карагандинская область,"Пшеница, кроме пшеницы твердой",105292.0,
2023,2,Костанайская область,"Пшеница, кроме пшеницы твердой",105720.0,
2023,2,Павлодарская область,"Пшеница, кроме пшеницы твердой",102170.0,
2023,2,Северо-Казахстанская область,"Пшеница, кроме пшеницы твердой",101072.0,
2023,2,Восточно-Казахстанская область,"Пшеница, кроме пшеницы твердой",85853.0,
2023,2,Республика Казахстан,Ячмень,80241.0,Ячмень
2023,2,Акмолинская область,Ячмень,89856.0,Ячмень
2023,2,Западно-Казахстанская область,Ячмень,99241.0,Ячмень
2023,2,Карагандинская область,Ячмень,47095.0,Ячмень
2023,2,Костанайская область,Ячмень,75893.0,Ячмень
2023,2,Северо-Казахстанская область,Ячмень,84084.0,Ячмень
2023,2,Восточно-Казахстанская область,Ячмень,67340.0,Ячмень
2023,2,Республика Казахстан,Овес,61272.0,
2023,2,Республика Казахстан,Гречиха,176649.0,
2023,2,Павлодарская область,Гречиха,167829.0,
2023,2,Восточно-Казахстанская область,Гречиха,188246.0,
2023,2,Республика Казахстан,"Рис, необрушенный",170438.0,
2023,2,Кызылординская область,"Рис, необрушенный",171721.0,
2023,2,Республика Казахстан,"Горох, сушенный",113204.0,
2023,2,Северо-Казахстанская область,"Горох, сушенный",116577.0,
2023,2,Республика Казахстан,Семена подсолнечника,196341.0,Подсолнечник
2023,2,Абай область,Семена подсолнечника,199173.0,Подсолнечник
2023,2,Западно-Казахстанская область,Семена подсолнечника,175265.0,Подсолнечник
2023,2,Костанайская область,Семена подсолнечника,173660.0,Подсолнечник
2023,2,Павлодарская область,Семена подсолнечника,172381.0,Подсолнечник
2023,2,Северо-Казахстанская область,Семена подсолнечника,182393.0,Подсолнечник
2023,2,Восточно-Казахстанская область,Семена подсолнечника,205425.0,Подсолнечник
2023,2,Республика Казахстан,Семена льна-кудряша,190995.0,
2023,2,Акмолинская область,Семена льна-кудряша,181631.0,
2023,2,Карагандинская область,Семена льна-кудряша,171617.0,
2023,2,Костанайская область,Семена льна-кудряша,164701.0,
2023,2,Северо-Казахстанская область,Семена льна-кудряша,199540.0,
2023,2,Республика Казахстан,Семена рапса,191535.0,
2023,2,Восточно-Казахстанская область,Семена рапса,217395.0,
2023,2,Республика Казахстан,Капуста кочанная,115105.0,
2023,2,Республика Казахстан,Огурцы закрытого грунта,1014774.0,
2023,2,Республика Казахстан,Помидоры закрытого грунта,765871.0,
2023,2,Актюбинская область,Помидоры закрытого грунта,625062.0,
2023,2,Алматинская область,Помидоры закрытого грунта,992558.0,
2023,2,Республика Казахстан,Морковь столовая,85161.0,
2023,2,Павлодарская область,Морковь столовая,80608.0,
2023,2,Республика Казахстан,Лук репчатый,96538.0,
2023,2,Республика Казахстан,Свекла столовая,118707.0,
2023,2,Республика Казахстан,Картофель,102152.0,
2023,2,Акмолинская область,Картофель,106423.0,
2023,2,Карагандинская область,Картофель,76595.0,
2023,2,Костанайская область,Картофель,106925.0,
2023,2,Павлодарская область,Картофель,101808.0,
2023,2,Восточно-Казахстанская область,Картофель,161640.0,
2023,2,Республика Казахстан,Культуры кормовые зерновые,52627.0,
2023,2,Акмолинская область,Культуры кормовые зерновые,92594.0,
2023,2,Западно-Казахстанская область,Культуры кормовые зерновые,95495.0,
2023,2,Карагандинская область,Культуры кормовые зерновые,44794.0,
2023,2,Восточно-Казахстанская область,Культуры кормовые зерновые,56905.0,
2023,2,Республика Казахстан,Кукуруза на силос,8929.0,
2023,2,Восточно-Казахстанская область,Кукуруза на силос,8929.0,
2023,2,Республика Казахстан,Сено,35743.0,
2023,2,Абай область,Сено,40146.0,
2023,2,Алматинская область,Сено,42633.0,
2023,2,Западно-Казахстанская область,Сено,20612.0,
2023,2,Восточно-Казахстанская область,Сено,17284.0,
2023,2,Республика Казахстан,Плоды семечковые,231119.0,
2023,2,Алматинская область,Плоды семечковые,216028.0,
2023,2,Республика Казахстан,Яблоки,231119.0,
2023,2,Алматинская область,Яблоки,216028.0,
2023,2,Республика Казахстан,Скот крупный рогатый,930330.0,
2023,2,Абай область,Скот крупный рогатый,705139.0,
2023,2,Акмолинская область,Скот крупный рогатый,1105114.0,
2023,2,Актюбинская область,Скот крупный рогатый,943973.0,
2023,2,Алматинская область,Скот крупный рогатый,1029347.0,
2023,2,Западно-Казахстанская область,Скот крупный рогатый,953289.0,
2023,2,Жамбылская область,Скот крупный рогатый,804067.0,
2023,2,Жетісу область,Скот крупный рогатый,859045.0,
2023,2,Карагандинская область,Скот крупный рогатый,927960.0,
2023,2,Костанайская область,Скот крупный рогатый,1092287.0,
2023,2,Кызылординская область,Скот крупный рогатый,893636.0,
2023,2,Павлодарская область,Скот крупный рогатый,906853.0,
2023,2,Северо-Казахстанская область,Скот крупный рогатый,898924.0,
2023,2,Туркестанская область,Скот крупный рогатый,876874.0,
2023,2,Ұлытау область,Скот крупный рогатый,951865.0,
2023,2,Восточно-Казахстанская область,Скот крупный рогатый,826527.0,
2023,2,Республика Казахстан,Лошади,1151883.0,
2023,2,Абай область,Лошади,761503.0,
2023,2,Акмолинская область,Лошади,1154439.0,
2023,2,Актюбинская область,Лошади,1079700.0,
2023,2,Атырауская область,Лошади,836345.0,
2023,2,Западно-Казахстанская область,Лошади,1030665.0,
2023,2,Карагандинская область,Лошади,1204168.0,
2023,2,Кызылординская область,Лошади,1023119.0,
2023,2,Мангистауская область,Лошади,1636695.0,
2023,2,Ұлытау область,Лошади,849059.0,
2023,2,Восточно-Казахстанская область,Лошади,1184175.0,
2023,2,Республика Казахстан,Верблюды,1156845.0,
2023,2,Кызылординская область,Верблюды,811653.0,
2023,2,Мангистауская область,Верблюды,1453424.0,
2023,2,Республика Казахстан,Овцы,910890.0,
2023,2,Абай область,Овцы,740165.0,
2023,2,Актюбинская область,Овцы,881785.0,
2023,2,Атырауская область,Овцы,777064.0,
2023,2,Западно-Казахстанская область,Овцы,826487.0,
2023,2,Карагандинская область,Овцы,788480.0,
2023,2,Кызылординская область,Овцы,980711.0,
2023,2,Ұлытау область,Овцы,763773.0,
2023,2,Восточно-Казахстанская область,Овцы,923354.0,
2023,2,Республика Казахстан,Свиньи,843638.0,
2023,2,Западно-Казахстанская область,Свиньи,1054569.0,
2023,2,Республика Казахстан,Домашняя птица,684069.0,
2023,2,Акмолинская область,Домашняя птица,908314.0,
2023,2,Карагандинская область,Домашняя птица,672430.0,
2023,2,Восточно-Казахстанская область,Домашняя птица,729148.0,
2023,2,Республика Казахстан,Молоко сырое коровье,210468.0,
2023,2,Абай область,Молоко сырое коровье,202076.0,
2023,2,Акмолинская область,Молоко сырое коровье,238103.0,
2023,2,Алматинская область,Молоко сырое коровье,218509.0,
2023,2,Западно-Казахстанская область,Молоко сырое коровье,173342.0,
2023,2,Жетісу область,Молоко сырое коровье,206222.0,
2023,2,Карагандинская область,Молоко сырое коровье,245986.0,
2023,2,Костанайская область,Молоко сырое коровье,185195.0,
2023,2,Кызылординская область,Молоко сырое коровье,269925.0,
2023,2,Павлодарская область,Молоко сырое коровье,208241.0,
2023,2,Северо-Казахстанская область,Молоко сырое коровье,202258.0,
2023,2,Туркестанская область,Молоко сырое коровье,214587.0,
2023,2,Восточно-Казахстанская область,Молоко сырое коровье,200730.0,
2023,2,Республика Казахстан,Молоко сырое кобылье,916019.0,
2023,2,Республика Казахстан,Молоко сырое верблюжье,716749.0,
2023,2,Атырауская область,Молоко сырое верблюжье,866008.0,
2023,2,Мангистауская область,Молоко сырое верблюжье,871175.0,
2023,2,Туркестанская область,Молоко сырое верблюжье,659352.0,
2023,2,Республика Казахстан,Яйца в скорлупе,37730.0,
2023,2,Акмолинская область,Яйца в скорлупе,37631.0,
2023,2,Карагандинская область,Яйца в скорлупе,33999.0,
2023,2,Костанайская область,Яйца в скорлупе,41039.0,
2023,2,Северо-Казахстанская область,Яйца в скорлупе,36442.0,
2023,2,Туркестанская область,Яйца в скорлупе,37892.0,
2023,2,Республика Казахстан,Мед натуральный,1092476.0,
2023,3,Республика Казахстан,Пшеница,96702.0,Пшеница
2023,3,Акмолинская область,Пшеница,99293.0,Пшеница
2023,3,Актюбинская область,Пшеница,94844.0,Пшеница
2023,3,Западно-Казахстанская область,Пшеница,111328.0,Пшеница
2023,3,Карагандинская область,Пшеница,95251.0,Пшеница
2023,3,Костанайская область,Пшеница,96671.0,Пшеница
2023,3,Павлодарская область,Пшеница,99916.0,Пшеница
2023,3,Северо-Казахстанская область,Пшеница,92669.0,Пшеница
2023,3,Восточно-Казахстанская область,Пшеница,87743.0,Пшеница
2023,3,Республика Казахстан,Пшеница твердая,106546.0,
2023,3,Республика Казахстан,"Пшеница, кроме пшеницы твердой",96262.0,
2023,3,Акмолинская область,"Пшеница, кроме пшеницы твердой",99512.0,
2023,3,Актюбинская область,"Пшеница, кроме пшеницы твердой",94844.0,
2023,3,Западно-Казахстанская область,"Пшеница, кроме пшеницы твердой",111328.0,
2023,3,Карагандинская область,"Пшеница, кроме пшеницы твердой",94753.0,
2023,3,Костанайская область,"Пшеница, кроме пшеницы твердой",96671.0,
2023,3,Павлодарская область,"Пшеница, кроме пшеницы твердой",99916.0,
2023,3,Северо-Казахстанская область,"Пшеница, кроме пшеницы твердой",90415.0,
2023,3,Восточно-Казахстанская область,"Пшеница, кроме пшеницы твердой",87743.0,
2023,3,Республика Казахстан,Ячмень,84998.0,Ячмень
2023,3,Западно-Казахстанская область,Ячмень,99241.0,Ячмень
2023,3,Карагандинская область,Ячмень,85129.0,Ячмень
2023,3,Восточно-Казахстанская область,Ячмень,58666.0,Ячмень
2023,3,Республика Казахстан,Овес,51467.0,
2023,3,Республика Казахстан,Просо,122477.0,
2023,3,Республика Казахстан,"Рис, необрушенный",176233.0,
2023,3,Кызылординская область,"Рис, необрушенный",177530.0,
2023,3,Республика Казахстан,"Горох, сушенный",112225.0,
2023,3,Республика Казахстан,Семена подсолнечника,195068.0,Подсолнечник
2023,3,Абай область,Семена подсолнечника,209537.0,Подсолнечник
2023,3,Костанайская область,Семена подсолнечника,172356.0,Подсолнечник
2023,3,Восточно-Казахстанская область,Семена подсолнечника,201432.0,Подсолнечник
2023,3,Республика Казахстан,Семена сафлора,90288.0,
2023,3,Республика Казахстан,Семена льна-кудряша,191701.0,
2023,3,Акмолинская область,Семена льна-кудряша,180122.0,
2023,3,Карагандинская область,Семена льна-кудряша,181136.0,
2023,3,Северо-Казахстанская область,Семена льна-кудряша,204756.0,
2023,3,Республика Казахстан,Капуста кочанная,99908.0,
2023,3,Республика Казахстан,Огурцы закрытого грунта,570240.0,
2023,3,Алматинская область,Огурцы закрытого грунта,573306.0,
2023,3,Республика Казахстан,Помидоры закрытого грунта,880056.0,
2023,3,Алматинская область,Помидоры закрытого грунта,1101104.0,
2023,3,Республика Казахстан,Морковь столовая,84611.0,
2023,3,Павлодарская область,Морковь столовая,77828.0,
2023,3,Республика Казахстан,Лук репчатый,99283.0,
2023,3,Республика Казахстан,Свекла столовая,119581.0,
2023,3,Республика Казахстан,Картофель,115574.0,
2023,3,Акмолинская область,Картофель,107686.0,
2023,3,Алматинская область,Картофель,138850.0,
2023,3,Карагандинская область,Картофель,60572.0,
2023,3,Костанайская область,Картофель,119501.0,
2023,3,Павлодарская область,Картофель,95713.0,
2023,3,Восточно-Казахстанская область,Картофель,161640.0,
2023,3,Республика Казахстан,Культуры кормовые зерновые,83015.0,
2023,3,Западно-Казахстанская область,Культуры кормовые зерновые,99241.0,
2023,3,Карагандинская область,Культуры кормовые зерновые,82672.0,
2023,3,Республика Казахстан,Кукуруза на силос,10746.0,
2023,3,Восточно-Казахстанская область,Кукуруза на силос,10746.0,
2023,3,Республика Казахстан,Сено,21736.0,
2023,3,Абай область,Сено,40620.0,
2023,3,Восточно-Казахстанская область,Сено,17284.0,
2023,3,Республика Казахстан,Плоды семечковые,231604.0,
2023,3,Алматинская область,Плоды семечковые,206268.0,
2023,3,Республика Казахстан,Яблоки,231604.0,
2023,3,Алматинская область,Яблоки,206268.0,
2023,3,Республика Казахстан,Скот крупный рогатый,944732.0,
2023,3,Абай область,Скот крупный рогатый,766994.0,
2023,3,Акмолинская область,Скот крупный рогатый,1105114.0,
2023,3,Актюбинская область,Скот крупный рогатый,942889.0,
2023,3,Алматинская область,Скот крупный рогатый,1047995.0,
2023,3,Атырауская область,Скот крупный рогатый,954747.0,
2023,3,Западно-Казахстанская область,Скот крупный рогатый,963954.0,
2023,3,Карагандинская область,Скот крупный рогатый,943812.0,
2023,3,Костанайская область,Скот крупный рогатый,1155177.0,
2023,3,Кызылординская область,Скот крупный рогатый,898374.0,
2023,3,Павлодарская область,Скот крупный рогатый,924233.0,
2023,3,Северо-Казахстанская область,Скот крупный рогатый,990644.0,
2023,3,Туркестанская область,Скот крупный рогатый,789017.0,
2023,3,Ұлытау область,Скот крупный рогатый,946492.0,
2023,3,Восточно-Казахстанская область,Скот крупный рогатый,901971.0,
2023,3,Республика Казахстан,Лошади,1149567.0,
2023,3,Абай область,Лошади,792954.0,
2023,3,Акмолинская область,Лошади,1225850.0,
2023,3,Актюбинская область,Лошади,984108.0,
2023,3,Западно-Казахстанская область,Лошади,1007879.0,
2023,3,Карагандинская область,Лошади,1230364.0,
2023,3,Кызылординская область,Лошади,1036621.0,
2023,3,Мангистауская область,Лошади,1636432.0,
2023,3,Павлодарская область,Лошади,1466812.0,
2023,3,Туркестанская область,Лошади,919144.0,
2023,3,Ұлытау область,Лошади,1350229.0,
2023,3,Республика Казахстан,Верблюды,1259873.0,
2023,3,Кызылординская область,Верблюды,810248.0,
2023,3,Мангистауская область,Верблюды,1579837.0,
2023,3,Республика Казахстан,Овцы,886267.0,
2023,3,Акмолинская область,Овцы,1252481.0,
2023,3,Актюбинская область,Овцы,878197.0,
2023,3,Алматинская область,Овцы,971060.0,
2023,3,Атырауская область,Овцы,784822.0,
2023,3,Западно-Казахстанская область,Овцы,823598.0,
2023,3,Жамбылская область,Овцы,917997.0,
2023,3,Карагандинская область,Овцы,803630.0,
2023,3,Кызылординская область,Овцы,921467.0,
2023,3,Туркестанская область,Овцы,666189.0,
2023,3,Ұлытау область,Овцы,835527.0,
2023,3,Восточно-Казахстанская область,Овцы,924505.0,
2023,3,Республика Казахстан,Свиньи,832287.0,
2023,3,Западно-Казахстанская область,Свиньи,1054569.0,
2023,3,Восточно-Казахстанская область,Свиньи,888938.0,
2023,3,Республика Казахстан,Домашняя птица,825643.0,
2023,3,Акмолинская область,Домашняя птица,827850.0,
2023,3,Карагандинская область,Домашняя птица,647897.0,
2023,3,Восточно-Казахстанская область,Домашняя птица,711572.0,
2023,3,Республика Казахстан,Молоко сырое коровье,210175.0,
2023,3,Абай область,Молоко сырое коровье,202943.0,
2023,3,Акмолинская область,Молоко сырое коровье,238701.0,
2023,3,Алматинская область,Молоко сырое коровье,217948.0,
2023,3,Западно-Казахстанская область,Молоко сырое коровье,178782.0,
2023,3,Жетісу область,Молоко сырое коровье,207289.0,
2023,3,Карагандинская область,Молоко сырое коровье,240802.0,
2023,3,Костанайская область,Молоко сырое коровье,183320.0,
2023,3,Кызылординская область,Молоко сырое коровье,270094.0,
2023,3,Павлодарская область,Молоко сырое коровье,207834.0,
2023,3,Северо-Казахстанская область,Молоко сырое коровье,193683.0,
2023,3,Туркестанская область,Молоко сырое коровье,214175.0,
2023,3,Восточно-Казахстанская область,Молоко сырое коровье,211095.0,
2023,3,Республика Казахстан,Молоко сырое кобылье,764973.0,
2023,3,Республика Казахстан,Молоко сырое верблюжье,717789.0,
2023,3,Атырауская область,Молоко сырое верблюжье,866008.0,
2023,3,Мангистауская область,Молоко сырое верблюжье,871175.0,
2023,3,Туркестанская область,Молоко сырое верблюжье,666257.0,
2023,3,Республика Казахстан,Яйца в скорлупе,39163.0,
2023,3,Акмолинская область,Яйца в скорлупе,41111.0,
2023,3,Карагандинская область,Яйца в скорлупе,34616.0,
2023,3,Костанайская область,Яйца в скорлупе,40888.0,
2023,3,Северо-Казахстанская область,Яйца в скорлупе,37010.0,
2023,3,Туркестанская область,Яйца в скорлупе,37409.0,
2023,3,Республика Казахстан,Мед натуральный,1092476.0,
2023,4,Республика Казахстан,Пшеница,88895.0,Пшеница
2023,4,Акмолинская область,Пшеница,93514.0,Пшеница
2023,4,Актюбинская область,Пшеница,88838.0,Пшеница
2023,4,Алматинская область,Пшеница,127422.0,Пшеница
2023,4,Западно-Казахстанская область,Пшеница,96015.0,Пшеница
2023,4,Карагандинская область,Пшеница,89462.0,Пшеница
2023,4,Костанайская область,Пшеница,83528.0,Пшеница
2023,4,Павлодарская область,Пшеница,93998.0,Пшеница
2023,4,Северо-Казахстанская область,Пшеница,85376.0,Пшеница
2023,4,Восточно-Казахстанская область,Пшеница,84070.0,Пшеница
2023,4,Республика Казахстан,Пшеница твердая,98350.0,
2023,4,Костанайская область,Пшеница твердая,96498.0,
2023,4,Северо-Казахстанская область,Пшеница твердая,100849.0,
2023,4,Республика Казахстан,"Пшеница, кроме пшеницы твердой",88346.0,
2023,4,Акмолинская область,"Пшеница, кроме пшеницы твердой",93503.0,
2023,4,Актюбинская область,"Пшеница, кроме пшеницы твердой",87416.0,
2023,4,Алматинская область,"Пшеница, кроме пшеницы твердой",127422.0,
2023,4,Западно-Казахстанская область,"Пшеница, кроме пшеницы твердой",96015.0,
2023,4,Карагандинская область,"Пшеница, кроме пшеницы твердой",89072.0,
2023,4,Костанайская область,"Пшеница, кроме пшеницы твердой",82867.0,
2023,4,Павлодарская область,"Пшеница, кроме пшеницы твердой",93998.0,
2023,4,Северо-Казахстанская область,"Пшеница, кроме пшеницы твердой",83596.0,
2023,4,Восточно-Казахстанская область,"Пшеница, кроме пшеницы твердой",84070.0,
2023,4,Республика Казахстан,Ячмень,76526.0,Ячмень
2023,4,Акмолинская область,Ячмень,85039.0,Ячмень
2023,4,Западно-Казахстанская область,Ячмень,99241.0,Ячмень
2023,4,Карагандинская область,Ячмень,66590.0,Ячмень
2023,4,Северо-Казахстанская область,Ячмень,74685.0,Ячмень
2023,4,Восточно-Казахстанская область,Ячмень,58666.0,Ячмень
2023,4,Республика Казахстан,Овес,56538.0,
2023,4,Республика Казахстан,Просо,85296.0,
2023,4,Республика Казахстан,Рис необрушенный,120674.0,
2023,4,Кызылординская область,Рис необрушенный,121237.0,
2023,4,Республика Казахстан,Чечевица сушеная,224026.0,
2023,4,Республика Казахстан,Горох сушенный,96224.0,
2023,4,Республика Казахстан,Семена подсолнечника,187000.0,Подсолнечник
2023,4,Абай область,Семена подсолнечника,190676.0,Подсолнечник
2023,4,Восточно-Казахстанская область,Семена подсолнечника,193054.0,Подсолнечник
2023,4,Республика Казахстан,Семена сафлора,85769.0,
2023,4,Западно-Казахстанская область,Семена сафлора,79950.0,
2023,4,Республика Казахстан,Семена льна-кудряша,166569.0,
2023,4,Костанайская область,Семена льна-кудряша,150906.0,
2023,4,Северо-Казахстанская область,Семена льна-кудряша,171515.0,
2023,4,Республика Казахстан,Семена рапса,166639.0,
2023,4,Республика Казахстан,Капуста кочанная,96996.0,
2023,4,Республика Казахстан,Огурцы закрытого грунта,556158.0,
2023,4,Алматинская область,Огурцы закрытого грунта,601773.0,
2023,4,Республика Казахстан,Помидоры закрытого грунта,684409.0,
2023,4,Актюбинская область,Помидоры закрытого грунта,823942.0,
2023,4,Алматинская область,Помидоры закрытого грунта,992676.0,
2023,4,Республика Казахстан,Морковь столовая,83026.0,
2023,4,Павлодарская область,Морковь столовая,78791.0,
2023,4,Республика Казахстан,Лук репчатый,135760.0,
2023,4,Республика Казахстан,Свекла столовая,110189.0,
2023,4,Республика Казахстан,Картофель,114211.0,
2023,4,Акмолинская область,Картофель,92150.0,
2023,4,Алматинская область,Картофель,138850.0,
2023,4,Карагандинская область,Картофель,76859.0,
2023,4,Костанайская область,Картофель,111149.0,
2023,4,Павлодарская область,Картофель,94721.0,
2023,4,Республика Казахстан,Культуры кормовые зерновые,69204.0,
2023,4,Акмолинская область,Культуры кормовые зерновые,90853.0,
2023,4,Западно-Казахстанская область,Культуры кормовые зерновые,99241.0,
2023,4,Карагандинская область,Культуры кормовые зерновые,64392.0,
2023,4,Костанайская область,Культуры кормовые зерновые,86862.0,
2023,4,Республика Казахстан,Кукуруза на силос,8929.0,
2023,4,Восточно-Казахстанская область,Кукуруза на силос,8929.0,
2023,4,Республика Казахстан,Сено,36139.0,
2023,4,Абай область,Сено,40379.0,
2023,4,Алматинская область,Сено,42633.0,
2023,4,Восточно-Казахстанская область,Сено,13393.0,
2023,4,Республика Казахстан,Плоды семечковые,198565.0,
2023,4,Алматинская область,Плоды семечковые,196627.0,
2023,4,Республика Казахстан,Яблоки,198565.0,
2023,4,Алматинская область,Яблоки,196627.0,
2023,4,Республика Казахстан,Скот крупный рогатый,929404.0,
2023,4,Акмолинская область,Скот крупный рогатый,1118814.0,
2023,4,Актюбинская область,Скот крупный рогатый,782412.0,
2023,4,Алматинская область,Скот крупный рогатый,1048455.0,
2023,4,Атырауская область,Скот крупный рогатый,956908.0,
2023,4,Западно-Казахстанская область,Скот крупный рогатый,971125.0,
2023,4,Жетісу область,Скот крупный рогатый,875975.0,
2023,4,Карагандинская область,Скот крупный рогатый,990932.0,
2023,4,Костанайская область,Скот крупный рогатый,1075926.0,
2023,4,Кызылординская область,Скот крупный рогатый,899592.0,
2023,4,Павлодарская область,Скот крупный рогатый,900243.0,
2023,4,Северо-Казахстанская область,Скот крупный рогатый,959080.0,
2023,4,Туркестанская область,Скот крупный рогатый,823020.0,
2023,4,Восточно-Казахстанская область,Скот крупный рогатый,909808.0,
2023,4,Республика Казахстан,Лошади,1145217.0,
2023,4,Акмолинская область,Лошади,1273734.0,
2023,4,Актюбинская область,Лошади,1047747.0,
2023,4,Атырауская область,Лошади,923538.0,
2023,4,Западно-Казахстанская область,Лошади,968304.0,
2023,4,Карагандинская область,Лошади,1217000.0,
2023,4,Кызылординская область,Лошади,1039084.0,
2023,4,Мангистауская область,Лошади,1221123.0,
2023,4,Павлодарская область,Лошади,1526778.0,
2023,4,Республика Казахстан,Верблюды,1101315.0,
2023,4,Кызылординская область,Верблюды,801697.0,
2023,4,Республика Казахстан,Овцы,915288.0,
2023,4,Акмолинская область,Овцы,1252481.0,
2023,4,Актюбинская область,Овцы,917470.0,
2023,4,Алматинская область,Овцы,1073435.0,
2023,4,Атырауская область,Овцы,823157.0,
2023,4,Западно-Казахстанская область,Овцы,805827.0,
2023,4,Карагандинская область,Овцы,825649.0,
2023,4,Кызылординская область,Овцы,980771.0,
2023,4,Мангистауская область,Овцы,903763.0,
2023,4,Павлодарская область,Овцы,1304501.0,
2023,4,Восточно-Казахстанская область,Овцы,931759.0,
2023,4,Республика Казахстан,Свиньи,834458.0,
2023,4,Западно-Казахстанская область,Свиньи,968226.0,
2023,4,Восточно-Казахстанская область,Свиньи,888938.0,
2023,4,Республика Казахстан,Домашняя птица,620714.0,
2023,4,Акмолинская область,Домашняя птица,827850.0,
2023,4,Карагандинская область,Домашняя птица,626993.0,
2023,4,Восточно-Казахстанская область,Домашняя птица,605553.0,
2023,4,Республика Казахстан,Молоко сырое коровье,211561.0,
2023,4,Абай область,Молоко сырое коровье,203263.0,
2023,4,Акмолинская область,Молоко сырое коровье,241036.0,
2023,4,Алматинская область,Молоко сырое коровье,215562.0,
2023,4,Западно-Казахстанская область,Молоко сырое коровье,178782.0,
2023,4,Жетісу область,Молоко сырое коровье,214762.0,
2023,4,Карагандинская область,Молоко сырое коровье,240802.0,
2023,4,Костанайская область,Молоко сырое коровье,192288.0,
2023,4,Кызылординская область,Молоко сырое коровье,266957.0,
2023,4,Павлодарская область,Молоко сырое коровье,206927.0,
2023,4,Северо-Казахстанская область,Молоко сырое коровье,194163.0,
2023,4,Туркестанская область,Молоко сырое коровье,214445.0,
2023,4,Восточно-Казахстанская область,Молоко сырое коровье,214244.0,
2023,4,Республика Казахстан,Молоко сырое кобылье,818646.0,
2023,4,Республика Казахстан,Молоко сырое верблюжье,716236.0,
2023,4,Атырауская область,Молоко сырое верблюжье,866008.0,
2023,4,Кызылординская область,Молоко сырое верблюжье,997863.0,
2023,4,Мангистауская область,Молоко сырое верблюжье,888525.0,
2023,4,Туркестанская область,Молоко сырое верблюжье,693269.0,
2023,4,Республика Казахстан,Яйца в скорлупе,38308.0,
2023,4,Акмолинская область,Яйца в скорлупе,38819.0,
2023,4,Карагандинская область,Яйца в скорлупе,33317.0,
2023,4,Костанайская область,Яйца в скорлупе,40551.0,
2023,4,Северо-Казахстанская область,Яйца в скорлупе,36574.0,
2023,4,Туркестанская область,Яйца в скорлупе,37320.0,
2023,4,Республика Казахстан,Мед натуральный,1092638.0,
2023,5,Республика Казахстан,Пшеница,89404.0,Пшеница
2023,5,Абай область,Пшеница,80155.0,Пшеница
2023,5,Акмолинская область,Пшеница,97003.0,Пшеница
2023,5,Актюбинская область,Пшеница,98384.0,Пшеница
2023,5,Западно-Казахстанская область,Пшеница,82344.0,Пшеница
2023,5,Карагандинская область,Пшеница,87702.0,Пшеница
2023,5,Костанайская область,Пшеница,83956.0,Пшеница
2023,5,Павлодарская область,Пшеница,96523.0,Пшеница
2023,5,Северо-Казахстанская область,Пшеница,84672.0,Пшеница
2023,5,Восточно-Казахстанская область,Пшеница,90482.0,Пшеница
2023,5,Республика Казахстан,Пшеница твердая,94141.0,
2023,5,Северо-Казахстанская область,Пшеница твердая,93423.0,
2023,5,Республика Казахстан,"Пшеница, кроме пшеницы твердой",89199.0,
2023,5,Абай область,"Пшеница, кроме пшеницы твердой",80155.0,
2023,5,Акмолинская область,"Пшеница, кроме пшеницы твердой",97003.0,
2023,5,Западно-Казахстанская область,"Пшеница, кроме пшеницы твердой",82344.0,
2023,5,Карагандинская область,"Пшеница, кроме пшеницы твердой",87433.0,
2023,5,Костанайская область,"Пшеница, кроме пшеницы твердой",83403.0,
2023,5,Павлодарская область,"Пшеница, кроме пшеницы твердой",96523.0,
2023,5,Северо-Казахстанская область,"Пшеница, кроме пшеницы твердой",83665.0,
2023,5,Восточно-Казахстанская область,"Пшеница, кроме пшеницы твердой",90482.0,
2023,5,Республика Казахстан,Ячмень,76541.0,Ячмень
2023,5,Акмолинская область,Ячмень,104800.0,Ячмень
2023,5,Карагандинская область,Ячмень,67607.0,Ячмень
2023,5,Восточно-Казахстанская область,Ячмень,82052.0,Ячмень
2023,5,Республика Казахстан,Рис необрушенный,191154.0,
2023,5,Кызылординская область,Рис необрушенный,192395.0,
2023,5,Республика Казахстан,Горох сушенный,108329.0,
2023,5,Республика Казахстан,Семена подсолнечника,168556.0,Подсолнечник
2023,5,Абай область,Семена подсолнечника,170938.0,Подсолнечник
2023,5,Восточно-Казахстанская область,Семена подсолнечника,175695.0,Подсолнечник
2023,5,Республика Казахстан,Семена льна-кудряша,157128.0,
2023,5,Костанайская область,Семена льна-кудряша,171209.0,
2023,5,Северо-Казахстанская область,Семена льна-кудряша,153768.0,
2023,5,Республика Казахстан,Семена рапса,178293.0,
2023,5,Северо-Казахстанская область,Семена рапса,174246.0,
2023,5,Республика Казахстан,Капуста кочанная,72165.0,
2023,5,Республика Казахстан,Огурцы закрытого грунта,282740.0,
2023,5,Алматинская область,Огурцы закрытого грунта,314861.0,
2023,5,Республика Казахстан,Помидоры закрытого грунта,494927.0,
2023,5,Актюбинская область,Помидоры закрытого грунта,469876.0,
2023,5,Алматинская область,Помидоры закрытого грунта,725608.0,
2023,5,Республика Казахстан,Морковь столовая,82879.0,
2023,5,Павлодарская область,Морковь столовая,81065.0,
2023,5,Республика Казахстан,Лук репчатый,158469.0,
2023,5,Республика Казахстан,Свекла столовая,112608.0,
2023,5,Республика Казахстан,Картофель,89706.0,
2023,5,Акмолинская область,Картофель,103517.0,
2023,5,Карагандинская область,Картофель,62775.0,
2023,5,Костанайская область,Картофель,108211.0,
2023,5,Павлодарская область,Картофель,99733.0,
2023,5,Республика Казахстан,Культуры кормовые зерновые,71022.0,
2023,5,Акмолинская область,Культуры кормовые зерновые,103067.0,
2023,5,Карагандинская область,Культуры кормовые зерновые,67500.0,
2023,5,Республика Казахстан,Кукуруза на силос,8929.0,
2023,5,Восточно-Казахстанская область,Кукуруза на силос,8929.0,
2023,5,Республика Казахстан,Сено,31336.0,
2023,5,Восточно-Казахстанская область,Сено,13393.0,
2023,5,Республика Казахстан,Плоды семечковые,306868.0,
2023,5,Республика Казахстан,Яблоки,306868.0,
2023,5,Республика Казахстан,Скот крупный рогатый,952447.0,
2023,5,Акмолинская область,Скот крупный рогатый,1116185.0,
2023,5,Актюбинская область,Скот крупный рогатый,935192.0,
2023,5,Алматинская область,Скот крупный рогатый,1051072.0,
2023,5,Западно-Казахстанская область,Скот крупный рогатый,967153.0,
2023,5,Карагандинская область,Скот крупный рогатый,1026989.0,
2023,5,Костанайская область,Скот крупный рогатый,1080164.0,
2023,5,Кызылординская область,Скот крупный рогатый,906377.0,
2023,5,Павлодарская область,Скот крупный рогатый,927014.0,
2023,5,Северо-Казахстанская область,Скот крупный рогатый,924089.0,
2023,5,Туркестанская область,Скот крупный рогатый,839039.0,
2023,5,Восточно-Казахстанская область,Скот крупный рогатый,885879.0,
2023,5,Республика Казахстан,Лошади,1086312.0,
2023,5,Акмолинская область,Лошади,1289759.0,
2023,5,Актюбинская область,Лошади,1042671.0,
2023,5,Западно-Казахстанская область,Лошади,969073.0,
2023,5,Карагандинская область,Лошади,1099312.0,
2023,5,Кызылординская область,Лошади,1038526.0,
2023,5,Мангистауская область,Лошади,1180157.0,
2023,5,Павлодарская область,Лошади,1593635.0,
2023,5,Восточно-Казахстанская область,Лошади,1130105.0,
2023,5,Республика Казахстан,Верблюды,1012750.0,
2023,5,Мангистауская область,Верблюды,1079597.0,
2023,5,Республика Казахстан,Овцы,976411.0,
2023,5,Акмолинская область,Овцы,1293274.0,
2023,5,Актюбинская область,Овцы,880343.0,
2023,5,Алматинская область,Овцы,1073435.0,
2023,5,Атырауская область,Овцы,810729.0,
2023,5,Западно-Казахстанская область,Овцы,806517.0,
2023,5,Карагандинская область,Овцы,832751.0,
2023,5,Кызылординская область,Овцы,924037.0,
2023,5,Мангистауская область,Овцы,1033424.0,
2023,5,Павлодарская область,Овцы,1304501.0,
2023,5,Туркестанская область,Овцы,668122.0,
2023,5,Восточно-Казахстанская область,Овцы,931759.0,
2023,5,Республика Казахстан,Свиньи,828352.0,
2023,5,Западно-Казахстанская область,Свиньи,968226.0,
2023,5,Республика Казахстан,Домашняя птица,575194.0,
2023,5,Акмолинская область,Домашняя птица,753994.0,
2023,5,Карагандинская область,Домашняя птица,670098.0,
2023,5,Республика Казахстан,Молоко сырое коровье,210206.0,
2023,5,Абай область,Молоко сырое коровье,203305.0,
2023,5,Акмолинская область,Молоко сырое коровье,241657.0,
2023,5,Алматинская область,Молоко сырое коровье,219246.0,
2023,5,Западно-Казахстанская область,Молоко сырое коровье,178782.0,
2023,5,Жетісу область,Молоко сырое коровье,214904.0,
2023,5,Карагандинская область,Молоко сырое коровье,229910.0,
2023,5,Костанайская область,Молоко сырое коровье,194684.0,
2023,5,Кызылординская область,Молоко сырое коровье,246297.0,
2023,5,Павлодарская область,Молоко сырое коровье,207747.0,
2023,5,Северо-Казахстанская область,Молоко сырое коровье,187640.0,
2023,5,Туркестанская область,Молоко сырое коровье,214445.0,
2023,5,Восточно-Казахстанская область,Молоко сырое коровье,213827.0,
2023,5,Республика Казахстан,Молоко сырое кобылье,805048.0,
2023,5,Республика Казахстан,Молоко сырое верблюжье,720572.0,
2023,5,Актюбинская область,Молоко сырое верблюжье,1064721.0,
2023,5,Атырауская область,Молоко сырое верблюжье,866008.0,
2023,5,Кызылординская область,Молоко сырое верблюжье,998831.0,
2023,5,Мангистауская область,Молоко сырое верблюжье,940640.0,
2023,5,Туркестанская область,Молоко сырое верблюжье,693269.0,
2023,5,Республика Казахстан,Яйца в скорлупе,35008.0,
2023,5,Акмолинская область,Яйца в скорлупе,36347.0,
2023,5,Карагандинская область,Яйца в скорлупе,31588.0,
2023,5,Костанайская область,Яйца в скорлупе,38656.0,
2023,5,Северо-Казахстанская область,Яйца в скорлупе,30380.0,
2023,5,Туркестанская область,Яйца в скорлупе,37292.0,
2023,5,Республика Казахстан,Мед натуральный,1078324.0,
2023,6,Республика Казахстан,Пшеница,89805.0,Пшеница
2023,6,Акмолинская область,Пшеница,92442.0,Пшеница
2023,6,Актюбинская область,Пшеница,83892.0,Пшеница
2023,6,Западно-Казахстанская область,Пшеница,86269.0,Пшеница
2023,6,Карагандинская область,Пшеница,90005.0,Пшеница
2023,6,Костанайская область,Пшеница,87398.0,Пшеница
2023,6,Павлодарская область,Пшеница,100942.0,Пшеница
2023,6,Северо-Казахстанская область,Пшеница,90447.0,Пшеница
2023,6,Восточно-Казахстанская область,Пшеница,67200.0,Пшеница
2023,6,Республика Казахстан,Пшеница твердая,100855.0,
2023,6,Северо-Казахстанская область,Пшеница твердая,105991.0,
2023,6,Республика Казахстан,"Пшеница, кроме пшеницы твердой",89149.0,
2023,6,Акмолинская область,"Пшеница, кроме пшеницы твердой",92482.0,
2023,6,Актюбинская область,"Пшеница, кроме пшеницы твердой",83029.0,
2023,6,Западно-Казахстанская область,"Пшеница, кроме пшеницы твердой",86269.0,
2023,6,Карагандинская область,"Пшеница, кроме пшеницы твердой",88242.0,
2023,6,Костанайская область,"Пшеница, кроме пшеницы твердой",87074.0,
2023,6,Павлодарская область,"Пшеница, кроме пшеницы твердой",100942.0,
2023,6,Северо-Казахстанская область,"Пшеница, кроме пшеницы твердой",88659.0,
2023,6,Восточно-Казахстанская область,"Пшеница, кроме пшеницы твердой",67200.0,
2023,6,Республика Казахстан,Ячмень,84851.0,Ячмень
2023,6,Западно-Казахстанская область,Ячмень,99496.0,Ячмень
2023,6,Карагандинская область,Ячмень,63547.0,Ячмень
2023,6,Северо-Казахстанская область,Ячмень,80539.0,Ячмень
2023,6,Восточно-Казахстанская область,Ячмень,85016.0,Ячмень
2023,6,Республика Казахстан,Овес,59993.0,
2023,6,Республика Казахстан,Гречиха,149748.0,
2023,6,Республика Казахстан,Рис необрушенный,238714.0,
2023,6,Кызылординская область,Рис необрушенный,240423.0,
2023,6,Республика Казахстан,Семена подсолнечника,165246.0,Подсолнечник
2023,6,Абай область,Семена подсолнечника,162509.0,Подсолнечник
2023,6,Восточно-Казахстанская область,Семена подсолнечника,169782.0,Подсолнечник
2023,6,Республика Казахстан,Семена сафлора,112308.0,
2023,6,Республика Казахстан,Семена льна-кудряша,160069.0,
2023,6,Костанайская область,Семена льна-кудряша,129800.0,
2023,6,Северо-Казахстанская область,Семена льна-кудряша,172090.0,
2023,6,Республика Казахстан,Семена рапса,189229.0,
2023,6,Северо-Казахстанская область,Семена рапса,181284.0,
2023,6,Республика Казахстан,Капуста кочанная,36727.0,
2023,6,Туркестанская область,Капуста кочанная,36727.0,
2023,6,Республика Казахстан,Огурцы закрытого грунта,303541.0,
2023,6,Алматинская область,Огурцы закрытого грунта,310367.0,
2023,6,Туркестанская область,Огурцы закрытого грунта,261076.0,
2023,6,Республика Казахстан,Помидоры закрытого грунта,318141.0,
2023,6,Актюбинская область,Помидоры закрытого грунта,310200.0,
2023,6,Алматинская область,Помидоры закрытого грунта,404210.0,
2023,6,Туркестанская область,Помидоры закрытого грунта,272977.0,
2023,6,Республика Казахстан,Морковь столовая,109531.0,
2023,6,Павлодарская область,Морковь столовая,83609.0,
2023,6,Республика Казахстан,Свекла столовая,121351.0,
2023,6,Туркестанская область,Свекла столовая,128873.0,
2023,6,Республика Казахстан,Картофель,101471.0,
2023,6,Карагандинская область,Картофель,72164.0,
2023,6,Костанайская область,Картофель,138290.0,
2023,6,Павлодарская область,Картофель,98262.0,
2023,6,Туркестанская область,Картофель,135781.0,
2023,6,Республика Казахстан,Культуры кормовые зерновые,70811.0,
2023,6,Западно-Казахстанская область,Культуры кормовые зерновые,94878.0,
2023,6,Карагандинская область,Культуры кормовые зерновые,66771.0,
2023,6,Северо-Казахстанская область,Культуры кормовые зерновые,72018.0,
2023,6,Республика Казахстан,Кукуруза на силос,16401.0,
2023,6,Восточно-Казахстанская область,Кукуруза на силос,8929.0,
2023,6,Республика Казахстан,Сено,30387.0,
2023,6,Кызылординская область,Сено,31368.0,
2023,6,Восточно-Казахстанская область,Сено,13393.0,
2023,6,Республика Казахстан,Плоды семечковые,262607.0,
2023,6,Республика Казахстан,Яблоки,262607.0,
2023,6,Республика Казахстан,Ягоды и плоды прочие,943992.0,
2023,6,Республика Казахстан,Скот крупный рогатый,959682.0,
2023,6,Абай область,Скот крупный рогатый,883768.0,
2023,6,Акмолинская область,Скот крупный рогатый,1122991.0,
2023,6,Актюбинская область,Скот крупный рогатый,950254.0,
2023,6,Алматинская область,Скот крупный рогатый,1020214.0,
2023,6,Атырауская область,Скот крупный рогатый,968573.0,
2023,6,Западно-Казахстанская область,Скот крупный рогатый,973101.0,
2023,6,Жетісу область,Скот крупный рогатый,876910.0,
2023,6,Карагандинская область,Скот крупный рогатый,1033981.0,
2023,6,Костанайская область,Скот крупный рогатый,1182696.0,
2023,6,Кызылординская область,Скот крупный рогатый,906797.0,
2023,6,Павлодарская область,Скот крупный рогатый,899361.0,
2023,6,Северо-Казахстанская область,Скот крупный рогатый,865049.0,
2023,6,Туркестанская область,Скот крупный рогатый,832207.0,
2023,6,Ұлытау область,Скот крупный рогатый,819349.0,
2023,6,Восточно-Казахстанская область,Скот крупный рогатый,936434.0,
2023,6,Республика Казахстан,Лошади,1061507.0,
2023,6,Абай область,Лошади,884290.0,
2023,6,Актюбинская область,Лошади,1012297.0,
2023,6,Западно-Казахстанская область,Лошади,951137.0,
2023,6,Карагандинская область,Лошади,1151530.0,
2023,6,Кызылординская область,Лошади,1035377.0,
2023,6,Мангистауская область,Лошади,1380539.0,
2023,6,Павлодарская область,Лошади,1096255.0,
2023,6,Ұлытау область,Лошади,910998.0,
2023,6,Восточно-Казахстанская область,Лошади,1199260.0,
2023,6,Республика Казахстан,Верблюды,1038658.0,
2023,6,Мангистауская область,Верблюды,1069298.0,
2023,6,Республика Казахстан,Овцы,926338.0,
2023,6,Актюбинская область,Овцы,850297.0,
2023,6,Атырауская область,Овцы,815228.0,
2023,6,Западно-Казахстанская область,Овцы,852390.0,
2023,6,Карагандинская область,Овцы,839854.0,
2023,6,Кызылординская область,Овцы,978062.0,
2023,6,Мангистауская область,Овцы,1041294.0,
2023,6,Павлодарская область,Овцы,1329886.0,
2023,6,Ұлытау область,Овцы,820739.0,
2023,6,Восточно-Казахстанская область,Овцы,918720.0,
2023,6,Республика Казахстан,Свиньи,813356.0,
2023,6,Западно-Казахстанская область,Свиньи,968226.0,
2023,6,Северо-Казахстанская область,Свиньи,800275.0,
2023,6,Республика Казахстан,Домашняя птица,630961.0,
2023,6,Акмолинская область,Домашняя птица,803362.0,
2023,6,Карагандинская область,Домашняя птица,670574.0,
2023,6,Республика Казахстан,Молоко сырое коровье,208054.0,
2023,6,Абай область,Молоко сырое коровье,203305.0,
2023,6,Акмолинская область,Молоко сырое коровье,241155.0,
2023,6,Актюбинская область,Молоко сырое коровье,194925.0,
2023,6,Алматинская область,Молоко сырое коровье,218693.0,
2023,6,Западно-Казахстанская область,Молоко сырое коровье,178782.0,
2023,6,Жетісу область,Молоко сырое коровье,214764.0,
2023,6,Карагандинская область,Молоко сырое коровье,236484.0,
2023,6,Костанайская область,Молоко сырое коровье,191306.0,
2023,6,Кызылординская область,Молоко сырое коровье,266920.0,
2023,6,Павлодарская область,Молоко сырое коровье,205602.0,
2023,6,Северо-Казахстанская область,Молоко сырое коровье,186007.0,
2023,6,Туркестанская область,Молоко сырое коровье,213205.0,
2023,6,Восточно-Казахстанская область,Молоко сырое коровье,209519.0,
2023,6,Республика Казахстан,Молоко сырое кобылье,786191.0,
2023,6,Кызылординская область,Молоко сырое кобылье,994212.0,
2023,6,Павлодарская область,Молоко сырое кобылье,903284.0,
2023,6,Ұлытау область,Молоко сырое кобылье,646809.0,
2023,6,Республика Казахстан,Молоко сырое верблюжье,714282.0,
2023,6,Актюбинская область,Молоко сырое верблюжье,1064721.0,
2023,6,Атырауская область,Молоко сырое верблюжье,887100.0,
2023,6,Кызылординская область,Молоко сырое верблюжье,956999.0,
2023,6,Мангистауская область,Молоко сырое верблюжье,859774.0,
2023,6,Туркестанская область,Молоко сырое верблюжье,693269.0,
2023,6,Республика Казахстан,Яйца в скорлупе,31512.0,
2023,6,Акмолинская область,Яйца в скорлупе,28274.0,
2023,6,Карагандинская область,Яйца в скорлупе,28943.0,
2023,6,Костанайская область,Яйца в скорлупе,38139.0,
2023,6,Северо-Казахстанская область,Яйца в скорлупе,26148.0,
2023,6,Туркестанская область,Яйца в скорлупе,29654.0,
2023,6,Республика Казахстан,Мед натуральный,1078324.0,
2023,7,Республика Казахстан,Пшеница,84875.0,Пшеница
2023,7,Абай область,Пшеница,83511.0,Пшеница
2023,7,Акмолинская область,Пшеница,85383.0,Пшеница
2023,7,Актюбинская область,Пшеница,73826.0,Пшеница
2023,7,Западно-Казахстанская область,Пшеница,96015.0,Пшеница
2023,7,Карагандинская область,Пшеница,84896.0,Пшеница
2023,7,Костанайская область,Пшеница,76635.0,Пшеница
2023,7,Павлодарская область,Пшеница,101524.0,Пшеница
2023,7,Северо-Казахстанская область,Пшеница,86878.0,Пшеница
2023,7,Туркестанская область,Пшеница,105050.0,Пшеница
2023,7,Республика Казахстан,Пшеница твердая,105125.0,
2023,7,Костанайская область,Пшеница твердая,93445.0,
2023,7,Республика Казахстан,"Пшеница, кроме пшеницы твердой",84026.0,
2023,7,Абай область,"Пшеница, кроме пшеницы твердой",83511.0,
2023,7,Акмолинская область,"Пшеница, кроме пшеницы твердой",85383.0,
2023,7,Актюбинская область,"Пшеница, кроме пшеницы твердой",73826.0,
2023,7,Западно-Казахстанская область,"Пшеница, кроме пшеницы твердой",96015.0,
2023,7,Карагандинская область,"Пшеница, кроме пшеницы твердой",83002.0,
2023,7,Костанайская область,"Пшеница, кроме пшеницы твердой",75778.0,
2023,7,Павлодарская область,"Пшеница, кроме пшеницы твердой",101524.0,
2023,7,Северо-Казахстанская область,"Пшеница, кроме пшеницы твердой",84507.0,
2023,7,Туркестанская область,"Пшеница, кроме пшеницы твердой",105050.0,
2023,7,Республика Казахстан,Ячмень,59000.0,Ячмень
2023,7,Западно-Казахстанская область,Ячмень,83640.0,Ячмень
2023,7,Карагандинская область,Ячмень,60463.0,Ячмень
2023,7,Северо-Казахстанская область,Ячмень,63257.0,Ячмень
2023,7,Республика Казахстан,Семена подсолнечника,140234.0,Подсолнечник
2023,7,Абай область,Семена подсолнечника,147324.0,Подсолнечник
2023,7,Республика Казахстан,Семена льна-кудряша,145392.0,
2023,7,Костанайская область,Семена льна-кудряша,128837.0,
2023,7,Северо-Казахстанская область,Семена льна-кудряша,148836.0,
2023,7,Республика Казахстан,Семена рапса,176099.0,
2023,7,Северо-Казахстанская область,Семена рапса,177378.0,
2023,7,Республика Казахстан,Капуста кочанная,120982.0,
2023,7,Республика Казахстан,Культуры бахчевые,66471.0,
2023,7,Атырауская область,Культуры бахчевые,169305.0,
2023,7,Западно-Казахстанская область,Культуры бахчевые,146638.0,
2023,7,Мангистауская область,Культуры бахчевые,154243.0,
2023,7,Туркестанская область,Культуры бахчевые,63584.0,
2023,7,Республика Казахстан,Арбузы,53451.0,
2023,7,Мангистауская область,Арбузы,142530.0,
2023,7,Туркестанская область,Арбузы,48959.0,
2023,7,Республика Казахстан,Дыни,71821.0,
2023,7,Мангистауская область,Дыни,167709.0,
2023,7,Туркестанская область,Дыни,69252.0,
2023,7,Республика Казахстан,Перцы,137096.0,
2023,7,Туркестанская область,Перцы,136600.0,
2023,7,Республика Казахстан,Огурцы открытого грунта,136710.0,
2023,7,Западно-Казахстанская область,Огурцы открытого грунта,117963.0,
2023,7,Мангистауская область,Огурцы открытого грунта,213676.0,
2023,7,Туркестанская область,Огурцы открытого грунта,123822.0,
2023,7,Восточно-Казахстанская область,Огурцы открытого грунта,294907.0,
2023,7,Республика Казахстан,Огурцы закрытого грунта,295273.0,
2023,7,Алматинская область,Огурцы закрытого грунта,313781.0,
2023,7,Павлодарская область,Огурцы закрытого грунта,346774.0,
2023,7,Республика Казахстан,Баклажаны,121436.0,
2023,7,Туркестанская область,Баклажаны,116195.0,
2023,7,Республика Казахстан,Помидоры открытого грунта,95402.0,
2023,7,Туркестанская область,Помидоры открытого грунта,92375.0,
2023,7,Республика Казахстан,Помидоры закрытого грунта,304024.0,
2023,7,Актюбинская область,Помидоры закрытого грунта,366677.0,
2023,7,Алматинская область,Помидоры закрытого грунта,365573.0,
2023,7,Туркестанская область,Помидоры закрытого грунта,249095.0,
2023,7,Республика Казахстан,Морковь столовая,95164.0,
2023,7,Туркестанская область,Морковь столовая,136727.0,
2023,7,Республика Казахстан,Лук репчатый,139225.0,
2023,7,Республика Казахстан,Картофель,107225.0,
2023,7,Республика Казахстан,Культуры кормовые зерновые,62277.0,
2023,7,Западно-Казахстанская область,Культуры кормовые зерновые,88821.0,
2023,7,Карагандинская область,Культуры кормовые зерновые,61001.0,
2023,7,Северо-Казахстанская область,Культуры кормовые зерновые,81049.0,
2023,7,Республика Казахстан,Кукуруза на силос,16401.0,
2023,7,Восточно-Казахстанская область,Кукуруза на силос,8929.0,
2023,7,Республика Казахстан,Сено,33007.0,
2023,7,Алматинская область,Сено,31633.0,
2023,7,Западно-Казахстанская область,Сено,26284.0,
2023,7,Жамбылская область,Сено,27683.0,
2023,7,Кызылординская область,Сено,33398.0,
2023,7,Туркестанская область,Сено,37147.0,
2023,7,Восточно-Казахстанская область,Сено,13393.0,
2023,7,Республика Казахстан,Плоды косточковые,157505.0,
2023,7,Республика Казахстан,Ягоды и плоды прочие,589845.0,
2023,7,Республика Казахстан,Земляника (клубника),589845.0,
2023,7,Республика Казахстан,Скот крупный рогатый,940352.0,
2023,7,Абай область,Скот крупный рогатый,842444.0,
2023,7,Акмолинская область,Скот крупный рогатый,1117499.0,
2023,7,Актюбинская область,Скот крупный рогатый,953850.0,
2023,7,Алматинская область,Скот крупный рогатый,1024102.0,
2023,7,Атырауская область,Скот крупный рогатый,1004813.0,
2023,7,Западно-Казахстанская область,Скот крупный рогатый,992389.0,
2023,7,Карагандинская область,Скот крупный рогатый,911928.0,
2023,7,Костанайская область,Скот крупный рогатый,1076824.0,
2023,7,Кызылординская область,Скот крупный рогатый,915024.0,
2023,7,Павлодарская область,Скот крупный рогатый,927617.0,
2023,7,Северо-Казахстанская область,Скот крупный рогатый,982000.0,
2023,7,Туркестанская область,Скот крупный рогатый,825960.0,
2023,7,Восточно-Казахстанская область,Скот крупный рогатый,967258.0,
2023,7,Республика Казахстан,Лошади,1183531.0,
2023,7,Абай область,Лошади,806517.0,
2023,7,Актюбинская область,Лошади,1060678.0,
2023,7,Западно-Казахстанская область,Лошади,952974.0,
2023,7,Карагандинская область,Лошади,1082561.0,
2023,7,Кызылординская область,Лошади,1043947.0,
2023,7,Мангистауская область,Лошади,1680773.0,
2023,7,Павлодарская область,Лошади,1200849.0,
2023,7,Республика Казахстан,Верблюды,1176769.0,
2023,7,Мангистауская область,Верблюды,1175290.0,
2023,7,Республика Казахстан,Овцы,898242.0,
2023,7,Актюбинская область,Овцы,873861.0,
2023,7,Атырауская область,Овцы,821761.0,
2023,7,Западно-Казахстанская область,Овцы,856389.0,
2023,7,Карагандинская область,Овцы,801564.0,
2023,7,Кызылординская область,Овцы,976566.0,
2023,7,Мангистауская область,Овцы,1000320.0,
2023,7,Туркестанская область,Овцы,723301.0,
2023,7,Ұлытау область,Овцы,838965.0,
2023,7,Восточно-Казахстанская область,Овцы,919641.0,
2023,7,Республика Казахстан,Свиньи,838744.0,
2023,7,Западно-Казахстанская область,Свиньи,968226.0,
2023,7,Республика Казахстан,Домашняя птица,811191.0,
2023,7,Акмолинская область,Домашняя птица,852972.0,
2023,7,Республика Казахстан,Молоко сырое коровье,205511.0,
2023,7,Абай область,Молоко сырое коровье,203305.0,
2023,7,Акмолинская область,Молоко сырое коровье,241155.0,
2023,7,Актюбинская область,Молоко сырое коровье,204941.0,
2023,7,Алматинская область,Молоко сырое коровье,217953.0,
2023,7,Западно-Казахстанская область,Молоко сырое коровье,178782.0,
2023,7,Жамбылская область,Молоко сырое коровье,129306.0,
2023,7,Жетісу область,Молоко сырое коровье,224603.0,
2023,7,Карагандинская область,Молоко сырое коровье,230498.0,
2023,7,Костанайская область,Молоко сырое коровье,192486.0,
2023,7,Кызылординская область,Молоко сырое коровье,266882.0,
2023,7,Павлодарская область,Молоко сырое коровье,204215.0,
2023,7,Северо-Казахстанская область,Молоко сырое коровье,186579.0,
2023,7,Туркестанская область,Молоко сырое коровье,212374.0,
2023,7,Восточно-Казахстанская область,Молоко сырое коровье,211585.0,
2023,7,Республика Казахстан,Молоко сырое кобылье,810670.0,
2023,7,Актюбинская область,Молоко сырое кобылье,775194.0,
2023,7,Кызылординская область,Молоко сырое кобылье,994212.0,
2023,7,Павлодарская область,Молоко сырое кобылье,899888.0,
2023,7,Республика Казахстан,Молоко сырое верблюжье,712870.0,
2023,7,Актюбинская область,Молоко сырое верблюжье,1064721.0,
2023,7,Атырауская область,Молоко сырое верблюжье,859761.0,
2023,7,Кызылординская область,Молоко сырое верблюжье,958970.0,
2023,7,Мангистауская область,Молоко сырое верблюжье,859774.0,
2023,7,Туркестанская область,Молоко сырое верблюжье,693269.0,
2023,7,Республика Казахстан,Яйца в скорлупе,31402.0,
2023,7,Акмолинская область,Яйца в скорлупе,29378.0,
2023,7,Карагандинская область,Яйца в скорлупе,28284.0,
2023,7,Костанайская область,Яйца в скорлупе,38091.0,
2023,7,Северо-Казахстанская область,Яйца в скорлупе,27161.0,
2023,7,Туркестанская область,Яйца в скорлупе,30044.0,
2023,7,Республика Казахстан,"Шерсть стриженная с овец и коз, немытая (включая промытую руном)",243565.0,
2023,7,Туркестанская область,"Шерсть стриженная с овец и коз, немытая (включая промытую руном)",21000.0,
2023,7,Республика Казахстан,Мед натуральный,1108177.0,
2023,8,Республика Казахстан,Пшеница,82245.0,Пшеница
2023,8,Абай область,Пшеница,78534.0,Пшеница
2023,8,Акмолинская область,Пшеница,84053.0,Пшеница
2023,8,Актюбинская область,Пшеница,68713.0,Пшеница
2023,8,Алматинская область,Пшеница,79200.0,Пшеница
2023,8,Западно-Казахстанская область,Пшеница,86964.0,Пшеница
2023,8,Жамбылская область,Пшеница,97741.0,Пшеница
2023,8,Жетісу область,Пшеница,74480.0,Пшеница
2023,8,Карагандинская область,Пшеница,80742.0,Пшеница
2023,8,Костанайская область,Пшеница,77888.0,Пшеница
2023,8,Павлодарская область,Пшеница,94902.0,Пшеница
2023,8,Северо-Казахстанская область,Пшеница,83431.0,Пшеница
2023,8,Туркестанская область,Пшеница,80229.0,Пшеница
2023,8,Восточно-Казахстанская область,Пшеница,76111.0,Пшеница
2023,8,Республика Казахстан,Пшеница твердая,119542.0,
2023,8,Актюбинская область,Пшеница твердая,92480.0,
2023,8,Костанайская область,Пшеница твердая,122908.0,
2023,8,Северо-Казахстанская область,Пшеница твердая,112533.0,
2023,8,Республика Казахстан,"Пшеница, кроме пшеницы твердой",80173.0,
2023,8,Абай область,"Пшеница, кроме пшеницы твердой",78534.0,
2023,8,Акмолинская область,"Пшеница, кроме пшеницы твердой",81691.0,
2023,8,Актюбинская область,"Пшеница, кроме пшеницы твердой",66952.0,
2023,8,Алматинская область,"Пшеница, кроме пшеницы твердой",79200.0,
2023,8,Западно-Казахстанская область,"Пшеница, кроме пшеницы твердой",86964.0,
2023,8,Жамбылская область,"Пшеница, кроме пшеницы твердой",97741.0,
2023,8,Жетісу область,"Пшеница, кроме пшеницы твердой",74480.0,
2023,8,Карагандинская область,"Пшеница, кроме пшеницы твердой",80295.0,
2023,8,Костанайская область,"Пшеница, кроме пшеницы твердой",75592.0,
2023,8,Павлодарская область,"Пшеница, кроме пшеницы твердой",94902.0,
2023,8,Северо-Казахстанская область,"Пшеница, кроме пшеницы твердой",80083.0,
2023,8,Туркестанская область,"Пшеница, кроме пшеницы твердой",80229.0,
2023,8,Восточно-Казахстанская область,"Пшеница, кроме пшеницы твердой",76111.0,
2023,8,Республика Казахстан,Ячмень,75133.0,Ячмень
2023,8,Акмолинская область,Ячмень,75204.0,Ячмень
2023,8,Жамбылская область,Ячмень,94518.0,Ячмень
2023,8,Северо-Казахстанская область,Ячмень,77624.0,Ячмень
2023,8,Туркестанская область,Ячмень,67453.0,Ячмень
2023,8,Республика Казахстан,Просо,134566.0,
2023,8,Туркестанская область,Просо,167969.0,
2023,8,Республика Казахстан,Семена подсолнечника,140712.0,Подсолнечник
2023,8,Республика Казахстан,Семена льна-кудряша,156592.0,
2023,8,Костанайская область,Семена льна-кудряша,163236.0,
2023,8,Северо-Казахстанская область,Семена льна-кудряша,157043.0,
2023,8,Республика Казахстан,Капуста кочанная,166937.0,
2023,8,Восточно-Казахстанская область,Капуста кочанная,183273.0,
2023,8,Республика Казахстан,Перцы,138896.0,
2023,8,Западно-Казахстанская область,Перцы,126289.0,
2023,8,Туркестанская область,Перцы,133312.0,
2023,8,Республика Казахстан,Огурцы открытого грунта,152934.0,
2023,8,Западно-Казахстанская область,Огурцы открытого грунта,139540.0,
2023,8,Жетісу область,Огурцы открытого грунта,102832.0,
2023,8,Костанайская область,Огурцы открытого грунта,312394.0,
2023,8,Кызылординская область,Огурцы открытого грунта,114242.0,
2023,8,Мангистауская область,Огурцы открытого грунта,189323.0,
2023,8,Туркестанская область,Огурцы открытого грунта,157168.0,
2023,8,Восточно-Казахстанская область,Огурцы открытого грунта,262299.0,
2023,8,Республика Казахстан,Огурцы закрытого грунта,250499.0,
2023,8,Республика Казахстан,Баклажаны,90593.0,
2023,8,Западно-Казахстанская область,Баклажаны,119068.0,
2023,8,Туркестанская область,Баклажаны,84175.0,
2023,8,Республика Казахстан,Помидоры открытого грунта,158879.0,
2023,8,Западно-Казахстанская область,Помидоры открытого грунта,140280.0,
2023,8,Кызылординская область,Помидоры открытого грунта,139311.0,
2023,8,Мангистауская область,Помидоры открытого грунта,119911.0,
2023,8,Туркестанская область,Помидоры открытого грунта,142202.0,
2023,8,Восточно-Казахстанская область,Помидоры открытого грунта,340609.0,
2023,8,Республика Казахстан,Помидоры закрытого грунта,300273.0,
2023,8,Актюбинская область,Помидоры закрытого грунта,295328.0,
2023,8,Республика Казахстан,Морковь столовая,93610.0,
2023,8,Павлодарская область,Морковь столовая,80183.0,
2023,8,Восточно-Казахстанская область,Морковь столовая,277961.0,
2023,8,Республика Казахстан,Лук репчатый,127330.0,
2023,8,Республика Казахстан,Свекла столовая,210541.0,
2023,8,Республика Казахстан,Картофель,117093.0,
2023,8,Павлодарская область,Картофель,97521.0,
2023,8,Республика Казахстан,Культуры кормовые зерновые,53053.0,
2023,8,Акмолинская область,Культуры кормовые зерновые,77321.0,
2023,8,Жамбылская область,Культуры кормовые зерновые,88620.0,
2023,8,Северо-Казахстанская область,Культуры кормовые зерновые,68512.0,
2023,8,Туркестанская область,Культуры кормовые зерновые,77985.0,
2023,8,Республика Казахстан,Кукуруза на силос,8929.0,
2023,8,Восточно-Казахстанская область,Кукуруза на силос,8929.0,
2023,8,Республика Казахстан,Сено,32519.0,
2023,8,Абай область,Сено,40743.0,
2023,8,Актюбинская область,Сено,20344.0,
2023,8,Алматинская область,Сено,24787.0,
2023,8,Западно-Казахстанская область,Сено,22542.0,
2023,8,Жамбылская область,Сено,30903.0,
2023,8,Кызылординская область,Сено,29940.0,
2023,8,Туркестанская область,Сено,43667.0,
2023,8,Восточно-Казахстанская область,Сено,18297.0,
2023,8,Республика Казахстан,Виноград свежий,240084.0,
2023,8,Республика Казахстан,Культуры бахчевые,57729.0,
2023,8,Атырауская область,Культуры бахчевые,119228.0,
2023,8,Западно-Казахстанская область,Культуры бахчевые,99705.0,
2023,8,Жамбылская область,Культуры бахчевые,74489.0,
2023,8,Жетісу область,Культуры бахчевые,146339.0,
2023,8,Кызылординская область,Культуры бахчевые,39349.0,
2023,8,Мангистауская область,Культуры бахчевые,112461.0,
2023,8,Туркестанская область,Культуры бахчевые,45498.0,
2023,8,Восточно-Казахстанская область,Культуры бахчевые,131347.0,
2023,8,Республика Казахстан,Арбузы,62199.0,
2023,8,Атырауская область,Арбузы,91779.0,
2023,8,Западно-Казахстанская область,Арбузы,80823.0,
2023,8,Жамбылская область,Арбузы,71646.0,
2023,8,Жетісу область,Арбузы,128276.0,
2023,8,Кызылординская область,Арбузы,33247.0,
2023,8,Мангистауская область,Арбузы,94885.0,
2023,8,Туркестанская область,Арбузы,43118.0,
2023,8,Восточно-Казахстанская область,Арбузы,97259.0,
2023,8,Республика Казахстан,Дыни,54742.0,
2023,8,Атырауская область,Дыни,162870.0,
2023,8,Западно-Казахстанская область,Дыни,136285.0,
2023,8,Жамбылская область,Дыни,119457.0,
2023,8,Кызылординская область,Дыни,56429.0,
2023,8,Мангистауская область,Дыни,132665.0,
2023,8,Туркестанская область,Дыни,46420.0,
2023,8,Восточно-Казахстанская область,Дыни,163466.0,
2023,8,Республика Казахстан,Плоды семечковые,139287.0,
2023,8,Туркестанская область,Плоды семечковые,190385.0,
2023,8,Республика Казахстан,Яблоки,139286.0,
2023,8,Туркестанская область,Яблоки,190385.0,
2023,8,Республика Казахстан,Плоды косточковые,224803.0,
2023,8,Республика Казахстан,Ягоды и плоды прочие,1121704.0,
2023,8,Республика Казахстан,Скот крупный рогатый,971447.0,
2023,8,Абай область,Скот крупный рогатый,833333.0,
2023,8,Акмолинская область,Скот крупный рогатый,1115503.0,
2023,8,Актюбинская область,Скот крупный рогатый,969208.0,
2023,8,Алматинская область,Скот крупный рогатый,1074003.0,
2023,8,Атырауская область,Скот крупный рогатый,910427.0,
2023,8,Западно-Казахстанская область,Скот крупный рогатый,997691.0,
2023,8,Жамбылская область,Скот крупный рогатый,892845.0,
2023,8,Жетісу область,Скот крупный рогатый,867166.0,
2023,8,Карагандинская область,Скот крупный рогатый,867825.0,
2023,8,Костанайская область,Скот крупный рогатый,1038619.0,
2023,8,Кызылординская область,Скот крупный рогатый,925029.0,
2023,8,Павлодарская область,Скот крупный рогатый,933358.0,
2023,8,Северо-Казахстанская область,Скот крупный рогатый,968713.0,
2023,8,Туркестанская область,Скот крупный рогатый,998506.0,
2023,8,Восточно-Казахстанская область,Скот крупный рогатый,861875.0,
2023,8,Республика Казахстан,Лошади,1081727.0,
2023,8,Абай область,Лошади,855443.0,
2023,8,Актюбинская область,Лошади,1063155.0,
2023,8,Западно-Казахстанская область,Лошади,978193.0,
2023,8,Жамбылская область,Лошади,1162750.0,
2023,8,Жетісу область,Лошади,878051.0,
2023,8,Карагандинская область,Лошади,770749.0,
2023,8,Кызылординская область,Лошади,1062063.0,
2023,8,Мангистауская область,Лошади,879140.0,
2023,8,Павлодарская область,Лошади,1157434.0,
2023,8,Туркестанская область,Лошади,878469.0,
2023,8,Восточно-Казахстанская область,Лошади,1037529.0,
2023,8,Республика Казахстан,Верблюды,1076284.0,
2023,8,Республика Казахстан,Овцы,908959.0,
2023,8,Абай область,Овцы,813161.0,
2023,8,Акмолинская область,Овцы,1252481.0,
2023,8,Актюбинская область,Овцы,894409.0,
2023,8,Алматинская область,Овцы,1008500.0,
2023,8,Атырауская область,Овцы,826754.0,
2023,8,Западно-Казахстанская область,Овцы,837800.0,
2023,8,Жамбылская область,Овцы,799817.0,
2023,8,Карагандинская область,Овцы,849340.0,
2023,8,Кызылординская область,Овцы,1017171.0,
2023,8,Мангистауская область,Овцы,800829.0,
2023,8,Павлодарская область,Овцы,1307702.0,
2023,8,Туркестанская область,Овцы,673295.0,
2023,8,Ұлытау область,Овцы,964743.0,
2023,8,Республика Казахстан,Свиньи,839938.0,
2023,8,Западно-Казахстанская область,Свиньи,968226.0,
2023,8,Республика Казахстан,Домашняя птица,818725.0,
2023,8,Акмолинская область,Домашняя птица,823025.0,
2023,8,Карагандинская область,Домашняя птица,717071.0,
2023,8,Республика Казахстан,Молоко сырое коровье,203846.0,
2023,8,Абай область,Молоко сырое коровье,203305.0,
2023,8,Акмолинская область,Молоко сырое коровье,240870.0,
2023,8,Актюбинская область,Молоко сырое коровье,206019.0,
2023,8,Алматинская область,Молоко сырое коровье,216439.0,
2023,8,Западно-Казахстанская область,Молоко сырое коровье,178782.0,
2023,8,Жамбылская область,Молоко сырое коровье,139293.0,
2023,8,Жетісу область,Молоко сырое коровье,225385.0,
2023,8,Карагандинская область,Молоко сырое коровье,174248.0,
2023,8,Костанайская область,Молоко сырое коровье,190534.0,
2023,8,Кызылординская область,Молоко сырое коровье,266884.0,
2023,8,Павлодарская область,Молоко сырое коровье,203996.0,
2023,8,Северо-Казахстанская область,Молоко сырое коровье,184872.0,
2023,8,Туркестанская область,Молоко сырое коровье,211539.0,
2023,8,Восточно-Казахстанская область,Молоко сырое коровье,213409.0,
2023,8,Республика Казахстан,Молоко сырое кобылье,836606.0,
2023,8,Кызылординская область,Молоко сырое кобылье,999303.0,
2023,8,Павлодарская область,Молоко сырое кобылье,909372.0,
2023,8,Республика Казахстан,Молоко сырое верблюжье,712041.0,
2023,8,Актюбинская область,Молоко сырое верблюжье,1064721.0,
2023,8,Атырауская область,Молоко сырое верблюжье,859761.0,
2023,8,Кызылординская область,Молоко сырое верблюжье,949185.0,
2023,8,Мангистауская область,Молоко сырое верблюжье,859774.0,
2023,8,Туркестанская область,Молоко сырое верблюжье,693269.0,
2023,8,Республика Казахстан,Яйца в скорлупе,31418.0,
2023,8,Акмолинская область,Яйца в скорлупе,31469.0,
2023,8,Карагандинская область,Яйца в скорлупе,28980.0,
2023,8,Костанайская область,Яйца в скорлупе,35098.0,
2023,8,Северо-Казахстанская область,Яйца в скорлупе,25987.0,
2023,8,Туркестанская область,Яйца в скорлупе,30001.0,
2023,8,Республика Казахстан,Мед натуральный,1124971.0,
2023,8,Жетісу область,Мед натуральный,2186506.0,
2023,9,Республика Казахстан,Пшеница,83484.0,Пшеница
2023,9,Абай область,Пшеница,76974.0,Пшеница
2023,9,Акмолинская область,Пшеница,86183.0,Пшеница
2023,9,Актюбинская область,Пшеница,80466.0,Пшеница
2023,9,Алматинская область,Пшеница,130032.0,Пшеница
2023,9,Западно-Казахстанская область,Пшеница,86321.0,Пшеница
2023,9,Жамбылская область,Пшеница,101450.0,Пшеница
2023,9,Карагандинская область,Пшеница,84096.0,Пшеница
2023,9,Костанайская область,Пшеница,75794.0,Пшеница
2023,9,Кызылординская область,Пшеница,119329.0,Пшеница
2023,9,Павлодарская область,Пшеница,97319.0,Пшеница
2023,9,Северо-Казахстанская область,Пшеница,83869.0,Пшеница
2023,9,Туркестанская область,Пшеница,75511.0,Пшеница
2023,9,Восточно-Казахстанская область,Пшеница,79670.0,Пшеница
2023,9,Республика Казахстан,Пшеница твердая,138596.0,
2023,9,Карагандинская область,Пшеница твердая,111765.0,
2023,9,Республика Казахстан,"Пшеница, кроме пшеницы твердой",81827.0,
2023,9,Абай область,"Пшеница, кроме пшеницы твердой",76974.0,
2023,9,Акмолинская область,"Пшеница, кроме пшеницы твердой",86183.0,
2023,9,Актюбинская область,"Пшеница, кроме пшеницы твердой",76703.0,
2023,9,Алматинская область,"Пшеница, кроме пшеницы твердой",130032.0,
2023,9,Западно-Казахстанская область,"Пшеница, кроме пшеницы твердой",86321.0,
2023,9,Жамбылская область,"Пшеница, кроме пшеницы твердой",101450.0,
2023,9,Карагандинская область,"Пшеница, кроме пшеницы твердой",83388.0,
2023,9,Костанайская область,"Пшеница, кроме пшеницы твердой",75794.0,
2023,9,Кызылординская область,"Пшеница, кроме пшеницы твердой",119329.0,
2023,9,Павлодарская область,"Пшеница, кроме пшеницы твердой",97319.0,
2023,9,Северо-Казахстанская область,"Пшеница, кроме пшеницы твердой",77391.0,
2023,9,Туркестанская область,"Пшеница, кроме пшеницы твердой",75511.0,
2023,9,Восточно-Казахстанская область,"Пшеница, кроме пшеницы твердой",79670.0,
2023,9,Республика Казахстан,Кукуруза (маис),80725.0,Кукуруза
2023,9,Туркестанская область,Кукуруза (маис),80725.0,Кукуруза
2023,9,Республика Казахстан,Ячмень,65872.0,Ячмень
2023,9,Акмолинская область,Ячмень,61396.0,Ячмень
2023,9,Жамбылская область,Ячмень,93989.0,Ячмень
2023,9,Северо-Казахстанская область,Ячмень,60157.0,Ячмень
2023,9,Туркестанская область,Ячмень,67136.0,Ячмень
2023,9,Республика Казахстан,Рис необрушенный,134482.0,
2023,9,Кызылординская область,Рис необрушенный,135166.0,
2023,9,Республика Казахстан,Чечевица сушеная,150997.0,
2023,9,Северо-Казахстанская область,Чечевица сушеная,150997.0,
2023,9,Республика Казахстан,Горох сушеный,70090.0,
2023,9,Северо-Казахстанская область,Горох сушеный,70090.0,
2023,9,Республика Казахстан,Семена подсолнечника,130188.0,Подсолнечник
2023,9,Северо-Казахстанская область,Семена подсолнечника,131584.0,Подсолнечник
2023,9,Республика Казахстан,Семена сафлора,78413.0,
2023,9,Жамбылская область,Семена сафлора,104573.0,
2023,9,Туркестанская область,Семена сафлора,69420.0,
2023,9,Республика Казахстан,Семена льна-кудряша,157039.0,
2023,9,Северо-Казахстанская область,Семена льна-кудряша,157806.0,
2023,9,Республика Казахстан,Капуста кочанная,130964.0,
2023,9,Атырауская область,Капуста кочанная,142794.0,
2023,9,Восточно-Казахстанская область,Капуста кочанная,176603.0,
2023,9,Республика Казахстан,Перцы,97530.0,
2023,9,Атырауская область,Перцы,224718.0,
2023,9,Восточно-Казахстанская область,Перцы,296101.0,
2023,9,Республика Казахстан,Огурцы открытого грунта,154895.0,
2023,9,Западно-Казахстанская область,Огурцы открытого грунта,132292.0,
2023,9,Костанайская область,Огурцы открытого грунта,303045.0,
2023,9,Кызылординская область,Огурцы открытого грунта,116343.0,
2023,9,Мангистауская область,Огурцы открытого грунта,196265.0,
2023,9,Восточно-Казахстанская область,Огурцы открытого грунта,252269.0,
2023,9,Республика Казахстан,Огурцы закрытого грунта,364950.0,
2023,9,Республика Казахстан,Баклажаны,170272.0,
2023,9,Атырауская область,Баклажаны,191952.0,
2023,9,Восточно-Казахстанская область,Баклажаны,269467.0,
2023,9,Республика Казахстан,Помидоры открытого грунта,149972.0,
2023,9,Актюбинская область,Помидоры открытого грунта,234055.0,
2023,9,Атырауская область,Помидоры открытого грунта,190928.0,
2023,9,Западно-Казахстанская область,Помидоры открытого грунта,162860.0,
2023,9,Жамбылская область,Помидоры открытого грунта,146868.0,
2023,9,Костанайская область,Помидоры открытого грунта,285371.0,
2023,9,Кызылординская область,Помидоры открытого грунта,142786.0,
2023,9,Восточно-Казахстанская область,Помидоры открытого грунта,341661.0,
2023,9,Республика Казахстан,Помидоры закрытого грунта,277237.0,
2023,9,Актюбинская область,Помидоры закрытого грунта,282600.0,
2023,9,Республика Казахстан,Морковь столовая,107153.0,
2023,9,Павлодарская область,Морковь столовая,90396.0,
2023,9,Восточно-Казахстанская область,Морковь столовая,261258.0,
2023,9,Республика Казахстан,Лук репчатый,74999.0,
2023,9,Жамбылская область,Лук репчатый,42331.0,
2023,9,Республика Казахстан,Свекла столовая,196922.0,
2023,9,Восточно-Казахстанская область,Свекла столовая,251178.0,
2023,9,Республика Казахстан,Картофель,95299.0,
2023,9,Актюбинская область,Картофель,105695.0,
2023,9,Западно-Казахстанская область,Картофель,138228.0,
2023,9,Карагандинская область,Картофель,78645.0,
2023,9,Костанайская область,Картофель,118035.0,
2023,9,Павлодарская область,Картофель,83143.0,
2023,9,Восточно-Казахстанская область,Картофель,197123.0,
2023,9,Республика Казахстан,Культуры кормовые зерновые,48338.0,
2023,9,Акмолинская область,Культуры кормовые зерновые,63724.0,
2023,9,Жамбылская область,Культуры кормовые зерновые,83368.0,
2023,9,Северо-Казахстанская область,Культуры кормовые зерновые,68575.0,
2023,9,Туркестанская область,Культуры кормовые зерновые,91107.0,
2023,9,Республика Казахстан,Сено,35114.0,
2023,9,Абай область,Сено,40554.0,
2023,9,Актюбинская область,Сено,22024.0,
2023,9,Западно-Казахстанская область,Сено,20813.0,
2023,9,Жетісу область,Сено,19574.0,
2023,9,Кызылординская область,Сено,32150.0,
2023,9,Туркестанская область,Сено,40257.0,
2023,9,Восточно-Казахстанская область,Сено,19465.0,
2023,9,Республика Казахстан,Культуры бахчевые,56416.0,
2023,9,Абай область,Культуры бахчевые,99886.0,
2023,9,Атырауская область,Культуры бахчевые,114101.0,
2023,9,Западно-Казахстанская область,Культуры бахчевые,103279.0,
2023,9,Жамбылская область,Культуры бахчевые,44324.0,
2023,9,Костанайская область,Культуры бахчевые,121534.0,
2023,9,Кызылординская область,Культуры бахчевые,42589.0,
2023,9,Мангистауская область,Культуры бахчевые,112481.0,
2023,9,Туркестанская область,Культуры бахчевые,51687.0,
2023,9,Восточно-Казахстанская область,Культуры бахчевые,125766.0,
2023,9,Республика Казахстан,Арбузы,49694.0,
2023,9,Абай область,Арбузы,99886.0,
2023,9,Атырауская область,Арбузы,81040.0,
2023,9,Западно-Казахстанская область,Арбузы,84643.0,
2023,9,Жамбылская область,Арбузы,37326.0,
2023,9,Костанайская область,Арбузы,121534.0,
2023,9,Кызылординская область,Арбузы,33247.0,
2023,9,Мангистауская область,Арбузы,92739.0,
2023,9,Восточно-Казахстанская область,Арбузы,90553.0,
2023,9,Республика Казахстан,Дыни,61907.0,
2023,9,Атырауская область,Дыни,166665.0,
2023,9,Западно-Казахстанская область,Дыни,139382.0,
2023,9,Кызылординская область,Дыни,68739.0,
2023,9,Мангистауская область,Дыни,135177.0,
2023,9,Восточно-Казахстанская область,Дыни,158945.0,
2023,9,Республика Казахстан,Плоды семечковые,180677.0,
2023,9,Алматинская область,Плоды семечковые,186361.0,
2023,9,Туркестанская область,Плоды семечковые,172858.0,
2023,9,Республика Казахстан,Яблоки,180677.0,
2023,9,Алматинская область,Яблоки,186361.0,
2023,9,Туркестанская область,Яблоки,172858.0,
2023,9,Республика Казахстан,Ягоды и плоды прочие,1509849.0,
2023,9,Республика Казахстан,Скот крупный рогатый,978676.0,
2023,9,Абай область,Скот крупный рогатый,892057.0,
2023,9,Акмолинская область,Скот крупный рогатый,1174245.0,
2023,9,Актюбинская область,Скот крупный рогатый,937698.0,
2023,9,Алматинская область,Скот крупный рогатый,1031876.0,
2023,9,Атырауская область,Скот крупный рогатый,1021154.0,
2023,9,Западно-Казахстанская область,Скот крупный рогатый,991170.0,
2023,9,Жамбылская область,Скот крупный рогатый,975425.0,
2023,9,Карагандинская область,Скот крупный рогатый,853914.0,
2023,9,Костанайская область,Скот крупный рогатый,1093761.0,
2023,9,Кызылординская область,Скот крупный рогатый,926405.0,
2023,9,Мангистауская область,Скот крупный рогатый,989898.0,
2023,9,Павлодарская область,Скот крупный рогатый,927506.0,
2023,9,Северо-Казахстанская область,Скот крупный рогатый,983902.0,
2023,9,Туркестанская область,Скот крупный рогатый,870204.0,
2023,9,Ұлытау область,Скот крупный рогатый,1538357.0,
2023,9,Восточно-Казахстанская область,Скот крупный рогатый,855480.0,
2023,9,Республика Казахстан,Лошади,1037587.0,
2023,9,Абай область,Лошади,883706.0,
2023,9,Акмолинская область,Лошади,1464201.0,
2023,9,Актюбинская область,Лошади,1090251.0,
2023,9,Западно-Казахстанская область,Лошади,995542.0,
2023,9,Жамбылская область,Лошади,1155857.0,
2023,9,Жетісу область,Лошади,796016.0,
2023,9,Карагандинская область,Лошади,775785.0,
2023,9,Кызылординская область,Лошади,1064407.0,
2023,9,Мангистауская область,Лошади,959419.0,
2023,9,Павлодарская область,Лошади,1179867.0,
2023,9,Туркестанская область,Лошади,916378.0,
2023,9,Ұлытау область,Лошади,1474515.0,
2023,9,Восточно-Казахстанская область,Лошади,1036058.0,
2023,9,Республика Казахстан,Верблюды,1119287.0,
2023,9,Мангистауская область,Верблюды,1251676.0,
2023,9,Республика Казахстан,Овцы,1015236.0,
2023,9,Акмолинская область,Овцы,1252481.0,
2023,9,Актюбинская область,Овцы,883602.0,
2023,9,Алматинская область,Овцы,1457466.0,
2023,9,Атырауская область,Овцы,893420.0,
2023,9,Западно-Казахстанская область,Овцы,866003.0,
2023,9,Жамбылская область,Овцы,822864.0,
2023,9,Карагандинская область,Овцы,850551.0,
2023,9,Кызылординская область,Овцы,992183.0,
2023,9,Мангистауская область,Овцы,995953.0,
2023,9,Павлодарская область,Овцы,1337104.0,
2023,9,Туркестанская область,Овцы,737466.0,
2023,9,Ұлытау область,Овцы,937570.0,
2023,9,Восточно-Казахстанская область,Овцы,919645.0,
2023,9,Республика Казахстан,Свиньи,812540.0,
2023,9,Западно-Казахстанская область,Свиньи,1011397.0,
2023,9,Республика Казахстан,Домашняя птица,873248.0,
2023,9,Акмолинская область,Домашняя птица,983046.0,
2023,9,Республика Казахстан,Молоко сырое коровье,205072.0,
2023,9,Абай область,Молоко сырое коровье,200873.0,
2023,9,Акмолинская область,Молоко сырое коровье,240870.0,
2023,9,Актюбинская область,Молоко сырое коровье,232504.0,
2023,9,Алматинская область,Молоко сырое коровье,216645.0,
2023,9,Западно-Казахстанская область,Молоко сырое коровье,173342.0,
2023,9,Жамбылская область,Молоко сырое коровье,146233.0,
2023,9,Жетісу область,Молоко сырое коровье,225520.0,
2023,9,Карагандинская область,Молоко сырое коровье,194128.0,
2023,9,Костанайская область,Молоко сырое коровье,190179.0,
2023,9,Кызылординская область,Молоко сырое коровье,266935.0,
2023,9,Павлодарская область,Молоко сырое коровье,203748.0,
2023,9,Северо-Казахстанская область,Молоко сырое коровье,183696.0,
2023,9,Туркестанская область,Молоко сырое коровье,209435.0,
2023,9,Восточно-Казахстанская область,Молоко сырое коровье,209350.0,
2023,9,Республика Казахстан,Молоко сырое кобылье,835414.0,
2023,9,Кызылординская область,Молоко сырое кобылье,999303.0,
2023,9,Павлодарская область,Молоко сырое кобылье,897281.0,
2023,9,Республика Казахстан,Молоко сырое верблюжье,710338.0,
2023,9,Актюбинская область,Молоко сырое верблюжье,1064721.0,
2023,9,Атырауская область,Молоко сырое верблюжье,859761.0,
2023,9,Кызылординская область,Молоко сырое верблюжье,951142.0,
2023,9,Мангистауская область,Молоко сырое верблюжье,821639.0,
2023,9,Туркестанская область,Молоко сырое верблюжье,693269.0,
2023,9,Республика Казахстан,"Яйца в скорлупе, свежие (за тыс. штук)",32789.0,
2023,9,Акмолинская область,"Яйца в скорлупе, свежие (за тыс. штук)",33676.0,
2023,9,Карагандинская область,"Яйца в скорлупе, свежие (за тыс. штук)",29158.0,
2023,9,Костанайская область,"Яйца в скорлупе, свежие (за тыс. штук)",34987.0,
2023,9,Северо-Казахстанская область,"Яйца в скорлупе, свежие (за тыс. штук)",29412.0,
2023,9,Туркестанская область,"Яйца в скорлупе, свежие (за тыс. штук)",30001.0,
2023,9,Республика Казахстан,Мед натуральный,1121444.0,
2023,10,Республика Казахстан,Пшеница,96431.0,Пшеница
2023,10,Абай область,Пшеница,82150.0,Пшеница
2023,10,Акмолинская область,Пшеница,114945.0,Пшеница
2023,10,Актюбинская область,Пшеница,77039.0,Пшеница
2023,10,Алматинская область,Пшеница,132137.0,Пшеница
2023,10,Западно-Казахстанская область,Пшеница,86984.0,Пшеница
2023,10,Жамбылская область,Пшеница,91736.0,Пшеница
2023,10,Жетісу область,Пшеница,88061.0,Пшеница
2023,10,Карагандинская область,Пшеница,95298.0,Пшеница
2023,10,Костанайская область,Пшеница,75565.0,Пшеница
2023,10,Павлодарская область,Пшеница,103202.0,Пшеница
2023,10,Северо-Казахстанская область,Пшеница,96802.0,Пшеница
2023,10,Туркестанская область,Пшеница,78842.0,Пшеница
2023,10,Восточно-Казахстанская область,Пшеница,93324.0,Пшеница
2023,10,Республика Казахстан,"Пшеница, кроме пшеницы твердой",96431.0,
2023,10,Абай область,"Пшеница, кроме пшеницы твердой",82150.0,
2023,10,Акмолинская область,"Пшеница, кроме пшеницы твердой",114945.0,
2023,10,Актюбинская область,"Пшеница, кроме пшеницы твердой",77039.0,
2023,10,Алматинская область,"Пшеница, кроме пшеницы твердой",132137.0,
2023,10,Западно-Казахстанская область,"Пшеница, кроме пшеницы твердой",86984.0,
2023,10,Жамбылская область,"Пшеница, кроме пшеницы твердой",91736.0,
2023,10,Жетісу область,"Пшеница, кроме пшеницы твердой",88061.0,
2023,10,Карагандинская область,"Пшеница, кроме пшеницы твердой",95298.0,
2023,10,Костанайская область,"Пшеница, кроме пшеницы твердой",75565.0,
2023,10,Павлодарская область,"Пшеница, кроме пшеницы твердой",103202.0,
2023,10,Северо-Казахстанская область,"Пшеница, кроме пшеницы твердой",96802.0,
2023,10,Туркестанская область,"Пшеница, кроме пшеницы твердой",78842.0,
2023,10,Восточно-Казахстанская область,"Пшеница, кроме пшеницы твердой",93324.0,
2023,10,Республика Казахстан,Ячмень,64911.0,Ячмень
2023,10,Акмолинская область,Ячмень,57915.0,Ячмень
2023,10,Жамбылская область,Ячмень,86860.0,Ячмень
2023,10,Карагандинская область,Ячмень,56524.0,Ячмень
2023,10,Костанайская область,Ячмень,49107.0,Ячмень
2023,10,Северо-Казахстанская область,Ячмень,60639.0,Ячмень
2023,10,Восточно-Казахстанская область,Ячмень,60581.0,Ячмень
2023,10,Республика Казахстан,Рис необрушенный,138730.0,
2023,10,Кызылординская область,Рис необрушенный,139046.0,
2023,10,Республика Казахстан,Чечевица сушеная,208294.0,
2023,10,Северо-Казахстанская область,Чечевица сушеная,169480.0,
2023,10,Республика Казахстан,Семена подсолнечника,154972.0,Подсолнечник
2023,10,Восточно-Казахстанская область,Семена подсолнечника,167543.0,Подсолнечник
2023,10,Республика Казахстан,Семена сафлора,80974.0,
2023,10,Жамбылская область,Семена сафлора,90718.0,
2023,10,Туркестанская область,Семена сафлора,75593.0,
2023,10,Республика Казахстан,Семена льна-кудряша,149427.0,
2023,10,Северо-Казахстанская область,Семена льна-кудряша,134893.0,
2023,10,Республика Казахстан,Семена рапса,200750.0,
2023,10,Северо-Казахстанская область,Семена рапса,194311.0,
2023,10,Республика Казахстан,Капуста кочанная,78064.0,
2023,10,Атырауская область,Капуста кочанная,142794.0,
2023,10,Костанайская область,Капуста кочанная,121107.0,
2023,10,Северо-Казахстанская область,Капуста кочанная,111817.0,
2023,10,Восточно-Казахстанская область,Капуста кочанная,180000.0,
2023,10,Республика Казахстан,Перцы,95306.0,
2023,10,Туркестанская область,Перцы,96160.0,
2023,10,Восточно-Казахстанская область,Перцы,301623.0,
2023,10,Республика Казахстан,Огурцы открытого грунта,194347.0,
2023,10,Кызылординская область,Огурцы открытого грунта,133203.0,
2023,10,Республика Казахстан,Огурцы закрытого грунта,223840.0,
2023,10,Республика Казахстан,Баклажаны,67763.0,
2023,10,Восточно-Казахстанская область,Баклажаны,259467.0,
2023,10,Республика Казахстан,Помидоры открытого грунта,380232.0,
2023,10,Актюбинская область,Помидоры открытого грунта,234055.0,
2023,10,Западно-Казахстанская область,Помидоры открытого грунта,176758.0,
2023,10,Кызылординская область,Помидоры открытого грунта,134751.0,
2023,10,Восточно-Казахстанская область,Помидоры открытого грунта,582848.0,
2023,10,Республика Казахстан,Помидоры закрытого грунта,483509.0,
2023,10,Актюбинская область,Помидоры закрытого грунта,396474.0,
2023,10,Республика Казахстан,Морковь столовая,107478.0,
2023,10,Атырауская область,Морковь столовая,157421.0,
2023,10,Западно-Казахстанская область,Морковь столовая,101004.0,
2023,10,Костанайская область,Морковь столовая,134637.0,
2023,10,Павлодарская область,Морковь столовая,78301.0,
2023,10,Восточно-Казахстанская область,Морковь столовая,244709.0,
2023,10,Республика Казахстан,Лук репчатый,63763.0,
2023,10,Атырауская область,Лук репчатый,120153.0,
2023,10,Западно-Казахстанская область,Лук репчатый,97985.0,
2023,10,Республика Казахстан,Свекла столовая,164885.0,
2023,10,Атырауская область,Свекла столовая,126023.0,
2023,10,Восточно-Казахстанская область,Свекла столовая,251178.0,
2023,10,Республика Казахстан,Картофель,99038.0,
2023,10,Абай область,Картофель,98611.0,
2023,10,Акмолинская область,Картофель,76540.0,
2023,10,Актюбинская область,Картофель,98878.0,
2023,10,Алматинская область,Картофель,105007.0,
2023,10,Западно-Казахстанская область,Картофель,70197.0,
2023,10,Карагандинская область,Картофель,77796.0,
2023,10,Костанайская область,Картофель,113834.0,
2023,10,Кызылординская область,Картофель,144291.0,
2023,10,Павлодарская область,Картофель,73049.0,
2023,10,Северо-Казахстанская область,Картофель,108619.0,
2023,10,Восточно-Казахстанская область,Картофель,188076.0,
2023,10,Республика Казахстан,Свекла сахарная,15000.0,
2023,10,Республика Казахстан,Культуры кормовые зерновые,58203.0,
2023,10,Акмолинская область,Культуры кормовые зерновые,62684.0,
2023,10,Жамбылская область,Культуры кормовые зерновые,80001.0,
2023,10,Карагандинская область,Культуры кормовые зерновые,57097.0,
2023,10,Северо-Казахстанская область,Культуры кормовые зерновые,64195.0,
2023,10,Туркестанская область,Культуры кормовые зерновые,98854.0,
2023,10,Республика Казахстан,Кукуруза на силос,8929.0,
2023,10,Восточно-Казахстанская область,Кукуруза на силос,8929.0,
2023,10,Республика Казахстан,Сено,33173.0,
2023,10,Абай область,Сено,40243.0,
2023,10,Западно-Казахстанская область,Сено,20777.0,
2023,10,Жетісу область,Сено,43694.0,
2023,10,Кызылординская область,Сено,30381.0,
2023,10,Восточно-Казахстанская область,Сено,26056.0,
2023,10,Республика Казахстан,Виноград свежий,364873.0,
2023,10,Республика Казахстан,Культуры бахчевые,93998.0,
2023,10,Атырауская область,Культуры бахчевые,138550.0,
2023,10,Кызылординская область,Культуры бахчевые,91051.0,
2023,10,Мангистауская область,Культуры бахчевые,120676.0,
2023,10,Республика Казахстан,Арбузы,84465.0,
2023,10,Кызылординская область,Арбузы,86291.0,
2023,10,Мангистауская область,Арбузы,98930.0,
2023,10,Республика Казахстан,Дыни,137108.0,
2023,10,Кызылординская область,Дыни,104374.0,
2023,10,Мангистауская область,Дыни,145675.0,
2023,10,Республика Казахстан,Плоды семечковые,183617.0,
2023,10,Алматинская область,Плоды семечковые,215956.0,
2023,10,Туркестанская область,Плоды семечковые,138037.0,
2023,10,Республика Казахстан,Яблоки,183617.0,
2023,10,Алматинская область,Яблоки,215956.0,
2023,10,Туркестанская область,Яблоки,138037.0,
2023,10,Республика Казахстан,Скот крупный рогатый,981147.0,
2023,10,Абай область,Скот крупный рогатый,903463.0,
2023,10,Акмолинская область,Скот крупный рогатый,1094827.0,
2023,10,Актюбинская область,Скот крупный рогатый,906877.0,
2023,10,Алматинская область,Скот крупный рогатый,1120534.0,
2023,10,Атырауская область,Скот крупный рогатый,1059217.0,
2023,10,Западно-Казахстанская область,Скот крупный рогатый,1010576.0,
2023,10,Жамбылская область,Скот крупный рогатый,800387.0,
2023,10,Жетісу область,Скот крупный рогатый,900903.0,
2023,10,Карагандинская область,Скот крупный рогатый,949607.0,
2023,10,Костанайская область,Скот крупный рогатый,1079383.0,
2023,10,Кызылординская область,Скот крупный рогатый,934639.0,
2023,10,Павлодарская область,Скот крупный рогатый,926991.0,
2023,10,Северо-Казахстанская область,Скот крупный рогатый,953128.0,
2023,10,Туркестанская область,Скот крупный рогатый,861188.0,
2023,10,Ұлытау область,Скот крупный рогатый,1604996.0,
2023,10,Восточно-Казахстанская область,Скот крупный рогатый,821595.0,
2023,10,Республика Казахстан,Лошади,1128398.0,
2023,10,Абай область,Лошади,820645.0,
2023,10,Акмолинская область,Лошади,1481078.0,
2023,10,Актюбинская область,Лошади,1078579.0,
2023,10,Западно-Казахстанская область,Лошади,995756.0,
2023,10,Жамбылская область,Лошади,1097153.0,
2023,10,Жетісу область,Лошади,850091.0,
2023,10,Карагандинская область,Лошади,779411.0,
2023,10,Кызылординская область,Лошади,1067919.0,
2023,10,Мангистауская область,Лошади,1514092.0,
2023,10,Павлодарская область,Лошади,1190419.0,
2023,10,Туркестанская область,Лошади,911350.0,
2023,10,Ұлытау область,Лошади,1468022.0,
2023,10,Восточно-Казахстанская область,Лошади,1130930.0,
2023,10,Республика Казахстан,Верблюды,1146043.0,
2023,10,Кызылординская область,Верблюды,933032.0,
2023,10,Мангистауская область,Верблюды,1299142.0,
2023,10,Республика Казахстан,Овцы,1024849.0,
2023,10,Абай область,Овцы,874332.0,
2023,10,Акмолинская область,Овцы,1185396.0,
2023,10,Актюбинская область,Овцы,902424.0,
2023,10,Алматинская область,Овцы,1503927.0,
2023,10,Атырауская область,Овцы,898052.0,
2023,10,Западно-Казахстанская область,Овцы,852347.0,
2023,10,Жамбылская область,Овцы,858847.0,
2023,10,Карагандинская область,Овцы,1002273.0,
2023,10,Кызылординская область,Овцы,1004261.0,
2023,10,Мангистауская область,Овцы,982208.0,
2023,10,Павлодарская область,Овцы,1357017.0,
2023,10,Туркестанская область,Овцы,707768.0,
2023,10,Ұлытау область,Овцы,1056685.0,
2023,10,Восточно-Казахстанская область,Овцы,919645.0,
2023,10,Республика Казахстан,Свиньи,809809.0,
2023,10,Западно-Казахстанская область,Свиньи,1011585.0,
2023,10,Республика Казахстан,Домашняя птица,941100.0,
2023,10,Акмолинская область,Домашняя птица,1034792.0,
2023,10,Республика Казахстан,Молоко сырое коровье,209443.0,
2023,10,Абай область,Молоко сырое коровье,196895.0,
2023,10,Акмолинская область,Молоко сырое коровье,240870.0,
2023,10,Актюбинская область,Молоко сырое коровье,240431.0,
2023,10,Алматинская область,Молоко сырое коровье,220972.0,
2023,10,Западно-Казахстанская область,Молоко сырое коровье,186001.0,
2023,10,Жамбылская область,Молоко сырое коровье,207384.0,
2023,10,Жетісу область,Молоко сырое коровье,225632.0,
2023,10,Карагандинская область,Молоко сырое коровье,201489.0,
2023,10,Костанайская область,Молоко сырое коровье,188857.0,
2023,10,Кызылординская область,Молоко сырое коровье,239920.0,
2023,10,Павлодарская область,Молоко сырое коровье,205657.0,
2023,10,Северо-Казахстанская область,Молоко сырое коровье,183696.0,
2023,10,Туркестанская область,Молоко сырое коровье,209858.0,
2023,10,Восточно-Казахстанская область,Молоко сырое коровье,210849.0,
2023,10,Республика Казахстан,Молоко сырое кобылье,825096.0,
2023,10,Актюбинская область,Молоко сырое кобылье,775194.0,
2023,10,Кызылординская область,Молоко сырое кобылье,999303.0,
2023,10,Павлодарская область,Молоко сырое кобылье,924998.0,
2023,10,Республика Казахстан,Молоко сырое верблюжье,708111.0,
2023,10,Актюбинская область,Молоко сырое верблюжье,1064721.0,
2023,10,Атырауская область,Молоко сырое верблюжье,797663.0,
2023,10,Кызылординская область,Молоко сырое верблюжье,954274.0,
2023,10,Мангистауская область,Молоко сырое верблюжье,833701.0,
2023,10,Туркестанская область,Молоко сырое верблюжье,700000.0,
2023,10,Республика Казахстан,"Яйца в скорлупе, свежие (за тыс. штук)",36957.0,
2023,10,Акмолинская область,"Яйца в скорлупе, свежие (за тыс. штук)",35862.0,
2023,10,Карагандинская область,"Яйца в скорлупе, свежие (за тыс. штук)",31758.0,
2023,10,Костанайская область,"Яйца в скорлупе, свежие (за тыс. штук)",40184.0,
2023,10,Северо-Казахстанская область,"Яйца в скорлупе, свежие (за тыс. штук)",37170.0,
2023,10,Туркестанская область,"Яйца в скорлупе, свежие (за тыс. штук)",32518.0,
2023,10,Республика Казахстан,Мед натуральный,1242487.0,
2023,11,Республика Казахстан,Пшеница,101645.0,Пшеница
2023,11,Абай область,Пшеница,68483.0,Пшеница
2023,11,Акмолинская область,Пшеница,113407.0,Пшеница
2023,11,Актюбинская область,Пшеница,72624.0,Пшеница
2023,11,Западно-Казахстанская область,Пшеница,89024.0,Пшеница
2023,11,Жамбылская область,Пшеница,89046.0,Пшеница
2023,11,Карагандинская область,Пшеница,85118.0,Пшеница
2023,11,Костанайская область,Пшеница,100999.0,Пшеница
2023,11,Павлодарская область,Пшеница,106269.0,Пшеница
2023,11,Северо-Казахстанская область,Пшеница,98747.0,Пшеница
2023,11,Восточно-Казахстанская область,Пшеница,105019.0,Пшеница
2023,11,Республика Казахстан,Пшеница твердая,125576.0,
2023,11,Республика Казахстан,"Пшеница, кроме пшеницы твердой",100656.0,
2023,11,Абай область,"Пшеница, кроме пшеницы твердой",68483.0,
2023,11,Акмолинская область,"Пшеница, кроме пшеницы твердой",113407.0,
2023,11,Актюбинская область,"Пшеница, кроме пшеницы твердой",72624.0,
2023,11,Западно-Казахстанская область,"Пшеница, кроме пшеницы твердой",89024.0,
2023,11,Жамбылская область,"Пшеница, кроме пшеницы твердой",89046.0,
2023,11,Карагандинская область,"Пшеница, кроме пшеницы твердой",84886.0,
2023,11,Костанайская область,"Пшеница, кроме пшеницы твердой",100458.0,
2023,11,Павлодарская область,"Пшеница, кроме пшеницы твердой",106449.0,
2023,11,Северо-Казахстанская область,"Пшеница, кроме пшеницы твердой",94700.0,
2023,11,Восточно-Казахстанская область,"Пшеница, кроме пшеницы твердой",105019.0,
2023,11,Республика Казахстан,Кукуруза (маис),71115.0,Кукуруза
2023,11,Алматинская область,Кукуруза (маис),62451.0,Кукуруза
2023,11,Республика Казахстан,Ячмень,63927.0,Ячмень
2023,11,Акмолинская область,Ячмень,60020.0,Ячмень
2023,11,Западно-Казахстанская область,Ячмень,60517.0,Ячмень
2023,11,Карагандинская область,Ячмень,55909.0,Ячмень
2023,11,Костанайская область,Ячмень,49107.0,Ячмень
2023,11,Северо-Казахстанская область,Ячмень,66462.0,Ячмень
2023,11,Восточно-Казахстанская область,Ячмень,59930.0,Ячмень
2023,11,Республика Казахстан,"Рис, необрушенный",147805.0,
2023,11,Кызылординская область,"Рис, необрушенный",146497.0,
2023,11,Республика Казахстан,Чечевица сушеная,227630.0,
2023,11,Северо-Казахстанская область,Чечевица сушеная,141791.0,
2023,11,Республика Казахстан,Семена подсолнечника,120132.0,Подсолнечник
2023,11,Абай область,Семена подсолнечника,133931.0,Подсолнечник
2023,11,Восточно-Казахстанская область,Семена подсолнечника,113833.0,Подсолнечник
2023,11,Республика Казахстан,Семена сафлора,90869.0,
2023,11,Западно-Казахстанская область,Семена сафлора,84866.0,
2023,11,Жамбылская область,Семена сафлора,76220.0,
2023,11,Республика Казахстан,Семена льна-кудряша,157047.0,
2023,11,Акмолинская область,Семена льна-кудряша,167744.0,
2023,11,Северо-Казахстанская область,Семена льна-кудряша,155511.0,
2023,11,Республика Казахстан,Семена рапса,173036.0,
2023,11,Северо-Казахстанская область,Семена рапса,172383.0,
2023,11,Республика Казахстан,Капуста кочанная,109717.0,
2023,11,Абай область,Капуста кочанная,78031.0,
2023,11,Акмолинская область,Капуста кочанная,71620.0,
2023,11,Костанайская область,Капуста кочанная,96097.0,
2023,11,Восточно-Казахстанская область,Капуста кочанная,180000.0,
2023,11,Республика Казахстан,Огурцы закрытого грунта,413767.0,
2023,11,Республика Казахстан,Помидоры закрытого грунта,459740.0,
2023,11,Актюбинская область,Помидоры закрытого грунта,636173.0,
2023,11,Алматинская область,Помидоры закрытого грунта,540116.0,
2023,11,Республика Казахстан,Морковь столовая,103817.0,
2023,11,Абай область,Морковь столовая,71313.0,
2023,11,Западно-Казахстанская область,Морковь столовая,103474.0,
2023,11,Костанайская область,Морковь столовая,147843.0,
2023,11,Павлодарская область,Морковь столовая,93748.0,
2023,11,Восточно-Казахстанская область,Морковь столовая,226617.0,
2023,11,Республика Казахстан,Лук репчатый,105638.0,
2023,11,Западно-Казахстанская область,Лук репчатый,108119.0,
2023,11,Костанайская область,Лук репчатый,96225.0,
2023,11,Республика Казахстан,Свекла столовая,147680.0,
2023,11,Западно-Казахстанская область,Свекла столовая,116217.0,
2023,11,Республика Казахстан,Картофель,103028.0,
2023,11,Абай область,Картофель,92996.0,
2023,11,Акмолинская область,Картофель,69546.0,
2023,11,Актюбинская область,Картофель,76196.0,
2023,11,Алматинская область,Картофель,138850.0,
2023,11,Западно-Казахстанская область,Картофель,74132.0,
2023,11,Карагандинская область,Картофель,73367.0,
2023,11,Костанайская область,Картофель,89807.0,
2023,11,Кызылординская область,Картофель,156391.0,
2023,11,Павлодарская область,Картофель,67009.0,
2023,11,Восточно-Казахстанская область,Картофель,156696.0,
2023,11,Республика Казахстан,Свекла сахарная,15151.0,
2023,11,Жамбылская область,Свекла сахарная,15000.0,
2023,11,Жетісу область,Свекла сахарная,15606.0,
2023,11,Республика Казахстан,Хлопок очищенный или не очищенный от семян,222768.0,
2023,11,Туркестанская область,Хлопок очищенный или не очищенный от семян,222768.0,
2023,11,Республика Казахстан,Культуры кормовые зерновые,55740.0,
2023,11,Акмолинская область,Культуры кормовые зерновые,61380.0,
2023,11,Западно-Казахстанская область,Культуры кормовые зерновые,58187.0,
2023,11,Карагандинская область,Культуры кормовые зерновые,51714.0,
2023,11,Костанайская область,Культуры кормовые зерновые,53401.0,
2023,11,Северо-Казахстанская область,Культуры кормовые зерновые,62064.0,
2023,11,Республика Казахстан,Сено,32748.0,
2023,11,Абай область,Сено,40299.0,
2023,11,Западно-Казахстанская область,Сено,22513.0,
2023,11,Жетісу область,Сено,37332.0,
2023,11,Кызылординская область,Сено,30315.0,
2023,11,Восточно-Казахстанская область,Сено,27543.0,
2023,11,Республика Казахстан,Плоды семечковые,216032.0,
2023,11,Алматинская область,Плоды семечковые,209317.0,
2023,11,Республика Казахстан,Яблоки,216032.0,
2023,11,Алматинская область,Яблоки,209317.0,
2023,11,Республика Казахстан,Скот крупный рогатый,980791.0,
2023,11,Абай область,Скот крупный рогатый,936260.0,
2023,11,Акмолинская область,Скот крупный рогатый,1097569.0,
2023,11,Актюбинская область,Скот крупный рогатый,970227.0,
2023,11,Алматинская область,Скот крупный рогатый,1123150.0,
2023,11,Атырауская область,Скот крупный рогатый,1064094.0,
2023,11,Западно-Казахстанская область,Скот крупный рогатый,993806.0,
2023,11,Жамбылская область,Скот крупный рогатый,874133.0,
2023,11,Жетісу область,Скот крупный рогатый,926428.0,
2023,11,Карагандинская область,Скот крупный рогатый,952725.0,
2023,11,Костанайская область,Скот крупный рогатый,1024342.0,
2023,11,Кызылординская область,Скот крупный рогатый,933340.0,
2023,11,Павлодарская область,Скот крупный рогатый,946518.0,
2023,11,Северо-Казахстанская область,Скот крупный рогатый,961053.0,
2023,11,Туркестанская область,Скот крупный рогатый,867406.0,
2023,11,Ұлытау область,Скот крупный рогатый,1421010.0,
2023,11,Восточно-Казахстанская область,Скот крупный рогатый,817234.0,
2023,11,Республика Казахстан,Лошади,1149950.0,
2023,11,Абай область,Лошади,866052.0,
2023,11,Акмолинская область,Лошади,1257250.0,
2023,11,Актюбинская область,Лошади,1031668.0,
2023,11,Атырауская область,Лошади,947145.0,
2023,11,Западно-Казахстанская область,Лошади,1014368.0,
2023,11,Жамбылская область,Лошади,1170696.0,
2023,11,Жетісу область,Лошади,840564.0,
2023,11,Карагандинская область,Лошади,784801.0,
2023,11,Кызылординская область,Лошади,1069328.0,
2023,11,Мангистауская область,Лошади,1627828.0,
2023,11,Павлодарская область,Лошади,1149722.0,
2023,11,Ұлытау область,Лошади,1490223.0,
2023,11,Восточно-Казахстанская область,Лошади,1199260.0,
2023,11,Республика Казахстан,Верблюды,1161682.0,
2023,11,Кызылординская область,Верблюды,819194.0,
2023,11,Мангистауская область,Верблюды,1383435.0,
2023,11,Республика Казахстан,Овцы,912687.0,
2023,11,Абай область,Овцы,839007.0,
2023,11,Акмолинская область,Овцы,1252481.0,
2023,11,Актюбинская область,Овцы,881197.0,
2023,11,Алматинская область,Овцы,1073435.0,
2023,11,Атырауская область,Овцы,886089.0,
2023,11,Западно-Казахстанская область,Овцы,857625.0,
2023,11,Жамбылская область,Овцы,824894.0,
2023,11,Карагандинская область,Овцы,854352.0,
2023,11,Кызылординская область,Овцы,1015025.0,
2023,11,Мангистауская область,Овцы,992111.0,
2023,11,Павлодарская область,Овцы,1339364.0,
2023,11,Туркестанская область,Овцы,670849.0,
2023,11,Ұлытау область,Овцы,993161.0,
2023,11,Восточно-Казахстанская область,Овцы,971026.0,
2023,11,Республика Казахстан,Свиньи,837137.0,
2023,11,Западно-Казахстанская область,Свиньи,1011585.0,
2023,11,Республика Казахстан,Домашняя птица,936203.0,
2023,11,Акмолинская область,Домашняя птица,953117.0,
2023,11,Республика Казахстан,Молоко сырое коровье,211863.0,
2023,11,Абай область,Молоко сырое коровье,196895.0,
2023,11,Акмолинская область,Молоко сырое коровье,240870.0,
2023,11,Актюбинская область,Молоко сырое коровье,240431.0,
2023,11,Алматинская область,Молоко сырое коровье,226440.0,
2023,11,Западно-Казахстанская область,Молоко сырое коровье,186001.0,
2023,11,Жетісу область,Молоко сырое коровье,225597.0,
2023,11,Карагандинская область,Молоко сырое коровье,202686.0,
2023,11,Костанайская область,Молоко сырое коровье,188098.0,
2023,11,Кызылординская область,Молоко сырое коровье,266858.0,
2023,11,Павлодарская область,Молоко сырое коровье,206347.0,
2023,11,Северо-Казахстанская область,Молоко сырое коровье,183732.0,
2023,11,Туркестанская область,Молоко сырое коровье,209875.0,
2023,11,Восточно-Казахстанская область,Молоко сырое коровье,210318.0,
2023,11,Республика Казахстан,Молоко сырое кобылье,838824.0,
2023,11,Актюбинская область,Молоко сырое кобылье,775194.0,
2023,11,Республика Казахстан,Молоко сырое верблюжье,712856.0,
2023,11,Актюбинская область,Молоко сырое верблюжье,1064721.0,
2023,11,Атырауская область,Молоко сырое верблюжье,797717.0,
2023,11,Кызылординская область,Молоко сырое верблюжье,1005811.0,
2023,11,Мангистауская область,Молоко сырое верблюжье,841324.0,
2023,11,Туркестанская область,Молоко сырое верблюжье,700000.0,
2023,11,Республика Казахстан,"Яйца в скорлупе, свежие (за тыс. штук)",38218.0,
2023,11,Акмолинская область,"Яйца в скорлупе, свежие (за тыс. штук)",38806.0,
2023,11,Карагандинская область,"Яйца в скорлупе, свежие (за тыс. штук)",32836.0,
2023,11,Костанайская область,"Яйца в скорлупе, свежие (за тыс. штук)",41677.0,
2023,11,Северо-Казахстанская область,"Яйца в скорлупе, свежие (за тыс. штук)",37185.0,
2023,11,Туркестанская область,"Яйца в скорлупе, свежие (за тыс. штук)",33859.0,
2023,11,Республика Казахстан,Мед натуральный,1242487.0,
2023,12,Республика Казахстан,Пшеница,98427.0,Пшеница
2023,12,Абай область,Пшеница,94233.0,Пшеница
2023,12,Акмолинская область,Пшеница,103727.0,Пшеница
2023,12,Актюбинская область,Пшеница,88729.0,Пшеница
2023,12,Западно-Казахстанская область,Пшеница,98839.0,Пшеница
2023,12,Карагандинская область,Пшеница,91259.0,Пшеница
2023,12,Костанайская область,Пшеница,100776.0,Пшеница
2023,12,Павлодарская область,Пшеница,103837.0,Пшеница
2023,12,Северо-Казахстанская область,Пшеница,91429.0,Пшеница
2023,12,Восточно-Казахстанская область,Пшеница,101427.0,Пшеница
2023,12,Республика Казахстан,"Пшеница, кроме пшеницы твердой",98747.0,
2023,12,Абай область,"Пшеница, кроме пшеницы твердой",94233.0,
2023,12,Акмолинская область,"Пшеница, кроме пшеницы твердой",103727.0,
2023,12,Актюбинская область,"Пшеница, кроме пшеницы твердой",88729.0,
2023,12,Западно-Казахстанская область,"Пшеница, кроме пшеницы твердой",98839.0,
2023,12,Карагандинская область,"Пшеница, кроме пшеницы твердой",91259.0,
2023,12,Костанайская область,"Пшеница, кроме пшеницы твердой",102266.0,
2023,12,Павлодарская область,"Пшеница, кроме пшеницы твердой",103837.0,
2023,12,Северо-Казахстанская область,"Пшеница, кроме пшеницы твердой",91429.0,
2023,12,Восточно-Казахстанская область,"Пшеница, кроме пшеницы твердой",101427.0,
2023,12,Республика Казахстан,Кукуруза (маис),67578.0,Кукуруза
2023,12,Республика Казахстан,Ячмень,63548.0,Ячмень
2023,12,Акмолинская область,Ячмень,61799.0,Ячмень
2023,12,Павлодарская область,Ячмень,65573.0,Ячмень
2023,12,Северо-Казахстанская область,Ячмень,55284.0,Ячмень
2023,12,Восточно-Казахстанская область,Ячмень,57962.0,Ячмень
2023,12,Республика Казахстан,Рис необрушенный,142636.0,
2023,12,Кызылординская область,Рис необрушенный,143009.0,
2023,12,Республика Казахстан,Горох сушеный,87737.0,
2023,12,Республика Казахстан,Семена подсолнечника,131233.0,Подсолнечник
2023,12,Абай область,Семена подсолнечника,142544.0,Подсолнечник
2023,12,Актюбинская область,Семена подсолнечника,124651.0,Подсолнечник
2023,12,Павлодарская область,Семена подсолнечника,117455.0,Подсолнечник
2023,12,Северо-Казахстанская область,Семена подсолнечника,138408.0,Подсолнечник
2023,12,Восточно-Казахстанская область,Семена подсолнечника,125629.0,Подсолнечник
2023,12,Республика Казахстан,Семена сафлора,93567.0,
2023,12,Акмолинская область,Семена сафлора,89286.0,
2023,12,Республика Казахстан,Семена льна-кудряша,172448.0,
2023,12,Акмолинская область,Семена льна-кудряша,176955.0,
2023,12,Северо-Казахстанская область,Семена льна-кудряша,173169.0,
2023,12,Республика Казахстан,Семена рапса,187169.0,
2023,12,Восточно-Казахстанская область,Семена рапса,207129.0,
2023,12,Республика Казахстан,Капуста кочанная,115199.0,
2023,12,Абай область,Капуста кочанная,78800.0,
2023,12,Восточно-Казахстанская область,Капуста кочанная,190000.0,
2023,12,Республика Казахстан,Огурцы закрытого грунта,553619.0,
2023,12,Республика Казахстан,Помидоры закрытого грунта,473105.0,
2023,12,Алматинская область,Помидоры закрытого грунта,628791.0,
2023,12,Республика Казахстан,Морковь столовая,92380.0,
2023,12,Павлодарская область,Морковь столовая,84008.0,
2023,12,Восточно-Казахстанская область,Морковь столовая,226212.0,
2023,12,Республика Казахстан,Лук репчатый,104537.0,
2023,12,Республика Казахстан,Свекла столовая,132042.0,
2023,12,Костанайская область,Свекла столовая,129416.0,
2023,12,Восточно-Казахстанская область,Свекла столовая,239861.0,
2023,12,Республика Казахстан,Картофель,100764.0,
2023,12,Абай область,Картофель,92753.0,
2023,12,Акмолинская область,Картофель,61060.0,
2023,12,Алматинская область,Картофель,138850.0,
2023,12,Западно-Казахстанская область,Картофель,72651.0,
2023,12,Карагандинская область,Картофель,63882.0,
2023,12,Костанайская область,Картофель,94172.0,
2023,12,Павлодарская область,Картофель,67903.0,
2023,12,Восточно-Казахстанская область,Картофель,159367.0,
2023,12,Республика Казахстан,Культуры кормовые зерновые,58614.0,
2023,12,Акмолинская область,Культуры кормовые зерновые,63297.0,
2023,12,Карагандинская область,Культуры кормовые зерновые,57300.0,
2023,12,Костанайская область,Культуры кормовые зерновые,56848.0,
2023,12,Павлодарская область,Культуры кормовые зерновые,69118.0,
2023,12,Северо-Казахстанская область,Культуры кормовые зерновые,56679.0,
2023,12,Республика Казахстан,Кукуруза на силос,11394.0,
2023,12,Восточно-Казахстанская область,Кукуруза на силос,11394.0,
2023,12,Республика Казахстан,Сено,38209.0,
2023,12,Абай область,Сено,40974.0,
2023,12,Западно-Казахстанская область,Сено,24987.0,
2023,12,Жетісу область,Сено,53133.0,
2023,12,Кызылординская область,Сено,41344.0,
2023,12,Восточно-Казахстанская область,Сено,29418.0,
2023,12,Республика Казахстан,Плоды семечковые,208254.0,
2023,12,Алматинская область,Плоды семечковые,180514.0,
2023,12,Республика Казахстан,Яблоки,208254.0,
2023,12,Алматинская область,Яблоки,180514.0,
2023,12,Республика Казахстан,Скот крупный рогатый,973210.0,
2023,12,Абай область,Скот крупный рогатый,942682.0,
2023,12,Акмолинская область,Скот крупный рогатый,1128161.0,
2023,12,Актюбинская область,Скот крупный рогатый,976841.0,
2023,12,Алматинская область,Скот крупный рогатый,1125766.0,
2023,12,Атырауская область,Скот крупный рогатый,1068970.0,
2023,12,Западно-Казахстанская область,Скот крупный рогатый,995298.0,
2023,12,Жамбылская область,Скот крупный рогатый,794078.0,
2023,12,Костанайская область,Скот крупный рогатый,1096246.0,
2023,12,Кызылординская область,Скот крупный рогатый,950690.0,
2023,12,Павлодарская область,Скот крупный рогатый,911930.0,
2023,12,Северо-Казахстанская область,Скот крупный рогатый,957886.0,
2023,12,Туркестанская область,Скот крупный рогатый,855631.0,
2023,12,Ұлытау область,Скот крупный рогатый,1506715.0,
2023,12,Восточно-Казахстанская область,Скот крупный рогатый,823257.0,
2023,12,Республика Казахстан,Лошади,1189540.0,
2023,12,Абай область,Лошади,897658.0,
2023,12,Акмолинская область,Лошади,1463341.0,
2023,12,Актюбинская область,Лошади,1055140.0,
2023,12,Атырауская область,Лошади,992885.0,
2023,12,Западно-Казахстанская область,Лошади,1048731.0,
2023,12,Жамбылская область,Лошади,1189558.0,
2023,12,Карагандинская область,Лошади,784801.0,
2023,12,Кызылординская область,Лошади,1074205.0,
2023,12,Мангистауская область,Лошади,1586803.0,
2023,12,Павлодарская область,Лошади,1527737.0,
2023,12,Ұлытау область,Лошади,1466144.0,
2023,12,Восточно-Казахстанская область,Лошади,1130930.0,
2023,12,Республика Казахстан,Верблюды,1070876.0,
2023,12,Кызылординская область,Верблюды,842289.0,
2023,12,Мангистауская область,Верблюды,1332077.0,
2023,12,Республика Казахстан,Овцы,951995.0,
2023,12,Акмолинская область,Овцы,1170012.0,
2023,12,Актюбинская область,Овцы,876328.0,
2023,12,Алматинская область,Овцы,1073435.0,
2023,12,Атырауская область,Овцы,919776.0,
2023,12,Западно-Казахстанская область,Овцы,864731.0,
2023,12,Жамбылская область,Овцы,839437.0,
2023,12,Карагандинская область,Овцы,856006.0,
2023,12,Кызылординская область,Овцы,1028642.0,
2023,12,Мангистауская область,Овцы,1015853.0,
2023,12,Павлодарская область,Овцы,1350512.0,
2023,12,Туркестанская область,Овцы,748178.0,
2023,12,Ұлытау область,Овцы,1159745.0,
2023,12,Восточно-Казахстанская область,Овцы,971564.0,
2023,12,Республика Казахстан,Свиньи,811558.0,
2023,12,Западно-Казахстанская область,Свиньи,1011585.0,
2023,12,Республика Казахстан,Домашняя птица,908925.0,
2023,12,Акмолинская область,Домашняя птица,971267.0,
2023,12,Карагандинская область,Домашняя птица,749699.0,
2023,12,Республика Казахстан,Молоко сырое коровье,214423.0,
2023,12,Абай область,Молоко сырое коровье,195507.0,
2023,12,Акмолинская область,Молоко сырое коровье,240870.0,
2023,12,Актюбинская область,Молоко сырое коровье,259161.0,
2023,12,Алматинская область,Молоко сырое коровье,233117.0,
2023,12,Западно-Казахстанская область,Молоко сырое коровье,186001.0,
2023,12,Жетісу область,Молоко сырое коровье,225702.0,
2023,12,Карагандинская область,Молоко сырое коровье,201916.0,
2023,12,Костанайская область,Молоко сырое коровье,187840.0,
2023,12,Кызылординская область,Молоко сырое коровье,283523.0,
2023,12,Павлодарская область,Молоко сырое коровье,206605.0,
2023,12,Северо-Казахстанская область,Молоко сырое коровье,183154.0,
2023,12,Туркестанская область,Молоко сырое коровье,210383.0,
2023,12,Восточно-Казахстанская область,Молоко сырое коровье,211181.0,
2023,12,Республика Казахстан,Молоко сырое кобылье,790413.0,
2023,12,Республика Казахстан,Молоко сырое верблюжье,713476.0,
2023,12,Атырауская область,Молоко сырое верблюжье,797717.0,
2023,12,Мангистауская область,Молоко сырое верблюжье,856004.0,
2023,12,Туркестанская область,Молоко сырое верблюжье,700000.0,
2023,12,Республика Казахстан,"Яйца в скорлупе, свежие (за тыс. штук)",41572.0,
2023,12,Акмолинская область,"Яйца в скорлупе, свежие (за тыс. штук)",45758.0,
2023,12,Карагандинская область,"Яйца в скорлупе, свежие (за тыс. штук)",35865.0,
2023,12,Костанайская область,"Яйца в скорлупе, свежие (за тыс. штук)",42807.0,
2023,12,Северо-Казахстанская область,"Яйца в скорлупе, свежие (за тыс. штук)",43059.0,
2023,12,Туркестанская область,"Яйца в скорлупе, свежие (за тыс. штук)",42578.0,
2023,12,Республика Казахстан,Мед натуральный,1371578.0,
2024,1,Республика Казахстан,Пшеница,98305.0,Пшеница
2024,1,Абай область,Пшеница,84932.0,Пшеница
2024,1,Акмолинская область,Пшеница,105660.0,Пшеница
2024,1,Актюбинская область,Пшеница,63791.0,Пшеница
2024,1,Западно-Казахстанская область,Пшеница,93706.0,Пшеница
2024,1,Карагандинская область,Пшеница,87658.0,Пшеница
2024,1,Костанайская область,Пшеница,107014.0,Пшеница
2024,1,Павлодарская область,Пшеница,105397.0,Пшеница
2024,1,Северо-Казахстанская область,Пшеница,88158.0,Пшеница
2024,1,Восточно-Казахстанская область,Пшеница,65464.0,Пшеница
2024,1,Республика Казахстан,Пшеница твердая,81978.0,
2024,1,Северо-Казахстанская область,Пшеница твердая,73798.0,
2024,1,Республика Казахстан,"Пшеница, кроме пшеницы твердой",98909.0,
2024,1,Абай область,"Пшеница, кроме пшеницы твердой",84932.0,
2024,1,Акмолинская область,"Пшеница, кроме пшеницы твердой",105660.0,
2024,1,Актюбинская область,"Пшеница, кроме пшеницы твердой",64107.0,
2024,1,Западно-Казахстанская область,"Пшеница, кроме пшеницы твердой",93706.0,
2024,1,Карагандинская область,"Пшеница, кроме пшеницы твердой",87658.0,
2024,1,Костанайская область,"Пшеница, кроме пшеницы твердой",107415.0,
2024,1,Павлодарская область,"Пшеница, кроме пшеницы твердой",105397.0,
2024,1,Северо-Казахстанская область,"Пшеница, кроме пшеницы твердой",89513.0,
2024,1,Восточно-Казахстанская область,"Пшеница, кроме пшеницы твердой",65464.0,
2024,1,Республика Казахстан,Кукуруза (маис),68950.0,Кукуруза
2024,1,Республика Казахстан,Ячмень,58906.0,Ячмень
2024,1,Западно-Казахстанская область,Ячмень,52283.0,Ячмень
2024,1,Павлодарская область,Ячмень,62185.0,Ячмень
2024,1,Северо-Казахстанская область,Ячмень,57654.0,Ячмень
2024,1,Восточно-Казахстанская область,Ячмень,62533.0,Ячмень
2024,1,Республика Казахстан,Рожь,73576.0,
2024,1,Западно-Казахстанская область,Рожь,73576.0,
2024,1,Республика Казахстан,Гречиха,113689.0,
2024,1,Республика Казахстан,"Рис, необрушенный",181740.0,
2024,1,Кызылординская область,"Рис, необрушенный",182461.0,
2024,1,Республика Казахстан,Чечевица сушеная,180937.0,
2024,1,Республика Казахстан,"Горох, сушенный",71350.0,
2024,1,Республика Казахстан,Семена подсолнечника,135254.0,Подсолнечник
2024,1,Абай область,Семена подсолнечника,141956.0,Подсолнечник
2024,1,Западно-Казахстанская область,Семена подсолнечника,127921.0,Подсолнечник
2024,1,Костанайская область,Семена подсолнечника,117650.0,Подсолнечник
2024,1,Павлодарская область,Семена подсолнечника,129994.0,Подсолнечник
2024,1,Северо-Казахстанская область,Семена подсолнечника,132932.0,Подсолнечник
2024,1,Восточно-Казахстанская область,Семена подсолнечника,136798.0,Подсолнечник
2024,1,Республика Казахстан,Семена сафлора,76564.0,
2024,1,Западно-Казахстанская область,Семена сафлора,76564.0,
2024,1,Республика Казахстан,Семена льна-кудряша,168654.0,
2024,1,Акмолинская область,Семена льна-кудряша,161229.0,
2024,1,Костанайская область,Семена льна-кудряша,150747.0,
2024,1,Северо-Казахстанская область,Семена льна-кудряша,174559.0,
2024,1,Республика Казахстан,Семена рапса,191156.0,
2024,1,Северо-Казахстанская область,Семена рапса,191789.0,
2024,1,Республика Казахстан,Капуста кочанная,115553.0,
2024,1,Абай область,Капуста кочанная,66301.0,
2024,1,Восточно-Казахстанская область,Капуста кочанная,198319.0,
2024,1,Республика Казахстан,Огурцы закрытого грунта,811702.0,
2024,1,Республика Казахстан,Помидоры закрытого грунта,614345.0,
2024,1,Алматинская область,Помидоры закрытого грунта,850227.0,
2024,1,Республика Казахстан,Морковь столовая,92561.0,
2024,1,Павлодарская область,Морковь столовая,87405.0,
2024,1,Восточно-Казахстанская область,Морковь столовая,221501.0,
2024,1,Республика Казахстан,Лук репчатый,77251.0,
2024,1,Алматинская область,Лук репчатый,68856.0,
2024,1,Западно-Казахстанская область,Лук репчатый,71350.0,
2024,1,Республика Казахстан,Свекла столовая,133535.0,
2024,1,Восточно-Казахстанская область,Свекла столовая,230000.0,
2024,1,Республика Казахстан,Картофель,98506.0,
2024,1,Акмолинская область,Картофель,66768.0,
2024,1,Алматинская область,Картофель,139314.0,
2024,1,Западно-Казахстанская область,Картофель,72991.0,
2024,1,Карагандинская область,Картофель,68279.0,
2024,1,Костанайская область,Картофель,82596.0,
2024,1,Павлодарская область,Картофель,67400.0,
2024,1,Северо-Казахстанская область,Картофель,102001.0,
2024,1,Восточно-Казахстанская область,Картофель,150140.0,
2024,1,Республика Казахстан,Культуры кормовые зерновые,72109.0,
2024,1,Акмолинская область,Культуры кормовые зерновые,58748.0,
2024,1,Алматинская область,Культуры кормовые зерновые,87007.0,
2024,1,Западно-Казахстанская область,Культуры кормовые зерновые,70659.0,
2024,1,Жамбылская область,Культуры кормовые зерновые,77877.0,
2024,1,Костанайская область,Культуры кормовые зерновые,56941.0,
2024,1,Северо-Казахстанская область,Культуры кормовые зерновые,53812.0,
2024,1,Восточно-Казахстанская область,Культуры кормовые зерновые,60794.0,
2024,1,Республика Казахстан,Кукуруза на силос,10183.0,
2024,1,Восточно-Казахстанская область,Кукуруза на силос,10183.0,
2024,1,Республика Казахстан,Сено,37005.0,
2024,1,Западно-Казахстанская область,Сено,20714.0,
2024,1,Восточно-Казахстанская область,Сено,25832.0,
2024,1,Республика Казахстан,Плоды семечковые,212817.0,
2024,1,Алматинская область,Плоды семечковые,198367.0,
2024,1,Республика Казахстан,Яблоки,212817.0,
2024,1,Алматинская область,Яблоки,198367.0,
2024,1,Республика Казахстан,Скот крупный рогатый,976807.0,
2024,1,Абай область,Скот крупный рогатый,933681.0,
2024,1,Акмолинская область,Скот крупный рогатый,1093401.0,
2024,1,Актюбинская область,Скот крупный рогатый,936977.0,
2024,1,Алматинская область,Скот крупный рогатый,1149417.0,
2024,1,Западно-Казахстанская область,Скот крупный рогатый,974329.0,
2024,1,Жамбылская область,Скот крупный рогатый,1004013.0,
2024,1,Карагандинская область,Скот крупный рогатый,815432.0,
2024,1,Костанайская область,Скот крупный рогатый,1033632.0,
2024,1,Кызылординская область,Скот крупный рогатый,972563.0,
2024,1,Павлодарская область,Скот крупный рогатый,1040867.0,
2024,1,Северо-Казахстанская область,Скот крупный рогатый,1100839.0,
2024,1,Туркестанская область,Скот крупный рогатый,722483.0,
2024,1,Ұлытау область,Скот крупный рогатый,1147091.0,
2024,1,Восточно-Казахстанская область,Скот крупный рогатый,838170.0,
2024,1,Республика Казахстан,Лошади,1187103.0,
2024,1,Абай область,Лошади,884219.0,
2024,1,Акмолинская область,Лошади,1212500.0,
2024,1,Актюбинская область,Лошади,993968.0,
2024,1,Атырауская область,Лошади,916891.0,
2024,1,Западно-Казахстанская область,Лошади,1073114.0,
2024,1,Жамбылская область,Лошади,1212269.0,
2024,1,Карагандинская область,Лошади,1277573.0,
2024,1,Кызылординская область,Лошади,1080348.0,
2024,1,Мангистауская область,Лошади,1172923.0,
2024,1,Павлодарская область,Лошади,1165154.0,
2024,1,Ұлытау область,Лошади,1253562.0,
2024,1,Республика Казахстан,Верблюды,1094165.0,
2024,1,Западно-Казахстанская область,Верблюды,903100.0,
2024,1,Кызылординская область,Верблюды,852375.0,
2024,1,Республика Казахстан,Овцы,1026393.0,
2024,1,Абай область,Овцы,831602.0,
2024,1,Акмолинская область,Овцы,1192138.0,
2024,1,Актюбинская область,Овцы,892957.0,
2024,1,Алматинская область,Овцы,1300574.0,
2024,1,Атырауская область,Овцы,1008003.0,
2024,1,Западно-Казахстанская область,Овцы,895572.0,
2024,1,Жамбылская область,Овцы,908417.0,
2024,1,Жетісу область,Овцы,866283.0,
2024,1,Карагандинская область,Овцы,936695.0,
2024,1,Кызылординская область,Овцы,948199.0,
2024,1,Мангистауская область,Овцы,1020312.0,
2024,1,Павлодарская область,Овцы,1275926.0,
2024,1,Ұлытау область,Овцы,1207869.0,
2024,1,Восточно-Казахстанская область,Овцы,1097177.0,
2024,1,Республика Казахстан,Свиньи,838077.0,
2024,1,Западно-Казахстанская область,Свиньи,1040726.0,
2024,1,Республика Казахстан,Домашняя птица,854268.0,
2024,1,Мангистауская область,Домашняя птица,1249191.0,
2024,1,Северо-Казахстанская область,Домашняя птица,955596.0,
2024,1,Республика Казахстан,Молоко сырое коровье,211526.0,
2024,1,Абай область,Молоко сырое коровье,192076.0,
2024,1,Акмолинская область,Молоко сырое коровье,242267.0,
2024,1,Алматинская область,Молоко сырое коровье,218590.0,
2024,1,Западно-Казахстанская область,Молоко сырое коровье,181536.0,
2024,1,Жамбылская область,Молоко сырое коровье,199727.0,
2024,1,Жетісу область,Молоко сырое коровье,190899.0,
2024,1,Карагандинская область,Молоко сырое коровье,202789.0,
2024,1,Костанайская область,Молоко сырое коровье,189544.0,
2024,1,Кызылординская область,Молоко сырое коровье,269512.0,
2024,1,Павлодарская область,Молоко сырое коровье,210902.0,
2024,1,Северо-Казахстанская область,Молоко сырое коровье,186239.0,
2024,1,Туркестанская область,Молоко сырое коровье,214067.0,
2024,1,Восточно-Казахстанская область,Молоко сырое коровье,209333.0,
2024,1,Республика Казахстан,Молоко сырое кобылье,899082.0,
2024,1,Кызылординская область,Молоко сырое кобылье,1001737.0,
2024,1,Республика Казахстан,Молоко сырое верблюжье,729566.0,
2024,1,Атырауская область,Молоко сырое верблюжье,859293.0,
2024,1,Кызылординская область,Молоко сырое верблюжье,977425.0,
2024,1,Мангистауская область,Молоко сырое верблюжье,871175.0,
2024,1,Туркестанская область,Молоко сырое верблюжье,700000.0,
2024,1,Республика Казахстан,Яйца в скорлупе (за тыс.штук),41862.0,
2024,1,Акмолинская область,Яйца в скорлупе (за тыс.штук),44497.0,
2024,1,Карагандинская область,Яйца в скорлупе (за тыс.штук),37379.0,
2024,1,Костанайская область,Яйца в скорлупе (за тыс.штук),45535.0,
2024,1,Северо-Казахстанская область,Яйца в скорлупе (за тыс.штук),45255.0,
2024,1,Туркестанская область,Яйца в скорлупе (за тыс.штук),46283.0,
2024,1,Республика Казахстан,Мед натуральный,1335769.0,
2024,1,Восточно-Казахстанская область,Мед натуральный,1179904.0,
2024,2,Республика Казахстан,Пшеница,105425.0,Пшеница
2024,2,Абай область,Пшеница,84602.0,Пшеница
2024,2,Акмолинская область,Пшеница,122990.0,Пшеница
2024,2,Западно-Казахстанская область,Пшеница,103440.0,Пшеница
2024,2,Карагандинская область,Пшеница,102795.0,Пшеница
2024,2,Костанайская область,Пшеница,101556.0,Пшеница
2024,2,Павлодарская область,Пшеница,97839.0,Пшеница
2024,2,Северо-Казахстанская область,Пшеница,95769.0,Пшеница
2024,2,Восточно-Казахстанская область,Пшеница,79254.0,Пшеница
2024,2,Республика Казахстан,"Пшеница, кроме пшеницы твердой",105877.0,
2024,2,Абай область,"Пшеница, кроме пшеницы твердой",84602.0,
2024,2,Акмолинская область,"Пшеница, кроме пшеницы твердой",122990.0,
2024,2,Западно-Казахстанская область,"Пшеница, кроме пшеницы твердой",103440.0,
2024,2,Карагандинская область,"Пшеница, кроме пшеницы твердой",102795.0,
2024,2,Костанайская область,"Пшеница, кроме пшеницы твердой",101556.0,
2024,2,Павлодарская область,"Пшеница, кроме пшеницы твердой",97839.0,
2024,2,Северо-Казахстанская область,"Пшеница, кроме пшеницы твердой",96664.0,
2024,2,Восточно-Казахстанская область,"Пшеница, кроме пшеницы твердой",79254.0,
2024,2,Республика Казахстан,Ячмень,60371.0,Ячмень
2024,2,Карагандинская область,Ячмень,55350.0,Ячмень
2024,2,Северо-Казахстанская область,Ячмень,61892.0,Ячмень
2024,2,Восточно-Казахстанская область,Ячмень,57777.0,Ячмень
2024,2,Республика Казахстан,Рожь,58304.0,
2024,2,Западно-Казахстанская область,Рожь,58304.0,
2024,2,Республика Казахстан,Рис необрушенный,176066.0,
2024,2,Кызылординская область,Рис необрушенный,176731.0,
2024,2,Республика Казахстан,Чечевица сушеная,224149.0,
2024,2,Республика Казахстан,Горох сушенный,75219.0,
2024,2,Республика Казахстан,Семена подсолнечника,135522.0,Подсолнечник
2024,2,Абай область,Семена подсолнечника,139104.0,Подсолнечник
2024,2,Костанайская область,Семена подсолнечника,109852.0,Подсолнечник
2024,2,Павлодарская область,Семена подсолнечника,128376.0,Подсолнечник
2024,2,Восточно-Казахстанская область,Семена подсолнечника,141126.0,Подсолнечник
2024,2,Республика Казахстан,Семена сафлора,57787.0,
2024,2,Западно-Казахстанская область,Семена сафлора,72195.0,
2024,2,Республика Казахстан,Семена льна-кудряша,164321.0,
2024,2,Костанайская область,Семена льна-кудряша,150576.0,
2024,2,Северо-Казахстанская область,Семена льна-кудряша,164591.0,
2024,2,Республика Казахстан,Семена рапса,215174.0,
2024,2,Республика Казахстан,Капуста кочанная,117862.0,
2024,2,Абай область,Капуста кочанная,66301.0,
2024,2,Костанайская область,Капуста кочанная,123639.0,
2024,2,Восточно-Казахстанская область,Капуста кочанная,198319.0,
2024,2,Республика Казахстан,Огурцы закрытого грунта,791434.0,
2024,2,Республика Казахстан,Помидоры закрытого грунта,624222.0,
2024,2,Алматинская область,Помидоры закрытого грунта,902026.0,
2024,2,Республика Казахстан,Морковь столовая,95362.0,
2024,2,Костанайская область,Морковь столовая,127630.0,
2024,2,Павлодарская область,Морковь столовая,92881.0,
2024,2,Восточно-Казахстанская область,Морковь столовая,221501.0,
2024,2,Республика Казахстан,Лук репчатый,68468.0,
2024,2,Республика Казахстан,Свекла столовая,139414.0,
2024,2,Костанайская область,Свекла столовая,172130.0,
2024,2,Восточно-Казахстанская область,Свекла столовая,230000.0,
2024,2,Республика Казахстан,Картофель,88083.0,
2024,2,Абай область,Картофель,67604.0,
2024,2,Акмолинская область,Картофель,80759.0,
2024,2,Западно-Казахстанская область,Картофель,77228.0,
2024,2,Карагандинская область,Картофель,71688.0,
2024,2,Костанайская область,Картофель,89083.0,
2024,2,Павлодарская область,Картофель,74493.0,
2024,2,Северо-Казахстанская область,Картофель,100984.0,
2024,2,Восточно-Казахстанская область,Картофель,147079.0,
2024,2,Республика Казахстан,Культуры кормовые зерновые,58234.0,
2024,2,Западно-Казахстанская область,Культуры кормовые зерновые,45997.0,
2024,2,Жамбылская область,Культуры кормовые зерновые,93890.0,
2024,2,Жетісу область,Культуры кормовые зерновые,60389.0,
2024,2,Карагандинская область,Культуры кормовые зерновые,60939.0,
2024,2,Костанайская область,Культуры кормовые зерновые,43206.0,
2024,2,Восточно-Казахстанская область,Культуры кормовые зерновые,59145.0,
2024,2,Республика Казахстан,Кукуруза на силос,10183.0,
2024,2,Восточно-Казахстанская область,Кукуруза на силос,10183.0,
2024,2,Республика Казахстан,Сено,43070.0,
2024,2,Абай область,Сено,40236.0,
2024,2,Западно-Казахстанская область,Сено,24962.0,
2024,2,Жамбылская область,Сено,47522.0,
2024,2,Восточно-Казахстанская область,Сено,24932.0,
2024,2,Республика Казахстан,Плоды семечковые,226097.0,
2024,2,Республика Казахстан,Яблоки,226097.0,
2024,2,Республика Казахстан,Скот крупный рогатый,961875.0,
2024,2,Абай область,Скот крупный рогатый,968333.0,
2024,2,Акмолинская область,Скот крупный рогатый,1117101.0,
2024,2,Актюбинская область,Скот крупный рогатый,943083.0,
2024,2,Алматинская область,Скот крупный рогатый,1061523.0,
2024,2,Атырауская область,Скот крупный рогатый,1117667.0,
2024,2,Западно-Казахстанская область,Скот крупный рогатый,952385.0,
2024,2,Жетісу область,Скот крупный рогатый,857836.0,
2024,2,Карагандинская область,Скот крупный рогатый,844838.0,
2024,2,Костанайская область,Скот крупный рогатый,1039194.0,
2024,2,Кызылординская область,Скот крупный рогатый,953314.0,
2024,2,Павлодарская область,Скот крупный рогатый,930348.0,
2024,2,Северо-Казахстанская область,Скот крупный рогатый,835240.0,
2024,2,Туркестанская область,Скот крупный рогатый,901180.0,
2024,2,Ұлытау область,Скот крупный рогатый,1184491.0,
2024,2,Восточно-Казахстанская область,Скот крупный рогатый,812806.0,
2024,2,Республика Казахстан,Лошади,1133054.0,
2024,2,Абай область,Лошади,949810.0,
2024,2,Актюбинская область,Лошади,1101243.0,
2024,2,Атырауская область,Лошади,1052622.0,
2024,2,Западно-Казахстанская область,Лошади,1006334.0,
2024,2,Карагандинская область,Лошади,1135102.0,
2024,2,Кызылординская область,Лошади,1088100.0,
2024,2,Мангистауская область,Лошади,1108530.0,
2024,2,Павлодарская область,Лошади,1493865.0,
2024,2,Ұлытау область,Лошади,1528433.0,
2024,2,Восточно-Казахстанская область,Лошади,1055401.0,
2024,2,Республика Казахстан,Верблюды,1140464.0,
2024,2,Западно-Казахстанская область,Верблюды,926438.0,
2024,2,Кызылординская область,Верблюды,853442.0,
2024,2,Мангистауская область,Верблюды,1286436.0,
2024,2,Республика Казахстан,Овцы,1036355.0,
2024,2,Абай область,Овцы,860029.0,
2024,2,Актюбинская область,Овцы,892512.0,
2024,2,Алматинская область,Овцы,1628145.0,
2024,2,Атырауская область,Овцы,1134839.0,
2024,2,Западно-Казахстанская область,Овцы,829024.0,
2024,2,Жамбылская область,Овцы,865784.0,
2024,2,Карагандинская область,Овцы,858683.0,
2024,2,Кызылординская область,Овцы,1040201.0,
2024,2,Ұлытау область,Овцы,1029269.0,
2024,2,Восточно-Казахстанская область,Овцы,960715.0,
2024,2,Республика Казахстан,Свиньи,836626.0,
2024,2,Западно-Казахстанская область,Свиньи,1011640.0,
2024,2,Республика Казахстан,Домашняя птица,864079.0,
2024,2,Акмолинская область,Домашняя птица,904997.0,
2024,2,Мангистауская область,Домашняя птица,1249191.0,
2024,2,Северо-Казахстанская область,Домашняя птица,640613.0,
2024,2,Республика Казахстан,Молоко сырое коровье,213885.0,
2024,2,Абай область,Молоко сырое коровье,192076.0,
2024,2,Акмолинская область,Молоко сырое коровье,242267.0,
2024,2,Алматинская область,Молоко сырое коровье,229196.0,
2024,2,Жамбылская область,Молоко сырое коровье,198843.0,
2024,2,Жетісу область,Молоко сырое коровье,205530.0,
2024,2,Карагандинская область,Молоко сырое коровье,205381.0,
2024,2,Костанайская область,Молоко сырое коровье,195234.0,
2024,2,Кызылординская область,Молоко сырое коровье,268007.0,
2024,2,Павлодарская область,Молоко сырое коровье,205118.0,
2024,2,Северо-Казахстанская область,Молоко сырое коровье,185729.0,
2024,2,Туркестанская область,Молоко сырое коровье,212158.0,
2024,2,Восточно-Казахстанская область,Молоко сырое коровье,209495.0,
2024,2,Республика Казахстан,Молоко сырое кобылье,857788.0,
2024,2,Республика Казахстан,Молоко сырое верблюжье,760182.0,
2024,2,Атырауская область,Молоко сырое верблюжье,908024.0,
2024,2,Кызылординская область,Молоко сырое верблюжье,984002.0,
2024,2,Мангистауская область,Молоко сырое верблюжье,911448.0,
2024,2,Туркестанская область,Молоко сырое верблюжье,739864.0,
2024,2,Республика Казахстан,Яйца в скорлупе (за тыс.штук),42575.0,
2024,2,Акмолинская область,Яйца в скорлупе (за тыс.штук),45962.0,
2024,2,Карагандинская область,Яйца в скорлупе (за тыс.штук),38147.0,
2024,2,Костанайская область,Яйца в скорлупе (за тыс.штук),45757.0,
2024,2,Северо-Казахстанская область,Яйца в скорлупе (за тыс.штук),43901.0,
2024,2,Туркестанская область,Яйца в скорлупе (за тыс.штук),47558.0,
2024,2,Республика Казахстан,Мед натуральный,1368848.0,
2024,3,Республика Казахстан,Пшеница,106044.0,Пшеница
2024,3,Акмолинская область,Пшеница,129320.0,Пшеница
2024,3,Актюбинская область,Пшеница,93151.0,Пшеница
2024,3,Западно-Казахстанская область,Пшеница,92903.0,Пшеница
2024,3,Карагандинская область,Пшеница,107257.0,Пшеница
2024,3,Костанайская область,Пшеница,95801.0,Пшеница
2024,3,Павлодарская область,Пшеница,101623.0,Пшеница
2024,3,Северо-Казахстанская область,Пшеница,93411.0,Пшеница
2024,3,Восточно-Казахстанская область,Пшеница,75618.0,Пшеница
2024,3,Республика Казахстан,"Пшеница, кроме пшеницы твердой",106113.0,
2024,3,Акмолинская область,"Пшеница, кроме пшеницы твердой",129320.0,
2024,3,Актюбинская область,"Пшеница, кроме пшеницы твердой",93151.0,
2024,3,Западно-Казахстанская область,"Пшеница, кроме пшеницы твердой",92903.0,
2024,3,Карагандинская область,"Пшеница, кроме пшеницы твердой",108693.0,
2024,3,Костанайская область,"Пшеница, кроме пшеницы твердой",95801.0,
2024,3,Павлодарская область,"Пшеница, кроме пшеницы твердой",101623.0,
2024,3,Северо-Казахстанская область,"Пшеница, кроме пшеницы твердой",93411.0,
2024,3,Восточно-Казахстанская область,"Пшеница, кроме пшеницы твердой",75618.0,
2024,3,Республика Казахстан,Ячмень,57484.0,Ячмень
2024,3,Северо-Казахстанская область,Ячмень,57045.0,Ячмень
2024,3,Восточно-Казахстанская область,Ячмень,61624.0,Ячмень
2024,3,Республика Казахстан,"Рис, необрушенный",166770.0,
2024,3,Кызылординская область,"Рис, необрушенный",167344.0,
2024,3,Республика Казахстан,Чечевица сушеная,214825.0,
2024,3,Северо-Казахстанская область,Чечевица сушеная,198009.0,
2024,3,Республика Казахстан,"Горох, сушенный",77254.0,
2024,3,Республика Казахстан,Семена подсолнечника,133463.0,Подсолнечник
2024,3,Абай область,Семена подсолнечника,135239.0,Подсолнечник
2024,3,Акмолинская область,Семена подсолнечника,135522.0,Подсолнечник
2024,3,Павлодарская область,Семена подсолнечника,124569.0,Подсолнечник
2024,3,Северо-Казахстанская область,Семена подсолнечника,134669.0,Подсолнечник
2024,3,Восточно-Казахстанская область,Семена подсолнечника,136234.0,Подсолнечник
2024,3,Республика Казахстан,Семена сафлора,69549.0,
2024,3,Республика Казахстан,Семена льна-кудряша,180863.0,
2024,3,Костанайская область,Семена льна-кудряша,150225.0,
2024,3,Северо-Казахстанская область,Семена льна-кудряша,190306.0,
2024,3,Республика Казахстан,Семена рапса,179869.0,
2024,3,Республика Казахстан,Капуста кочанная,113826.0,
2024,3,Абай область,Капуста кочанная,80042.0,
2024,3,Республика Казахстан,Огурцы закрытого грунта,683736.0,
2024,3,Республика Казахстан,Помидоры закрытого грунта,647267.0,
2024,3,Алматинская область,Помидоры закрытого грунта,942865.0,
2024,3,Республика Казахстан,Морковь столовая,98659.0,
2024,3,Костанайская область,Морковь столовая,140683.0,
2024,3,Павлодарская область,Морковь столовая,96155.0,
2024,3,Восточно-Казахстанская область,Морковь столовая,221501.0,
2024,3,Республика Казахстан,Лук репчатый,61948.0,
2024,3,Республика Казахстан,Свекла столовая,179898.0,
2024,3,Костанайская область,Свекла столовая,193098.0,
2024,3,Республика Казахстан,Картофель,98798.0,
2024,3,Абай область,Картофель,75000.0,
2024,3,Акмолинская область,Картофель,86860.0,
2024,3,Алматинская область,Картофель,135113.0,
2024,3,Западно-Казахстанская область,Картофель,76183.0,
2024,3,Карагандинская область,Картофель,74465.0,
2024,3,Костанайская область,Картофель,81036.0,
2024,3,Павлодарская область,Картофель,69910.0,
2024,3,Восточно-Казахстанская область,Картофель,163155.0,
2024,3,Республика Казахстан,Культуры кормовые зерновые,65313.0,
2024,3,Западно-Казахстанская область,Культуры кормовые зерновые,64195.0,
2024,3,Жамбылская область,Культуры кормовые зерновые,93890.0,
2024,3,Костанайская область,Культуры кормовые зерновые,58113.0,
2024,3,Северо-Казахстанская область,Культуры кормовые зерновые,51852.0,
2024,3,Восточно-Казахстанская область,Культуры кормовые зерновые,59232.0,
2024,3,Республика Казахстан,Кукуруза на силос,10183.0,
2024,3,Восточно-Казахстанская область,Кукуруза на силос,10183.0,
2024,3,Республика Казахстан,Сено,37709.0,
2024,3,Абай область,Сено,40395.0,
2024,3,Жетісу область,Сено,46171.0,
2024,3,Восточно-Казахстанская область,Сено,26413.0,
2024,3,Республика Казахстан,Плоды семечковые,266611.0,
2024,3,Республика Казахстан,Яблоки,266611.0,
2024,3,Республика Казахстан,Скот крупный рогатый,962753.0,
2024,3,Абай область,Скот крупный рогатый,952007.0,
2024,3,Акмолинская область,Скот крупный рогатый,1038922.0,
2024,3,Актюбинская область,Скот крупный рогатый,945885.0,
2024,3,Алматинская область,Скот крупный рогатый,1061523.0,
2024,3,Западно-Казахстанская область,Скот крупный рогатый,955860.0,
2024,3,Жетісу область,Скот крупный рогатый,857836.0,
2024,3,Карагандинская область,Скот крупный рогатый,805520.0,
2024,3,Костанайская область,Скот крупный рогатый,1048304.0,
2024,3,Кызылординская область,Скот крупный рогатый,945998.0,
2024,3,Павлодарская область,Скот крупный рогатый,916062.0,
2024,3,Северо-Казахстанская область,Скот крупный рогатый,765634.0,
2024,3,Туркестанская область,Скот крупный рогатый,952789.0,
2024,3,Ұлытау область,Скот крупный рогатый,1417551.0,
2024,3,Восточно-Казахстанская область,Скот крупный рогатый,821586.0,
2024,3,Республика Казахстан,Лошади,1092296.0,
2024,3,Абай область,Лошади,889358.0,
2024,3,Актюбинская область,Лошади,1009992.0,
2024,3,Западно-Казахстанская область,Лошади,1058481.0,
2024,3,Карагандинская область,Лошади,772987.0,
2024,3,Кызылординская область,Лошади,1080274.0,
2024,3,Павлодарская область,Лошади,1391398.0,
2024,3,Ұлытау область,Лошади,1143390.0,
2024,3,Восточно-Казахстанская область,Лошади,1112940.0,
2024,3,Республика Казахстан,Верблюды,1061900.0,
2024,3,Республика Казахстан,Овцы,947454.0,
2024,3,Абай область,Овцы,883740.0,
2024,3,Акмолинская область,Овцы,1132282.0,
2024,3,Актюбинская область,Овцы,838617.0,
2024,3,Алматинская область,Овцы,1150713.0,
2024,3,Атырауская область,Овцы,1316768.0,
2024,3,Западно-Казахстанская область,Овцы,836507.0,
2024,3,Карагандинская область,Овцы,862844.0,
2024,3,Кызылординская область,Овцы,984660.0,
2024,3,Мангистауская область,Овцы,1161838.0,
2024,3,Ұлытау область,Овцы,1040371.0,
2024,3,Восточно-Казахстанская область,Овцы,962792.0,
2024,3,Республика Казахстан,Свиньи,826840.0,
2024,3,Западно-Казахстанская область,Свиньи,1011640.0,
2024,3,Республика Казахстан,Домашняя птица,869016.0,
2024,3,Акмолинская область,Домашняя птица,904997.0,
2024,3,Мангистауская область,Домашняя птица,1249191.0,
2024,3,Северо-Казахстанская область,Домашняя птица,955596.0,
2024,3,Республика Казахстан,Молоко сырое коровье,209104.0,
2024,3,Абай область,Молоко сырое коровье,192076.0,
2024,3,Акмолинская область,Молоко сырое коровье,242267.0,
2024,3,Алматинская область,Молоко сырое коровье,226319.0,
2024,3,Жетісу область,Молоко сырое коровье,197171.0,
2024,3,Карагандинская область,Молоко сырое коровье,205381.0,
2024,3,Костанайская область,Молоко сырое коровье,195632.0,
2024,3,Кызылординская область,Молоко сырое коровье,268005.0,
2024,3,Павлодарская область,Молоко сырое коровье,199861.0,
2024,3,Северо-Казахстанская область,Молоко сырое коровье,185910.0,
2024,3,Туркестанская область,Молоко сырое коровье,211320.0,
2024,3,Восточно-Казахстанская область,Молоко сырое коровье,203888.0,
2024,3,Республика Казахстан,Молоко сырое кобылье,836657.0,
2024,3,Кызылординская область,Молоко сырое кобылье,1010203.0,
2024,3,Республика Казахстан,Молоко сырое верблюжье,763721.0,
2024,3,Атырауская область,Молоко сырое верблюжье,908024.0,
2024,3,Кызылординская область,Молоко сырое верблюжье,984002.0,
2024,3,Мангистауская область,Молоко сырое верблюжье,911448.0,
2024,3,Туркестанская область,Молоко сырое верблюжье,776394.0,
2024,3,Республика Казахстан,Яйца в скорлупе (за тыс.штук),42992.0,
2024,3,Акмолинская область,Яйца в скорлупе (за тыс.штук),43466.0,
2024,3,Карагандинская область,Яйца в скорлупе (за тыс.штук),39551.0,
2024,3,Костанайская область,Яйца в скорлупе (за тыс.штук),49047.0,
2024,3,Северо-Казахстанская область,Яйца в скорлупе (за тыс.штук),42915.0,
2024,3,Туркестанская область,Яйца в скорлупе (за тыс.штук),44002.0,
2024,3,Республика Казахстан,Мед натуральный,1331613.0,
2024,4,Республика Казахстан,Пшеница,101878.0,Пшеница
2024,4,Акмолинская область,Пшеница,118563.0,Пшеница
2024,4,Западно-Казахстанская область,Пшеница,88946.0,Пшеница
2024,4,Карагандинская область,Пшеница,80732.0,Пшеница
2024,4,Костанайская область,Пшеница,103452.0,Пшеница
2024,4,Павлодарская область,Пшеница,93465.0,Пшеница
2024,4,Северо-Казахстанская область,Пшеница,93072.0,Пшеница
2024,4,Восточно-Казахстанская область,Пшеница,61595.0,Пшеница
2024,4,Республика Казахстан,"Пшеница, кроме пшеницы твердой",101878.0,
2024,4,Акмолинская область,"Пшеница, кроме пшеницы твердой",118563.0,
2024,4,Западно-Казахстанская область,"Пшеница, кроме пшеницы твердой",88946.0,
2024,4,Карагандинская область,"Пшеница, кроме пшеницы твердой",80732.0,
2024,4,Костанайская область,"Пшеница, кроме пшеницы твердой",103452.0,
2024,4,Павлодарская область,"Пшеница, кроме пшеницы твердой",93465.0,
2024,4,Северо-Казахстанская область,"Пшеница, кроме пшеницы твердой",93072.0,
2024,4,Восточно-Казахстанская область,"Пшеница, кроме пшеницы твердой",61595.0,
2024,4,Республика Казахстан,Кукуруза (маис),53252.0,Кукуруза
2024,4,Республика Казахстан,Ячмень,61184.0,Ячмень
2024,4,Северо-Казахстанская область,Ячмень,58770.0,Ячмень
2024,4,Восточно-Казахстанская область,Ячмень,56519.0,Ячмень
2024,4,Республика Казахстан,Рис необрушенный,177986.0,
2024,4,Кызылординская область,Рис необрушенный,178670.0,
2024,4,Республика Казахстан,Горох сушенный,84734.0,
2024,4,Республика Казахстан,Семена подсолнечника,130570.0,Подсолнечник
2024,4,Абай область,Семена подсолнечника,136919.0,Подсолнечник
2024,4,Костанайская область,Семена подсолнечника,99635.0,Подсолнечник
2024,4,Павлодарская область,Семена подсолнечника,126286.0,Подсолнечник
2024,4,Восточно-Казахстанская область,Семена подсолнечника,133791.0,Подсолнечник
2024,4,Республика Казахстан,Семена сафлора,59167.0,
2024,4,Западно-Казахстанская область,Семена сафлора,73190.0,
2024,4,Республика Казахстан,Семена льна-кудряша,178828.0,
2024,4,Костанайская область,Семена льна-кудряша,140547.0,
2024,4,Северо-Казахстанская область,Семена льна-кудряша,190188.0,
2024,4,Республика Казахстан,Семена рапса,179350.0,
2024,4,Северо-Казахстанская область,Семена рапса,167270.0,
2024,4,Республика Казахстан,Капуста кочанная,85871.0,
2024,4,Республика Казахстан,Огурцы закрытого грунта,473319.0,
2024,4,Туркестанская область,Огурцы закрытого грунта,354145.0,
2024,4,Республика Казахстан,Помидоры закрытого грунта,641315.0,
2024,4,Актюбинская область,Помидоры закрытого грунта,708854.0,
2024,4,Алматинская область,Помидоры закрытого грунта,832859.0,
2024,4,Республика Казахстан,Морковь столовая,99956.0,
2024,4,Костанайская область,Морковь столовая,141676.0,
2024,4,Павлодарская область,Морковь столовая,96373.0,
2024,4,Республика Казахстан,Лук репчатый,28612.0,
2024,4,Алматинская область,Лук репчатый,24597.0,
2024,4,Республика Казахстан,Свекла столовая,174480.0,
2024,4,Костанайская область,Свекла столовая,199331.0,
2024,4,Республика Казахстан,Картофель,86710.0,
2024,4,Акмолинская область,Картофель,84978.0,
2024,4,Алматинская область,Картофель,103604.0,
2024,4,Карагандинская область,Картофель,73302.0,
2024,4,Костанайская область,Картофель,76219.0,
2024,4,Павлодарская область,Картофель,67556.0,
2024,4,Северо-Казахстанская область,Картофель,65664.0,
2024,4,Восточно-Казахстанская область,Картофель,195877.0,
2024,4,Республика Казахстан,Культуры кормовые зерновые,58307.0,
2024,4,Алматинская область,Культуры кормовые зерновые,98387.0,
2024,4,Западно-Казахстанская область,Культуры кормовые зерновые,50725.0,
2024,4,Жамбылская область,Культуры кормовые зерновые,96442.0,
2024,4,Северо-Казахстанская область,Культуры кормовые зерновые,65101.0,
2024,4,Восточно-Казахстанская область,Культуры кормовые зерновые,59232.0,
2024,4,Республика Казахстан,Кукуруза на силос,10183.0,
2024,4,Восточно-Казахстанская область,Кукуруза на силос,10183.0,
2024,4,Республика Казахстан,Сено,39305.0,
2024,4,Абай область,Сено,40742.0,
2024,4,Восточно-Казахстанская область,Сено,24932.0,
2024,4,Республика Казахстан,Скот крупный рогатый,980073.0,
2024,4,Абай область,Скот крупный рогатый,963501.0,
2024,4,Акмолинская область,Скот крупный рогатый,1019149.0,
2024,4,Актюбинская область,Скот крупный рогатый,934399.0,
2024,4,Алматинская область,Скот крупный рогатый,1146524.0,
2024,4,Западно-Казахстанская область,Скот крупный рогатый,953127.0,
2024,4,Карагандинская область,Скот крупный рогатый,813792.0,
2024,4,Костанайская область,Скот крупный рогатый,1088961.0,
2024,4,Кызылординская область,Скот крупный рогатый,946465.0,
2024,4,Павлодарская область,Скот крупный рогатый,890365.0,
2024,4,Северо-Казахстанская область,Скот крупный рогатый,926185.0,
2024,4,Туркестанская область,Скот крупный рогатый,1033623.0,
2024,4,Ұлытау область,Скот крупный рогатый,1192335.0,
2024,4,Восточно-Казахстанская область,Скот крупный рогатый,819647.0,
2024,4,Республика Казахстан,Лошади,1134100.0,
2024,4,Абай область,Лошади,878083.0,
2024,4,Актюбинская область,Лошади,1087738.0,
2024,4,Западно-Казахстанская область,Лошади,1069566.0,
2024,4,Жамбылская область,Лошади,1240913.0,
2024,4,Карагандинская область,Лошади,772987.0,
2024,4,Кызылординская область,Лошади,1081523.0,
2024,4,Мангистауская область,Лошади,1989867.0,
2024,4,Павлодарская область,Лошади,1173585.0,
2024,4,Ұлытау область,Лошади,1102673.0,
2024,4,Восточно-Казахстанская область,Лошади,1115252.0,
2024,4,Республика Казахстан,Верблюды,1309275.0,
2024,4,Жамбылская область,Верблюды,915775.0,
2024,4,Республика Казахстан,Овцы,1038073.0,
2024,4,Абай область,Овцы,855470.0,
2024,4,Актюбинская область,Овцы,850105.0,
2024,4,Алматинская область,Овцы,1632101.0,
2024,4,Западно-Казахстанская область,Овцы,846227.0,
2024,4,Жамбылская область,Овцы,917943.0,
2024,4,Жетісу область,Овцы,795138.0,
2024,4,Карагандинская область,Овцы,863526.0,
2024,4,Кызылординская область,Овцы,984080.0,
2024,4,Мангистауская область,Овцы,1134290.0,
2024,4,Павлодарская область,Овцы,1276348.0,
2024,4,Ұлытау область,Овцы,896671.0,
2024,4,Восточно-Казахстанская область,Овцы,974891.0,
2024,4,Республика Казахстан,Свиньи,833121.0,
2024,4,Западно-Казахстанская область,Свиньи,1011640.0,
2024,4,Республика Казахстан,Домашняя птица,880986.0,
2024,4,Акмолинская область,Домашняя птица,904997.0,
2024,4,Мангистауская область,Домашняя птица,1249635.0,
2024,4,Северо-Казахстанская область,Домашняя птица,951478.0,
2024,4,Республика Казахстан,Молоко сырое коровье,208910.0,
2024,4,Абай область,Молоко сырое коровье,215713.0,
2024,4,Акмолинская область,Молоко сырое коровье,241778.0,
2024,4,Актюбинская область,Молоко сырое коровье,260667.0,
2024,4,Алматинская область,Молоко сырое коровье,224203.0,
2024,4,Атырауская область,Молоко сырое коровье,148866.0,
2024,4,Жамбылская область,Молоко сырое коровье,206028.0,
2024,4,Жетісу область,Молоко сырое коровье,197272.0,
2024,4,Карагандинская область,Молоко сырое коровье,202239.0,
2024,4,Костанайская область,Молоко сырое коровье,196375.0,
2024,4,Кызылординская область,Молоко сырое коровье,268292.0,
2024,4,Павлодарская область,Молоко сырое коровье,197203.0,
2024,4,Северо-Казахстанская область,Молоко сырое коровье,185910.0,
2024,4,Туркестанская область,Молоко сырое коровье,211517.0,
2024,4,Восточно-Казахстанская область,Молоко сырое коровье,204609.0,
2024,4,Республика Казахстан,Молоко сырое кобылье,877573.0,
2024,4,Республика Казахстан,Молоко сырое верблюжье,766648.0,
2024,4,Атырауская область,Молоко сырое верблюжье,908024.0,
2024,4,Кызылординская область,Молоко сырое верблюжье,984002.0,
2024,4,Мангистауская область,Молоко сырое верблюжье,911448.0,
2024,4,Туркестанская область,Молоко сырое верблюжье,806612.0,
2024,4,Республика Казахстан,Яйца в скорлупе (за тыс.штук),39631.0,
2024,4,Акмолинская область,Яйца в скорлупе (за тыс.штук),39271.0,
2024,4,Карагандинская область,Яйца в скорлупе (за тыс.штук),38633.0,
2024,4,Костанайская область,Яйца в скорлупе (за тыс.штук),47358.0,
2024,4,Северо-Казахстанская область,Яйца в скорлупе (за тыс.штук),38724.0,
2024,4,Туркестанская область,Яйца в скорлупе (за тыс.штук),41227.0,
2024,4,Республика Казахстан,Мед натуральный,1661784.0,
2024,5,Республика Казахстан,Пшеница,105580.0,Пшеница
2024,5,Акмолинская область,Пшеница,119087.0,Пшеница
2024,5,Западно-Казахстанская область,Пшеница,89152.0,Пшеница
2024,5,Карагандинская область,Пшеница,95722.0,Пшеница
2024,5,Костанайская область,Пшеница,103363.0,Пшеница
2024,5,Павлодарская область,Пшеница,93534.0,Пшеница
2024,5,Северо-Казахстанская область,Пшеница,99160.0,Пшеница
2024,5,Республика Казахстан,"Пшеница, кроме пшеницы твердой",105470.0,
2024,5,Акмолинская область,"Пшеница, кроме пшеницы твердой",119087.0,
2024,5,Западно-Казахстанская область,"Пшеница, кроме пшеницы твердой",89152.0,
2024,5,Карагандинская область,"Пшеница, кроме пшеницы твердой",93081.0,
2024,5,Костанайская область,"Пшеница, кроме пшеницы твердой",103363.0,
2024,5,Павлодарская область,"Пшеница, кроме пшеницы твердой",93534.0,
2024,5,Северо-Казахстанская область,"Пшеница, кроме пшеницы твердой",99160.0,
2024,5,Республика Казахстан,Ячмень,65160.0,Ячмень
2024,5,Карагандинская область,Ячмень,55350.0,Ячмень
2024,5,Восточно-Казахстанская область,Ячмень,60352.0,Ячмень
2024,5,Республика Казахстан,Рис необрушенный,178738.0,
2024,5,Кызылординская область,Рис необрушенный,179199.0,
2024,5,Республика Казахстан,Чечевица сушеная,231690.0,
2024,5,Северо-Казахстанская область,Чечевица сушеная,217901.0,
2024,5,Республика Казахстан,Горох сушенный,115358.0,
2024,5,Республика Казахстан,Семена подсолнечника,130079.0,Подсолнечник
2024,5,Костанайская область,Семена подсолнечника,109282.0,Подсолнечник
2024,5,Павлодарская область,Семена подсолнечника,123910.0,Подсолнечник
2024,5,Северо-Казахстанская область,Семена подсолнечника,128165.0,Подсолнечник
2024,5,Восточно-Казахстанская область,Семена подсолнечника,134847.0,Подсолнечник
2024,5,Республика Казахстан,Семена сафлора,64723.0,
2024,5,Западно-Казахстанская область,Семена сафлора,69234.0,
2024,5,Республика Казахстан,Семена льна-кудряша,191363.0,
2024,5,Карагандинская область,Семена льна-кудряша,167902.0,
2024,5,Костанайская область,Семена льна-кудряша,176437.0,
2024,5,Северо-Казахстанская область,Семена льна-кудряша,199983.0,
2024,5,Республика Казахстан,Капуста кочанная,115659.0,
2024,5,Республика Казахстан,Огурцы закрытого грунта,327251.0,
2024,5,Туркестанская область,Огурцы закрытого грунта,214749.0,
2024,5,Республика Казахстан,Помидоры закрытого грунта,513312.0,
2024,5,Актюбинская область,Помидоры закрытого грунта,541113.0,
2024,5,Алматинская область,Помидоры закрытого грунта,940586.0,
2024,5,Республика Казахстан,Морковь столовая,103110.0,
2024,5,Павлодарская область,Морковь столовая,105336.0,
2024,5,Республика Казахстан,Лук репчатый,20600.0,
2024,5,Республика Казахстан,Свекла столовая,161307.0,
2024,5,Республика Казахстан,Картофель,90073.0,
2024,5,Акмолинская область,Картофель,93526.0,
2024,5,Карагандинская область,Картофель,73934.0,
2024,5,Костанайская область,Картофель,93978.0,
2024,5,Павлодарская область,Картофель,88069.0,
2024,5,Северо-Казахстанская область,Картофель,67089.0,
2024,5,Восточно-Казахстанская область,Картофель,141590.0,
2024,5,Республика Казахстан,Культуры кормовые зерновые,66602.0,
2024,5,Акмолинская область,Культуры кормовые зерновые,60003.0,
2024,5,Западно-Казахстанская область,Культуры кормовые зерновые,50725.0,
2024,5,Карагандинская область,Культуры кормовые зерновые,76135.0,
2024,5,Республика Казахстан,Кукуруза на силос,10183.0,
2024,5,Восточно-Казахстанская область,Кукуруза на силос,10183.0,
2024,5,Республика Казахстан,Сено,31445.0,
2024,5,Восточно-Казахстанская область,Сено,24932.0,
2024,5,Республика Казахстан,Скот крупный рогатый,981138.0,
2024,5,Абай область,Скот крупный рогатый,984721.0,
2024,5,Акмолинская область,Скот крупный рогатый,1098131.0,
2024,5,Актюбинская область,Скот крупный рогатый,942331.0,
2024,5,Алматинская область,Скот крупный рогатый,1061523.0,
2024,5,Западно-Казахстанская область,Скот крупный рогатый,950776.0,
2024,5,Жетісу область,Скот крупный рогатый,867779.0,
2024,5,Карагандинская область,Скот крупный рогатый,829215.0,
2024,5,Костанайская область,Скот крупный рогатый,1133906.0,
2024,5,Кызылординская область,Скот крупный рогатый,954525.0,
2024,5,Павлодарская область,Скот крупный рогатый,889211.0,
2024,5,Северо-Казахстанская область,Скот крупный рогатый,1021915.0,
2024,5,Туркестанская область,Скот крупный рогатый,990590.0,
2024,5,Ұлытау область,Скот крупный рогатый,1129895.0,
2024,5,Восточно-Казахстанская область,Скот крупный рогатый,819647.0,
2024,5,Республика Казахстан,Лошади,1036622.0,
2024,5,Абай область,Лошади,970815.0,
2024,5,Акмолинская область,Лошади,1280947.0,
2024,5,Актюбинская область,Лошади,1051596.0,
2024,5,Западно-Казахстанская область,Лошади,1001739.0,
2024,5,Карагандинская область,Лошади,1117639.0,
2024,5,Кызылординская область,Лошади,1080348.0,
2024,5,Павлодарская область,Лошади,1067052.0,
2024,5,Ұлытау область,Лошади,1112676.0,
2024,5,Восточно-Казахстанская область,Лошади,1056480.0,
2024,5,Республика Казахстан,Верблюды,1162166.0,
2024,5,Республика Казахстан,Овцы,956111.0,
2024,5,Абай область,Овцы,852900.0,
2024,5,Актюбинская область,Овцы,847574.0,
2024,5,Алматинская область,Овцы,1150713.0,
2024,5,Западно-Казахстанская область,Овцы,859274.0,
2024,5,Жамбылская область,Овцы,932101.0,
2024,5,Карагандинская область,Овцы,882390.0,
2024,5,Кызылординская область,Овцы,984833.0,
2024,5,Мангистауская область,Овцы,1119959.0,
2024,5,Туркестанская область,Овцы,709170.0,
2024,5,Ұлытау область,Овцы,1000929.0,
2024,5,Восточно-Казахстанская область,Овцы,974017.0,
2024,5,Республика Казахстан,Свиньи,821091.0,
2024,5,Западно-Казахстанская область,Свиньи,1011640.0,
2024,5,Республика Казахстан,Домашняя птица,866591.0,
2024,5,Акмолинская область,Домашняя птица,856354.0,
2024,5,Мангистауская область,Домашняя птица,1249458.0,
2024,5,Северо-Казахстанская область,Домашняя птица,951478.0,
2024,5,Республика Казахстан,Молоко сырое коровье,212436.0,
2024,5,Абай область,Молоко сырое коровье,215713.0,
2024,5,Акмолинская область,Молоко сырое коровье,241670.0,
2024,5,Алматинская область,Молоко сырое коровье,226554.0,
2024,5,Атырауская область,Молоко сырое коровье,148866.0,
2024,5,Жамбылская область,Молоко сырое коровье,202095.0,
2024,5,Жетісу область,Молоко сырое коровье,208918.0,
2024,5,Карагандинская область,Молоко сырое коровье,186182.0,
2024,5,Костанайская область,Молоко сырое коровье,197023.0,
2024,5,Кызылординская область,Молоко сырое коровье,268290.0,
2024,5,Павлодарская область,Молоко сырое коровье,194847.0,
2024,5,Северо-Казахстанская область,Молоко сырое коровье,185483.0,
2024,5,Туркестанская область,Молоко сырое коровье,209860.0,
2024,5,Восточно-Казахстанская область,Молоко сырое коровье,206514.0,
2024,5,Республика Казахстан,Молоко сырое кобылье,1049287.0,
2024,5,Кызылординская область,Молоко сырое кобылье,977641.0,
2024,5,Ұлытау область,Молоко сырое кобылье,613929.0,
2024,5,Республика Казахстан,Молоко сырое верблюжье,778131.0,
2024,5,Атырауская область,Молоко сырое верблюжье,954564.0,
2024,5,Кызылординская область,Молоко сырое верблюжье,954448.0,
2024,5,Мангистауская область,Молоко сырое верблюжье,924057.0,
2024,5,Туркестанская область,Молоко сырое верблюжье,806612.0,
2024,5,Республика Казахстан,Яйца в скорлупе,33896.0,
2024,5,Акмолинская область,Яйца в скорлупе,33137.0,
2024,5,Карагандинская область,Яйца в скорлупе,36123.0,
2024,5,Костанайская область,Яйца в скорлупе,42143.0,
2024,5,Северо-Казахстанская область,Яйца в скорлупе,29864.0,
2024,5,Туркестанская область,Яйца в скорлупе,28211.0,
2024,5,Республика Казахстан,Мед натуральный,1612002.0,
2024,5,Восточно-Казахстанская область,Мед натуральный,1301713.0,
2024,6,Республика Казахстан,Пшеница,105694.0,Пшеница
2024,6,Акмолинская область,Пшеница,117585.0,Пшеница
2024,6,Актюбинская область,Пшеница,114629.0,Пшеница
2024,6,Западно-Казахстанская область,Пшеница,104072.0,Пшеница
2024,6,Карагандинская область,Пшеница,85480.0,Пшеница
2024,6,Костанайская область,Пшеница,102004.0,Пшеница
2024,6,Северо-Казахстанская область,Пшеница,99828.0,Пшеница
2024,6,Республика Казахстан,"Пшеница, кроме пшеницы твердой",105683.0,
2024,6,Акмолинская область,"Пшеница, кроме пшеницы твердой",117585.0,
2024,6,Актюбинская область,"Пшеница, кроме пшеницы твердой",114629.0,
2024,6,Западно-Казахстанская область,"Пшеница, кроме пшеницы твердой",104072.0,
2024,6,Карагандинская область,"Пшеница, кроме пшеницы твердой",84436.0,
2024,6,Костанайская область,"Пшеница, кроме пшеницы твердой",102004.0,
2024,6,Северо-Казахстанская область,"Пшеница, кроме пшеницы твердой",99828.0,
2024,6,Республика Казахстан,Ячмень,71731.0,Ячмень
2024,6,Карагандинская область,Ячмень,45750.0,Ячмень
2024,6,Северо-Казахстанская область,Ячмень,66220.0,Ячмень
2024,6,Восточно-Казахстанская область,Ячмень,74813.0,Ячмень
2024,6,Республика Казахстан,Рис необрушенный,179530.0,
2024,6,Республика Казахстан,Чечевица сушеная,241639.0,
2024,6,Костанайская область,Чечевица сушеная,207306.0,
2024,6,Северо-Казахстанская область,Чечевица сушеная,254729.0,
2024,6,Республика Казахстан,Горох сушенный,91581.0,
2024,6,Республика Казахстан,Семена подсолнечника,126535.0,Подсолнечник
2024,6,Абай область,Семена подсолнечника,134820.0,Подсолнечник
2024,6,Западно-Казахстанская область,Семена подсолнечника,111439.0,Подсолнечник
2024,6,Костанайская область,Семена подсолнечника,115588.0,Подсолнечник
2024,6,Северо-Казахстанская область,Семена подсолнечника,131262.0,Подсолнечник
2024,6,Восточно-Казахстанская область,Семена подсолнечника,126246.0,Подсолнечник
2024,6,Республика Казахстан,Семена сафлора,83297.0,
2024,6,Западно-Казахстанская область,Семена сафлора,72525.0,
2024,6,Республика Казахстан,Семена льна-кудряша,210195.0,
2024,6,Карагандинская область,Семена льна-кудряша,186407.0,
2024,6,Костанайская область,Семена льна-кудряша,179082.0,
2024,6,Северо-Казахстанская область,Семена льна-кудряша,225784.0,
2024,6,Республика Казахстан,Семена рапса,157325.0,
2024,6,Северо-Казахстанская область,Семена рапса,164990.0,
2024,6,Республика Казахстан,Капуста кочанная,37423.0,
2024,6,Республика Казахстан,Огурцы закрытого грунта,267121.0,
2024,6,Мангистауская область,Огурцы закрытого грунта,400000.0,
2024,6,Республика Казахстан,Помидоры закрытого грунта,443237.0,
2024,6,Актюбинская область,Помидоры закрытого грунта,443428.0,
2024,6,Алматинская область,Помидоры закрытого грунта,569191.0,
2024,6,Туркестанская область,Помидоры закрытого грунта,392568.0,
2024,6,Республика Казахстан,Морковь столовая,151562.0,
2024,6,Республика Казахстан,Картофель,106508.0,
2024,6,Карагандинская область,Картофель,76626.0,
2024,6,Павлодарская область,Картофель,119106.0,
2024,6,Северо-Казахстанская область,Картофель,66766.0,
2024,6,Республика Казахстан,Культуры кормовые зерновые,68574.0,
2024,6,Западно-Казахстанская область,Культуры кормовые зерновые,51012.0,
2024,6,Карагандинская область,Культуры кормовые зерновые,77815.0,
2024,6,Костанайская область,Культуры кормовые зерновые,50638.0,
2024,6,Северо-Казахстанская область,Культуры кормовые зерновые,66367.0,
2024,6,Республика Казахстан,Кукуруза на силос,10183.0,
2024,6,Восточно-Казахстанская область,Кукуруза на силос,10183.0,
2024,6,Республика Казахстан,Сено,39409.0,
2024,6,Кызылординская область,Сено,27778.0,
2024,6,Туркестанская область,Сено,44697.0,
2024,6,Республика Казахстан,Ягоды и плоды прочие,859617.0,
2024,6,Республика Казахстан,Скот крупный рогатый,967610.0,
2024,6,Абай область,Скот крупный рогатый,1000146.0,
2024,6,Акмолинская область,Скот крупный рогатый,1139563.0,
2024,6,Актюбинская область,Скот крупный рогатый,818278.0,
2024,6,Алматинская область,Скот крупный рогатый,1061523.0,
2024,6,Западно-Казахстанская область,Скот крупный рогатый,987737.0,
2024,6,Жетісу область,Скот крупный рогатый,857836.0,
2024,6,Карагандинская область,Скот крупный рогатый,852841.0,
2024,6,Костанайская область,Скот крупный рогатый,1064299.0,
2024,6,Кызылординская область,Скот крупный рогатый,948743.0,
2024,6,Павлодарская область,Скот крупный рогатый,890151.0,
2024,6,Северо-Казахстанская область,Скот крупный рогатый,795916.0,
2024,6,Туркестанская область,Скот крупный рогатый,1029153.0,
2024,6,Ұлытау область,Скот крупный рогатый,1205546.0,
2024,6,Восточно-Казахстанская область,Скот крупный рогатый,837926.0,
2024,6,Республика Казахстан,Лошади,1085656.0,
2024,6,Абай область,Лошади,893979.0,
2024,6,Акмолинская область,Лошади,1622879.0,
2024,6,Актюбинская область,Лошади,1068689.0,
2024,6,Западно-Казахстанская область,Лошади,938675.0,
2024,6,Карагандинская область,Лошади,910810.0,
2024,6,Кызылординская область,Лошади,1097059.0,
2024,6,Мангистауская область,Лошади,1098118.0,
2024,6,Павлодарская область,Лошади,1503138.0,
2024,6,Ұлытау область,Лошади,1143304.0,
2024,6,Восточно-Казахстанская область,Лошади,1114595.0,
2024,6,Республика Казахстан,Верблюды,1575096.0,
2024,6,Республика Казахстан,Овцы,944471.0,
2024,6,Абай область,Овцы,881746.0,
2024,6,Актюбинская область,Овцы,897036.0,
2024,6,Алматинская область,Овцы,1150713.0,
2024,6,Атырауская область,Овцы,774398.0,
2024,6,Западно-Казахстанская область,Овцы,884556.0,
2024,6,Жамбылская область,Овцы,893939.0,
2024,6,Жетісу область,Овцы,829396.0,
2024,6,Карагандинская область,Овцы,863526.0,
2024,6,Кызылординская область,Овцы,984260.0,
2024,6,Мангистауская область,Овцы,1172650.0,
2024,6,Павлодарская область,Овцы,1152167.0,
2024,6,Туркестанская область,Овцы,677827.0,
2024,6,Ұлытау область,Овцы,912247.0,
2024,6,Восточно-Казахстанская область,Овцы,974891.0,
2024,6,Республика Казахстан,Свиньи,834281.0,
2024,6,Западно-Казахстанская область,Свиньи,1011640.0,
2024,6,Республика Казахстан,Домашняя птица,849078.0,
2024,6,Акмолинская область,Домашняя птица,856354.0,
2024,6,Северо-Казахстанская область,Домашняя птица,951478.0,
2024,6,Республика Казахстан,Молоко сырое коровье,207262.0,
2024,6,Абай область,Молоко сырое коровье,214319.0,
2024,6,Акмолинская область,Молоко сырое коровье,241302.0,
2024,6,Актюбинская область,Молоко сырое коровье,248765.0,
2024,6,Алматинская область,Молоко сырое коровье,224201.0,
2024,6,Атырауская область,Молоко сырое коровье,148866.0,
2024,6,Жамбылская область,Молоко сырое коровье,197597.0,
2024,6,Жетісу область,Молоко сырое коровье,199047.0,
2024,6,Карагандинская область,Молоко сырое коровье,186182.0,
2024,6,Костанайская область,Молоко сырое коровье,196928.0,
2024,6,Кызылординская область,Молоко сырое коровье,268182.0,
2024,6,Павлодарская область,Молоко сырое коровье,194213.0,
2024,6,Северо-Казахстанская область,Молоко сырое коровье,185663.0,
2024,6,Туркестанская область,Молоко сырое коровье,206724.0,
2024,6,Восточно-Казахстанская область,Молоко сырое коровье,206611.0,
2024,6,Республика Казахстан,Молоко сырое кобылье,658724.0,
2024,6,Кызылординская область,Молоко сырое кобылье,977645.0,
2024,6,Ұлытау область,Молоко сырое кобылье,596867.0,
2024,6,Республика Казахстан,Молоко сырое верблюжье,767509.0,
2024,6,Атырауская область,Молоко сырое верблюжье,897067.0,
2024,6,Кызылординская область,Молоко сырое верблюжье,951759.0,
2024,6,Мангистауская область,Молоко сырое верблюжье,911448.0,
2024,6,Туркестанская область,Молоко сырое верблюжье,799833.0,
2024,6,Республика Казахстан,Яйца в скорлупе,33500.0,
2024,6,Акмолинская область,Яйца в скорлупе,34506.0,
2024,6,Карагандинская область,Яйца в скорлупе,33659.0,
2024,6,Костанайская область,Яйца в скорлупе,38625.0,
2024,6,Северо-Казахстанская область,Яйца в скорлупе,30476.0,
2024,6,Туркестанская область,Яйца в скорлупе,33303.0,
2024,6,Республика Казахстан,"Шерсть стриженная с овец и коз, немытая (включая промытую руном)",319277.0,
2024,6,Республика Казахстан,Мед натуральный,1611126.0,
2024,6,Восточно-Казахстанская область,Мед натуральный,1240732.0,
2024,7,Республика Казахстан,Пшеница,103086.0,Пшеница
2024,7,Акмолинская область,Пшеница,124708.0,Пшеница
2024,7,Западно-Казахстанская область,Пшеница,92903.0,Пшеница
2024,7,Карагандинская область,Пшеница,87004.0,Пшеница
2024,7,Костанайская область,Пшеница,95109.0,Пшеница
2024,7,Павлодарская область,Пшеница,87521.0,Пшеница
2024,7,Северо-Казахстанская область,Пшеница,92989.0,Пшеница
2024,7,Республика Казахстан,Пшеница твердая,117359.0,
2024,7,Республика Казахстан,"Пшеница, кроме пшеницы твердой",102721.0,
2024,7,Акмолинская область,"Пшеница, кроме пшеницы твердой",124708.0,
2024,7,Западно-Казахстанская область,"Пшеница, кроме пшеницы твердой",92903.0,
2024,7,Карагандинская область,"Пшеница, кроме пшеницы твердой",86021.0,
2024,7,Костанайская область,"Пшеница, кроме пшеницы твердой",95109.0,
2024,7,Павлодарская область,"Пшеница, кроме пшеницы твердой",87521.0,
2024,7,Северо-Казахстанская область,"Пшеница, кроме пшеницы твердой",90642.0,
2024,7,Республика Казахстан,Ячмень,61424.0,Ячмень
2024,7,Карагандинская область,Ячмень,45750.0,Ячмень
2024,7,Северо-Казахстанская область,Ячмень,66568.0,Ячмень
2024,7,Восточно-Казахстанская область,Ячмень,53445.0,Ячмень
2024,7,Республика Казахстан,Чечевица сушеная,175534.0,
2024,7,Костанайская область,Чечевица сушеная,177028.0,
2024,7,Республика Казахстан,Горох сушенный,102864.0,
2024,7,Республика Казахстан,Семена подсолнечника,142090.0,Подсолнечник
2024,7,Абай область,Семена подсолнечника,137118.0,Подсолнечник
2024,7,Костанайская область,Семена подсолнечника,119735.0,Подсолнечник
2024,7,Северо-Казахстанская область,Семена подсолнечника,135084.0,Подсолнечник
2024,7,Восточно-Казахстанская область,Семена подсолнечника,151512.0,Подсолнечник
2024,7,Республика Казахстан,Семена сафлора,72525.0,
2024,7,Западно-Казахстанская область,Семена сафлора,72525.0,
2024,7,Республика Казахстан,Семена льна-кудряша,184821.0,
2024,7,Костанайская область,Семена льна-кудряша,151432.0,
2024,7,Северо-Казахстанская область,Семена льна-кудряша,192878.0,
2024,7,Республика Казахстан,Капуста кочанная,38304.0,
2024,7,Республика Казахстан,Перцы,161282.0,
2024,7,Туркестанская область,Перцы,161282.0,
2024,7,Республика Казахстан,Огурцы открытого грунта,157197.0,
2024,7,Туркестанская область,Огурцы открытого грунта,132110.0,
2024,7,Республика Казахстан,Огурцы закрытого грунта,301577.0,
2024,7,Мангистауская область,Огурцы закрытого грунта,317480.0,
2024,7,Павлодарская область,Огурцы закрытого грунта,430853.0,
2024,7,Туркестанская область,Огурцы закрытого грунта,252917.0,
2024,7,Республика Казахстан,Помидоры открытого грунта,89019.0,
2024,7,Туркестанская область,Помидоры открытого грунта,85114.0,
2024,7,Республика Казахстан,Помидоры закрытого грунта,297757.0,
2024,7,Алматинская область,Помидоры закрытого грунта,324529.0,
2024,7,Туркестанская область,Помидоры закрытого грунта,201231.0,
2024,7,Республика Казахстан,Морковь столовая,130416.0,
2024,7,Республика Казахстан,Лук репчатый,71527.0,
2024,7,Республика Казахстан,Картофель,108855.0,
2024,7,Карагандинская область,Картофель,73642.0,
2024,7,Павлодарская область,Картофель,108155.0,
2024,7,Республика Казахстан,Культуры кормовые зерновые,56680.0,
2024,7,Алматинская область,Культуры кормовые зерновые,76833.0,
2024,7,Западно-Казахстанская область,Культуры кормовые зерновые,50725.0,
2024,7,Костанайская область,Культуры кормовые зерновые,55832.0,
2024,7,Северо-Казахстанская область,Культуры кормовые зерновые,71620.0,
2024,7,Восточно-Казахстанская область,Культуры кормовые зерновые,53723.0,
2024,7,Республика Казахстан,Кукуруза на силос,11173.0,
2024,7,Восточно-Казахстанская область,Кукуруза на силос,11173.0,
2024,7,Республика Казахстан,Сено,33859.0,
2024,7,Абай область,Сено,40000.0,
2024,7,Западно-Казахстанская область,Сено,26036.0,
2024,7,Жамбылская область,Сено,28673.0,
2024,7,Кызылординская область,Сено,29960.0,
2024,7,Туркестанская область,Сено,38310.0,
2024,7,Республика Казахстан,Культуры бахчевые,78406.0,
2024,7,Кызылординская область,Культуры бахчевые,38289.0,
2024,7,Мангистауская область,Культуры бахчевые,145341.0,
2024,7,Туркестанская область,Культуры бахчевые,78461.0,
2024,7,Республика Казахстан,Арбузы,51824.0,
2024,7,Кызылординская область,Арбузы,34225.0,
2024,7,Мангистауская область,Арбузы,145341.0,
2024,7,Туркестанская область,Арбузы,50387.0,
2024,7,Республика Казахстан,Дыни,89826.0,
2024,7,Республика Казахстан,Ягоды и плоды прочие,1159352.0,
2024,7,Республика Казахстан,Скот крупный рогатый,986125.0,
2024,7,Абай область,Скот крупный рогатый,972056.0,
2024,7,Акмолинская область,Скот крупный рогатый,1107704.0,
2024,7,Актюбинская область,Скот крупный рогатый,973844.0,
2024,7,Алматинская область,Скот крупный рогатый,1021954.0,
2024,7,Западно-Казахстанская область,Скот крупный рогатый,973210.0,
2024,7,Жетісу область,Скот крупный рогатый,853635.0,
2024,7,Карагандинская область,Скот крупный рогатый,951929.0,
2024,7,Костанайская область,Скот крупный рогатый,1064927.0,
2024,7,Кызылординская область,Скот крупный рогатый,958400.0,
2024,7,Павлодарская область,Скот крупный рогатый,923540.0,
2024,7,Северо-Казахстанская область,Скот крупный рогатый,915667.0,
2024,7,Туркестанская область,Скот крупный рогатый,1033623.0,
2024,7,Ұлытау область,Скот крупный рогатый,1232817.0,
2024,7,Восточно-Казахстанская область,Скот крупный рогатый,832810.0,
2024,7,Республика Казахстан,Лошади,1097937.0,
2024,7,Абай область,Лошади,995329.0,
2024,7,Акмолинская область,Лошади,1072221.0,
2024,7,Актюбинская область,Лошади,1041206.0,
2024,7,Западно-Казахстанская область,Лошади,959473.0,
2024,7,Карагандинская область,Лошади,813419.0,
2024,7,Кызылординская область,Лошади,1098992.0,
2024,7,Павлодарская область,Лошади,1545784.0,
2024,7,Ұлытау область,Лошади,1132620.0,
2024,7,Восточно-Казахстанская область,Лошади,1114595.0,
2024,7,Республика Казахстан,Овцы,952804.0,
2024,7,Абай область,Овцы,866137.0,
2024,7,Актюбинская область,Овцы,857275.0,
2024,7,Западно-Казахстанская область,Овцы,889366.0,
2024,7,Жамбылская область,Овцы,881325.0,
2024,7,Жетісу область,Овцы,881574.0,
2024,7,Карагандинская область,Овцы,980525.0,
2024,7,Кызылординская область,Овцы,985006.0,
2024,7,Мангистауская область,Овцы,918780.0,
2024,7,Павлодарская область,Овцы,1278155.0,
2024,7,Туркестанская область,Овцы,697129.0,
2024,7,Ұлытау область,Овцы,952764.0,
2024,7,Восточно-Казахстанская область,Овцы,965042.0,
2024,7,Республика Казахстан,Свиньи,819079.0,
2024,7,Западно-Казахстанская область,Свиньи,925075.0,
2024,7,Республика Казахстан,Домашняя птица,830086.0,
2024,7,Акмолинская область,Домашняя птица,783805.0,
2024,7,Мангистауская область,Домашняя птица,1249369.0,
2024,7,Северо-Казахстанская область,Домашняя птица,947360.0,
2024,7,Республика Казахстан,Молоко сырое коровье,209634.0,
2024,7,Абай область,Молоко сырое коровье,214319.0,
2024,7,Акмолинская область,Молоко сырое коровье,239674.0,
2024,7,Актюбинская область,Молоко сырое коровье,341877.0,
2024,7,Алматинская область,Молоко сырое коровье,229021.0,
2024,7,Атырауская область,Молоко сырое коровье,148866.0,
2024,7,Жетісу область,Молоко сырое коровье,197157.0,
2024,7,Карагандинская область,Молоко сырое коровье,186182.0,
2024,7,Костанайская область,Молоко сырое коровье,197052.0,
2024,7,Кызылординская область,Молоко сырое коровье,268178.0,
2024,7,Павлодарская область,Молоко сырое коровье,193340.0,
2024,7,Северо-Казахстанская область,Молоко сырое коровье,182625.0,
2024,7,Туркестанская область,Молоко сырое коровье,205461.0,
2024,7,Восточно-Казахстанская область,Молоко сырое коровье,206037.0,
2024,7,Республика Казахстан,Молоко сырое кобылье,686282.0,
2024,7,Актюбинская область,Молоко сырое кобылье,700611.0,
2024,7,Кызылординская область,Молоко сырое кобылье,915582.0,
2024,7,Павлодарская область,Молоко сырое кобылье,979960.0,
2024,7,Ұлытау область,Молоко сырое кобылье,586552.0,
2024,7,Республика Казахстан,Молоко сырое верблюжье,762709.0,
2024,7,Атырауская область,Молоко сырое верблюжье,859293.0,
2024,7,Кызылординская область,Молоко сырое верблюжье,950390.0,
2024,7,Мангистауская область,Молоко сырое верблюжье,871175.0,
2024,7,Туркестанская область,Молоко сырое верблюжье,799833.0,
2024,7,Республика Казахстан,Яйца в скорлупе (за тыс.штук),33128.0,
2024,7,Акмолинская область,Яйца в скорлупе (за тыс.штук),34217.0,
2024,7,Карагандинская область,Яйца в скорлупе (за тыс.штук),33464.0,
2024,7,Костанайская область,Яйца в скорлупе (за тыс.штук),34357.0,
2024,7,Северо-Казахстанская область,Яйца в скорлупе (за тыс.штук),30107.0,
2024,7,Туркестанская область,Яйца в скорлупе (за тыс.штук),33303.0,
2024,7,Республика Казахстан,"Шерсть стриженная с овец и коз, немытая (включая промытую руном)",271667.0,
2024,7,Туркестанская область,"Шерсть стриженная с овец и коз, немытая (включая промытую руном)",21000.0,
2024,7,Республика Казахстан,Шерсть верблюжья,584204.0,
2024,7,Республика Казахстан,Мед натуральный,1359399.0,
2024,8,Республика Казахстан,Пшеница,91800.0,Пшеница
2024,8,Абай область,Пшеница,78023.0,Пшеница
2024,8,Акмолинская область,Пшеница,104189.0,Пшеница
2024,8,Западно-Казахстанская область,Пшеница,83758.0,Пшеница
2024,8,Жетісу область,Пшеница,70942.0,Пшеница
2024,8,Карагандинская область,Пшеница,93804.0,Пшеница
2024,8,Костанайская область,Пшеница,87543.0,Пшеница
2024,8,Кызылординская область,Пшеница,116284.0,Пшеница
2024,8,Павлодарская область,Пшеница,97178.0,Пшеница
2024,8,Северо-Казахстанская область,Пшеница,88676.0,Пшеница
2024,8,Туркестанская область,Пшеница,69650.0,Пшеница
2024,8,Восточно-Казахстанская область,Пшеница,74440.0,Пшеница
2024,8,Республика Казахстан,Пшеница твердая,68023.0,
2024,8,Республика Казахстан,"Пшеница, кроме пшеницы твердой",92669.0,
2024,8,Абай область,"Пшеница, кроме пшеницы твердой",78023.0,
2024,8,Акмолинская область,"Пшеница, кроме пшеницы твердой",104189.0,
2024,8,Западно-Казахстанская область,"Пшеница, кроме пшеницы твердой",83758.0,
2024,8,Жетісу область,"Пшеница, кроме пшеницы твердой",70942.0,
2024,8,Карагандинская область,"Пшеница, кроме пшеницы твердой",93094.0,
2024,8,Костанайская область,"Пшеница, кроме пшеницы твердой",88867.0,
2024,8,Кызылординская область,"Пшеница, кроме пшеницы твердой",116284.0,
2024,8,Павлодарская область,"Пшеница, кроме пшеницы твердой",97178.0,
2024,8,Северо-Казахстанская область,"Пшеница, кроме пшеницы твердой",90557.0,
2024,8,Туркестанская область,"Пшеница, кроме пшеницы твердой",69650.0,
2024,8,Восточно-Казахстанская область,"Пшеница, кроме пшеницы твердой",74440.0,
2024,8,Республика Казахстан,Кукуруза (маис),65909.0,Кукуруза
2024,8,Туркестанская область,Кукуруза (маис),65909.0,Кукуруза
2024,8,Республика Казахстан,Ячмень,64860.0,Ячмень
2024,8,Северо-Казахстанская область,Ячмень,81825.0,Ячмень
2024,8,Туркестанская область,Ячмень,60000.0,Ячмень
2024,8,Республика Казахстан,Просо,353301.0,
2024,8,Туркестанская область,Просо,196446.0,
2024,8,Республика Казахстан,Семена подсолнечника,169617.0,Подсолнечник
2024,8,Абай область,Семена подсолнечника,178252.0,Подсолнечник
2024,8,Республика Казахстан,Семена сафлора,74349.0,
2024,8,Западно-Казахстанская область,Семена сафлора,72525.0,
2024,8,Республика Казахстан,Семена льна-кудряша,203249.0,
2024,8,Костанайская область,Семена льна-кудряша,159881.0,
2024,8,Северо-Казахстанская область,Семена льна-кудряша,216058.0,
2024,8,Республика Казахстан,Капуста кочанная,134972.0,
2024,8,Республика Казахстан,Перцы,120741.0,
2024,8,Республика Казахстан,Огурцы открытого грунта,161830.0,
2024,8,Абай область,Огурцы открытого грунта,203006.0,
2024,8,Мангистауская область,Огурцы открытого грунта,261039.0,
2024,8,Восточно-Казахстанская область,Огурцы открытого грунта,291042.0,
2024,8,Республика Казахстан,Огурцы закрытого грунта,268208.0,
2024,8,Павлодарская область,Огурцы закрытого грунта,287186.0,
2024,8,Республика Казахстан,Баклажаны,243558.0,
2024,8,Республика Казахстан,Помидоры открытого грунта,172584.0,
2024,8,Мангистауская область,Помидоры открытого грунта,220163.0,
2024,8,Восточно-Казахстанская область,Помидоры открытого грунта,372480.0,
2024,8,Республика Казахстан,Помидоры закрытого грунта,451323.0,
2024,8,Актюбинская область,Помидоры закрытого грунта,472814.0,
2024,8,Республика Казахстан,Морковь столовая,81980.0,
2024,8,Республика Казахстан,Свекла столовая,216056.0,
2024,8,Республика Казахстан,Картофель,117933.0,
2024,8,Павлодарская область,Картофель,110389.0,
2024,8,Республика Казахстан,Культуры бахчевые,62276.0,
2024,8,Абай область,Культуры бахчевые,131910.0,
2024,8,Атырауская область,Культуры бахчевые,130615.0,
2024,8,Западно-Казахстанская область,Культуры бахчевые,136700.0,
2024,8,Жамбылская область,Культуры бахчевые,51372.0,
2024,8,Жетісу область,Культуры бахчевые,162075.0,
2024,8,Кызылординская область,Культуры бахчевые,38289.0,
2024,8,Мангистауская область,Культуры бахчевые,150783.0,
2024,8,Туркестанская область,Культуры бахчевые,49866.0,
2024,8,Восточно-Казахстанская область,Культуры бахчевые,135249.0,
2024,8,Республика Казахстан,Арбузы,81172.0,
2024,8,Абай область,Арбузы,137272.0,
2024,8,Западно-Казахстанская область,Арбузы,89519.0,
2024,8,Жамбылская область,Арбузы,47615.0,
2024,8,Кызылординская область,Арбузы,34225.0,
2024,8,Мангистауская область,Арбузы,117524.0,
2024,8,Восточно-Казахстанская область,Арбузы,103326.0,
2024,8,Республика Казахстан,Дыни,57881.0,
2024,8,Жамбылская область,Дыни,91368.0,
2024,8,Мангистауская область,Дыни,190373.0,
2024,8,Туркестанская область,Дыни,49866.0,
2024,8,Восточно-Казахстанская область,Дыни,181651.0,
2024,8,Республика Казахстан,Культуры кормовые зерновые,60346.0,
2024,8,Алматинская область,Культуры кормовые зерновые,58604.0,
2024,8,Западно-Казахстанская область,Культуры кормовые зерновые,59141.0,
2024,8,Жамбылская область,Культуры кормовые зерновые,68525.0,
2024,8,Костанайская область,Культуры кормовые зерновые,53794.0,
2024,8,Туркестанская область,Культуры кормовые зерновые,65461.0,
2024,8,Республика Казахстан,Кукуруза на силос,11173.0,
2024,8,Восточно-Казахстанская область,Кукуруза на силос,11173.0,
2024,8,Республика Казахстан,Сено,28062.0,
2024,8,Абай область,Сено,40345.0,
2024,8,Актюбинская область,Сено,23314.0,
2024,8,Западно-Казахстанская область,Сено,24667.0,
2024,8,Жамбылская область,Сено,37995.0,
2024,8,Кызылординская область,Сено,29597.0,
2024,8,Туркестанская область,Сено,25191.0,
2024,8,Республика Казахстан,Плоды семечковые,201766.0,
2024,8,Туркестанская область,Плоды семечковые,201731.0,
2024,8,Республика Казахстан,Яблоки,201765.0,
2024,8,Туркестанская область,Яблоки,201731.0,
2024,8,Республика Казахстан,Плоды косточковые,160297.0,
2024,8,Республика Казахстан,Ягоды и плоды прочие,1030833.0,
2024,8,Республика Казахстан,Скот крупный рогатый,990555.0,
2024,8,Абай область,Скот крупный рогатый,927201.0,
2024,8,Акмолинская область,Скот крупный рогатый,1135225.0,
2024,8,Актюбинская область,Скот крупный рогатый,921001.0,
2024,8,Алматинская область,Скот крупный рогатый,1080336.0,
2024,8,Западно-Казахстанская область,Скот крупный рогатый,1044013.0,
2024,8,Костанайская область,Скот крупный рогатый,938990.0,
2024,8,Кызылординская область,Скот крупный рогатый,960688.0,
2024,8,Павлодарская область,Скот крупный рогатый,1077327.0,
2024,8,Северо-Казахстанская область,Скот крупный рогатый,960108.0,
2024,8,Туркестанская область,Скот крупный рогатый,1029153.0,
2024,8,Ұлытау область,Скот крупный рогатый,1419251.0,
2024,8,Восточно-Казахстанская область,Скот крупный рогатый,829292.0,
2024,8,Республика Казахстан,Лошади,1072713.0,
2024,8,Абай область,Лошади,983983.0,
2024,8,Актюбинская область,Лошади,1053133.0,
2024,8,Западно-Казахстанская область,Лошади,934224.0,
2024,8,Кызылординская область,Лошади,1100245.0,
2024,8,Павлодарская область,Лошади,1211292.0,
2024,8,Ұлытау область,Лошади,1554196.0,
2024,8,Восточно-Казахстанская область,Лошади,1111780.0,
2024,8,Республика Казахстан,Верблюды,1059047.0,
2024,8,Республика Казахстан,Овцы,989673.0,
2024,8,Абай область,Овцы,913407.0,
2024,8,Актюбинская область,Овцы,857403.0,
2024,8,Алматинская область,Овцы,1150713.0,
2024,8,Атырауская область,Овцы,1018768.0,
2024,8,Западно-Казахстанская область,Овцы,878363.0,
2024,8,Жамбылская область,Овцы,891426.0,
2024,8,Кызылординская область,Овцы,985093.0,
2024,8,Мангистауская область,Овцы,1253483.0,
2024,8,Павлодарская область,Овцы,1274876.0,
2024,8,Туркестанская область,Овцы,758724.0,
2024,8,Ұлытау область,Овцы,963238.0,
2024,8,Восточно-Казахстанская область,Овцы,964748.0,
2024,8,Республика Казахстан,Свиньи,829884.0,
2024,8,Западно-Казахстанская область,Свиньи,1011640.0,
2024,8,Республика Казахстан,Домашняя птица,830015.0,
2024,8,Акмолинская область,Домашняя птица,796198.0,
2024,8,Мангистауская область,Домашняя птица,1250080.0,
2024,8,Республика Казахстан,Молоко сырое коровье,208109.0,
2024,8,Абай область,Молоко сырое коровье,214319.0,
2024,8,Акмолинская область,Молоко сырое коровье,240038.0,
2024,8,Актюбинская область,Молоко сырое коровье,260667.0,
2024,8,Алматинская область,Молоко сырое коровье,226451.0,
2024,8,Жетісу область,Молоко сырое коровье,217235.0,
2024,8,Костанайская область,Молоко сырое коровье,196613.0,
2024,8,Кызылординская область,Молоко сырое коровье,268174.0,
2024,8,Павлодарская область,Молоко сырое коровье,195106.0,
2024,8,Северо-Казахстанская область,Молоко сырое коровье,182178.0,
2024,8,Туркестанская область,Молоко сырое коровье,206952.0,
2024,8,Восточно-Казахстанская область,Молоко сырое коровье,206621.0,
2024,8,Республика Казахстан,Молоко сырое кобылье,785689.0,
2024,8,Актюбинская область,Молоко сырое кобылье,706165.0,
2024,8,Кызылординская область,Молоко сырое кобылье,977659.0,
2024,8,Павлодарская область,Молоко сырое кобылье,948233.0,
2024,8,Республика Казахстан,Молоко сырое верблюжье,763796.0,
2024,8,Атырауская область,Молоко сырое верблюжье,824775.0,
2024,8,Кызылординская область,Молоко сырое верблюжье,950390.0,
2024,8,Мангистауская область,Молоко сырое верблюжье,936994.0,
2024,8,Туркестанская область,Молоко сырое верблюжье,806612.0,
2024,8,Республика Казахстан,Яйца в скорлупе (за тыс.штук),31435.0,
2024,8,Акмолинская область,Яйца в скорлупе (за тыс.штук),30623.0,
2024,8,Карагандинская область,Яйца в скорлупе (за тыс.штук),30035.0,
2024,8,Костанайская область,Яйца в скорлупе (за тыс.штук),32790.0,
2024,8,Северо-Казахстанская область,Яйца в скорлупе (за тыс.штук),30162.0,
2024,8,Туркестанская область,Яйца в скорлупе (за тыс.штук),33303.0,
2024,8,Республика Казахстан,Мед натуральный,1686164.0,
2024,8,Восточно-Казахстанская область,Мед натуральный,1263454.0,
2024,9,Республика Казахстан,Пшеница,82837.0,Пшеница
2024,9,Абай область,Пшеница,72616.0,Пшеница
2024,9,Акмолинская область,Пшеница,93132.0,Пшеница
2024,9,Актюбинская область,Пшеница,74703.0,Пшеница
2024,9,Алматинская область,Пшеница,85820.0,Пшеница
2024,9,Западно-Казахстанская область,Пшеница,95955.0,Пшеница
2024,9,Карагандинская область,Пшеница,78750.0,Пшеница
2024,9,Костанайская область,Пшеница,77966.0,Пшеница
2024,9,Павлодарская область,Пшеница,90771.0,Пшеница
2024,9,Северо-Казахстанская область,Пшеница,80784.0,Пшеница
2024,9,Туркестанская область,Пшеница,65923.0,Пшеница
2024,9,Восточно-Казахстанская область,Пшеница,65461.0,Пшеница
2024,9,Республика Казахстан,Пшеница твердая,83907.0,
2024,9,Карагандинская область,Пшеница твердая,96845.0,
2024,9,Республика Казахстан,"Пшеница, кроме пшеницы твердой",82834.0,
2024,9,Абай область,"Пшеница, кроме пшеницы твердой",72616.0,
2024,9,Акмолинская область,"Пшеница, кроме пшеницы твердой",93132.0,
2024,9,Актюбинская область,"Пшеница, кроме пшеницы твердой",74703.0,
2024,9,Алматинская область,"Пшеница, кроме пшеницы твердой",85820.0,
2024,9,Западно-Казахстанская область,"Пшеница, кроме пшеницы твердой",95955.0,
2024,9,Карагандинская область,"Пшеница, кроме пшеницы твердой",78025.0,
2024,9,Костанайская область,"Пшеница, кроме пшеницы твердой",77966.0,
2024,9,Павлодарская область,"Пшеница, кроме пшеницы твердой",91592.0,
2024,9,Северо-Казахстанская область,"Пшеница, кроме пшеницы твердой",80784.0,
2024,9,Туркестанская область,"Пшеница, кроме пшеницы твердой",65923.0,
2024,9,Восточно-Казахстанская область,"Пшеница, кроме пшеницы твердой",65461.0,
2024,9,Республика Казахстан,Кукуруза (маис),84581.0,Кукуруза
2024,9,Туркестанская область,Кукуруза (маис),85725.0,Кукуруза
2024,9,Республика Казахстан,Ячмень,63456.0,Ячмень
2024,9,Абай область,Ячмень,54768.0,Ячмень
2024,9,Карагандинская область,Ячмень,55350.0,Ячмень
2024,9,Северо-Казахстанская область,Ячмень,49492.0,Ячмень
2024,9,Туркестанская область,Ячмень,55000.0,Ячмень
2024,9,Восточно-Казахстанская область,Ячмень,73576.0,Ячмень
2024,9,Республика Казахстан,Овес,43824.0,
2024,9,Республика Казахстан,Чечевица сушеная,159938.0,
2024,9,Северо-Казахстанская область,Чечевица сушеная,161412.0,
2024,9,Республика Казахстан,Горох сушенный,85018.0,
2024,9,Республика Казахстан,Семена подсолнечника,156408.0,Подсолнечник
2024,9,Абай область,Семена подсолнечника,171901.0,Подсолнечник
2024,9,Республика Казахстан,Семена сафлора,76732.0,
2024,9,Западно-Казахстанская область,Семена сафлора,72525.0,
2024,9,Жамбылская область,Семена сафлора,70000.0,
2024,9,Туркестанская область,Семена сафлора,81386.0,
2024,9,Республика Казахстан,Семена льна-кудряша,243337.0,
2024,9,Костанайская область,Семена льна-кудряша,176706.0,
2024,9,Республика Казахстан,Капуста кочанная,120305.0,
2024,9,Костанайская область,Капуста кочанная,95223.0,
2024,9,Республика Казахстан,Перцы,113346.0,
2024,9,Республика Казахстан,Огурцы открытого грунта,188097.0,
2024,9,Атырауская область,Огурцы открытого грунта,318807.0,
2024,9,Западно-Казахстанская область,Огурцы открытого грунта,165615.0,
2024,9,Костанайская область,Огурцы открытого грунта,293713.0,
2024,9,Республика Казахстан,Огурцы закрытого грунта,300433.0,
2024,9,Республика Казахстан,Баклажаны,171320.0,
2024,9,Восточно-Казахстанская область,Баклажаны,259841.0,
2024,9,Республика Казахстан,Помидоры открытого грунта,157495.0,
2024,9,Абай область,Помидоры открытого грунта,240300.0,
2024,9,Атырауская область,Помидоры открытого грунта,278102.0,
2024,9,Костанайская область,Помидоры открытого грунта,339664.0,
2024,9,Мангистауская область,Помидоры открытого грунта,242940.0,
2024,9,Восточно-Казахстанская область,Помидоры открытого грунта,360444.0,
2024,9,Республика Казахстан,Помидоры закрытого грунта,495253.0,
2024,9,Актюбинская область,Помидоры закрытого грунта,517758.0,
2024,9,Республика Казахстан,Морковь столовая,96826.0,
2024,9,Костанайская область,Морковь столовая,159572.0,
2024,9,Павлодарская область,Морковь столовая,75548.0,
2024,9,Республика Казахстан,Лук репчатый,64708.0,
2024,9,Республика Казахстан,Свекла столовая,120696.0,
2024,9,Республика Казахстан,Картофель,110683.0,
2024,9,Абай область,Картофель,105296.0,
2024,9,Акмолинская область,Картофель,98926.0,
2024,9,Актюбинская область,Картофель,114920.0,
2024,9,Костанайская область,Картофель,149191.0,
2024,9,Павлодарская область,Картофель,97122.0,
2024,9,Восточно-Казахстанская область,Картофель,154360.0,
2024,9,Республика Казахстан,Культуры бахчевые,59660.0,
2024,9,Актюбинская область,Культуры бахчевые,161745.0,
2024,9,Атырауская область,Культуры бахчевые,134959.0,
2024,9,Западно-Казахстанская область,Культуры бахчевые,134241.0,
2024,9,Жамбылская область,Культуры бахчевые,40896.0,
2024,9,Мангистауская область,Культуры бахчевые,132705.0,
2024,9,Туркестанская область,Культуры бахчевые,55631.0,
2024,9,Восточно-Казахстанская область,Культуры бахчевые,127498.0,
2024,9,Республика Казахстан,Арбузы,48826.0,
2024,9,Атырауская область,Арбузы,97855.0,
2024,9,Западно-Казахстанская область,Арбузы,88087.0,
2024,9,Мангистауская область,Арбузы,120342.0,
2024,9,Республика Казахстан,Дыни,66060.0,
2024,9,Атырауская область,Дыни,192965.0,
2024,9,Мангистауская область,Дыни,147422.0,
2024,9,Республика Казахстан,Культуры кормовые зерновые,47469.0,
2024,9,Акмолинская область,Культуры кормовые зерновые,49777.0,
2024,9,Алматинская область,Культуры кормовые зерновые,56709.0,
2024,9,Западно-Казахстанская область,Культуры кормовые зерновые,50725.0,
2024,9,Жамбылская область,Культуры кормовые зерновые,65330.0,
2024,9,Карагандинская область,Культуры кормовые зерновые,42393.0,
2024,9,Костанайская область,Культуры кормовые зерновые,46519.0,
2024,9,Северо-Казахстанская область,Культуры кормовые зерновые,47780.0,
2024,9,Туркестанская область,Культуры кормовые зерновые,83331.0,
2024,9,Восточно-Казахстанская область,Культуры кормовые зерновые,73027.0,
2024,9,Республика Казахстан,Виноград свежий,237129.0,
2024,9,Туркестанская область,Виноград свежий,252720.0,
2024,9,Республика Казахстан,Сено,29625.0,
2024,9,Абай область,Сено,39842.0,
2024,9,Западно-Казахстанская область,Сено,24919.0,
2024,9,Жамбылская область,Сено,43925.0,
2024,9,Кызылординская область,Сено,28179.0,
2024,9,Туркестанская область,Сено,16333.0,
2024,9,Республика Казахстан,Плоды семечковые,173084.0,
2024,9,Туркестанская область,Плоды семечковые,236141.0,
2024,9,Республика Казахстан,Яблоки,173084.0,
2024,9,Туркестанская область,Яблоки,236141.0,
2024,9,Республика Казахстан,Ягоды и плоды прочие,1317220.0,
2024,9,Республика Казахстан,Скот крупный рогатый,971382.0,
2024,9,Абай область,Скот крупный рогатый,926606.0,
2024,9,Акмолинская область,Скот крупный рогатый,1058172.0,
2024,9,Актюбинская область,Скот крупный рогатый,923823.0,
2024,9,Алматинская область,Скот крупный рогатый,1080495.0,
2024,9,Западно-Казахстанская область,Скот крупный рогатый,965659.0,
2024,9,Костанайская область,Скот крупный рогатый,916589.0,
2024,9,Кызылординская область,Скот крупный рогатый,991643.0,
2024,9,Павлодарская область,Скот крупный рогатый,919880.0,
2024,9,Туркестанская область,Скот крупный рогатый,1004473.0,
2024,9,Ұлытау область,Скот крупный рогатый,1488898.0,
2024,9,Восточно-Казахстанская область,Скот крупный рогатый,863148.0,
2024,9,Республика Казахстан,Лошади,1249834.0,
2024,9,Абай область,Лошади,1011335.0,
2024,9,Актюбинская область,Лошади,1101396.0,
2024,9,Западно-Казахстанская область,Лошади,985943.0,
2024,9,Кызылординская область,Лошади,1109449.0,
2024,9,Мангистауская область,Лошади,2045014.0,
2024,9,Павлодарская область,Лошади,1159845.0,
2024,9,Туркестанская область,Лошади,854153.0,
2024,9,Ұлытау область,Лошади,1464265.0,
2024,9,Восточно-Казахстанская область,Лошади,1072240.0,
2024,9,Республика Казахстан,Верблюды,1397710.0,
2024,9,Кызылординская область,Верблюды,925913.0,
2024,9,Республика Казахстан,Овцы,1036942.0,
2024,9,Абай область,Овцы,930721.0,
2024,9,Актюбинская область,Овцы,891053.0,
2024,9,Алматинская область,Овцы,1577851.0,
2024,9,Западно-Казахстанская область,Овцы,882756.0,
2024,9,Карагандинская область,Овцы,1157149.0,
2024,9,Кызылординская область,Овцы,988658.0,
2024,9,Павлодарская область,Овцы,1197317.0,
2024,9,Туркестанская область,Овцы,709997.0,
2024,9,Ұлытау область,Овцы,934125.0,
2024,9,Восточно-Казахстанская область,Овцы,764923.0,
2024,9,Республика Казахстан,Свиньи,817137.0,
2024,9,Западно-Казахстанская область,Свиньи,1011640.0,
2024,9,Республика Казахстан,Домашняя птица,824485.0,
2024,9,Мангистауская область,Домашняя птица,1250080.0,
2024,9,Республика Казахстан,Молоко сырое коровье,204670.0,
2024,9,Абай область,Молоко сырое коровье,214319.0,
2024,9,Акмолинская область,Молоко сырое коровье,191650.0,
2024,9,Актюбинская область,Молоко сырое коровье,260667.0,
2024,9,Алматинская область,Молоко сырое коровье,229414.0,
2024,9,Жетісу область,Молоко сырое коровье,215855.0,
2024,9,Костанайская область,Молоко сырое коровье,196572.0,
2024,9,Кызылординская область,Молоко сырое коровье,243735.0,
2024,9,Павлодарская область,Молоко сырое коровье,196239.0,
2024,9,Северо-Казахстанская область,Молоко сырое коровье,181515.0,
2024,9,Туркестанская область,Молоко сырое коровье,211351.0,
2024,9,Восточно-Казахстанская область,Молоко сырое коровье,208738.0,
2024,9,Республика Казахстан,Молоко сырое кобылье,968139.0,
2024,9,Кызылординская область,Молоко сырое кобылье,977663.0,
2024,9,Республика Казахстан,Молоко сырое верблюжье,764142.0,
2024,9,Атырауская область,Молоко сырое верблюжье,824775.0,
2024,9,Кызылординская область,Молоко сырое верблюжье,953458.0,
2024,9,Мангистауская область,Молоко сырое верблюжье,936994.0,
2024,9,Туркестанская область,Молоко сырое верблюжье,806612.0,
2024,9,Республика Казахстан,Яйца в скорлупе (за тыс.штук),34709.0,
2024,9,Акмолинская область,Яйца в скорлупе (за тыс.штук),34453.0,
2024,9,Карагандинская область,Яйца в скорлупе (за тыс.штук),31058.0,
2024,9,Костанайская область,Яйца в скорлупе (за тыс.штук),37934.0,
2024,9,Северо-Казахстанская область,Яйца в скорлупе (за тыс.штук),35235.0,
2024,9,Туркестанская область,Яйца в скорлупе (за тыс.штук),33736.0,
2024,9,Республика Казахстан,Мед натуральный,1751777.0,
2024,9,Восточно-Казахстанская область,Мед натуральный,1348958.0,
2024,10,Республика Казахстан,Пшеница,78778.0,Пшеница
2024,10,Абай область,Пшеница,79792.0,Пшеница
2024,10,Акмолинская область,Пшеница,84797.0,Пшеница
2024,10,Актюбинская область,Пшеница,72904.0,Пшеница
2024,10,Западно-Казахстанская область,Пшеница,107638.0,Пшеница
2024,10,Карагандинская область,Пшеница,77200.0,Пшеница
2024,10,Костанайская область,Пшеница,71174.0,Пшеница
2024,10,Кызылординская область,Пшеница,86292.0,Пшеница
2024,10,Павлодарская область,Пшеница,80048.0,Пшеница
2024,10,Северо-Казахстанская область,Пшеница,82994.0,Пшеница
2024,10,Туркестанская область,Пшеница,59246.0,Пшеница
2024,10,Восточно-Казахстанская область,Пшеница,62890.0,Пшеница
2024,10,Республика Казахстан,Пшеница твердая,107449.0,
2024,10,Карагандинская область,Пшеница твердая,82929.0,
2024,10,Костанайская область,Пшеница твердая,74294.0,
2024,10,Республика Казахстан,"Пшеница, кроме пшеницы твердой",77709.0,
2024,10,Абай область,"Пшеница, кроме пшеницы твердой",79792.0,
2024,10,Акмолинская область,"Пшеница, кроме пшеницы твердой",84797.0,
2024,10,Актюбинская область,"Пшеница, кроме пшеницы твердой",72904.0,
2024,10,Западно-Казахстанская область,"Пшеница, кроме пшеницы твердой",107638.0,
2024,10,Карагандинская область,"Пшеница, кроме пшеницы твердой",76970.0,
2024,10,Костанайская область,"Пшеница, кроме пшеницы твердой",71025.0,
2024,10,Кызылординская область,"Пшеница, кроме пшеницы твердой",86292.0,
2024,10,Павлодарская область,"Пшеница, кроме пшеницы твердой",79955.0,
2024,10,Северо-Казахстанская область,"Пшеница, кроме пшеницы твердой",78668.0,
2024,10,Туркестанская область,"Пшеница, кроме пшеницы твердой",59246.0,
2024,10,Восточно-Казахстанская область,"Пшеница, кроме пшеницы твердой",62890.0,
2024,10,Республика Казахстан,Ячмень,61142.0,Ячмень
2024,10,Западно-Казахстанская область,Ячмень,53042.0,Ячмень
2024,10,Карагандинская область,Ячмень,42857.0,Ячмень
2024,10,Костанайская область,Ячмень,45220.0,Ячмень
2024,10,Северо-Казахстанская область,Ячмень,54590.0,Ячмень
2024,10,Восточно-Казахстанская область,Ячмень,68270.0,Ячмень
2024,10,Республика Казахстан,Рис необрушенный,146298.0,
2024,10,Кызылординская область,Рис необрушенный,142774.0,
2024,10,Туркестанская область,Рис необрушенный,200830.0,
2024,10,Республика Казахстан,Чечевица сушеная,154246.0,
2024,10,Костанайская область,Чечевица сушеная,133261.0,
2024,10,Северо-Казахстанская область,Чечевица сушеная,153412.0,
2024,10,Республика Казахстан,Горох сушенный,76196.0,
2024,10,Северо-Казахстанская область,Горох сушенный,71993.0,
2024,10,Республика Казахстан,Семена подсолнечника,138502.0,Подсолнечник
2024,10,Абай область,Семена подсолнечника,139900.0,Подсолнечник
2024,10,Западно-Казахстанская область,Семена подсолнечника,133554.0,Подсолнечник
2024,10,Восточно-Казахстанская область,Семена подсолнечника,139235.0,Подсолнечник
2024,10,Республика Казахстан,Семена сафлора,94673.0,
2024,10,Западно-Казахстанская область,Семена сафлора,77790.0,
2024,10,Туркестанская область,Семена сафлора,85114.0,
2024,10,Республика Казахстан,Семена льна-кудряша,171079.0,
2024,10,Карагандинская область,Семена льна-кудряша,182302.0,
2024,10,Республика Казахстан,Семена рапса,191764.0,
2024,10,Северо-Казахстанская область,Семена рапса,190537.0,
2024,10,Республика Казахстан,Капуста кочанная,100999.0,
2024,10,Абай область,Капуста кочанная,78006.0,
2024,10,Костанайская область,Капуста кочанная,98396.0,
2024,10,Республика Казахстан,Перцы,86504.0,
2024,10,Республика Казахстан,Огурцы открытого грунта,239807.0,
2024,10,Мангистауская область,Огурцы открытого грунта,205977.0,
2024,10,Республика Казахстан,Огурцы закрытого грунта,259800.0,
2024,10,Республика Казахстан,Помидоры открытого грунта,191165.0,
2024,10,Республика Казахстан,Помидоры закрытого грунта,335611.0,
2024,10,Актюбинская область,Помидоры закрытого грунта,486551.0,
2024,10,Республика Казахстан,Морковь столовая,102320.0,
2024,10,Абай область,Морковь столовая,83634.0,
2024,10,Атырауская область,Морковь столовая,122456.0,
2024,10,Западно-Казахстанская область,Морковь столовая,130971.0,
2024,10,Костанайская область,Морковь столовая,132402.0,
2024,10,Павлодарская область,Морковь столовая,68963.0,
2024,10,Республика Казахстан,Лук репчатый,59656.0,
2024,10,Жамбылская область,Лук репчатый,58784.0,
2024,10,Республика Казахстан,Свекла столовая,142387.0,
2024,10,Атырауская область,Свекла столовая,107541.0,
2024,10,Костанайская область,Свекла столовая,164636.0,
2024,10,Республика Казахстан,Картофель,105896.0,
2024,10,Абай область,Картофель,98986.0,
2024,10,Акмолинская область,Картофель,67962.0,
2024,10,Актюбинская область,Картофель,90820.0,
2024,10,Алматинская область,Картофель,117394.0,
2024,10,Западно-Казахстанская область,Картофель,84616.0,
2024,10,Карагандинская область,Картофель,87856.0,
2024,10,Костанайская область,Картофель,140039.0,
2024,10,Павлодарская область,Картофель,95159.0,
2024,10,Северо-Казахстанская область,Картофель,78281.0,
2024,10,Восточно-Казахстанская область,Картофель,150863.0,
2024,10,Республика Казахстан,Культуры бахчевые,62472.0,
2024,10,Атырауская область,Культуры бахчевые,126815.0,
2024,10,Мангистауская область,Культуры бахчевые,141313.0,
2024,10,Республика Казахстан,Арбузы,70102.0,
2024,10,Мангистауская область,Арбузы,125994.0,
2024,10,Республика Казахстан,Дыни,60707.0,
2024,10,Мангистауская область,Дыни,159549.0,
2024,10,Республика Казахстан,Культуры кормовые зерновые,46811.0,
2024,10,Акмолинская область,Культуры кормовые зерновые,46315.0,
2024,10,Алматинская область,Культуры кормовые зерновые,56709.0,
2024,10,Западно-Казахстанская область,Культуры кормовые зерновые,46303.0,
2024,10,Жамбылская область,Культуры кормовые зерновые,62401.0,
2024,10,Карагандинская область,Культуры кормовые зерновые,39212.0,
2024,10,Костанайская область,Культуры кормовые зерновые,47738.0,
2024,10,Северо-Казахстанская область,Культуры кормовые зерновые,53153.0,
2024,10,Республика Казахстан,Сено,25380.0,
2024,10,Абай область,Сено,40345.0,
2024,10,Западно-Казахстанская область,Сено,25291.0,
2024,10,Жамбылская область,Сено,40031.0,
2024,10,Кызылординская область,Сено,27303.0,
2024,10,Восточно-Казахстанская область,Сено,26166.0,
2024,10,Республика Казахстан,Виноград свежий,235861.0,
2024,10,Республика Казахстан,Плоды семечковые,166455.0,
2024,10,Алматинская область,Плоды семечковые,166073.0,
2024,10,Туркестанская область,Плоды семечковые,142676.0,
2024,10,Республика Казахстан,Яблоки,166455.0,
2024,10,Алматинская область,Яблоки,166073.0,
2024,10,Туркестанская область,Яблоки,142676.0,
2024,10,Республика Казахстан,Скот крупный рогатый,980181.0,
2024,10,Абай область,Скот крупный рогатый,990992.0,
2024,10,Акмолинская область,Скот крупный рогатый,1083274.0,
2024,10,Актюбинская область,Скот крупный рогатый,915369.0,
2024,10,Алматинская область,Скот крупный рогатый,1080495.0,
2024,10,Западно-Казахстанская область,Скот крупный рогатый,968986.0,
2024,10,Костанайская область,Скот крупный рогатый,1001724.0,
2024,10,Кызылординская область,Скот крупный рогатый,989188.0,
2024,10,Павлодарская область,Скот крупный рогатый,970706.0,
2024,10,Туркестанская область,Скот крупный рогатый,1033623.0,
2024,10,Ұлытау область,Скот крупный рогатый,1366417.0,
2024,10,Восточно-Казахстанская область,Скот крупный рогатый,857740.0,
2024,10,Республика Казахстан,Лошади,1227083.0,
2024,10,Абай область,Лошади,1018150.0,
2024,10,Актюбинская область,Лошади,1131972.0,
2024,10,Западно-Казахстанская область,Лошади,983134.0,
2024,10,Кызылординская область,Лошади,1116873.0,
2024,10,Павлодарская область,Лошади,1154928.0,
2024,10,Ұлытау область,Лошади,1553335.0,
2024,10,Восточно-Казахстанская область,Лошади,1074873.0,
2024,10,Республика Казахстан,Верблюды,1319724.0,
2024,10,Жамбылская область,Верблюды,915775.0,
2024,10,Кызылординская область,Верблюды,931877.0,
2024,10,Республика Казахстан,Овцы,1076369.0,
2024,10,Абай область,Овцы,876053.0,
2024,10,Актюбинская область,Овцы,854331.0,
2024,10,Алматинская область,Овцы,1577851.0,
2024,10,Западно-Казахстанская область,Овцы,881489.0,
2024,10,Жамбылская область,Овцы,758282.0,
2024,10,Кызылординская область,Овцы,988759.0,
2024,10,Мангистауская область,Овцы,1258443.0,
2024,10,Павлодарская область,Овцы,1312463.0,
2024,10,Туркестанская область,Овцы,755035.0,
2024,10,Ұлытау область,Овцы,969406.0,
2024,10,Восточно-Казахстанская область,Овцы,771663.0,
2024,10,Республика Казахстан,Свиньи,822743.0,
2024,10,Западно-Казахстанская область,Свиньи,1011640.0,
2024,10,Республика Казахстан,Домашняя птица,844354.0,
2024,10,Мангистауская область,Домашняя птица,1250080.0,
2024,10,Республика Казахстан,Молоко сырое коровье,209926.0,
2024,10,Абай область,Молоко сырое коровье,215056.0,
2024,10,Акмолинская область,Молоко сырое коровье,192620.0,
2024,10,Алматинская область,Молоко сырое коровье,231948.0,
2024,10,Жетісу область,Молоко сырое коровье,226582.0,
2024,10,Костанайская область,Молоко сырое коровье,196375.0,
2024,10,Павлодарская область,Молоко сырое коровье,196811.0,
2024,10,Северо-Казахстанская область,Молоко сырое коровье,184959.0,
2024,10,Туркестанская область,Молоко сырое коровье,213927.0,
2024,10,Восточно-Казахстанская область,Молоко сырое коровье,211296.0,
2024,10,Республика Казахстан,Молоко сырое кобылье,892319.0,
2024,10,Кызылординская область,Молоко сырое кобылье,977696.0,
2024,10,Республика Казахстан,Молоко сырое верблюжье,768155.0,
2024,10,Атырауская область,Молоко сырое верблюжье,824775.0,
2024,10,Кызылординская область,Молоко сырое верблюжье,989107.0,
2024,10,Мангистауская область,Молоко сырое верблюжье,936994.0,
2024,10,Туркестанская область,Молоко сырое верблюжье,806612.0,
2024,10,Республика Казахстан,Яйца в скорлупе (за тыс.штук),38089.0,
2024,10,Акмолинская область,Яйца в скорлупе (за тыс.штук),42566.0,
2024,10,Карагандинская область,Яйца в скорлупе (за тыс.штук),34062.0,
2024,10,Костанайская область,Яйца в скорлупе (за тыс.штук),40342.0,
2024,10,Северо-Казахстанская область,Яйца в скорлупе (за тыс.штук),37079.0,
2024,10,Туркестанская область,Яйца в скорлупе (за тыс.штук),36558.0,
2024,10,Республика Казахстан,Мед натуральный,1623912.0,
2024,11,Республика Казахстан,Пшеница,69256.0,Пшеница
2024,11,Абай область,Пшеница,66523.0,Пшеница
2024,11,Акмолинская область,Пшеница,69321.0,Пшеница
2024,11,Актюбинская область,Пшеница,68612.0,Пшеница
2024,11,Западно-Казахстанская область,Пшеница,99586.0,Пшеница
2024,11,Жетісу область,Пшеница,68544.0,Пшеница
2024,11,Карагандинская область,Пшеница,76060.0,Пшеница
2024,11,Костанайская область,Пшеница,72287.0,Пшеница
2024,11,Павлодарская область,Пшеница,67787.0,Пшеница
2024,11,Северо-Казахстанская область,Пшеница,65809.0,Пшеница
2024,11,Туркестанская область,Пшеница,59897.0,Пшеница
2024,11,Восточно-Казахстанская область,Пшеница,60997.0,Пшеница
2024,11,Республика Казахстан,Пшеница твердая,77890.0,
2024,11,Костанайская область,Пшеница твердая,65061.0,
2024,11,Северо-Казахстанская область,Пшеница твердая,83684.0,
2024,11,Республика Казахстан,"Пшеница, кроме пшеницы твердой",68933.0,
2024,11,Абай область,"Пшеница, кроме пшеницы твердой",66523.0,
2024,11,Акмолинская область,"Пшеница, кроме пшеницы твердой",69321.0,
2024,11,Актюбинская область,"Пшеница, кроме пшеницы твердой",68612.0,
2024,11,Западно-Казахстанская область,"Пшеница, кроме пшеницы твердой",99586.0,
2024,11,Жетісу область,"Пшеница, кроме пшеницы твердой",68544.0,
2024,11,Карагандинская область,"Пшеница, кроме пшеницы твердой",75751.0,
2024,11,Костанайская область,"Пшеница, кроме пшеницы твердой",72632.0,
2024,11,Павлодарская область,"Пшеница, кроме пшеницы твердой",67120.0,
2024,11,Северо-Казахстанская область,"Пшеница, кроме пшеницы твердой",64122.0,
2024,11,Туркестанская область,"Пшеница, кроме пшеницы твердой",59897.0,
2024,11,Восточно-Казахстанская область,"Пшеница, кроме пшеницы твердой",60997.0,
2024,11,Республика Казахстан,Кукуруза (маис),59503.0,Кукуруза
2024,11,Республика Казахстан,Ячмень,46745.0,Ячмень
2024,11,Актюбинская область,Ячмень,46207.0,Ячмень
2024,11,Западно-Казахстанская область,Ячмень,53018.0,Ячмень
2024,11,Карагандинская область,Ячмень,55350.0,Ячмень
2024,11,Костанайская область,Ячмень,40179.0,Ячмень
2024,11,Северо-Казахстанская область,Ячмень,45186.0,Ячмень
2024,11,Республика Казахстан,Рожь,64301.0,
2024,11,Республика Казахстан,Гречиха,55848.0,
2024,11,Павлодарская область,Гречиха,55848.0,
2024,11,Республика Казахстан,"Рис, необрушенный",133030.0,
2024,11,Кызылординская область,"Рис, необрушенный",133260.0,
2024,11,Республика Казахстан,Чечевица сушеная,166984.0,
2024,11,Северо-Казахстанская область,Чечевица сушеная,143657.0,
2024,11,Республика Казахстан,"Горох, сушенный",77992.0,
2024,11,Республика Казахстан,Семена подсолнечника,142066.0,Подсолнечник
2024,11,Абай область,Семена подсолнечника,143802.0,Подсолнечник
2024,11,Западно-Казахстанская область,Семена подсолнечника,150878.0,Подсолнечник
2024,11,Костанайская область,Семена подсолнечника,140112.0,Подсолнечник
2024,11,Павлодарская область,Семена подсолнечника,138790.0,Подсолнечник
2024,11,Северо-Казахстанская область,Семена подсолнечника,138839.0,Подсолнечник
2024,11,Восточно-Казахстанская область,Семена подсолнечника,142330.0,Подсолнечник
2024,11,Республика Казахстан,Семена сафлора,83864.0,
2024,11,Западно-Казахстанская область,Семена сафлора,64626.0,
2024,11,Республика Казахстан,Семена льна-кудряша,181725.0,
2024,11,Акмолинская область,Семена льна-кудряша,188969.0,
2024,11,Карагандинская область,Семена льна-кудряша,182302.0,
2024,11,Костанайская область,Семена льна-кудряша,174363.0,
2024,11,Северо-Казахстанская область,Семена льна-кудряша,182290.0,
2024,11,Республика Казахстан,Семена рапса,198307.0,
2024,11,Северо-Казахстанская область,Семена рапса,206890.0,
2024,11,Республика Казахстан,Капуста кочанная,98945.0,
2024,11,Костанайская область,Капуста кочанная,112200.0,
2024,11,Республика Казахстан,Огурцы закрытого грунта,408685.0,
2024,11,Павлодарская область,Огурцы закрытого грунта,506591.0,
2024,11,Республика Казахстан,Помидоры закрытого грунта,426180.0,
2024,11,Актюбинская область,Помидоры закрытого грунта,446189.0,
2024,11,Республика Казахстан,Морковь столовая,72165.0,
2024,11,Абай область,Морковь столовая,92262.0,
2024,11,Атырауская область,Морковь столовая,123295.0,
2024,11,Западно-Казахстанская область,Морковь столовая,104831.0,
2024,11,Костанайская область,Морковь столовая,134004.0,
2024,11,Павлодарская область,Морковь столовая,65023.0,
2024,11,Республика Казахстан,Лук репчатый,52833.0,
2024,11,Жамбылская область,Лук репчатый,50697.0,
2024,11,Костанайская область,Лук репчатый,124934.0,
2024,11,Республика Казахстан,Свекла столовая,120071.0,
2024,11,Атырауская область,Свекла столовая,111981.0,
2024,11,Костанайская область,Свекла столовая,170684.0,
2024,11,Республика Казахстан,Картофель,117770.0,
2024,11,Абай область,Картофель,97544.0,
2024,11,Акмолинская область,Картофель,76721.0,
2024,11,Актюбинская область,Картофель,127822.0,
2024,11,Алматинская область,Картофель,133582.0,
2024,11,Атырауская область,Картофель,166978.0,
2024,11,Западно-Казахстанская область,Картофель,91337.0,
2024,11,Карагандинская область,Картофель,96203.0,
2024,11,Костанайская область,Картофель,148747.0,
2024,11,Павлодарская область,Картофель,110606.0,
2024,11,Северо-Казахстанская область,Картофель,88450.0,
2024,11,Восточно-Казахстанская область,Картофель,153975.0,
2024,11,Республика Казахстан,Свекла сахарная,15258.0,
2024,11,Республика Казахстан,Хлопок очищенный или не очищенный от семян,204578.0,
2024,11,Туркестанская область,Хлопок очищенный или не очищенный от семян,204578.0,
2024,11,Республика Казахстан,Культуры кормовые зерновые,48448.0,
2024,11,Акмолинская область,Культуры кормовые зерновые,45622.0,
2024,11,Алматинская область,Культуры кормовые зерновые,66080.0,
2024,11,Западно-Казахстанская область,Культуры кормовые зерновые,48526.0,
2024,11,Жамбылская область,Культуры кормовые зерновые,72155.0,
2024,11,Карагандинская область,Культуры кормовые зерновые,46014.0,
2024,11,Костанайская область,Культуры кормовые зерновые,45383.0,
2024,11,Северо-Казахстанская область,Культуры кормовые зерновые,45409.0,
2024,11,Республика Казахстан,Сено,34945.0,
2024,11,Абай область,Сено,40824.0,
2024,11,Западно-Казахстанская область,Сено,21468.0,
2024,11,Жетісу область,Сено,49026.0,
2024,11,Восточно-Казахстанская область,Сено,25900.0,
2024,11,Республика Казахстан,Плоды семечковые,206706.0,
2024,11,Республика Казахстан,Яблоки,206706.0,
2024,11,Республика Казахстан,Скот крупный рогатый,986246.0,
2024,11,Абай область,Скот крупный рогатый,991527.0,
2024,11,Акмолинская область,Скот крупный рогатый,1027205.0,
2024,11,Актюбинская область,Скот крупный рогатый,932286.0,
2024,11,Алматинская область,Скот крупный рогатый,1191464.0,
2024,11,Западно-Казахстанская область,Скот крупный рогатый,974008.0,
2024,11,Жетісу область,Скот крупный рогатый,877770.0,
2024,11,Костанайская область,Скот крупный рогатый,1013619.0,
2024,11,Кызылординская область,Скот крупный рогатый,983414.0,
2024,11,Павлодарская область,Скот крупный рогатый,946271.0,
2024,11,Северо-Казахстанская область,Скот крупный рогатый,791998.0,
2024,11,Туркестанская область,Скот крупный рогатый,1025506.0,
2024,11,Ұлытау область,Скот крупный рогатый,1417376.0,
2024,11,Восточно-Казахстанская область,Скот крупный рогатый,846425.0,
2024,11,Республика Казахстан,Лошади,1208775.0,
2024,11,Абай область,Лошади,1032827.0,
2024,11,Актюбинская область,Лошади,1098381.0,
2024,11,Западно-Казахстанская область,Лошади,1016090.0,
2024,11,Кызылординская область,Лошади,1108411.0,
2024,11,Павлодарская область,Лошади,1164756.0,
2024,11,Туркестанская область,Лошади,921953.0,
2024,11,Ұлытау область,Лошади,1573884.0,
2024,11,Республика Казахстан,Верблюды,1157692.0,
2024,11,Кызылординская область,Верблюды,861212.0,
2024,11,Мангистауская область,Верблюды,1439183.0,
2024,11,Республика Казахстан,Овцы,986683.0,
2024,11,Абай область,Овцы,967440.0,
2024,11,Актюбинская область,Овцы,859548.0,
2024,11,Атырауская область,Овцы,868466.0,
2024,11,Западно-Казахстанская область,Овцы,886654.0,
2024,11,Кызылординская область,Овцы,988928.0,
2024,11,Мангистауская область,Овцы,1362012.0,
2024,11,Павлодарская область,Овцы,1212631.0,
2024,11,Ұлытау область,Овцы,982505.0,
2024,11,Восточно-Казахстанская область,Овцы,771663.0,
2024,11,Республика Казахстан,Свиньи,818212.0,
2024,11,Западно-Казахстанская область,Свиньи,881793.0,
2024,11,Республика Казахстан,Домашняя птица,868961.0,
2024,11,Мангистауская область,Домашняя птица,1249991.0,
2024,11,Республика Казахстан,Молоко сырое коровье,218631.0,
2024,11,Абай область,Молоко сырое коровье,224121.0,
2024,11,Акмолинская область,Молоко сырое коровье,252667.0,
2024,11,Алматинская область,Молоко сырое коровье,238829.0,
2024,11,Атырауская область,Молоко сырое коровье,196494.0,
2024,11,Жетісу область,Молоко сырое коровье,221007.0,
2024,11,Костанайская область,Молоко сырое коровье,196584.0,
2024,11,Павлодарская область,Молоко сырое коровье,202103.0,
2024,11,Северо-Казахстанская область,Молоко сырое коровье,186555.0,
2024,11,Туркестанская область,Молоко сырое коровье,221494.0,
2024,11,Восточно-Казахстанская область,Молоко сырое коровье,215159.0,
2024,11,Республика Казахстан,Молоко сырое кобылье,974031.0,
2024,11,Абай область,Молоко сырое кобылье,1044459.0,
2024,11,Республика Казахстан,Молоко сырое верблюжье,768155.0,
2024,11,Атырауская область,Молоко сырое верблюжье,824775.0,
2024,11,Кызылординская область,Молоко сырое верблюжье,989107.0,
2024,11,Мангистауская область,Молоко сырое верблюжье,936994.0,
2024,11,Туркестанская область,Молоко сырое верблюжье,806612.0,
2024,11,Республика Казахстан,Яйца в скорлупе (за тыс.штук),37589.0,
2024,11,Акмолинская область,Яйца в скорлупе (за тыс.штук),39225.0,
2024,11,Карагандинская область,Яйца в скорлупе (за тыс.штук),35755.0,
2024,11,Костанайская область,Яйца в скорлупе (за тыс.штук),40520.0,
2024,11,Северо-Казахстанская область,Яйца в скорлупе (за тыс.штук),36622.0,
2024,11,Туркестанская область,Яйца в скорлупе (за тыс.штук),37675.0,
2024,11,Республика Казахстан,Мед натуральный,1664320.0,
2024,12,Республика Казахстан,Пшеница,67863.0,Пшеница
2024,12,Абай область,Пшеница,68141.0,Пшеница
2024,12,Акмолинская область,Пшеница,69162.0,Пшеница
2024,12,Актюбинская область,Пшеница,66345.0,Пшеница
2024,12,Западно-Казахстанская область,Пшеница,90960.0,Пшеница
2024,12,Жамбылская область,Пшеница,72620.0,Пшеница
2024,12,Карагандинская область,Пшеница,64969.0,Пшеница
2024,12,Костанайская область,Пшеница,68239.0,Пшеница
2024,12,Павлодарская область,Пшеница,65906.0,Пшеница
2024,12,Северо-Казахстанская область,Пшеница,67359.0,Пшеница
2024,12,Восточно-Казахстанская область,Пшеница,55723.0,Пшеница
2024,12,Республика Казахстан,Пшеница твердая,106729.0,
2024,12,Карагандинская область,Пшеница твердая,95899.0,
2024,12,Костанайская область,Пшеница твердая,67605.0,
2024,12,Северо-Казахстанская область,Пшеница твердая,129388.0,
2024,12,Республика Казахстан,"Пшеница, кроме пшеницы твердой",66416.0,
2024,12,Абай область,"Пшеница, кроме пшеницы твердой",68141.0,
2024,12,Акмолинская область,"Пшеница, кроме пшеницы твердой",69162.0,
2024,12,Актюбинская область,"Пшеница, кроме пшеницы твердой",65084.0,
2024,12,Западно-Казахстанская область,"Пшеница, кроме пшеницы твердой",90960.0,
2024,12,Жамбылская область,"Пшеница, кроме пшеницы твердой",72620.0,
2024,12,Карагандинская область,"Пшеница, кроме пшеницы твердой",63729.0,
2024,12,Костанайская область,"Пшеница, кроме пшеницы твердой",68269.0,
2024,12,Павлодарская область,"Пшеница, кроме пшеницы твердой",65906.0,
2024,12,Северо-Казахстанская область,"Пшеница, кроме пшеницы твердой",61504.0,
2024,12,Восточно-Казахстанская область,"Пшеница, кроме пшеницы твердой",55723.0,
2024,12,Республика Казахстан,Кукуруза (маис),62909.0,Кукуруза
2024,12,Республика Казахстан,Ячмень,51777.0,Ячмень
2024,12,Карагандинская область,Ячмень,55350.0,Ячмень
2024,12,Костанайская область,Ячмень,47321.0,Ячмень
2024,12,Северо-Казахстанская область,Ячмень,46592.0,Ячмень
2024,12,Республика Казахстан,Рожь,66413.0,
2024,12,Республика Казахстан,"Рис, необрушенный",139671.0,
2024,12,Кызылординская область,"Рис, необрушенный",135873.0,
2024,12,Республика Казахстан,Чечевица сушеная,169624.0,
2024,12,Республика Казахстан,"Горох, сушенный",91951.0,
2024,12,Северо-Казахстанская область,"Горох, сушенный",91951.0,
2024,12,Республика Казахстан,Семена подсолнечника,154836.0,Подсолнечник
2024,12,Абай область,Семена подсолнечника,149324.0,Подсолнечник
2024,12,Акмолинская область,Семена подсолнечника,149181.0,Подсолнечник
2024,12,Западно-Казахстанская область,Семена подсолнечника,150183.0,Подсолнечник
2024,12,Костанайская область,Семена подсолнечника,145635.0,Подсолнечник
2024,12,Павлодарская область,Семена подсолнечника,149960.0,Подсолнечник
2024,12,Северо-Казахстанская область,Семена подсолнечника,147547.0,Подсолнечник
2024,12,Восточно-Казахстанская область,Семена подсолнечника,160809.0,Подсолнечник
2024,12,Республика Казахстан,Семена сафлора,80550.0,
2024,12,Западно-Казахстанская область,Семена сафлора,64700.0,
2024,12,Жетісу область,Семена сафлора,72041.0,
2024,12,Республика Казахстан,Семена льна-кудряша,180344.0,
2024,12,Акмолинская область,Семена льна-кудряша,174988.0,
2024,12,Костанайская область,Семена льна-кудряша,180809.0,
2024,12,Северо-Казахстанская область,Семена льна-кудряша,181140.0,
2024,12,Республика Казахстан,Семена рапса,194244.0,
2024,12,Северо-Казахстанская область,Семена рапса,196290.0,
2024,12,Восточно-Казахстанская область,Семена рапса,182510.0,
2024,12,Республика Казахстан,Капуста кочанная,106917.0,
2024,12,Абай область,Капуста кочанная,82078.0,
2024,12,Костанайская область,Капуста кочанная,153034.0,
2024,12,Республика Казахстан,Огурцы закрытого грунта,889928.0,
2024,12,Республика Казахстан,Помидоры закрытого грунта,471090.0,
2024,12,Актюбинская область,Помидоры закрытого грунта,613464.0,
2024,12,Алматинская область,Помидоры закрытого грунта,676500.0,
2024,12,Республика Казахстан,Морковь столовая,75997.0,
2024,12,Костанайская область,Морковь столовая,138191.0,
2024,12,Павлодарская область,Морковь столовая,70106.0,
2024,12,Республика Казахстан,Лук репчатый,71125.0,
2024,12,Республика Казахстан,Свекла столовая,122422.0,
2024,12,Костанайская область,Свекла столовая,179463.0,
2024,12,Республика Казахстан,Картофель,121916.0,
2024,12,Абай область,Картофель,94743.0,
2024,12,Алматинская область,Картофель,129463.0,
2024,12,Атырауская область,Картофель,166978.0,
2024,12,Карагандинская область,Картофель,98563.0,
2024,12,Костанайская область,Картофель,169437.0,
2024,12,Павлодарская область,Картофель,115404.0,
2024,12,Северо-Казахстанская область,Картофель,96296.0,
2024,12,Восточно-Казахстанская область,Картофель,166426.0,
2024,12,Республика Казахстан,Свекла сахарная,15047.0,
2024,12,Жетісу область,Свекла сахарная,15183.0,
2024,12,Республика Казахстан,Хлопок очищенный или не очищенный от семян,200413.0,
2024,12,Туркестанская область,Хлопок очищенный или не очищенный от семян,200413.0,
2024,12,Республика Казахстан,Культуры кормовые зерновые,50653.0,
2024,12,Акмолинская область,Культуры кормовые зерновые,49213.0,
2024,12,Алматинская область,Культуры кормовые зерновые,66080.0,
2024,12,Западно-Казахстанская область,Культуры кормовые зерновые,41944.0,
2024,12,Жамбылская область,Культуры кормовые зерновые,69456.0,
2024,12,Карагандинская область,Культуры кормовые зерновые,51713.0,
2024,12,Костанайская область,Культуры кормовые зерновые,45793.0,
2024,12,Северо-Казахстанская область,Культуры кормовые зерновые,46000.0,
2024,12,Республика Казахстан,Сено,40211.0,
2024,12,Абай область,Сено,40990.0,
2024,12,Западно-Казахстанская область,Сено,26919.0,
2024,12,Жетісу область,Сено,45534.0,
2024,12,Карагандинская область,Сено,11634.0,
2024,12,Восточно-Казахстанская область,Сено,25900.0,
2024,12,Республика Казахстан,Плоды семечковые,203299.0,
2024,12,Республика Казахстан,Яблоки,203299.0,
2024,12,Республика Казахстан,Скот крупный рогатый,999921.0,
2024,12,Абай область,Скот крупный рогатый,990654.0,
2024,12,Акмолинская область,Скот крупный рогатый,1222860.0,
2024,12,Актюбинская область,Скот крупный рогатый,966837.0,
2024,12,Алматинская область,Скот крупный рогатый,1008649.0,
2024,12,Западно-Казахстанская область,Скот крупный рогатый,978589.0,
2024,12,Жетісу область,Скот крупный рогатый,865527.0,
2024,12,Костанайская область,Скот крупный рогатый,1133905.0,
2024,12,Кызылординская область,Скот крупный рогатый,982721.0,
2024,12,Павлодарская область,Скот крупный рогатый,982981.0,
2024,12,Туркестанская область,Скот крупный рогатый,1034917.0,
2024,12,Ұлытау область,Скот крупный рогатый,1418381.0,
2024,12,Восточно-Казахстанская область,Скот крупный рогатый,862665.0,
2024,12,Республика Казахстан,Лошади,1239408.0,
2024,12,Абай область,Лошади,1040625.0,
2024,12,Актюбинская область,Лошади,1049866.0,
2024,12,Западно-Казахстанская область,Лошади,1013144.0,
2024,12,Кызылординская область,Лошади,1106656.0,
2024,12,Павлодарская область,Лошади,1108615.0,
2024,12,Ұлытау область,Лошади,1636468.0,
2024,12,Восточно-Казахстанская область,Лошади,1074873.0,
2024,12,Республика Казахстан,Верблюды,1272373.0,
2024,12,Кызылординская область,Верблюды,857903.0,
2024,12,Мангистауская область,Верблюды,1524649.0,
2024,12,Республика Казахстан,Овцы,1004545.0,
2024,12,Абай область,Овцы,972815.0,
2024,12,Актюбинская область,Овцы,862988.0,
2024,12,Алматинская область,Овцы,1159848.0,
2024,12,Западно-Казахстанская область,Овцы,873879.0,
2024,12,Жамбылская область,Овцы,926253.0,
2024,12,Жетісу область,Овцы,929367.0,
2024,12,Кызылординская область,Овцы,988995.0,
2024,12,Мангистауская область,Овцы,1443245.0,
2024,12,Ұлытау область,Овцы,923989.0,
2024,12,Восточно-Казахстанская область,Овцы,769992.0,
2024,12,Республика Казахстан,Свиньи,801268.0,
2024,12,Западно-Казахстанская область,Свиньи,881793.0,
2024,12,Республика Казахстан,Домашняя птица,852619.0,
2024,12,Республика Казахстан,Молоко сырое коровье,221541.0,
2024,12,Абай область,Молоко сырое коровье,224121.0,
2024,12,Акмолинская область,Молоко сырое коровье,253075.0,
2024,12,Алматинская область,Молоко сырое коровье,243810.0,
2024,12,Атырауская область,Молоко сырое коровье,196494.0,
2024,12,Жетісу область,Молоко сырое коровье,220008.0,
2024,12,Костанайская область,Молоко сырое коровье,204078.0,
2024,12,Кызылординская область,Молоко сырое коровье,241411.0,
2024,12,Павлодарская область,Молоко сырое коровье,207804.0,
2024,12,Северо-Казахстанская область,Молоко сырое коровье,186571.0,
2024,12,Туркестанская область,Молоко сырое коровье,226826.0,
2024,12,Восточно-Казахстанская область,Молоко сырое коровье,221536.0,
2024,12,Республика Казахстан,Молоко сырое кобылье,1151360.0,
2024,12,Абай область,Молоко сырое кобылье,1076568.0,
2024,12,Кызылординская область,Молоко сырое кобылье,980409.0,
2024,12,Республика Казахстан,Молоко сырое верблюжье,769459.0,
2024,12,Атырауская область,Молоко сырое верблюжье,869953.0,
2024,12,Кызылординская область,Молоко сырое верблюжье,989107.0,
2024,12,Мангистауская область,Молоко сырое верблюжье,871175.0,
2024,12,Туркестанская область,Молоко сырое верблюжье,816331.0,
2024,12,Республика Казахстан,Яйца в скорлупе (за тыс.штук),39182.0,
2024,12,Акмолинская область,Яйца в скорлупе (за тыс.штук),38394.0,
2024,12,Карагандинская область,Яйца в скорлупе (за тыс.штук),37412.0,
2024,12,Костанайская область,Яйца в скорлупе (за тыс.штук),43982.0,
2024,12,Северо-Казахстанская область,Яйца в скорлупе (за тыс.штук),39450.0,
2024,12,Туркестанская область,Яйца в скорлупе (за тыс.штук),41300.0,
2024,12,Республика Казахстан,Мед натуральный,1647959.0,
2025,1,Республика Казахстан,Пшеница,68176.0,Пшеница
2025,1,Абай область,Пшеница,75686.0,Пшеница
2025,1,Акмолинская область,Пшеница,74358.0,Пшеница
2025,1,Актюбинская область,Пшеница,64619.0,Пшеница
2025,1,Западно-Казахстанская область,Пшеница,89264.0,Пшеница
2025,1,Жетісу область,Пшеница,55000.0,Пшеница
2025,1,Карагандинская область,Пшеница,72872.0,Пшеница
2025,1,Костанайская область,Пшеница,63613.0,Пшеница
2025,1,Павлодарская область,Пшеница,72886.0,Пшеница
2025,1,Северо-Казахстанская область,Пшеница,62327.0,Пшеница
2025,1,Восточно-Казахстанская область,Пшеница,84785.0,Пшеница
2025,1,Республика Казахстан,Пшеница твердая,76889.0,
2025,1,Костанайская область,Пшеница твердая,67475.0,
2025,1,Северо-Казахстанская область,Пшеница твердая,72196.0,
2025,1,Республика Казахстан,"Пшеница, кроме пшеницы твердой",67755.0,
2025,1,Абай область,"Пшеница, кроме пшеницы твердой",75686.0,
2025,1,Акмолинская область,"Пшеница, кроме пшеницы твердой",73679.0,
2025,1,Актюбинская область,"Пшеница, кроме пшеницы твердой",64619.0,
2025,1,Западно-Казахстанская область,"Пшеница, кроме пшеницы твердой",89264.0,
2025,1,Жетісу область,"Пшеница, кроме пшеницы твердой",55000.0,
2025,1,Карагандинская область,"Пшеница, кроме пшеницы твердой",71707.0,
2025,1,Костанайская область,"Пшеница, кроме пшеницы твердой",63419.0,
2025,1,Павлодарская область,"Пшеница, кроме пшеницы твердой",72886.0,
2025,1,Северо-Казахстанская область,"Пшеница, кроме пшеницы твердой",61442.0,
2025,1,Восточно-Казахстанская область,"Пшеница, кроме пшеницы твердой",84785.0,
2025,1,Республика Казахстан,Кукуруза (маис),59864.0,Кукуруза
2025,1,Республика Казахстан,Ячмень,56761.0,Ячмень
2025,1,Жетісу область,Ячмень,50000.0,Ячмень
2025,1,Карагандинская область,Ячмень,55350.0,Ячмень
2025,1,Костанайская область,Ячмень,50654.0,Ячмень
2025,1,Северо-Казахстанская область,Ячмень,55641.0,Ячмень
2025,1,Республика Казахстан,Просо,114107.0,
2025,1,Республика Казахстан,Гречиха,60876.0,
2025,1,Павлодарская область,Гречиха,64536.0,
2025,1,Республика Казахстан,"Рис, необрушенный",137821.0,
2025,1,Кызылординская область,"Рис, необрушенный",137821.0,
2025,1,Республика Казахстан,Чечевица сушеная,171607.0,
2025,1,Костанайская область,Чечевица сушеная,123440.0,
2025,1,Северо-Казахстанская область,Чечевица сушеная,195762.0,
2025,1,Республика Казахстан,Семена подсолнечника,159428.0,Подсолнечник
2025,1,Абай область,Семена подсолнечника,156092.0,Подсолнечник
2025,1,Акмолинская область,Семена подсолнечника,151971.0,Подсолнечник
2025,1,Западно-Казахстанская область,Семена подсолнечника,146349.0,Подсолнечник
2025,1,Костанайская область,Семена подсолнечника,142721.0,Подсолнечник
2025,1,Павлодарская область,Семена подсолнечника,147335.0,Подсолнечник
2025,1,Северо-Казахстанская область,Семена подсолнечника,156497.0,Подсолнечник
2025,1,Восточно-Казахстанская область,Семена подсолнечника,173182.0,Подсолнечник
2025,1,Республика Казахстан,Семена сафлора,89117.0,
2025,1,Западно-Казахстанская область,Семена сафлора,75223.0,
2025,1,Республика Казахстан,Семена льна-кудряша,187259.0,
2025,1,Карагандинская область,Семена льна-кудряша,185841.0,
2025,1,Костанайская область,Семена льна-кудряша,175601.0,
2025,1,Северо-Казахстанская область,Семена льна-кудряша,188914.0,
2025,1,Республика Казахстан,Семена рапса,212672.0,
2025,1,Костанайская область,Семена рапса,160658.0,
2025,1,Северо-Казахстанская область,Семена рапса,215335.0,
2025,1,Республика Казахстан,Капуста кочанная,112242.0,
2025,1,Костанайская область,Капуста кочанная,169433.0,
2025,1,Республика Казахстан,Огурцы закрытого грунта,787134.0,
2025,1,Республика Казахстан,Помидоры закрытого грунта,589532.0,
2025,1,Актюбинская область,Помидоры закрытого грунта,521720.0,
2025,1,Алматинская область,Помидоры закрытого грунта,694685.0,
2025,1,Республика Казахстан,Морковь столовая,78867.0,
2025,1,Костанайская область,Морковь столовая,151118.0,
2025,1,Павлодарская область,Морковь столовая,74855.0,
2025,1,Республика Казахстан,Лук репчатый,75803.0,
2025,1,Алматинская область,Лук репчатый,65777.0,
2025,1,Республика Казахстан,Свекла столовая,152865.0,
2025,1,Костанайская область,Свекла столовая,193699.0,
2025,1,Республика Казахстан,Картофель,132614.0,
2025,1,Акмолинская область,Картофель,146451.0,
2025,1,Карагандинская область,Картофель,143048.0,
2025,1,Костанайская область,Картофель,159118.0,
2025,1,Павлодарская область,Картофель,130419.0,
2025,1,Республика Казахстан,Культуры кормовые зерновые,51240.0,
2025,1,Акмолинская область,Культуры кормовые зерновые,44794.0,
2025,1,Алматинская область,Культуры кормовые зерновые,59338.0,
2025,1,Жамбылская область,Культуры кормовые зерновые,70307.0,
2025,1,Карагандинская область,Культуры кормовые зерновые,45334.0,
2025,1,Костанайская область,Культуры кормовые зерновые,52142.0,
2025,1,Северо-Казахстанская область,Культуры кормовые зерновые,52338.0,
2025,1,Республика Казахстан,Кукуруза на силос,18734.0,
2025,1,Республика Казахстан,Сено,41626.0,
2025,1,Абай область,Сено,40915.0,
2025,1,Западно-Казахстанская область,Сено,27470.0,
2025,1,Жетісу область,Сено,53097.0,
2025,1,Кызылординская область,Сено,21661.0,
2025,1,Республика Казахстан,Плоды семечковые,219248.0,
2025,1,Республика Казахстан,Яблоки,219248.0,
2025,1,Республика Казахстан,Скот крупный рогатый,1020239.0,
2025,1,Абай область,Скот крупный рогатый,1025325.0,
2025,1,Акмолинская область,Скот крупный рогатый,1342729.0,
2025,1,Актюбинская область,Скот крупный рогатый,922188.0,
2025,1,Алматинская область,Скот крупный рогатый,1241894.0,
2025,1,Западно-Казахстанская область,Скот крупный рогатый,960385.0,
2025,1,Жамбылская область,Скот крупный рогатый,989217.0,
2025,1,Карагандинская область,Скот крупный рогатый,1104623.0,
2025,1,Костанайская область,Скот крупный рогатый,769974.0,
2025,1,Кызылординская область,Скот крупный рогатый,1010756.0,
2025,1,Павлодарская область,Скот крупный рогатый,935717.0,
2025,1,Туркестанская область,Скот крупный рогатый,1108587.0,
2025,1,Ұлытау область,Скот крупный рогатый,1309478.0,
2025,1,Восточно-Казахстанская область,Скот крупный рогатый,936514.0,
2025,1,Республика Казахстан,Лошади,1233745.0,
2025,1,Абай область,Лошади,978462.0,
2025,1,Актюбинская область,Лошади,1080304.0,
2025,1,Западно-Казахстанская область,Лошади,1015281.0,
2025,1,Карагандинская область,Лошади,1356018.0,
2025,1,Кызылординская область,Лошади,1111703.0,
2025,1,Мангистауская область,Лошади,1213242.0,
2025,1,Ұлытау область,Лошади,1275451.0,
2025,1,Республика Казахстан,Верблюды,1212152.0,
2025,1,Кызылординская область,Верблюды,859229.0,
2025,1,Мангистауская область,Верблюды,1463057.0,
2025,1,Республика Казахстан,Овцы,1168769.0,
2025,1,Абай область,Овцы,975107.0,
2025,1,Актюбинская область,Овцы,865530.0,
2025,1,Алматинская область,Овцы,1765464.0,
2025,1,Западно-Казахстанская область,Овцы,851348.0,
2025,1,Жамбылская область,Овцы,1062614.0,
2025,1,Кызылординская область,Овцы,1073151.0,
2025,1,Мангистауская область,Овцы,847741.0,
2025,1,Республика Казахстан,Свиньи,823745.0,
2025,1,Западно-Казахстанская область,Свиньи,880829.0,
2025,1,Республика Казахстан,Домашняя птица,881628.0,
2025,1,Республика Казахстан,Молоко сырое коровье,216119.0,
2025,1,Абай область,Молоко сырое коровье,219677.0,
2025,1,Акмолинская область,Молоко сырое коровье,198227.0,
2025,1,Алматинская область,Молоко сырое коровье,243474.0,
2025,1,Жетісу область,Молоко сырое коровье,215184.0,
2025,1,Костанайская область,Молоко сырое коровье,213360.0,
2025,1,Кызылординская область,Молоко сырое коровье,226105.0,
2025,1,Павлодарская область,Молоко сырое коровье,221287.0,
2025,1,Северо-Казахстанская область,Молоко сырое коровье,188403.0,
2025,1,Туркестанская область,Молоко сырое коровье,199677.0,
2025,1,Восточно-Казахстанская область,Молоко сырое коровье,217319.0,
2025,1,Республика Казахстан,Молоко сырое кобылье,1137509.0,
2025,1,Абай область,Молоко сырое кобылье,1186362.0,
2025,1,Республика Казахстан,Молоко сырое верблюжье,781998.0,
2025,1,Атырауская область,Молоко сырое верблюжье,960191.0,
2025,1,Кызылординская область,Молоко сырое верблюжье,985633.0,
2025,1,Мангистауская область,Молоко сырое верблюжье,890685.0,
2025,1,Туркестанская область,Молоко сырое верблюжье,816331.0,
2025,1,Республика Казахстан,Яйца в скорлупе (за тыс.штук),39175.0,
2025,1,Акмолинская область,Яйца в скорлупе (за тыс.штук),38417.0,
2025,1,Карагандинская область,Яйца в скорлупе (за тыс.штук),36635.0,
2025,1,Костанайская область,Яйца в скорлупе (за тыс.штук),41834.0,
2025,1,Северо-Казахстанская область,Яйца в скорлупе (за тыс.штук),39075.0,
2025,1,Туркестанская область,Яйца в скорлупе (за тыс.штук),43895.0,
2025,2,Республика Казахстан,Пшеница,69322.0,Пшеница
2025,2,Абай область,Пшеница,63352.0,Пшеница
2025,2,Акмолинская область,Пшеница,72558.0,Пшеница
2025,2,Актюбинская область,Пшеница,77983.0,Пшеница
2025,2,Карагандинская область,Пшеница,73997.0,Пшеница
2025,2,Костанайская область,Пшеница,66228.0,Пшеница
2025,2,Павлодарская область,Пшеница,79175.0,Пшеница
2025,2,Северо-Казахстанская область,Пшеница,65231.0,Пшеница
2025,2,Восточно-Казахстанская область,Пшеница,66106.0,Пшеница
2025,2,Республика Казахстан,Пшеница твердая,73680.0,
2025,2,Актюбинская область,Пшеница твердая,84813.0,
2025,2,Костанайская область,Пшеница твердая,71832.0,
2025,2,Республика Казахстан,"Пшеница, кроме пшеницы твердой",69153.0,
2025,2,Абай область,"Пшеница, кроме пшеницы твердой",63352.0,
2025,2,Акмолинская область,"Пшеница, кроме пшеницы твердой",72558.0,
2025,2,Актюбинская область,"Пшеница, кроме пшеницы твердой",77683.0,
2025,2,Карагандинская область,"Пшеница, кроме пшеницы твердой",72885.0,
2025,2,Костанайская область,"Пшеница, кроме пшеницы твердой",65947.0,
2025,2,Павлодарская область,"Пшеница, кроме пшеницы твердой",79175.0,
2025,2,Северо-Казахстанская область,"Пшеница, кроме пшеницы твердой",64629.0,
2025,2,Восточно-Казахстанская область,"Пшеница, кроме пшеницы твердой",66106.0,
2025,2,Республика Казахстан,Кукуруза (маис),82586.0,Кукуруза
2025,2,Республика Казахстан,Ячмень,52576.0,Ячмень
2025,2,Акмолинская область,Ячмень,48214.0,Ячмень
2025,2,Костанайская область,Ячмень,55293.0,Ячмень
2025,2,Северо-Казахстанская область,Ячмень,56226.0,Ячмень
2025,2,Республика Казахстан,Просо,72366.0,
2025,2,Республика Казахстан,Гречиха,102254.0,
2025,2,Республика Казахстан,"Рис, необрушенный",107754.0,
2025,2,Кызылординская область,"Рис, необрушенный",107795.0,
2025,2,Республика Казахстан,Чечевица сушеная,207211.0,
2025,2,Северо-Казахстанская область,Чечевица сушеная,187363.0,
2025,2,Республика Казахстан,"Горох, сушенный",114284.0,
2025,2,Северо-Казахстанская область,"Горох, сушенный",109833.0,
2025,2,Республика Казахстан,Семена подсолнечника,157256.0,Подсолнечник
2025,2,Абай область,Семена подсолнечника,167902.0,Подсолнечник
2025,2,Западно-Казахстанская область,Семена подсолнечника,157996.0,Подсолнечник
2025,2,Костанайская область,Семена подсолнечника,146853.0,Подсолнечник
2025,2,Павлодарская область,Семена подсолнечника,136738.0,Подсолнечник
2025,2,Северо-Казахстанская область,Семена подсолнечника,152986.0,Подсолнечник
2025,2,Восточно-Казахстанская область,Семена подсолнечника,162515.0,Подсолнечник
2025,2,Республика Казахстан,Семена сафлора,73531.0,
2025,2,Западно-Казахстанская область,Семена сафлора,69574.0,
2025,2,Республика Казахстан,Семена льна-кудряша,195117.0,
2025,2,Акмолинская область,Семена льна-кудряша,216512.0,
2025,2,Карагандинская область,Семена льна-кудряша,188141.0,
2025,2,Костанайская область,Семена льна-кудряша,181676.0,
2025,2,Северо-Казахстанская область,Семена льна-кудряша,194984.0,
2025,2,Республика Казахстан,Семена рапса,196786.0,
2025,2,Северо-Казахстанская область,Семена рапса,196786.0,
2025,2,Республика Казахстан,Капуста кочанная,137714.0,
2025,2,Костанайская область,Капуста кочанная,201719.0,
2025,2,Республика Казахстан,Огурцы закрытого грунта,987050.0,
2025,2,Республика Казахстан,Помидоры закрытого грунта,581077.0,
2025,2,Алматинская область,Помидоры закрытого грунта,672780.0,
2025,2,Республика Казахстан,Морковь столовая,73563.0,
2025,2,Костанайская область,Морковь столовая,157996.0,
2025,2,Павлодарская область,Морковь столовая,69834.0,
2025,2,Республика Казахстан,Лук репчатый,83910.0,
2025,2,Республика Казахстан,Свекла столовая,135089.0,
2025,2,Костанайская область,Свекла столовая,192254.0,
2025,2,Республика Казахстан,Картофель,156466.0,
2025,2,Акмолинская область,Картофель,179734.0,
2025,2,Карагандинская область,Картофель,160861.0,
2025,2,Костанайская область,Картофель,222663.0,
2025,2,Павлодарская область,Картофель,139429.0,
2025,2,Северо-Казахстанская область,Картофель,144539.0,
2025,2,Республика Казахстан,Культуры кормовые зерновые,52678.0,
2025,2,Акмолинская область,Культуры кормовые зерновые,47606.0,
2025,2,Алматинская область,Культуры кормовые зерновые,67276.0,
2025,2,Жамбылская область,Культуры кормовые зерновые,75887.0,
2025,2,Карагандинская область,Культуры кормовые зерновые,50173.0,
2025,2,Костанайская область,Культуры кормовые зерновые,54362.0,
2025,2,Северо-Казахстанская область,Культуры кормовые зерновые,49202.0,
2025,2,Республика Казахстан,Кукуруза на силос,20693.0,
2025,2,Республика Казахстан,Сено,46170.0,
2025,2,Абай область,Сено,41664.0,
2025,2,Кызылординская область,Сено,35151.0,
2025,2,Республика Казахстан,Плоды семечковые,176147.0,
2025,2,Республика Казахстан,Яблоки,176147.0,
2025,2,Республика Казахстан,Скот крупный рогатый,1061175.0,
2025,2,Абай область,Скот крупный рогатый,1041533.0,
2025,2,Акмолинская область,Скот крупный рогатый,1501894.0,
2025,2,Актюбинская область,Скот крупный рогатый,922669.0,
2025,2,Алматинская область,Скот крупный рогатый,1330516.0,
2025,2,Западно-Казахстанская область,Скот крупный рогатый,992898.0,
2025,2,Жамбылская область,Скот крупный рогатый,1013617.0,
2025,2,Карагандинская область,Скот крупный рогатый,904404.0,
2025,2,Костанайская область,Скот крупный рогатый,1046104.0,
2025,2,Кызылординская область,Скот крупный рогатый,1032523.0,
2025,2,Павлодарская область,Скот крупный рогатый,905281.0,
2025,2,Северо-Казахстанская область,Скот крупный рогатый,893460.0,
2025,2,Туркестанская область,Скот крупный рогатый,1061430.0,
2025,2,Ұлытау область,Скот крупный рогатый,1455066.0,
2025,2,Восточно-Казахстанская область,Скот крупный рогатый,980336.0,
2025,2,Республика Казахстан,Лошади,1277059.0,
2025,2,Абай область,Лошади,1030896.0,
2025,2,Актюбинская область,Лошади,1137375.0,
2025,2,Атырауская область,Лошади,999246.0,
2025,2,Западно-Казахстанская область,Лошади,1012090.0,
2025,2,Кызылординская область,Лошади,1125717.0,
2025,2,Мангистауская область,Лошади,1815649.0,
2025,2,Павлодарская область,Лошади,1471476.0,
2025,2,Ұлытау область,Лошади,888803.0,
2025,2,Восточно-Казахстанская область,Лошади,1084055.0,
2025,2,Республика Казахстан,Верблюды,1320680.0,
2025,2,Кызылординская область,Верблюды,866877.0,
2025,2,Мангистауская область,Верблюды,1756630.0,
2025,2,Республика Казахстан,Овцы,1106955.0,
2025,2,Абай область,Овцы,900980.0,
2025,2,Актюбинская область,Овцы,935101.0,
2025,2,Атырауская область,Овцы,932539.0,
2025,2,Западно-Казахстанская область,Овцы,890351.0,
2025,2,Кызылординская область,Овцы,1039886.0,
2025,2,Мангистауская область,Овцы,1179346.0,
2025,2,Павлодарская область,Овцы,1123447.0,
2025,2,Ұлытау область,Овцы,806161.0,
2025,2,Восточно-Казахстанская область,Овцы,1031352.0,
2025,2,Республика Казахстан,Свиньи,822695.0,
2025,2,Западно-Казахстанская область,Свиньи,880829.0,
2025,2,Республика Казахстан,Домашняя птица,888314.0,
2025,2,Мангистауская область,Домашняя птица,1262200.0,
2025,2,Северо-Казахстанская область,Домашняя птица,1146322.0,
2025,2,Республика Казахстан,Молоко сырое коровье,218967.0,
2025,2,Абай область,Молоко сырое коровье,233592.0,
2025,2,Акмолинская область,Молоко сырое коровье,201316.0,
2025,2,Актюбинская область,Молоко сырое коровье,339306.0,
2025,2,Алматинская область,Молоко сырое коровье,249994.0,
2025,2,Западно-Казахстанская область,Молоко сырое коровье,219269.0,
2025,2,Жамбылская область,Молоко сырое коровье,199531.0,
2025,2,Жетісу область,Молоко сырое коровье,238591.0,
2025,2,Костанайская область,Молоко сырое коровье,219753.0,
2025,2,Кызылординская область,Молоко сырое коровье,225657.0,
2025,2,Павлодарская область,Молоко сырое коровье,213388.0,
2025,2,Северо-Казахстанская область,Молоко сырое коровье,191687.0,
2025,2,Туркестанская область,Молоко сырое коровье,197770.0,
2025,2,Восточно-Казахстанская область,Молоко сырое коровье,223748.0,
2025,2,Республика Казахстан,Молоко сырое кобылье,1136902.0,
2025,2,Республика Казахстан,Молоко сырое верблюжье,779694.0,
2025,2,Атырауская область,Молоко сырое верблюжье,960191.0,
2025,2,Кызылординская область,Молоко сырое верблюжье,985633.0,
2025,2,Мангистауская область,Молоко сырое верблюжье,836218.0,
2025,2,Туркестанская область,Молоко сырое верблюжье,816331.0,
2025,2,Республика Казахстан,Яйца в скорлупе,38091.0,
2025,2,Акмолинская область,Яйца в скорлупе,37858.0,
2025,2,Карагандинская область,Яйца в скорлупе,34303.0,
2025,2,Костанайская область,Яйца в скорлупе,42535.0,
2025,2,Северо-Казахстанская область,Яйца в скорлупе,36578.0,
2025,2,Туркестанская область,Яйца в скорлупе,42266.0,
2025,2,Республика Казахстан,Мед натуральный,1764242.0,
2025,2,Восточно-Казахстанская область,Мед натуральный,1610955.0,
2025,3,Республика Казахстан,Пшеница,76089.0,Пшеница
2025,3,Акмолинская область,Пшеница,77441.0,Пшеница
2025,3,Актюбинская область,Пшеница,71509.0,Пшеница
2025,3,Карагандинская область,Пшеница,84496.0,Пшеница
2025,3,Костанайская область,Пшеница,77212.0,Пшеница
2025,3,Павлодарская область,Пшеница,82325.0,Пшеница
2025,3,Северо-Казахстанская область,Пшеница,73319.0,Пшеница
2025,3,Восточно-Казахстанская область,Пшеница,60801.0,Пшеница
2025,3,Республика Казахстан,Пшеница твердая,74795.0,
2025,3,Карагандинская область,Пшеница твердая,96436.0,
2025,3,Республика Казахстан,"Пшеница, кроме пшеницы твердой",76154.0,
2025,3,Акмолинская область,"Пшеница, кроме пшеницы твердой",77558.0,
2025,3,Актюбинская область,"Пшеница, кроме пшеницы твердой",71509.0,
2025,3,Карагандинская область,"Пшеница, кроме пшеницы твердой",83938.0,
2025,3,Костанайская область,"Пшеница, кроме пшеницы твердой",76870.0,
2025,3,Павлодарская область,"Пшеница, кроме пшеницы твердой",81508.0,
2025,3,Северо-Казахстанская область,"Пшеница, кроме пшеницы твердой",74049.0,
2025,3,Восточно-Казахстанская область,"Пшеница, кроме пшеницы твердой",60801.0,
2025,3,Республика Казахстан,Ячмень,65843.0,Ячмень
2025,3,Карагандинская область,Ячмень,55350.0,Ячмень
2025,3,Северо-Казахстанская область,Ячмень,66964.0,Ячмень
2025,3,Восточно-Казахстанская область,Ячмень,78909.0,Ячмень
2025,3,Республика Казахстан,Гречиха,58940.0,
2025,3,Республика Казахстан,"Рис, необрушенный",126768.0,
2025,3,Кызылординская область,"Рис, необрушенный",126768.0,
2025,3,Республика Казахстан,Чечевица сушеная,177126.0,
2025,3,Северо-Казахстанская область,Чечевица сушеная,164424.0,
2025,3,Республика Казахстан,Семена подсолнечника,163595.0,Подсолнечник
2025,3,Абай область,Семена подсолнечника,175404.0,Подсолнечник
2025,3,Акмолинская область,Семена подсолнечника,153746.0,Подсолнечник
2025,3,Костанайская область,Семена подсолнечника,150762.0,Подсолнечник
2025,3,Павлодарская область,Семена подсолнечника,156160.0,Подсолнечник
2025,3,Северо-Казахстанская область,Семена подсолнечника,144504.0,Подсолнечник
2025,3,Восточно-Казахстанская область,Семена подсолнечника,169769.0,Подсолнечник
2025,3,Республика Казахстан,Семена сафлора,90846.0,
2025,3,Республика Казахстан,Семена льна-кудряша,223729.0,
2025,3,Акмолинская область,Семена льна-кудряша,212090.0,
2025,3,Карагандинская область,Семена льна-кудряша,208005.0,
2025,3,Костанайская область,Семена льна-кудряша,215300.0,
2025,3,Северо-Казахстанская область,Семена льна-кудряша,229034.0,
2025,3,Республика Казахстан,Семена рапса,207567.0,
2025,3,Северо-Казахстанская область,Семена рапса,207567.0,
2025,3,Республика Казахстан,Капуста кочанная,161265.0,
2025,3,Костанайская область,Капуста кочанная,221505.0,
2025,3,Республика Казахстан,Огурцы закрытого грунта,647695.0,
2025,3,Туркестанская область,Огурцы закрытого грунта,532903.0,
2025,3,Республика Казахстан,Помидоры закрытого грунта,765759.0,
2025,3,Алматинская область,Помидоры закрытого грунта,712797.0,
2025,3,Республика Казахстан,Морковь столовая,77977.0,
2025,3,Костанайская область,Морковь столовая,157996.0,
2025,3,Павлодарская область,Морковь столовая,74207.0,
2025,3,Республика Казахстан,Лук репчатый,83879.0,
2025,3,Республика Казахстан,Свекла столовая,141133.0,
2025,3,Костанайская область,Свекла столовая,197912.0,
2025,3,Республика Казахстан,Картофель,160186.0,
2025,3,Акмолинская область,Картофель,179734.0,
2025,3,Карагандинская область,Картофель,175990.0,
2025,3,Костанайская область,Картофель,187667.0,
2025,3,Павлодарская область,Картофель,111216.0,
2025,3,Северо-Казахстанская область,Картофель,149368.0,
2025,3,Республика Казахстан,Культуры кормовые зерновые,57342.0,
2025,3,Акмолинская область,Культуры кормовые зерновые,62511.0,
2025,3,Карагандинская область,Культуры кормовые зерновые,58481.0,
2025,3,Костанайская область,Культуры кормовые зерновые,50187.0,
2025,3,Северо-Казахстанская область,Культуры кормовые зерновые,61241.0,
2025,3,Республика Казахстан,Сено,35331.0,
2025,3,Абай область,Сено,41664.0,
2025,3,Республика Казахстан,Плоды семечковые,154135.0,
2025,3,Республика Казахстан,Яблоки,154135.0,
2025,3,Республика Казахстан,Скот крупный рогатый,1083241.0,
2025,3,Абай область,Скот крупный рогатый,1091132.0,
2025,3,Акмолинская область,Скот крупный рогатый,1520765.0,
2025,3,Актюбинская область,Скот крупный рогатый,937457.0,
2025,3,Алматинская область,Скот крупный рогатый,1316461.0,
2025,3,Западно-Казахстанская область,Скот крупный рогатый,1025372.0,
2025,3,Жамбылская область,Скот крупный рогатый,1023897.0,
2025,3,Костанайская область,Скот крупный рогатый,1152683.0,
2025,3,Кызылординская область,Скот крупный рогатый,1037008.0,
2025,3,Павлодарская область,Скот крупный рогатый,954459.0,
2025,3,Туркестанская область,Скот крупный рогатый,1062826.0,
2025,3,Ұлытау область,Скот крупный рогатый,1215656.0,
2025,3,Восточно-Казахстанская область,Скот крупный рогатый,1024716.0,
2025,3,Республика Казахстан,Лошади,1340625.0,
2025,3,Абай область,Лошади,1040179.0,
2025,3,Актюбинская область,Лошади,1075659.0,
2025,3,Западно-Казахстанская область,Лошади,1014407.0,
2025,3,Кызылординская область,Лошади,1129657.0,
2025,3,Мангистауская область,Лошади,1930526.0,
2025,3,Павлодарская область,Лошади,1553612.0,
2025,3,Ұлытау область,Лошади,1320077.0,
2025,3,Восточно-Казахстанская область,Лошади,1085358.0,
2025,3,Республика Казахстан,Верблюды,1336082.0,
2025,3,Кызылординская область,Верблюды,841248.0,
2025,3,Мангистауская область,Верблюды,1692309.0,
2025,3,Республика Казахстан,Овцы,1131424.0,
2025,3,Абай область,Овцы,1002337.0,
2025,3,Актюбинская область,Овцы,898268.0,
2025,3,Атырауская область,Овцы,932539.0,
2025,3,Западно-Казахстанская область,Овцы,899056.0,
2025,3,Жамбылская область,Овцы,1044543.0,
2025,3,Кызылординская область,Овцы,1060640.0,
2025,3,Мангистауская область,Овцы,1235994.0,
2025,3,Павлодарская область,Овцы,1093783.0,
2025,3,Республика Казахстан,Свиньи,831818.0,
2025,3,Западно-Казахстанская область,Свиньи,880829.0,
2025,3,Республика Казахстан,Домашняя птица,896720.0,
2025,3,Мангистауская область,Домашняя птица,1262200.0,
2025,3,Северо-Казахстанская область,Домашняя птица,1146322.0,
2025,3,Республика Казахстан,Молоко сырое коровье,219465.0,
2025,3,Абай область,Молоко сырое коровье,233592.0,
2025,3,Акмолинская область,Молоко сырое коровье,207625.0,
2025,3,Алматинская область,Молоко сырое коровье,250561.0,
2025,3,Западно-Казахстанская область,Молоко сырое коровье,219269.0,
2025,3,Жамбылская область,Молоко сырое коровье,208745.0,
2025,3,Жетісу область,Молоко сырое коровье,217039.0,
2025,3,Костанайская область,Молоко сырое коровье,218803.0,
2025,3,Кызылординская область,Молоко сырое коровье,225645.0,
2025,3,Павлодарская область,Молоко сырое коровье,213530.0,
2025,3,Северо-Казахстанская область,Молоко сырое коровье,191955.0,
2025,3,Туркестанская область,Молоко сырое коровье,197770.0,
2025,3,Восточно-Казахстанская область,Молоко сырое коровье,225286.0,
2025,3,Республика Казахстан,Молоко сырое кобылье,1172969.0,
2025,3,Абай область,Молоко сырое кобылье,1245612.0,
2025,3,Республика Казахстан,Молоко сырое верблюжье,779721.0,
2025,3,Атырауская область,Молоко сырое верблюжье,1005847.0,
2025,3,Кызылординская область,Молоко сырое верблюжье,988066.0,
2025,3,Мангистауская область,Молоко сырое верблюжье,842988.0,
2025,3,Туркестанская область,Молоко сырое верблюжье,779829.0,
2025,3,Республика Казахстан,Яйца в скорлупе,36324.0,
2025,3,Акмолинская область,Яйца в скорлупе,36467.0,
2025,3,Карагандинская область,Яйца в скорлупе,35418.0,
2025,3,Костанайская область,Яйца в скорлупе,38920.0,
2025,3,Северо-Казахстанская область,Яйца в скорлупе,35064.0,
2025,3,Туркестанская область,Яйца в скорлупе,41189.0,
2025,3,Республика Казахстан,Мед натуральный,1764242.0,
2025,3,Восточно-Казахстанская область,Мед натуральный,1610955.0,
2025,4,Республика Казахстан,Пшеница,78658.0,Пшеница
2025,4,Акмолинская область,Пшеница,84651.0,Пшеница
2025,4,Актюбинская область,Пшеница,81042.0,Пшеница
2025,4,Западно-Казахстанская область,Пшеница,99875.0,Пшеница
2025,4,Карагандинская область,Пшеница,86461.0,Пшеница
2025,4,Костанайская область,Пшеница,75784.0,Пшеница
2025,4,Павлодарская область,Пшеница,84087.0,Пшеница
2025,4,Северо-Казахстанская область,Пшеница,72473.0,Пшеница
2025,4,Республика Казахстан,Пшеница твердая,87403.0,
2025,4,Карагандинская область,Пшеница твердая,81664.0,
2025,4,Северо-Казахстанская область,Пшеница твердая,89621.0,
2025,4,Республика Казахстан,"Пшеница, кроме пшеницы твердой",78222.0,
2025,4,Акмолинская область,"Пшеница, кроме пшеницы твердой",84174.0,
2025,4,Актюбинская область,"Пшеница, кроме пшеницы твердой",82053.0,
2025,4,Западно-Казахстанская область,"Пшеница, кроме пшеницы твердой",99875.0,
2025,4,Карагандинская область,"Пшеница, кроме пшеницы твердой",86685.0,
2025,4,Костанайская область,"Пшеница, кроме пшеницы твердой",75704.0,
2025,4,Павлодарская область,"Пшеница, кроме пшеницы твердой",84087.0,
2025,4,Северо-Казахстанская область,"Пшеница, кроме пшеницы твердой",70935.0,
2025,4,Республика Казахстан,Ячмень,65496.0,Ячмень
2025,4,Северо-Казахстанская область,Ячмень,61684.0,Ячмень
2025,4,Республика Казахстан,"Рис, необрушенный",102909.0,
2025,4,Кызылординская область,"Рис, необрушенный",102909.0,
2025,4,Республика Казахстан,Чечевица сушеная,179469.0,
2025,4,Северо-Казахстанская область,Чечевица сушеная,227644.0,
2025,4,Республика Казахстан,Семена подсолнечника,174143.0,Подсолнечник
2025,4,Абай область,Семена подсолнечника,177410.0,Подсолнечник
2025,4,Акмолинская область,Семена подсолнечника,164285.0,Подсолнечник
2025,4,Актюбинская область,Семена подсолнечника,149805.0,Подсолнечник
2025,4,Западно-Казахстанская область,Семена подсолнечника,157914.0,Подсолнечник
2025,4,Костанайская область,Семена подсолнечника,154808.0,Подсолнечник
2025,4,Павлодарская область,Семена подсолнечника,181979.0,Подсолнечник
2025,4,Северо-Казахстанская область,Семена подсолнечника,171807.0,Подсолнечник
2025,4,Восточно-Казахстанская область,Семена подсолнечника,178073.0,Подсолнечник
2025,4,Республика Казахстан,Семена льна-кудряша,239235.0,
2025,4,Акмолинская область,Семена льна-кудряша,231063.0,
2025,4,Карагандинская область,Семена льна-кудряша,231042.0,
2025,4,Костанайская область,Семена льна-кудряша,217524.0,
2025,4,Северо-Казахстанская область,Семена льна-кудряша,247680.0,
2025,4,Республика Казахстан,Семена рапса,249354.0,
2025,4,Северо-Казахстанская область,Семена рапса,256934.0,
2025,4,Республика Казахстан,Капуста кочанная,179063.0,
2025,4,Костанайская область,Капуста кочанная,231550.0,
2025,4,Республика Казахстан,Огурцы закрытого грунта,684503.0,
2025,4,Туркестанская область,Огурцы закрытого грунта,481364.0,
2025,4,Республика Казахстан,Помидоры закрытого грунта,750845.0,
2025,4,Алматинская область,Помидоры закрытого грунта,741071.0,
2025,4,Республика Казахстан,Морковь столовая,92183.0,
2025,4,Костанайская область,Морковь столовая,164322.0,
2025,4,Павлодарская область,Морковь столовая,90578.0,
2025,4,Республика Казахстан,Лук репчатый,83561.0,
2025,4,Республика Казахстан,Свекла столовая,188319.0,
2025,4,Костанайская область,Свекла столовая,197912.0,
2025,4,Республика Казахстан,Картофель,168825.0,
2025,4,Акмолинская область,Картофель,195813.0,
2025,4,Алматинская область,Картофель,186773.0,
2025,4,Карагандинская область,Картофель,178587.0,
2025,4,Костанайская область,Картофель,194617.0,
2025,4,Павлодарская область,Картофель,133331.0,
2025,4,Северо-Казахстанская область,Картофель,197941.0,
2025,4,Республика Казахстан,Культуры кормовые зерновые,58952.0,
2025,4,Акмолинская область,Культуры кормовые зерновые,68630.0,
2025,4,Карагандинская область,Культуры кормовые зерновые,55616.0,
2025,4,Павлодарская область,Культуры кормовые зерновые,58660.0,
2025,4,Северо-Казахстанская область,Культуры кормовые зерновые,60159.0,
2025,4,Республика Казахстан,Сено,33240.0,
2025,4,Республика Казахстан,Скот крупный рогатый,1097428.0,
2025,4,Абай область,Скот крупный рогатый,1142745.0,
2025,4,Акмолинская область,Скот крупный рогатый,1520765.0,
2025,4,Актюбинская область,Скот крупный рогатый,1003110.0,
2025,4,Алматинская область,Скот крупный рогатый,1409262.0,
2025,4,Западно-Казахстанская область,Скот крупный рогатый,1005426.0,
2025,4,Жамбылская область,Скот крупный рогатый,1023897.0,
2025,4,Костанайская область,Скот крупный рогатый,1207662.0,
2025,4,Кызылординская область,Скот крупный рогатый,1036589.0,
2025,4,Павлодарская область,Скот крупный рогатый,909860.0,
2025,4,Туркестанская область,Скот крупный рогатый,1021046.0,
2025,4,Восточно-Казахстанская область,Скот крупный рогатый,1050946.0,
2025,4,Республика Казахстан,Лошади,1367627.0,
2025,4,Абай область,Лошади,1092546.0,
2025,4,Актюбинская область,Лошади,1022442.0,
2025,4,Западно-Казахстанская область,Лошади,1024618.0,
2025,4,Кызылординская область,Лошади,1141852.0,
2025,4,Мангистауская область,Лошади,2066380.0,
2025,4,Ұлытау область,Лошади,1875838.0,
2025,4,Восточно-Казахстанская область,Лошади,1085358.0,
2025,4,Республика Казахстан,Верблюды,1488096.0,
2025,4,Кызылординская область,Верблюды,925913.0,
2025,4,Мангистауская область,Верблюды,1947293.0,
2025,4,Республика Казахстан,Овцы,1257363.0,
2025,4,Абай область,Овцы,1055563.0,
2025,4,Актюбинская область,Овцы,868421.0,
2025,4,Алматинская область,Овцы,1952663.0,
2025,4,Атырауская область,Овцы,972803.0,
2025,4,Западно-Казахстанская область,Овцы,877056.0,
2025,4,Жамбылская область,Овцы,1044949.0,
2025,4,Кызылординская область,Овцы,1062419.0,
2025,4,Мангистауская область,Овцы,1313938.0,
2025,4,Республика Казахстан,Свиньи,793377.0,
2025,4,Западно-Казахстанская область,Свиньи,880829.0,
2025,4,Республика Казахстан,Домашняя птица,888080.0,
2025,4,Мангистауская область,Домашняя птица,1262200.0,
2025,4,Северо-Казахстанская область,Домашняя птица,1146322.0,
2025,4,Республика Казахстан,Молоко сырое коровье,216000.0,
2025,4,Абай область,Молоко сырое коровье,233592.0,
2025,4,Акмолинская область,Молоко сырое коровье,208440.0,
2025,4,Актюбинская область,Молоко сырое коровье,246413.0,
2025,4,Алматинская область,Молоко сырое коровье,249849.0,
2025,4,Западно-Казахстанская область,Молоко сырое коровье,219269.0,
2025,4,Жамбылская область,Молоко сырое коровье,208745.0,
2025,4,Жетісу область,Молоко сырое коровье,225582.0,
2025,4,Костанайская область,Молоко сырое коровье,219257.0,
2025,4,Кызылординская область,Молоко сырое коровье,226888.0,
2025,4,Павлодарская область,Молоко сырое коровье,216643.0,
2025,4,Северо-Казахстанская область,Молоко сырое коровье,191632.0,
2025,4,Туркестанская область,Молоко сырое коровье,197007.0,
2025,4,Восточно-Казахстанская область,Молоко сырое коровье,225515.0,
2025,4,Республика Казахстан,Молоко сырое кобылье,1150430.0,
2025,4,Абай область,Молоко сырое кобылье,1286472.0,
2025,4,Кызылординская область,Молоко сырое кобылье,992655.0,
2025,4,Республика Казахстан,Молоко сырое верблюжье,779564.0,
2025,4,Атырауская область,Молоко сырое верблюжье,1005847.0,
2025,4,Кызылординская область,Молоко сырое верблюжье,975661.0,
2025,4,Мангистауская область,Молоко сырое верблюжье,849861.0,
2025,4,Туркестанская область,Молоко сырое верблюжье,800000.0,
2025,4,Республика Казахстан,Яйца в скорлупе,35923.0,
2025,4,Акмолинская область,Яйца в скорлупе,38049.0,
2025,4,Карагандинская область,Яйца в скорлупе,35015.0,
2025,4,Костанайская область,Яйца в скорлупе,37736.0,
2025,4,Северо-Казахстанская область,Яйца в скорлупе,34178.0,
2025,4,Туркестанская область,Яйца в скорлупе,37642.0,
2025,4,Республика Казахстан,Мед натуральный,1616953.0,
2025,4,Восточно-Казахстанская область,Мед натуральный,1435646.0,
2025,5,Республика Казахстан,Пшеница,84719.0,Пшеница
2025,5,Абай область,Пшеница,75594.0,Пшеница
2025,5,Акмолинская область,Пшеница,90490.0,Пшеница
2025,5,Актюбинская область,Пшеница,104907.0,Пшеница
2025,5,Западно-Казахстанская область,Пшеница,86441.0,Пшеница
2025,5,Карагандинская область,Пшеница,84955.0,Пшеница
2025,5,Костанайская область,Пшеница,86674.0,Пшеница
2025,5,Павлодарская область,Пшеница,73422.0,Пшеница
2025,5,Северо-Казахстанская область,Пшеница,79181.0,Пшеница
2025,5,Восточно-Казахстанская область,Пшеница,63388.0,Пшеница
2025,5,Республика Казахстан,Пшеница твердая,101452.0,
2025,5,Карагандинская область,Пшеница твердая,86364.0,
2025,5,Республика Казахстан,"Пшеница, кроме пшеницы твердой",84123.0,
2025,5,Абай область,"Пшеница, кроме пшеницы твердой",75594.0,
2025,5,Акмолинская область,"Пшеница, кроме пшеницы твердой",89696.0,
2025,5,Актюбинская область,"Пшеница, кроме пшеницы твердой",104907.0,
2025,5,Западно-Казахстанская область,"Пшеница, кроме пшеницы твердой",86441.0,
2025,5,Карагандинская область,"Пшеница, кроме пшеницы твердой",84889.0,
2025,5,Костанайская область,"Пшеница, кроме пшеницы твердой",86674.0,
2025,5,Павлодарская область,"Пшеница, кроме пшеницы твердой",73422.0,
2025,5,Северо-Казахстанская область,"Пшеница, кроме пшеницы твердой",77549.0,
2025,5,Восточно-Казахстанская область,"Пшеница, кроме пшеницы твердой",63388.0,
2025,5,Республика Казахстан,Ячмень,80932.0,Ячмень
2025,5,Республика Казахстан,Овес,51068.0,
2025,5,Республика Казахстан,"Рис, необрушенный",191177.0,
2025,5,Кызылординская область,"Рис, необрушенный",191365.0,
2025,5,Республика Казахстан,Чечевица сушеная,151860.0,
2025,5,Северо-Казахстанская область,Чечевица сушеная,151674.0,
2025,5,Республика Казахстан,"Горох, сушенный",110729.0,
2025,5,Республика Казахстан,Семена подсолнечника,193175.0,Подсолнечник
2025,5,Абай область,Семена подсолнечника,214328.0,Подсолнечник
2025,5,Павлодарская область,Семена подсолнечника,188327.0,Подсолнечник
2025,5,Северо-Казахстанская область,Семена подсолнечника,176875.0,Подсолнечник
2025,5,Восточно-Казахстанская область,Семена подсолнечника,200792.0,Подсолнечник
2025,5,Республика Казахстан,Семена сафлора,129574.0,
2025,5,Республика Казахстан,Семена льна-кудряша,267340.0,
2025,5,Карагандинская область,Семена льна-кудряша,273463.0,
2025,5,Костанайская область,Семена льна-кудряша,263700.0,
2025,5,Северо-Казахстанская область,Семена льна-кудряша,263977.0,
2025,5,Республика Казахстан,Капуста кочанная,207166.0,
2025,5,Костанайская область,Капуста кочанная,231550.0,
2025,5,Республика Казахстан,Огурцы закрытого грунта,354857.0,
2025,5,Атырауская область,Огурцы закрытого грунта,291797.0,
2025,5,Республика Казахстан,Помидоры закрытого грунта,563849.0,
2025,5,Актюбинская область,Помидоры закрытого грунта,612705.0,
2025,5,Алматинская область,Помидоры закрытого грунта,674574.0,
2025,5,Туркестанская область,Помидоры закрытого грунта,396448.0,
2025,5,Республика Казахстан,Морковь столовая,152322.0,
2025,5,Костанайская область,Морковь столовая,170196.0,
2025,5,Республика Казахстан,Лук репчатый,76819.0,
2025,5,Республика Казахстан,Свекла столовая,222020.0,
2025,5,Костанайская область,Свекла столовая,222020.0,
2025,5,Республика Казахстан,Картофель,164532.0,
2025,5,Акмолинская область,Картофель,222278.0,
2025,5,Карагандинская область,Картофель,149106.0,
2025,5,Костанайская область,Картофель,201686.0,
2025,5,Павлодарская область,Картофель,163940.0,
2025,5,Республика Казахстан,Культуры кормовые зерновые,65908.0,
2025,5,Северо-Казахстанская область,Культуры кормовые зерновые,74729.0,
2025,5,Республика Казахстан,Сено,26758.0,
2025,5,Республика Казахстан,Скот крупный рогатый,1137611.0,
2025,5,Абай область,Скот крупный рогатый,1196752.0,
2025,5,Акмолинская область,Скот крупный рогатый,1536173.0,
2025,5,Актюбинская область,Скот крупный рогатый,959497.0,
2025,5,Алматинская область,Скот крупный рогатый,1483155.0,
2025,5,Западно-Казахстанская область,Скот крупный рогатый,1014796.0,
2025,5,Жамбылская область,Скот крупный рогатый,1013617.0,
2025,5,Костанайская область,Скот крупный рогатый,1365533.0,
2025,5,Кызылординская область,Скот крупный рогатый,1031012.0,
2025,5,Павлодарская область,Скот крупный рогатый,962418.0,
2025,5,Туркестанская область,Скот крупный рогатый,1062826.0,
2025,5,Ұлытау область,Скот крупный рогатый,1186398.0,
2025,5,Восточно-Казахстанская область,Скот крупный рогатый,1044904.0,
2025,5,Республика Казахстан,Лошади,1337643.0,
2025,5,Абай область,Лошади,1138394.0,
2025,5,Актюбинская область,Лошади,1037810.0,
2025,5,Западно-Казахстанская область,Лошади,1021352.0,
2025,5,Кызылординская область,Лошади,1151696.0,
2025,5,Мангистауская область,Лошади,2337306.0,
2025,5,Павлодарская область,Лошади,1481464.0,
2025,5,Ұлытау область,Лошади,1282763.0,
2025,5,Восточно-Казахстанская область,Лошади,1085358.0,
2025,5,Республика Казахстан,Верблюды,1217865.0,
2025,5,Мангистауская область,Верблюды,1421290.0,
2025,5,Республика Казахстан,Овцы,1147300.0,
2025,5,Абай область,Овцы,1109957.0,
2025,5,Актюбинская область,Овцы,869074.0,
2025,5,Западно-Казахстанская область,Овцы,911925.0,
2025,5,Жамбылская область,Овцы,1032652.0,
2025,5,Кызылординская область,Овцы,1097274.0,
2025,5,Мангистауская область,Овцы,1105972.0,
2025,5,Республика Казахстан,Свиньи,854052.0,
2025,5,Западно-Казахстанская область,Свиньи,1026721.0,
2025,5,Республика Казахстан,Домашняя птица,897484.0,
2025,5,Мангистауская область,Домашняя птица,1262200.0,
2025,5,Северо-Казахстанская область,Домашняя птица,1146322.0,
2025,5,Республика Казахстан,Молоко сырое коровье,217887.0,
2025,5,Абай область,Молоко сырое коровье,233605.0,
2025,5,Акмолинская область,Молоко сырое коровье,208459.0,
2025,5,Актюбинская область,Молоко сырое коровье,288393.0,
2025,5,Алматинская область,Молоко сырое коровье,250409.0,
2025,5,Западно-Казахстанская область,Молоко сырое коровье,219269.0,
2025,5,Жамбылская область,Молоко сырое коровье,210701.0,
2025,5,Жетісу область,Молоко сырое коровье,231055.0,
2025,5,Костанайская область,Молоко сырое коровье,220111.0,
2025,5,Кызылординская область,Молоко сырое коровье,226716.0,
2025,5,Павлодарская область,Молоко сырое коровье,216192.0,
2025,5,Северо-Казахстанская область,Молоко сырое коровье,191956.0,
2025,5,Туркестанская область,Молоко сырое коровье,197007.0,
2025,5,Восточно-Казахстанская область,Молоко сырое коровье,225240.0,
2025,5,Республика Казахстан,Молоко сырое кобылье,1070516.0,
2025,5,Абай область,Молоко сырое кобылье,1313335.0,
2025,5,Кызылординская область,Молоко сырое кобылье,992655.0,
2025,5,Ұлытау область,Молоко сырое кобылье,566039.0,
2025,5,Республика Казахстан,Молоко сырое верблюжье,782380.0,
2025,5,Атырауская область,Молоко сырое верблюжье,1005847.0,
2025,5,Кызылординская область,Молоко сырое верблюжье,988066.0,
2025,5,Мангистауская область,Молоко сырое верблюжье,849861.0,
2025,5,Туркестанская область,Молоко сырое верблюжье,800000.0,
2025,5,Республика Казахстан,Яйца в скорлупе,33779.0,
2025,5,Акмолинская область,Яйца в скорлупе,34711.0,
2025,5,Карагандинская область,Яйца в скорлупе,32660.0,
2025,5,Костанайская область,Яйца в скорлупе,37520.0,
2025,5,Северо-Казахстанская область,Яйца в скорлупе,29702.0,
2025,5,Туркестанская область,Яйца в скорлупе,37642.0,
2025,5,Республика Казахстан,Мед натуральный,1623398.0,
2025,5,Восточно-Казахстанская область,Мед натуральный,1443317.0,
2025,6,Республика Казахстан,Пшеница,87396.0,Пшеница
2025,6,Абай область,Пшеница,82257.0,Пшеница
2025,6,Акмолинская область,Пшеница,92976.0,Пшеница
2025,6,Актюбинская область,Пшеница,92892.0,Пшеница
2025,6,Западно-Казахстанская область,Пшеница,85259.0,Пшеница
2025,6,Карагандинская область,Пшеница,93975.0,Пшеница
2025,6,Костанайская область,Пшеница,85486.0,Пшеница
2025,6,Павлодарская область,Пшеница,75849.0,Пшеница
2025,6,Северо-Казахстанская область,Пшеница,85159.0,Пшеница
2025,6,Восточно-Казахстанская область,Пшеница,67765.0,Пшеница
2025,6,Республика Казахстан,Пшеница твердая,93499.0,
2025,6,Северо-Казахстанская область,Пшеница твердая,94994.0,
2025,6,Республика Казахстан,"Пшеница, кроме пшеницы твердой",87088.0,
2025,6,Абай область,"Пшеница, кроме пшеницы твердой",82257.0,
2025,6,Акмолинская область,"Пшеница, кроме пшеницы твердой",92823.0,
2025,6,Актюбинская область,"Пшеница, кроме пшеницы твердой",91088.0,
2025,6,Западно-Казахстанская область,"Пшеница, кроме пшеницы твердой",85259.0,
2025,6,Карагандинская область,"Пшеница, кроме пшеницы твердой",93902.0,
2025,6,Костанайская область,"Пшеница, кроме пшеницы твердой",85479.0,
2025,6,Павлодарская область,"Пшеница, кроме пшеницы твердой",75849.0,
2025,6,Северо-Казахстанская область,"Пшеница, кроме пшеницы твердой",84277.0,
2025,6,Восточно-Казахстанская область,"Пшеница, кроме пшеницы твердой",67765.0,
2025,6,Республика Казахстан,Ячмень,56535.0,Ячмень
2025,6,Костанайская область,Ячмень,80357.0,Ячмень
2025,6,Северо-Казахстанская область,Ячмень,44643.0,Ячмень
2025,6,Республика Казахстан,"Рис, необрушенный",176702.0,
2025,6,Кызылординская область,"Рис, необрушенный",176858.0,
2025,6,Республика Казахстан,Чечевица сушеная,261594.0,
2025,6,Северо-Казахстанская область,Чечевица сушеная,230644.0,
2025,6,Республика Казахстан,Семена подсолнечника,203955.0,Подсолнечник
2025,6,Павлодарская область,Семена подсолнечника,203800.0,Подсолнечник
2025,6,Северо-Казахстанская область,Семена подсолнечника,206347.0,Подсолнечник
2025,6,Восточно-Казахстанская область,Семена подсолнечника,203238.0,Подсолнечник
2025,6,Республика Казахстан,Семена льна-кудряша,292323.0,
2025,6,Акмолинская область,Семена льна-кудряша,274415.0,
2025,6,Карагандинская область,Семена льна-кудряша,252336.0,
2025,6,Костанайская область,Семена льна-кудряша,260399.0,
2025,6,Северо-Казахстанская область,Семена льна-кудряша,306603.0,
2025,6,Республика Казахстан,Капуста кочанная,88528.0,
2025,6,Туркестанская область,Капуста кочанная,84343.0,
2025,6,Республика Казахстан,Огурцы закрытого грунта,370533.0,
2025,6,Павлодарская область,Огурцы закрытого грунта,381568.0,
2025,6,Туркестанская область,Огурцы закрытого грунта,273644.0,
2025,6,Республика Казахстан,Помидоры закрытого грунта,554418.0,
2025,6,Актюбинская область,Помидоры закрытого грунта,520887.0,
2025,6,Алматинская область,Помидоры закрытого грунта,480955.0,
2025,6,Туркестанская область,Помидоры закрытого грунта,636858.0,
2025,6,Республика Казахстан,Морковь столовая,127164.0,
2025,6,Республика Казахстан,Свекла столовая,155414.0,
2025,6,Республика Казахстан,Картофель,179841.0,
2025,6,Павлодарская область,Картофель,160965.0,
2025,6,Туркестанская область,Картофель,170684.0,
2025,6,Республика Казахстан,Культуры кормовые зерновые,74188.0,
2025,6,Костанайская область,Культуры кормовые зерновые,79860.0,
2025,6,Северо-Казахстанская область,Культуры кормовые зерновые,45338.0,
2025,6,Республика Казахстан,Сено,31599.0,
2025,6,Кызылординская область,Сено,30923.0,
2025,6,Туркестанская область,Сено,32232.0,
2025,6,Республика Казахстан,Абрикосы,157083.0,
2025,6,Туркестанская область,Абрикосы,157083.0,
2025,6,Республика Казахстан,Скот крупный рогатый,1198115.0,
2025,6,Абай область,Скот крупный рогатый,1256342.0,
2025,6,Акмолинская область,Скот крупный рогатый,1661459.0,
2025,6,Актюбинская область,Скот крупный рогатый,984357.0,
2025,6,Алматинская область,Скот крупный рогатый,1552892.0,
2025,6,Западно-Казахстанская область,Скот крупный рогатый,1021165.0,
2025,6,Жамбылская область,Скот крупный рогатый,1013617.0,
2025,6,Карагандинская область,Скот крупный рогатый,1282869.0,
2025,6,Костанайская область,Скот крупный рогатый,1431769.0,
2025,6,Кызылординская область,Скот крупный рогатый,1055566.0,
2025,6,Павлодарская область,Скот крупный рогатый,1097738.0,
2025,6,Туркестанская область,Скот крупный рогатый,1056858.0,
2025,6,Ұлытау область,Скот крупный рогатый,1293290.0,
2025,6,Восточно-Казахстанская область,Скот крупный рогатый,1040313.0,
2025,6,Республика Казахстан,Лошади и животные семейства лошадиных прочие,1277536.0,
2025,6,Абай область,Лошади и животные семейства лошадиных прочие,1193363.0,
2025,6,Актюбинская область,Лошади и животные семейства лошадиных прочие,1084751.0,
2025,6,Западно-Казахстанская область,Лошади и животные семейства лошадиных прочие,1010115.0,
2025,6,Кызылординская область,Лошади и животные семейства лошадиных прочие,1164009.0,
2025,6,Мангистауская область,Лошади и животные семейства лошадиных прочие,1308616.0,
2025,6,Ұлытау область,Лошади и животные семейства лошадиных прочие,1362202.0,
2025,6,Восточно-Казахстанская область,Лошади и животные семейства лошадиных прочие,1141946.0,
2025,6,Республика Казахстан,"Верблюды и верблюдовые, живые",1163570.0,
2025,6,Мангистауская область,"Верблюды и верблюдовые, живые",1437506.0,
2025,6,Республика Казахстан,Овцы живые,1214939.0,
2025,6,Абай область,Овцы живые,1179612.0,
2025,6,Актюбинская область,Овцы живые,905897.0,
2025,6,Западно-Казахстанская область,Овцы живые,908272.0,
2025,6,Жамбылская область,Овцы живые,1148350.0,
2025,6,Кызылординская область,Овцы живые,1071015.0,
2025,6,Мангистауская область,Овцы живые,1174477.0,
2025,6,Ұлытау область,Овцы живые,939835.0,
2025,6,Республика Казахстан,"Свиньи, живые",873765.0,
2025,6,Западно-Казахстанская область,"Свиньи, живые",1026721.0,
2025,6,Республика Казахстан,Домашняя птица,908669.0,
2025,6,Мангистауская область,Домашняя птица,1262200.0,
2025,6,Северо-Казахстанская область,Домашняя птица,993764.0,
2025,6,Республика Казахстан,Молоко сырое коровье,220539.0,
2025,6,Абай область,Молоко сырое коровье,233605.0,
2025,6,Акмолинская область,Молоко сырое коровье,208037.0,
2025,6,Актюбинская область,Молоко сырое коровье,359598.0,
2025,6,Алматинская область,Молоко сырое коровье,248935.0,
2025,6,Западно-Казахстанская область,Молоко сырое коровье,219269.0,
2025,6,Жамбылская область,Молоко сырое коровье,219915.0,
2025,6,Жетісу область,Молоко сырое коровье,231055.0,
2025,6,Костанайская область,Молоко сырое коровье,220034.0,
2025,6,Кызылординская область,Молоко сырое коровье,226103.0,
2025,6,Павлодарская область,Молоко сырое коровье,215091.0,
2025,6,Северо-Казахстанская область,Молоко сырое коровье,191955.0,
2025,6,Туркестанская область,Молоко сырое коровье,198101.0,
2025,6,Восточно-Казахстанская область,Молоко сырое коровье,224379.0,
2025,6,Республика Казахстан,Молоко сырое кобылье,920626.0,
2025,6,Кызылординская область,Молоко сырое кобылье,992655.0,
2025,6,Республика Казахстан,Молоко сырое верблюжье,782636.0,
2025,6,Атырауская область,Молоко сырое верблюжье,956087.0,
2025,6,Кызылординская область,Молоко сырое верблюжье,975557.0,
2025,6,Мангистауская область,Молоко сырое верблюжье,849861.0,
2025,6,Туркестанская область,Молоко сырое верблюжье,780000.0,
2025,6,Республика Казахстан,Яйца в скорлупе (за тыс.штук),30838.0,
2025,6,Акмолинская область,Яйца в скорлупе (за тыс.штук),29980.0,
2025,6,Карагандинская область,Яйца в скорлупе (за тыс.штук),30238.0,
2025,6,Костанайская область,Яйца в скорлупе (за тыс.штук),35691.0,
2025,6,Северо-Казахстанская область,Яйца в скорлупе (за тыс.штук),27112.0,
2025,6,Туркестанская область,Яйца в скорлупе (за тыс.штук),36688.0,
2025,6,Республика Казахстан,Мед натуральный,1682147.0,
2025,6,Восточно-Казахстанская область,Мед натуральный,1513242.0,
2025,7,Республика Казахстан,Пшеница,88393.0,Пшеница
2025,7,Акмолинская область,Пшеница,95408.0,Пшеница
2025,7,Карагандинская область,Пшеница,88454.0,Пшеница
2025,7,Костанайская область,Пшеница,86617.0,Пшеница
2025,7,Павлодарская область,Пшеница,84766.0,Пшеница
2025,7,Северо-Казахстанская область,Пшеница,86651.0,Пшеница
2025,7,Восточно-Казахстанская область,Пшеница,74789.0,Пшеница
2025,7,Республика Казахстан,Пшеница твердая,85052.0,
2025,7,Северо-Казахстанская область,Пшеница твердая,82928.0,
2025,7,Республика Казахстан,"Пшеница, кроме пшеницы твердой",88555.0,
2025,7,Акмолинская область,"Пшеница, кроме пшеницы твердой",95437.0,
2025,7,Карагандинская область,"Пшеница, кроме пшеницы твердой",88101.0,
2025,7,Костанайская область,"Пшеница, кроме пшеницы твердой",87001.0,
2025,7,Павлодарская область,"Пшеница, кроме пшеницы твердой",84766.0,
2025,7,Северо-Казахстанская область,"Пшеница, кроме пшеницы твердой",86985.0,
2025,7,Восточно-Казахстанская область,"Пшеница, кроме пшеницы твердой",74789.0,
2025,7,Республика Казахстан,Ячмень,48456.0,Ячмень
2025,7,Северо-Казахстанская область,Ячмень,47321.0,Ячмень
2025,7,Республика Казахстан,"Рис, необрушенный",159563.0,
2025,7,Кызылординская область,"Рис, необрушенный",159563.0,
2025,7,Республика Казахстан,Чечевица сушеная,166122.0,
2025,7,Северо-Казахстанская область,Чечевица сушеная,170491.0,
2025,7,Республика Казахстан,Семена подсолнечника,209160.0,Подсолнечник
2025,7,Абай область,Семена подсолнечника,224033.0,Подсолнечник
2025,7,Павлодарская область,Семена подсолнечника,227478.0,Подсолнечник
2025,7,Северо-Казахстанская область,Семена подсолнечника,204093.0,Подсолнечник
2025,7,Восточно-Казахстанская область,Семена подсолнечника,210939.0,Подсолнечник
2025,7,Республика Казахстан,Семена льна-кудряша,309243.0,
2025,7,Карагандинская область,Семена льна-кудряша,264644.0,
2025,7,Костанайская область,Семена льна-кудряша,255659.0,
2025,7,Северо-Казахстанская область,Семена льна-кудряша,328609.0,
2025,7,Республика Казахстан,Семена рапса,283352.0,
2025,7,Северо-Казахстанская область,Семена рапса,299148.0,
2025,7,Республика Казахстан,Капуста кочанная,137191.0,
2025,7,Республика Казахстан,Культуры бахчевые,74963.0,
2025,7,Жамбылская область,Культуры бахчевые,43734.0,
2025,7,Мангистауская область,Культуры бахчевые,154481.0,
2025,7,Туркестанская область,Культуры бахчевые,76855.0,
2025,7,Республика Казахстан,Арбузы,50122.0,
2025,7,Жамбылская область,Арбузы,43734.0,
2025,7,Мангистауская область,Арбузы,140071.0,
2025,7,Туркестанская область,Арбузы,49268.0,
2025,7,Республика Казахстан,Дыни,88176.0,
2025,7,Мангистауская область,Дыни,172182.0,
2025,7,Туркестанская область,Дыни,87994.0,
2025,7,Республика Казахстан,Огурцы открытого грунта,125120.0,
2025,7,Актюбинская область,Огурцы открытого грунта,111596.0,
2025,7,Атырауская область,Огурцы открытого грунта,287380.0,
2025,7,Мангистауская область,Огурцы открытого грунта,244364.0,
2025,7,Республика Казахстан,Огурцы закрытого грунта,342014.0,
2025,7,Республика Казахстан,Баклажаны,154109.0,
2025,7,Мангистауская область,Баклажаны,150000.0,
2025,7,Республика Казахстан,Помидоры открытого грунта,138620.0,
2025,7,Мангистауская область,Помидоры открытого грунта,209965.0,
2025,7,Республика Казахстан,Помидоры закрытого грунта,408689.0,
2025,7,Актюбинская область,Помидоры закрытого грунта,557180.0,
2025,7,Туркестанская область,Помидоры закрытого грунта,300000.0,
2025,7,Республика Казахстан,Морковь столовая,135327.0,
2025,7,Республика Казахстан,Картофель,174819.0,
2025,7,Павлодарская область,Картофель,164149.0,
2025,7,Республика Казахстан,Культуры кормовые зерновые,79842.0,
2025,7,Северо-Казахстанская область,Культуры кормовые зерновые,71562.0,
2025,7,Республика Казахстан,Сено,33466.0,
2025,7,Актюбинская область,Сено,30000.0,
2025,7,Жамбылская область,Сено,42322.0,
2025,7,Кызылординская область,Сено,31413.0,
2025,7,Туркестанская область,Сено,33120.0,
2025,7,Республика Казахстан,Плоды косточковые,183164.0,
2025,7,Туркестанская область,Плоды косточковые,215341.0,
2025,7,Республика Казахстан,Ягоды и плоды прочие,1166365.0,
2025,7,Республика Казахстан,Скот крупный рогатый,1235461.0,
2025,7,Абай область,Скот крупный рогатый,1258036.0,
2025,7,Акмолинская область,Скот крупный рогатый,1998683.0,
2025,7,Актюбинская область,Скот крупный рогатый,1019259.0,
2025,7,Алматинская область,Скот крупный рогатый,1545899.0,
2025,7,Западно-Казахстанская область,Скот крупный рогатый,1023358.0,
2025,7,Жамбылская область,Скот крупный рогатый,1353958.0,
2025,7,Карагандинская область,Скот крупный рогатый,1141664.0,
2025,7,Костанайская область,Скот крупный рогатый,1420905.0,
2025,7,Кызылординская область,Скот крупный рогатый,1059872.0,
2025,7,Павлодарская область,Скот крупный рогатый,1093133.0,
2025,7,Туркестанская область,Скот крупный рогатый,1100826.0,
2025,7,Ұлытау область,Скот крупный рогатый,1167064.0,
2025,7,Восточно-Казахстанская область,Скот крупный рогатый,1070651.0,
2025,7,Республика Казахстан,Лошади,1367283.0,
2025,7,Абай область,Лошади,1173688.0,
2025,7,Актюбинская область,Лошади,1072076.0,
2025,7,Западно-Казахстанская область,Лошади,1007179.0,
2025,7,Жамбылская область,Лошади,1205438.0,
2025,7,Карагандинская область,Лошади,1552354.0,
2025,7,Кызылординская область,Лошади,1164009.0,
2025,7,Мангистауская область,Лошади,2237970.0,
2025,7,Павлодарская область,Лошади,1155768.0,
2025,7,Ұлытау область,Лошади,1630107.0,
2025,7,Восточно-Казахстанская область,Лошади,1141946.0,
2025,7,Республика Казахстан,Верблюды,1244917.0,
2025,7,Мангистауская область,Верблюды,1640215.0,
2025,7,Республика Казахстан,Овцы,1258456.0,
2025,7,Абай область,Овцы,1391491.0,
2025,7,Актюбинская область,Овцы,964883.0,
2025,7,Западно-Казахстанская область,Овцы,875695.0,
2025,7,Жамбылская область,Овцы,1036941.0,
2025,7,Карагандинская область,Овцы,916166.0,
2025,7,Кызылординская область,Овцы,1030979.0,
2025,7,Мангистауская область,Овцы,1379593.0,
2025,7,Ұлытау область,Овцы,1210569.0,
2025,7,Республика Казахстан,Свиньи,864610.0,
2025,7,Западно-Казахстанская область,Свиньи,1055502.0,
2025,7,Республика Казахстан,Домашняя птица,952662.0,
2025,7,Мангистауская область,Домашняя птица,1262200.0,
2025,7,Северо-Казахстанская область,Домашняя птица,993764.0,
2025,7,Республика Казахстан,Молоко сырое коровье,220725.0,
2025,7,Абай область,Молоко сырое коровье,233605.0,
2025,7,Акмолинская область,Молоко сырое коровье,205179.0,
2025,7,Алматинская область,Молоко сырое коровье,245444.0,
2025,7,Западно-Казахстанская область,Молоко сырое коровье,219269.0,
2025,7,Жамбылская область,Молоко сырое коровье,219915.0,
2025,7,Жетісу область,Молоко сырое коровье,235818.0,
2025,7,Костанайская область,Молоко сырое коровье,224181.0,
2025,7,Кызылординская область,Молоко сырое коровье,226115.0,
2025,7,Павлодарская область,Молоко сырое коровье,214640.0,
2025,7,Северо-Казахстанская область,Молоко сырое коровье,191960.0,
2025,7,Туркестанская область,Молоко сырое коровье,198661.0,
2025,7,Восточно-Казахстанская область,Молоко сырое коровье,223287.0,
2025,7,Республика Казахстан,Молоко сырое кобылье,924341.0,
2025,7,Абай область,Молоко сырое кобылье,1313335.0,
2025,7,Кызылординская область,Молоко сырое кобылье,991131.0,
2025,7,Ұлытау область,Молоко сырое кобылье,544814.0,
2025,7,Республика Казахстан,Молоко сырое верблюжье,777135.0,
2025,7,Актюбинская область,Молоко сырое верблюжье,1220475.0,
2025,7,Атырауская область,Молоко сырое верблюжье,914535.0,
2025,7,Кызылординская область,Молоко сырое верблюжье,975557.0,
2025,7,Мангистауская область,Молоко сырое верблюжье,849861.0,
2025,7,Туркестанская область,Молоко сырое верблюжье,780000.0,
2025,7,Республика Казахстан,Яйца в скорлупе (за тыс. штук),28981.0,
2025,7,Акмолинская область,Яйца в скорлупе (за тыс. штук),25476.0,
2025,7,Карагандинская область,Яйца в скорлупе (за тыс. штук),29184.0,
2025,7,Костанайская область,Яйца в скорлупе (за тыс. штук),34611.0,
2025,7,Северо-Казахстанская область,Яйца в скорлупе (за тыс. штук),24743.0,
2025,7,Туркестанская область,Яйца в скорлупе (за тыс. штук),36612.0,
2025,7,Республика Казахстан,"Шерсть стриженная с овец и коз, немытая (включая промытую руном)",263333.0,
2025,7,Жетісу область,"Шерсть стриженная с овец и коз, немытая (включая промытую руном)",289300.0,
2025,7,Республика Казахстан,Мед натуральный,1521944.0,
2025,8,Республика Казахстан,Пшеница,89134.0,Пшеница
2025,8,Абай область,Пшеница,82307.0,Пшеница
2025,8,Акмолинская область,Пшеница,90312.0,Пшеница
2025,8,Актюбинская область,Пшеница,83519.0,Пшеница
2025,8,Западно-Казахстанская область,Пшеница,72672.0,Пшеница
2025,8,Карагандинская область,Пшеница,98800.0,Пшеница
2025,8,Костанайская область,Пшеница,93968.0,Пшеница
2025,8,Павлодарская область,Пшеница,77667.0,Пшеница
2025,8,Северо-Казахстанская область,Пшеница,83448.0,Пшеница
2025,8,Туркестанская область,Пшеница,99934.0,Пшеница
2025,8,Восточно-Казахстанская область,Пшеница,81792.0,Пшеница
2025,8,Республика Казахстан,Пшеница твердая,78008.0,
2025,8,Северо-Казахстанская область,Пшеница твердая,79914.0,
2025,8,Республика Казахстан,"Пшеница, кроме пшеницы твердой",89659.0,
2025,8,Абай область,"Пшеница, кроме пшеницы твердой",82307.0,
2025,8,Акмолинская область,"Пшеница, кроме пшеницы твердой",90998.0,
2025,8,Актюбинская область,"Пшеница, кроме пшеницы твердой",83519.0,
2025,8,Западно-Казахстанская область,"Пшеница, кроме пшеницы твердой",72672.0,
2025,8,Карагандинская область,"Пшеница, кроме пшеницы твердой",98800.0,
2025,8,Костанайская область,"Пшеница, кроме пшеницы твердой",94650.0,
2025,8,Павлодарская область,"Пшеница, кроме пшеницы твердой",77554.0,
2025,8,Северо-Казахстанская область,"Пшеница, кроме пшеницы твердой",83765.0,
2025,8,Туркестанская область,"Пшеница, кроме пшеницы твердой",99934.0,
2025,8,Восточно-Казахстанская область,"Пшеница, кроме пшеницы твердой",81792.0,
2025,8,Республика Казахстан,Ячмень,71884.0,Ячмень
2025,8,Северо-Казахстанская область,Ячмень,71429.0,Ячмень
2025,8,Республика Казахстан,Чечевица сушеная,158712.0,
2025,8,Западно-Казахстанская область,Чечевица сушеная,208726.0,
2025,8,Северо-Казахстанская область,Чечевица сушеная,158636.0,
2025,8,Республика Казахстан,Семена подсолнечника,203544.0,Подсолнечник
2025,8,Павлодарская область,Семена подсолнечника,159270.0,Подсолнечник
2025,8,Восточно-Казахстанская область,Семена подсолнечника,223796.0,Подсолнечник
2025,8,Республика Казахстан,Семена сафлора,128243.0,
2025,8,Республика Казахстан,Семена льна-кудряша,226267.0,
2025,8,Костанайская область,Семена льна-кудряша,233787.0,
2025,8,Северо-Казахстанская область,Семена льна-кудряша,218950.0,
2025,8,Республика Казахстан,Семена рапса,285761.0,
2025,8,Республика Казахстан,Капуста кочанная,147625.0,
2025,8,Атырауская область,Капуста кочанная,156739.0,
2025,8,Костанайская область,Капуста кочанная,135117.0,
2025,8,Республика Казахстан,Культуры бахчевые,59561.0,
2025,8,Абай область,Культуры бахчевые,92963.0,
2025,8,Актюбинская область,Культуры бахчевые,171950.0,
2025,8,Атырауская область,Культуры бахчевые,158245.0,
2025,8,Западно-Казахстанская область,Культуры бахчевые,133743.0,
2025,8,Жамбылская область,Культуры бахчевые,44455.0,
2025,8,Мангистауская область,Культуры бахчевые,142732.0,
2025,8,Туркестанская область,Культуры бахчевые,53302.0,
2025,8,Восточно-Казахстанская область,Культуры бахчевые,138784.0,
2025,8,Республика Казахстан,Арбузы,50715.0,
2025,8,Абай область,Арбузы,82162.0,
2025,8,Актюбинская область,Арбузы,111294.0,
2025,8,Атырауская область,Арбузы,131037.0,
2025,8,Жамбылская область,Арбузы,38067.0,
2025,8,Мангистауская область,Арбузы,116790.0,
2025,8,Восточно-Казахстанская область,Арбузы,104212.0,
2025,8,Республика Казахстан,Дыни,64871.0,
2025,8,Атырауская область,Дыни,202204.0,
2025,8,Жамбылская область,Дыни,112183.0,
2025,8,Мангистауская область,Дыни,174600.0,
2025,8,Туркестанская область,Дыни,58800.0,
2025,8,Восточно-Казахстанская область,Дыни,195995.0,
2025,8,Республика Казахстан,Перцы,194081.0,
2025,8,Республика Казахстан,Огурцы открытого грунта,161150.0,
2025,8,Актюбинская область,Огурцы открытого грунта,131681.0,
2025,8,Атырауская область,Огурцы открытого грунта,220080.0,
2025,8,Западно-Казахстанская область,Огурцы открытого грунта,157069.0,
2025,8,Мангистауская область,Огурцы открытого грунта,197999.0,
2025,8,Республика Казахстан,Огурцы закрытого грунта,382852.0,
2025,8,Павлодарская область,Огурцы закрытого грунта,329467.0,
2025,8,Республика Казахстан,Баклажаны,196417.0,
2025,8,Мангистауская область,Баклажаны,214642.0,
2025,8,Республика Казахстан,Помидоры открытого грунта,174508.0,
2025,8,Актюбинская область,Помидоры открытого грунта,135917.0,
2025,8,Атырауская область,Помидоры открытого грунта,164797.0,
2025,8,Костанайская область,Помидоры открытого грунта,296159.0,
2025,8,Мангистауская область,Помидоры открытого грунта,225306.0,
2025,8,Республика Казахстан,Помидоры закрытого грунта,354597.0,
2025,8,Актюбинская область,Помидоры закрытого грунта,433752.0,
2025,8,Республика Казахстан,Морковь столовая,137349.0,
2025,8,Атырауская область,Морковь столовая,128058.0,
2025,8,Костанайская область,Морковь столовая,181331.0,
2025,8,Павлодарская область,Морковь столовая,132781.0,
2025,8,Республика Казахстан,Лук репчатый,99224.0,
2025,8,Атырауская область,Лук репчатый,111869.0,
2025,8,Жамбылская область,Лук репчатый,98374.0,
2025,8,Республика Казахстан,Свекла столовая,153129.0,
2025,8,Атырауская область,Свекла столовая,173205.0,
2025,8,Республика Казахстан,Картофель,137152.0,
2025,8,Павлодарская область,Картофель,114531.0,
2025,8,Республика Казахстан,Культуры кормовые зерновые,63461.0,
2025,8,Северо-Казахстанская область,Культуры кормовые зерновые,73660.0,
2025,8,Республика Казахстан,Сено,32625.0,
2025,8,Абай область,Сено,40892.0,
2025,8,Актюбинская область,Сено,28524.0,
2025,8,Алматинская область,Сено,33485.0,
2025,8,Западно-Казахстанская область,Сено,22263.0,
2025,8,Жамбылская область,Сено,38933.0,
2025,8,Кызылординская область,Сено,27115.0,
2025,8,Туркестанская область,Сено,31064.0,
2025,8,Республика Казахстан,Виноград свежий,300090.0,
2025,8,Республика Казахстан,Плоды семечковые,197885.0,
2025,8,Республика Казахстан,Яблоки,197884.0,
2025,8,Республика Казахстан,Ягоды и плоды прочие,1186351.0,
2025,8,Республика Казахстан,Скот крупный рогатый,1203186.0,
2025,8,Абай область,Скот крупный рогатый,1307793.0,
2025,8,Акмолинская область,Скот крупный рогатый,2014080.0,
2025,8,Актюбинская область,Скот крупный рогатый,1038966.0,
2025,8,Алматинская область,Скот крупный рогатый,1552892.0,
2025,8,Западно-Казахстанская область,Скот крупный рогатый,1029088.0,
2025,8,Жамбылская область,Скот крупный рогатый,972455.0,
2025,8,Костанайская область,Скот крупный рогатый,1308556.0,
2025,8,Кызылординская область,Скот крупный рогатый,1081660.0,
2025,8,Павлодарская область,Скот крупный рогатый,1063891.0,
2025,8,Северо-Казахстанская область,Скот крупный рогатый,1005207.0,
2025,8,Туркестанская область,Скот крупный рогатый,1065014.0,
2025,8,Ұлытау область,Скот крупный рогатый,1720175.0,
2025,8,Восточно-Казахстанская область,Скот крупный рогатый,1043796.0,
2025,8,Республика Казахстан,Лошади,1244019.0,
2025,8,Абай область,Лошади,1213725.0,
2025,8,Актюбинская область,Лошади,1093947.0,
2025,8,Западно-Казахстанская область,Лошади,1028059.0,
2025,8,Кызылординская область,Лошади,1164009.0,
2025,8,Мангистауская область,Лошади,1256823.0,
2025,8,Павлодарская область,Лошади,1179310.0,
2025,8,Ұлытау область,Лошади,1679182.0,
2025,8,Восточно-Казахстанская область,Лошади,1141946.0,
2025,8,Республика Казахстан,Верблюды,1137266.0,
2025,8,Мангистауская область,Верблюды,1265773.0,
2025,8,Республика Казахстан,Овцы,1249785.0,
2025,8,Абай область,Овцы,1414160.0,
2025,8,Актюбинская область,Овцы,975362.0,
2025,8,Западно-Казахстанская область,Овцы,907949.0,
2025,8,Жамбылская область,Овцы,1097722.0,
2025,8,Кызылординская область,Овцы,1073029.0,
2025,8,Мангистауская область,Овцы,1392913.0,
2025,8,Ұлытау область,Овцы,1039377.0,
2025,8,Республика Казахстан,Свиньи,1020955.0,
2025,8,Западно-Казахстанская область,Свиньи,1115121.0,
2025,8,Республика Казахстан,Домашняя птица,1005590.0,
2025,8,Мангистауская область,Домашняя птица,1262200.0,
2025,8,Северо-Казахстанская область,Домашняя птица,1146322.0,
2025,8,Республика Казахстан,Молоко сырое коровье,216610.0,
2025,8,Абай область,Молоко сырое коровье,233605.0,
2025,8,Акмолинская область,Молоко сырое коровье,208923.0,
2025,8,Алматинская область,Молоко сырое коровье,250843.0,
2025,8,Западно-Казахстанская область,Молоко сырое коровье,219269.0,
2025,8,Жамбылская область,Молоко сырое коровье,224280.0,
2025,8,Жетісу область,Молоко сырое коровье,219409.0,
2025,8,Костанайская область,Молоко сырое коровье,223902.0,
2025,8,Кызылординская область,Молоко сырое коровье,226128.0,
2025,8,Павлодарская область,Молоко сырое коровье,214466.0,
2025,8,Северо-Казахстанская область,Молоко сырое коровье,191956.0,
2025,8,Туркестанская область,Молоко сырое коровье,199218.0,
2025,8,Восточно-Казахстанская область,Молоко сырое коровье,223447.0,
2025,8,Республика Казахстан,Молоко сырое кобылье,938036.0,
2025,8,Абай область,Молоко сырое кобылье,1313335.0,
2025,8,Кызылординская область,Молоко сырое кобылье,991132.0,
2025,8,Республика Казахстан,Молоко сырое верблюжье,777696.0,
2025,8,Актюбинская область,Молоко сырое верблюжье,1220475.0,
2025,8,Атырауская область,Молоко сырое верблюжье,914535.0,
2025,8,Кызылординская область,Молоко сырое верблюжье,975557.0,
2025,8,Мангистауская область,Молоко сырое верблюжье,863109.0,
2025,8,Туркестанская область,Молоко сырое верблюжье,780000.0,
2025,8,Республика Казахстан,Яйца в скорлупе (за тыс. штук),36905.0,
2025,8,Акмолинская область,Яйца в скорлупе (за тыс. штук),39630.0,
2025,8,Карагандинская область,Яйца в скорлупе (за тыс. штук),31945.0,
2025,8,Костанайская область,Яйца в скорлупе (за тыс. штук),40883.0,
2025,8,Северо-Казахстанская область,Яйца в скорлупе (за тыс. штук),35321.0,
2025,8,Туркестанская область,Яйца в скорлупе (за тыс. штук),37371.0,
2025,8,Республика Казахстан,Мед натуральный,1682147.0,
2025,8,Восточно-Казахстанская область,Мед натуральный,1513242.0,
2025,9,Республика Казахстан,Пшеница,87433.0,Пшеница
2025,9,Акмолинская область,Пшеница,92746.0,Пшеница
2025,9,Актюбинская область,Пшеница,81990.0,Пшеница
2025,9,Западно-Казахстанская область,Пшеница,88485.0,Пшеница
2025,9,Карагандинская область,Пшеница,93305.0,Пшеница
2025,9,Костанайская область,Пшеница,85343.0,Пшеница
2025,9,Кызылординская область,Пшеница,90047.0,Пшеница
2025,9,Павлодарская область,Пшеница,66985.0,Пшеница
2025,9,Северо-Казахстанская область,Пшеница,84270.0,Пшеница
2025,9,Туркестанская область,Пшеница,97005.0,Пшеница
2025,9,Восточно-Казахстанская область,Пшеница,78512.0,Пшеница
2025,9,Республика Казахстан,Пшеница твердая,98320.0,
2025,9,Республика Казахстан,"Пшеница, кроме пшеницы твердой",86920.0,
2025,9,Акмолинская область,"Пшеница, кроме пшеницы твердой",90657.0,
2025,9,Актюбинская область,"Пшеница, кроме пшеницы твердой",81990.0,
2025,9,Западно-Казахстанская область,"Пшеница, кроме пшеницы твердой",88485.0,
2025,9,Карагандинская область,"Пшеница, кроме пшеницы твердой",93305.0,
2025,9,Костанайская область,"Пшеница, кроме пшеницы твердой",84922.0,
2025,9,Кызылординская область,"Пшеница, кроме пшеницы твердой",90047.0,
2025,9,Павлодарская область,"Пшеница, кроме пшеницы твердой",66724.0,
2025,9,Северо-Казахстанская область,"Пшеница, кроме пшеницы твердой",84941.0,
2025,9,Туркестанская область,"Пшеница, кроме пшеницы твердой",97005.0,
2025,9,Восточно-Казахстанская область,"Пшеница, кроме пшеницы твердой",78512.0,
2025,9,Республика Казахстан,Кукуруза (маис),103723.0,Кукуруза
2025,9,Туркестанская область,Кукуруза (маис),103723.0,Кукуруза
2025,9,Республика Казахстан,Ячмень,81868.0,Ячмень
2025,9,Акмолинская область,Ячмень,75893.0,Ячмень
2025,9,Костанайская область,Ячмень,73627.0,Ячмень
2025,9,Северо-Казахстанская область,Ячмень,68902.0,Ячмень
2025,9,Восточно-Казахстанская область,Ячмень,97725.0,Ячмень
2025,9,Республика Казахстан,Рожь,64439.0,
2025,9,Республика Казахстан,"Рис, необрушенный",119464.0,
2025,9,Кызылординская область,"Рис, необрушенный",119464.0,
2025,9,Республика Казахстан,Чечевица сушеная,179585.0,
2025,9,Западно-Казахстанская область,Чечевица сушеная,234756.0,
2025,9,Костанайская область,Чечевица сушеная,162939.0,
2025,9,Северо-Казахстанская область,Чечевица сушеная,166982.0,
2025,9,Республика Казахстан,"Горох, сушенный",83888.0,
2025,9,Северо-Казахстанская область,"Горох, сушенный",83756.0,
2025,9,Республика Казахстан,Семена подсолнечника,227730.0,Подсолнечник
2025,9,Западно-Казахстанская область,Семена подсолнечника,169062.0,Подсолнечник
2025,9,Республика Казахстан,Семена сафлора,132943.0,
2025,9,Западно-Казахстанская область,Семена сафлора,143137.0,
2025,9,Жамбылская область,Семена сафлора,151593.0,
2025,9,Туркестанская область,Семена сафлора,120033.0,
2025,9,Республика Казахстан,Семена льна-кудряша,296751.0,
2025,9,Костанайская область,Семена льна-кудряша,222843.0,
2025,9,Северо-Казахстанская область,Семена льна-кудряша,338385.0,
2025,9,Республика Казахстан,Семена рапса,193802.0,
2025,9,Республика Казахстан,Капуста кочанная,109160.0,
2025,9,Атырауская область,Капуста кочанная,156739.0,
2025,9,Костанайская область,Капуста кочанная,90535.0,
2025,9,Республика Казахстан,Культуры бахчевые,96813.0,
2025,9,Абай область,Культуры бахчевые,93199.0,
2025,9,Актюбинская область,Культуры бахчевые,138653.0,
2025,9,Атырауская область,Культуры бахчевые,156038.0,
2025,9,Западно-Казахстанская область,Культуры бахчевые,133858.0,
2025,9,Жамбылская область,Культуры бахчевые,40472.0,
2025,9,Жетісу область,Культуры бахчевые,161690.0,
2025,9,Мангистауская область,Культуры бахчевые,133220.0,
2025,9,Восточно-Казахстанская область,Культуры бахчевые,138784.0,
2025,9,Республика Казахстан,Арбузы,77182.0,
2025,9,Абай область,Арбузы,83342.0,
2025,9,Актюбинская область,Арбузы,88806.0,
2025,9,Атырауская область,Арбузы,131037.0,
2025,9,Западно-Казахстанская область,Арбузы,88446.0,
2025,9,Жамбылская область,Арбузы,40472.0,
2025,9,Мангистауская область,Арбузы,111272.0,
2025,9,Восточно-Казахстанская область,Арбузы,104212.0,
2025,9,Республика Казахстан,Дыни,206397.0,
2025,9,Атырауская область,Дыни,196432.0,
2025,9,Мангистауская область,Дыни,160182.0,
2025,9,Восточно-Казахстанская область,Дыни,195995.0,
2025,9,Республика Казахстан,Перцы,195436.0,
2025,9,Республика Казахстан,Огурцы открытого грунта,192219.0,
2025,9,Атырауская область,Огурцы открытого грунта,232701.0,
2025,9,Мангистауская область,Огурцы открытого грунта,228943.0,
2025,9,Республика Казахстан,Огурцы закрытого грунта,306906.0,
2025,9,Павлодарская область,Огурцы закрытого грунта,434096.0,
2025,9,Северо-Казахстанская область,Огурцы закрытого грунта,452635.0,
2025,9,Республика Казахстан,Баклажаны,291312.0,
2025,9,Республика Казахстан,Помидоры открытого грунта,187753.0,
2025,9,Абай область,Помидоры открытого грунта,227686.0,
2025,9,Актюбинская область,Помидоры открытого грунта,148047.0,
2025,9,Атырауская область,Помидоры открытого грунта,177137.0,
2025,9,Мангистауская область,Помидоры открытого грунта,217604.0,
2025,9,Республика Казахстан,Помидоры закрытого грунта,338746.0,
2025,9,Актюбинская область,Помидоры закрытого грунта,429794.0,
2025,9,Республика Казахстан,Морковь столовая,123006.0,
2025,9,Атырауская область,Морковь столовая,128058.0,
2025,9,Костанайская область,Морковь столовая,148857.0,
2025,9,Республика Казахстан,Лук репчатый,63142.0,
2025,9,Жамбылская область,Лук репчатый,52308.0,
2025,9,Республика Казахстан,Свекла столовая,160395.0,
2025,9,Атырауская область,Свекла столовая,144225.0,
2025,9,Костанайская область,Свекла столовая,149256.0,
2025,9,Республика Казахстан,Картофель,106679.0,
2025,9,Акмолинская область,Картофель,118475.0,
2025,9,Западно-Казахстанская область,Картофель,126770.0,
2025,9,Жамбылская область,Картофель,137069.0,
2025,9,Костанайская область,Картофель,123442.0,
2025,9,Павлодарская область,Картофель,108482.0,
2025,9,Северо-Казахстанская область,Картофель,92335.0,
2025,9,Республика Казахстан,Культуры кормовые зерновые,70241.0,
2025,9,Акмолинская область,Культуры кормовые зерновые,72723.0,
2025,9,Жамбылская область,Культуры кормовые зерновые,75000.0,
2025,9,Костанайская область,Культуры кормовые зерновые,68816.0,
2025,9,Северо-Казахстанская область,Культуры кормовые зерновые,70639.0,
2025,9,Туркестанская область,Культуры кормовые зерновые,101194.0,
2025,9,Республика Казахстан,Сено,35897.0,
2025,9,Абай область,Сено,41622.0,
2025,9,Актюбинская область,Сено,28524.0,
2025,9,Западно-Казахстанская область,Сено,22923.0,
2025,9,Жамбылская область,Сено,45760.0,
2025,9,Кызылординская область,Сено,31707.0,
2025,9,Республика Казахстан,Виноград свежий,312798.0,
2025,9,Алматинская область,Виноград свежий,159628.0,
2025,9,Республика Казахстан,Плоды семечковые,201063.0,
2025,9,Туркестанская область,Плоды семечковые,243659.0,
2025,9,Республика Казахстан,Яблоки,200324.0,
2025,9,Республика Казахстан,Ягоды и плоды прочие,1574408.0,
2025,9,Республика Казахстан,Скот крупный рогатый,1300396.0,
2025,9,Абай область,Скот крупный рогатый,1389017.0,
2025,9,Акмолинская область,Скот крупный рогатый,2165905.0,
2025,9,Актюбинская область,Скот крупный рогатый,1256980.0,
2025,9,Алматинская область,Скот крупный рогатый,1560691.0,
2025,9,Западно-Казахстанская область,Скот крупный рогатый,989752.0,
2025,9,Жамбылская область,Скот крупный рогатый,1034345.0,
2025,9,Костанайская область,Скот крупный рогатый,1610379.0,
2025,9,Кызылординская область,Скот крупный рогатый,1030780.0,
2025,9,Павлодарская область,Скот крупный рогатый,1106318.0,
2025,9,Северо-Казахстанская область,Скот крупный рогатый,1162669.0,
2025,9,Туркестанская область,Скот крупный рогатый,1177437.0,
2025,9,Ұлытау область,Скот крупный рогатый,1326738.0,
2025,9,Восточно-Казахстанская область,Скот крупный рогатый,1137377.0,
2025,9,Республика Казахстан,Лошади и животные семейства лошадиных прочие,1323504.0,
2025,9,Абай область,Лошади и животные семейства лошадиных прочие,1275435.0,
2025,9,Актюбинская область,Лошади и животные семейства лошадиных прочие,1175186.0,
2025,9,Западно-Казахстанская область,Лошади и животные семейства лошадиных прочие,1023220.0,
2025,9,Кызылординская область,Лошади и животные семейства лошадиных прочие,1148184.0,
2025,9,Мангистауская область,Лошади и животные семейства лошадиных прочие,1261467.0,
2025,9,Павлодарская область,Лошади и животные семейства лошадиных прочие,1151985.0,
2025,9,Восточно-Казахстанская область,Лошади и животные семейства лошадиных прочие,1141946.0,
2025,9,Республика Казахстан,"Верблюды и верблюдовые, живые",1259155.0,
2025,9,Мангистауская область,"Верблюды и верблюдовые, живые",1265773.0,
2025,9,Республика Казахстан,Овцы живые,1248753.0,
2025,9,Абай область,Овцы живые,1498303.0,
2025,9,Актюбинская область,Овцы живые,1003363.0,
2025,9,Западно-Казахстанская область,Овцы живые,929327.0,
2025,9,Жамбылская область,Овцы живые,1079811.0,
2025,9,Кызылординская область,Овцы живые,1103539.0,
2025,9,Мангистауская область,Овцы живые,1104167.0,
2025,9,Павлодарская область,Овцы живые,1002697.0,
2025,9,Ұлытау область,Овцы живые,1116160.0,
2025,9,Восточно-Казахстанская область,Овцы живые,965088.0,
2025,9,Республика Казахстан,"Свиньи, живые",1019911.0,
2025,9,Западно-Казахстанская область,"Свиньи, живые",1115121.0,
2025,9,Республика Казахстан,"Домашняя птица, живая",1025474.0,
2025,9,Мангистауская область,"Домашняя птица, живая",1262200.0,
2025,9,Северо-Казахстанская область,"Домашняя птица, живая",1146322.0,
2025,9,Республика Казахстан,Молоко сырое коровье,226011.0,
2025,9,Абай область,Молоко сырое коровье,233605.0,
2025,9,Акмолинская область,Молоко сырое коровье,213111.0,
2025,9,Алматинская область,Молоко сырое коровье,254046.0,
2025,9,Западно-Казахстанская область,Молоко сырое коровье,219269.0,
2025,9,Жамбылская область,Молоко сырое коровье,225909.0,
2025,9,Жетісу область,Молоко сырое коровье,249418.0,
2025,9,Костанайская область,Молоко сырое коровье,223925.0,
2025,9,Кызылординская область,Молоко сырое коровье,226140.0,
2025,9,Павлодарская область,Молоко сырое коровье,214695.0,
2025,9,Северо-Казахстанская область,Молоко сырое коровье,193644.0,
2025,9,Туркестанская область,Молоко сырое коровье,230994.0,
2025,9,Восточно-Казахстанская область,Молоко сырое коровье,223944.0,
2025,9,Республика Казахстан,Молоко сырое кобылье,953256.0,
2025,9,Абай область,Молоко сырое кобылье,1313335.0,
2025,9,Кызылординская область,Молоко сырое кобылье,991133.0,
2025,9,Республика Казахстан,Молоко сырое верблюжье,783898.0,
2025,9,Актюбинская область,Молоко сырое верблюжье,1220475.0,
2025,9,Атырауская область,Молоко сырое верблюжье,937219.0,
2025,9,Кызылординская область,Молоко сырое верблюжье,988066.0,
2025,9,Мангистауская область,Молоко сырое верблюжье,869508.0,
2025,9,Туркестанская область,Молоко сырое верблюжье,800000.0,
2025,9,Республика Казахстан,Яйца (за тыс. штук),39834.0,
2025,9,Акмолинская область,Яйца (за тыс. штук),44668.0,
2025,9,Карагандинская область,Яйца (за тыс. штук),32780.0,
2025,9,Костанайская область,Яйца (за тыс. штук),41300.0,
2025,9,Северо-Казахстанская область,Яйца (за тыс. штук),39249.0,
2025,9,Туркестанская область,Яйца (за тыс. штук),44481.0,
2025,9,Республика Казахстан,Мед натуральный,1848126.0,
2025,10,Республика Казахстан,Пшеница,80460.0,Пшеница
2025,10,Абай область,Пшеница,72059.0,Пшеница
2025,10,Акмолинская область,Пшеница,88182.0,Пшеница
2025,10,Актюбинская область,Пшеница,84308.0,Пшеница
2025,10,Алматинская область,Пшеница,115127.0,Пшеница
2025,10,Западно-Казахстанская область,Пшеница,82499.0,Пшеница
2025,10,Карагандинская область,Пшеница,82154.0,Пшеница
2025,10,Костанайская область,Пшеница,78542.0,Пшеница
2025,10,Кызылординская область,Пшеница,83116.0,Пшеница
2025,10,Павлодарская область,Пшеница,60734.0,Пшеница
2025,10,Северо-Казахстанская область,Пшеница,73529.0,Пшеница
2025,10,Туркестанская область,Пшеница,97675.0,Пшеница
2025,10,Восточно-Казахстанская область,Пшеница,81219.0,Пшеница
2025,10,Республика Казахстан,Пшеница твердая,99579.0,
2025,10,Костанайская область,Пшеница твердая,75813.0,
2025,10,Республика Казахстан,"Пшеница, кроме пшеницы твердой",79548.0,
2025,10,Абай область,"Пшеница, кроме пшеницы твердой",72059.0,
2025,10,Акмолинская область,"Пшеница, кроме пшеницы твердой",85639.0,
2025,10,Актюбинская область,"Пшеница, кроме пшеницы твердой",84308.0,
2025,10,Алматинская область,"Пшеница, кроме пшеницы твердой",115127.0,
2025,10,Западно-Казахстанская область,"Пшеница, кроме пшеницы твердой",82499.0,
2025,10,Карагандинская область,"Пшеница, кроме пшеницы твердой",81612.0,
2025,10,Костанайская область,"Пшеница, кроме пшеницы твердой",78679.0,
2025,10,Кызылординская область,"Пшеница, кроме пшеницы твердой",83116.0,
2025,10,Павлодарская область,"Пшеница, кроме пшеницы твердой",60734.0,
2025,10,Северо-Казахстанская область,"Пшеница, кроме пшеницы твердой",72516.0,
2025,10,Туркестанская область,"Пшеница, кроме пшеницы твердой",97675.0,
2025,10,Восточно-Казахстанская область,"Пшеница, кроме пшеницы твердой",81219.0,
2025,10,Республика Казахстан,Кукуруза (маис),95936.0,Кукуруза
2025,10,Туркестанская область,Кукуруза (маис),95936.0,Кукуруза
2025,10,Республика Казахстан,Ячмень,70736.0,Ячмень
2025,10,Актюбинская область,Ячмень,63303.0,Ячмень
2025,10,Костанайская область,Ячмень,67161.0,Ячмень
2025,10,Северо-Казахстанская область,Ячмень,63362.0,Ячмень
2025,10,Туркестанская область,Ячмень,95000.0,Ячмень
2025,10,Восточно-Казахстанская область,Ячмень,85524.0,Ячмень
2025,10,Республика Казахстан,Просо,96287.0,
2025,10,Туркестанская область,Просо,155919.0,
2025,10,Республика Казахстан,Гречиха,71150.0,
2025,10,Республика Казахстан,"Рис, необрушенный",111508.0,
2025,10,Кызылординская область,"Рис, необрушенный",107137.0,
2025,10,Республика Казахстан,Чечевица сушеная,136831.0,
2025,10,Костанайская область,Чечевица сушеная,110882.0,
2025,10,Северо-Казахстанская область,Чечевица сушеная,144215.0,
2025,10,Республика Казахстан,"Горох, сушенный",97975.0,
2025,10,Северо-Казахстанская область,"Горох, сушенный",96034.0,
2025,10,Республика Казахстан,Семена подсолнечника,188157.0,Подсолнечник
2025,10,Абай область,Семена подсолнечника,182907.0,Подсолнечник
2025,10,Западно-Казахстанская область,Семена подсолнечника,188799.0,Подсолнечник
2025,10,Павлодарская область,Семена подсолнечника,188771.0,Подсолнечник
2025,10,Восточно-Казахстанская область,Семена подсолнечника,189622.0,Подсолнечник
2025,10,Республика Казахстан,Семена сафлора,109045.0,
2025,10,Западно-Казахстанская область,Семена сафлора,145981.0,
2025,10,Туркестанская область,Семена сафлора,113983.0,
2025,10,Республика Казахстан,Семена льна-кудряша,252473.0,
2025,10,Костанайская область,Семена льна-кудряша,212610.0,
2025,10,Северо-Казахстанская область,Семена льна-кудряша,272687.0,
2025,10,Республика Казахстан,Семена рапса,207038.0,
2025,10,Северо-Казахстанская область,Семена рапса,187821.0,
2025,10,Республика Казахстан,Капуста кочанная,71737.0,
2025,10,Абай область,Капуста кочанная,93121.0,
2025,10,Костанайская область,Капуста кочанная,98255.0,
2025,10,Республика Казахстан,Культуры бахчевые,81738.0,
2025,10,Мангистауская область,Культуры бахчевые,105262.0,
2025,10,Республика Казахстан,Арбузы,55745.0,
2025,10,Республика Казахстан,Перцы,175530.0,
2025,10,Республика Казахстан,Огурцы закрытого грунта,425073.0,
2025,10,Туркестанская область,Огурцы закрытого грунта,328805.0,
2025,10,Республика Казахстан,Помидоры открытого грунта,227344.0,
2025,10,Республика Казахстан,Помидоры закрытого грунта,781023.0,
2025,10,Актюбинская область,Помидоры закрытого грунта,700541.0,
2025,10,Туркестанская область,Помидоры закрытого грунта,990363.0,
2025,10,Республика Казахстан,Морковь столовая,111818.0,
2025,10,Абай область,Морковь столовая,111975.0,
2025,10,Костанайская область,Морковь столовая,146846.0,
2025,10,Павлодарская область,Морковь столовая,81354.0,
2025,10,Республика Казахстан,Лук репчатый,71055.0,
2025,10,Жамбылская область,Лук репчатый,69169.0,
2025,10,Республика Казахстан,Свекла столовая,160106.0,
2025,10,Республика Казахстан,Картофель,121464.0,
2025,10,Абай область,Картофель,84590.0,
2025,10,Акмолинская область,Картофель,113551.0,
2025,10,Алматинская область,Картофель,128057.0,
2025,10,Жетісу область,Картофель,126540.0,
2025,10,Карагандинская область,Картофель,84102.0,
2025,10,Костанайская область,Картофель,124105.0,
2025,10,Павлодарская область,Картофель,103371.0,
2025,10,Северо-Казахстанская область,Картофель,91318.0,
2025,10,Республика Казахстан,Хлопок очищенный или не очищенный от семян,252698.0,
2025,10,Туркестанская область,Хлопок очищенный или не очищенный от семян,252698.0,
2025,10,Республика Казахстан,Культуры кормовые зерновые,58368.0,
2025,10,Акмолинская область,Культуры кормовые зерновые,67458.0,
2025,10,Костанайская область,Культуры кормовые зерновые,65049.0,
2025,10,Северо-Казахстанская область,Культуры кормовые зерновые,65706.0,
2025,10,Восточно-Казахстанская область,Культуры кормовые зерновые,74896.0,
2025,10,Республика Казахстан,Кукуруза на силос,20693.0,
2025,10,Республика Казахстан,Сено,31109.0,
2025,10,Абай область,Сено,41622.0,
2025,10,Актюбинская область,Сено,28524.0,
2025,10,Атырауская область,Сено,29269.0,
2025,10,Западно-Казахстанская область,Сено,23629.0,
2025,10,Кызылординская область,Сено,37334.0,
2025,10,Республика Казахстан,Виноград свежий,368841.0,
2025,10,Республика Казахстан,Плоды семечковые,197263.0,
2025,10,Алматинская область,Плоды семечковые,162370.0,
2025,10,Туркестанская область,Плоды семечковые,205521.0,
2025,10,Республика Казахстан,Яблоки,196389.0,
2025,10,Алматинская область,Яблоки,162370.0,
2025,10,Туркестанская область,Яблоки,203603.0,
2025,10,Республика Казахстан,Скот крупный рогатый,1297783.0,
2025,10,Абай область,Скот крупный рогатый,1447743.0,
2025,10,Акмолинская область,Скот крупный рогатый,1574209.0,
2025,10,Актюбинская область,Скот крупный рогатый,1086261.0,
2025,10,Алматинская область,Скот крупный рогатый,1522361.0,
2025,10,Западно-Казахстанская область,Скот крупный рогатый,1021790.0,
2025,10,Жамбылская область,Скот крупный рогатый,1167698.0,
2025,10,Костанайская область,Скот крупный рогатый,1650033.0,
2025,10,Кызылординская область,Скот крупный рогатый,1054106.0,
2025,10,Павлодарская область,Скот крупный рогатый,1103759.0,
2025,10,Туркестанская область,Скот крупный рогатый,1484047.0,
2025,10,Ұлытау область,Скот крупный рогатый,1233424.0,
2025,10,Восточно-Казахстанская область,Скот крупный рогатый,983358.0,
2025,10,Республика Казахстан,Лошади,1347204.0,
2025,10,Абай область,Лошади,1316238.0,
2025,10,Актюбинская область,Лошади,1075591.0,
2025,10,Западно-Казахстанская область,Лошади,1104872.0,
2025,10,Кызылординская область,Лошади,1137797.0,
2025,10,Мангистауская область,Лошади,1261467.0,
2025,10,Павлодарская область,Лошади,1526229.0,
2025,10,Ұлытау область,Лошади,1550963.0,
2025,10,Восточно-Казахстанская область,Лошади,1140644.0,
2025,10,Республика Казахстан,Верблюды,1103080.0,
2025,10,Кызылординская область,Верблюды,811498.0,
2025,10,Мангистауская область,Верблюды,1265773.0,
2025,10,Республика Казахстан,Овцы,1275269.0,
2025,10,Абай область,Овцы,1428245.0,
2025,10,Актюбинская область,Овцы,950886.0,
2025,10,Алматинская область,Овцы,1587592.0,
2025,10,Западно-Казахстанская область,Овцы,964165.0,
2025,10,Жетісу область,Овцы,1313399.0,
2025,10,Кызылординская область,Овцы,1037328.0,
2025,10,Мангистауская область,Овцы,1098088.0,
2025,10,Восточно-Казахстанская область,Овцы,965680.0,
2025,10,Республика Казахстан,Свиньи,988475.0,
2025,10,Республика Казахстан,Домашняя птица,1068026.0,
2025,10,Мангистауская область,Домашняя птица,1262200.0,
2025,10,Северо-Казахстанская область,Домашняя птица,993764.0,
2025,10,Республика Казахстан,Молоко сырое коровье,228684.0,
2025,10,Абай область,Молоко сырое коровье,233630.0,
2025,10,Акмолинская область,Молоко сырое коровье,216789.0,
2025,10,Алматинская область,Молоко сырое коровье,259511.0,
2025,10,Западно-Казахстанская область,Молоко сырое коровье,219269.0,
2025,10,Жамбылская область,Молоко сырое коровье,225909.0,
2025,10,Жетісу область,Молоко сырое коровье,245067.0,
2025,10,Костанайская область,Молоко сырое коровье,230043.0,
2025,10,Кызылординская область,Молоко сырое коровье,226681.0,
2025,10,Павлодарская область,Молоко сырое коровье,216026.0,
2025,10,Северо-Казахстанская область,Молоко сырое коровье,194961.0,
2025,10,Туркестанская область,Молоко сырое коровье,244270.0,
2025,10,Восточно-Казахстанская область,Молоко сырое коровье,227427.0,
2025,10,Республика Казахстан,Молоко сырое кобылье,955118.0,
2025,10,Абай область,Молоко сырое кобылье,1341143.0,
2025,10,Республика Казахстан,Молоко сырое верблюжье,776680.0,
2025,10,Актюбинская область,Молоко сырое верблюжье,1220475.0,
2025,10,Атырауская область,Молоко сырое верблюжье,881704.0,
2025,10,Кызылординская область,Молоко сырое верблюжье,988066.0,
2025,10,Мангистауская область,Молоко сырое верблюжье,869508.0,
2025,10,Республика Казахстан,Яйца (за тыс.штук),41360.0,
2025,10,Акмолинская область,Яйца (за тыс.штук),47567.0,
2025,10,Карагандинская область,Яйца (за тыс.штук),33288.0,
2025,10,Костанайская область,Яйца (за тыс.штук),42176.0,
2025,10,Северо-Казахстанская область,Яйца (за тыс.штук),40950.0,
2025,10,Туркестанская область,Яйца (за тыс.штук),46370.0,
2025,10,Республика Казахстан,Мед натуральный,1682147.0,
2025,10,Восточно-Казахстанская область,Мед натуральный,1513242.0,
2025,11,Республика Казахстан,Пшеница,79993.0,Пшеница
2025,11,Абай область,Пшеница,78403.0,Пшеница
2025,11,Акмолинская область,Пшеница,86642.0,Пшеница
2025,11,Актюбинская область,Пшеница,88216.0,Пшеница
2025,11,Западно-Казахстанская область,Пшеница,84478.0,Пшеница
2025,11,Карагандинская область,Пшеница,79980.0,Пшеница
2025,11,Костанайская область,Пшеница,76221.0,Пшеница
2025,11,Павлодарская область,Пшеница,71767.0,Пшеница
2025,11,Северо-Казахстанская область,Пшеница,74851.0,Пшеница
2025,11,Туркестанская область,Пшеница,106821.0,Пшеница
2025,11,Восточно-Казахстанская область,Пшеница,68595.0,Пшеница
2025,11,Республика Казахстан,Пшеница твердая,82235.0,
2025,11,Костанайская область,Пшеница твердая,74419.0,
2025,11,Северо-Казахстанская область,Пшеница твердая,87581.0,
2025,11,Республика Казахстан,"Пшеница, кроме пшеницы твердой",79910.0,
2025,11,Абай область,"Пшеница, кроме пшеницы твердой",78403.0,
2025,11,Акмолинская область,"Пшеница, кроме пшеницы твердой",86642.0,
2025,11,Актюбинская область,"Пшеница, кроме пшеницы твердой",88216.0,
2025,11,Западно-Казахстанская область,"Пшеница, кроме пшеницы твердой",84478.0,
2025,11,Карагандинская область,"Пшеница, кроме пшеницы твердой",79980.0,
2025,11,Костанайская область,"Пшеница, кроме пшеницы твердой",76311.0,
2025,11,Павлодарская область,"Пшеница, кроме пшеницы твердой",71669.0,
2025,11,Северо-Казахстанская область,"Пшеница, кроме пшеницы твердой",73709.0,
2025,11,Туркестанская область,"Пшеница, кроме пшеницы твердой",106821.0,
2025,11,Восточно-Казахстанская область,"Пшеница, кроме пшеницы твердой",68595.0,
2025,11,Республика Казахстан,Ячмень,86842.0,Ячмень
2025,11,Актюбинская область,Ячмень,72457.0,Ячмень
2025,11,Павлодарская область,Ячмень,62717.0,Ячмень
2025,11,Северо-Казахстанская область,Ячмень,66130.0,Ячмень
2025,11,Восточно-Казахстанская область,Ячмень,90879.0,Ячмень
2025,11,Республика Казахстан,Просо,80021.0,
2025,11,Республика Казахстан,Гречиха,75475.0,
2025,11,Республика Казахстан,"Рис, необрушенный",109491.0,
2025,11,Кызылординская область,"Рис, необрушенный",109502.0,
2025,11,Республика Казахстан,Чечевица сушеная,149108.0,
2025,11,Костанайская область,Чечевица сушеная,150017.0,
2025,11,Северо-Казахстанская область,Чечевица сушеная,149323.0,
2025,11,Республика Казахстан,Семена подсолнечника,182500.0,Подсолнечник
2025,11,Абай область,Семена подсолнечника,189019.0,Подсолнечник
2025,11,Западно-Казахстанская область,Семена подсолнечника,183149.0,Подсолнечник
2025,11,Костанайская область,Семена подсолнечника,152857.0,Подсолнечник
2025,11,Павлодарская область,Семена подсолнечника,182672.0,Подсолнечник
2025,11,Северо-Казахстанская область,Семена подсолнечника,170364.0,Подсолнечник
2025,11,Восточно-Казахстанская область,Семена подсолнечника,185291.0,Подсолнечник
2025,11,Республика Казахстан,Семена сафлора,141693.0,
2025,11,Западно-Казахстанская область,Семена сафлора,89500.0,
2025,11,Туркестанская область,Семена сафлора,162177.0,
2025,11,Республика Казахстан,Семена льна-кудряша,239040.0,
2025,11,Акмолинская область,Семена льна-кудряша,232904.0,
2025,11,Костанайская область,Семена льна-кудряша,215480.0,
2025,11,Северо-Казахстанская область,Семена льна-кудряша,247060.0,
2025,11,Республика Казахстан,Семена рапса,198826.0,
2025,11,Северо-Казахстанская область,Семена рапса,200109.0,
2025,11,Республика Казахстан,Капуста кочанная,115393.0,
2025,11,Абай область,Капуста кочанная,74169.0,
2025,11,Костанайская область,Капуста кочанная,104749.0,
2025,11,Республика Казахстан,Огурцы закрытого грунта,833282.0,
2025,11,Республика Казахстан,Помидоры закрытого грунта,717405.0,
2025,11,Актюбинская область,Помидоры закрытого грунта,825698.0,
2025,11,Алматинская область,Помидоры закрытого грунта,798898.0,
2025,11,Туркестанская область,Помидоры закрытого грунта,467622.0,
2025,11,Республика Казахстан,Морковь столовая,113807.0,
2025,11,Абай область,Морковь столовая,73721.0,
2025,11,Костанайская область,Морковь столовая,155696.0,
2025,11,Павлодарская область,Морковь столовая,95354.0,
2025,11,Республика Казахстан,Лук репчатый,64254.0,
2025,11,Жамбылская область,Лук репчатый,62858.0,
2025,11,Костанайская область,Лук репчатый,119596.0,
2025,11,Республика Казахстан,Свекла столовая,161327.0,
2025,11,Костанайская область,Свекла столовая,129743.0,
2025,11,Республика Казахстан,Картофель,130865.0,
2025,11,Акмолинская область,Картофель,106815.0,
2025,11,Актюбинская область,Картофель,145763.0,
2025,11,Алматинская область,Картофель,169130.0,
2025,11,Жетісу область,Картофель,125284.0,
2025,11,Карагандинская область,Картофель,94374.0,
2025,11,Костанайская область,Картофель,132098.0,
2025,11,Павлодарская область,Картофель,118549.0,
2025,11,Северо-Казахстанская область,Картофель,114967.0,
2025,11,Восточно-Казахстанская область,Картофель,177598.0,
2025,11,Республика Казахстан,Свекла сахарная,14048.0,
2025,11,Жамбылская область,Свекла сахарная,13000.0,
2025,11,Республика Казахстан,Хлопок очищенный или не очищенный от семян,247017.0,
2025,11,Туркестанская область,Хлопок очищенный или не очищенный от семян,247017.0,
2025,11,Республика Казахстан,Культуры кормовые зерновые,69333.0,
2025,11,Акмолинская область,Культуры кормовые зерновые,65046.0,
2025,11,Жамбылская область,Культуры кормовые зерновые,74889.0,
2025,11,Северо-Казахстанская область,Культуры кормовые зерновые,65038.0,
2025,11,Восточно-Казахстанская область,Культуры кормовые зерновые,86143.0,
2025,11,Республика Казахстан,Кукуруза на силос,18870.0,
2025,11,Республика Казахстан,Сено,43634.0,
2025,11,Абай область,Сено,41664.0,
2025,11,Республика Казахстан,Плоды семечковые,267618.0,
2025,11,Республика Казахстан,Яблоки,267618.0,
2025,11,Республика Казахстан,Скот крупный рогатый,1364145.0,
2025,11,Абай область,Скот крупный рогатый,1581836.0,
2025,11,Акмолинская область,Скот крупный рогатый,1884295.0,
2025,11,Актюбинская область,Скот крупный рогатый,1263533.0,
2025,11,Алматинская область,Скот крупный рогатый,1527843.0,
2025,11,Западно-Казахстанская область,Скот крупный рогатый,1033074.0,
2025,11,Жамбылская область,Скот крупный рогатый,1354059.0,
2025,11,Жетісу область,Скот крупный рогатый,896307.0,
2025,11,Костанайская область,Скот крупный рогатый,1650653.0,
2025,11,Кызылординская область,Скот крупный рогатый,1034103.0,
2025,11,Павлодарская область,Скот крупный рогатый,1142079.0,
2025,11,Туркестанская область,Скот крупный рогатый,1513889.0,
2025,11,Ұлытау область,Скот крупный рогатый,1120845.0,
2025,11,Восточно-Казахстанская область,Скот крупный рогатый,1064914.0,
2025,11,Республика Казахстан,Лошади,1411615.0,
2025,11,Абай область,Лошади,1502556.0,
2025,11,Актюбинская область,Лошади,1094835.0,
2025,11,Западно-Казахстанская область,Лошади,1064866.0,
2025,11,Жетісу область,Лошади,933045.0,
2025,11,Кызылординская область,Лошади,1135272.0,
2025,11,Мангистауская область,Лошади,2267701.0,
2025,11,Павлодарская область,Лошади,1253720.0,
2025,11,Ұлытау область,Лошади,1377047.0,
2025,11,Восточно-Казахстанская область,Лошади,1141946.0,
2025,11,Республика Казахстан,Верблюды,1389296.0,
2025,11,Кызылординская область,Верблюды,811498.0,
2025,11,Мангистауская область,Верблюды,1730762.0,
2025,11,Республика Казахстан,Овцы,1291504.0,
2025,11,Абай область,Овцы,1472553.0,
2025,11,Актюбинская область,Овцы,973686.0,
2025,11,Алматинская область,Овцы,1742902.0,
2025,11,Западно-Казахстанская область,Овцы,970436.0,
2025,11,Жамбылская область,Овцы,1154555.0,
2025,11,Жетісу область,Овцы,1309849.0,
2025,11,Кызылординская область,Овцы,1103547.0,
2025,11,Мангистауская область,Овцы,1568294.0,
2025,11,Восточно-Казахстанская область,Овцы,965751.0,
2025,11,Республика Казахстан,Свиньи,971786.0,
2025,11,Республика Казахстан,Домашняя птица,1108557.0,
2025,11,Мангистауская область,Домашняя птица,1262200.0,
2025,11,Северо-Казахстанская область,Домашняя птица,1000335.0,
2025,11,Республика Казахстан,Молоко сырое коровье,236819.0,
2025,11,Абай область,Молоко сырое коровье,238505.0,
2025,11,Акмолинская область,Молоко сырое коровье,215686.0,
2025,11,Алматинская область,Молоко сырое коровье,266120.0,
2025,11,Западно-Казахстанская область,Молоко сырое коровье,219269.0,
2025,11,Жамбылская область,Молоко сырое коровье,236764.0,
2025,11,Жетісу область,Молоко сырое коровье,288027.0,
2025,11,Костанайская область,Молоко сырое коровье,236498.0,
2025,11,Кызылординская область,Молоко сырое коровье,226828.0,
2025,11,Павлодарская область,Молоко сырое коровье,222610.0,
2025,11,Северо-Казахстанская область,Молоко сырое коровье,195159.0,
2025,11,Туркестанская область,Молоко сырое коровье,254180.0,
2025,11,Восточно-Казахстанская область,Молоко сырое коровье,241751.0,
2025,11,Республика Казахстан,Молоко сырое кобылье,1157895.0,
2025,11,Абай область,Молоко сырое кобылье,1381627.0,
2025,11,Республика Казахстан,Молоко сырое верблюжье,777609.0,
2025,11,Актюбинская область,Молоко сырое верблюжье,1220475.0,
2025,11,Атырауская область,Молоко сырое верблюжье,881704.0,
2025,11,Кызылординская область,Молоко сырое верблюжье,988066.0,
2025,11,Мангистауская область,Молоко сырое верблюжье,888886.0,
2025,11,Республика Казахстан,Яйца (за тыс. штук),42841.0,
2025,11,Акмолинская область,Яйца (за тыс. штук),48617.0,
2025,11,Карагандинская область,Яйца (за тыс. штук),35519.0,
2025,11,Костанайская область,Яйца (за тыс. штук),44072.0,
2025,11,Северо-Казахстанская область,Яйца (за тыс. штук),42680.0,
2025,11,Туркестанская область,Яйца (за тыс. штук),47913.0,
2025,11,Республика Казахстан,Мед натуральный,1726913.0,
2025,11,Восточно-Казахстанская область,Мед натуральный,1513242.0,
2025,12,Республика Казахстан,Пшеница,80634.0,Пшеница
2025,12,Абай область,Пшеница,78104.0,Пшеница
2025,12,Акмолинская область,Пшеница,86942.0,Пшеница
2025,12,Актюбинская область,Пшеница,91949.0,Пшеница
2025,12,Западно-Казахстанская область,Пшеница,84532.0,Пшеница
2025,12,Карагандинская область,Пшеница,81744.0,Пшеница
2025,12,Костанайская область,Пшеница,79280.0,Пшеница
2025,12,Павлодарская область,Пшеница,71427.0,Пшеница
2025,12,Северо-Казахстанская область,Пшеница,75514.0,Пшеница
2025,12,Восточно-Казахстанская область,Пшеница,74222.0,Пшеница
2025,12,Республика Казахстан,Пшеница твердая,93079.0,
2025,12,Актюбинская область,Пшеница твердая,85109.0,
2025,12,Костанайская область,Пшеница твердая,71898.0,
2025,12,Республика Казахстан,"Пшеница, кроме пшеницы твердой",80038.0,
2025,12,Абай область,"Пшеница, кроме пшеницы твердой",78104.0,
2025,12,Акмолинская область,"Пшеница, кроме пшеницы твердой",84356.0,
2025,12,Актюбинская область,"Пшеница, кроме пшеницы твердой",92250.0,
2025,12,Западно-Казахстанская область,"Пшеница, кроме пшеницы твердой",84532.0,
2025,12,Карагандинская область,"Пшеница, кроме пшеницы твердой",81744.0,
2025,12,Костанайская область,"Пшеница, кроме пшеницы твердой",79650.0,
2025,12,Павлодарская область,"Пшеница, кроме пшеницы твердой",71427.0,
2025,12,Северо-Казахстанская область,"Пшеница, кроме пшеницы твердой",75720.0,
2025,12,Восточно-Казахстанская область,"Пшеница, кроме пшеницы твердой",74222.0,
2025,12,Республика Казахстан,Ячмень,68041.0,Ячмень
2025,12,Акмолинская область,Ячмень,70536.0,Ячмень
2025,12,Карагандинская область,Ячмень,55350.0,Ячмень
2025,12,Павлодарская область,Ячмень,75890.0,Ячмень
2025,12,Северо-Казахстанская область,Ячмень,68185.0,Ячмень
2025,12,Республика Казахстан,Просо,80704.0,
2025,12,Республика Казахстан,"Рис, необрушенный",99345.0,
2025,12,Кызылординская область,"Рис, необрушенный",99263.0,
2025,12,Республика Казахстан,Чечевица сушеная,130749.0,
2025,12,Костанайская область,Чечевица сушеная,106463.0,
2025,12,Северо-Казахстанская область,Чечевица сушеная,139981.0,
2025,12,Республика Казахстан,"Горох, сушенный",77057.0,
2025,12,Республика Казахстан,Семена подсолнечника,187634.0,Подсолнечник
2025,12,Абай область,Семена подсолнечника,190283.0,Подсолнечник
2025,12,Акмолинская область,Семена подсолнечника,188868.0,Подсолнечник
2025,12,Актюбинская область,Семена подсолнечника,166444.0,Подсолнечник
2025,12,Западно-Казахстанская область,Семена подсолнечника,182787.0,Подсолнечник
2025,12,Костанайская область,Семена подсолнечника,180046.0,Подсолнечник
2025,12,Павлодарская область,Семена подсолнечника,181047.0,Подсолнечник
2025,12,Северо-Казахстанская область,Семена подсолнечника,173843.0,Подсолнечник
2025,12,Восточно-Казахстанская область,Семена подсолнечника,194786.0,Подсолнечник
2025,12,Республика Казахстан,Семена сафлора,137979.0,
2025,12,Западно-Казахстанская область,Семена сафлора,137979.0,
2025,12,Республика Казахстан,Семена льна-кудряша,199882.0,
2025,12,Костанайская область,Семена льна-кудряша,191261.0,
2025,12,Северо-Казахстанская область,Семена льна-кудряша,200790.0,
2025,12,Республика Казахстан,Семена рапса,216812.0,
2025,12,Северо-Казахстанская область,Семена рапса,215648.0,
2025,12,Республика Казахстан,Капуста кочанная,116207.0,
2025,12,Абай область,Капуста кочанная,76547.0,
2025,12,Костанайская область,Капуста кочанная,106619.0,
2025,12,Республика Казахстан,Огурцы закрытого грунта,1133524.0,
2025,12,Республика Казахстан,Помидоры закрытого грунта,606585.0,
2025,12,Алматинская область,Помидоры закрытого грунта,608221.0,
2025,12,Республика Казахстан,Морковь столовая,94926.0,
2025,12,Абай область,Морковь столовая,73765.0,
2025,12,Костанайская область,Морковь столовая,146590.0,
2025,12,Павлодарская область,Морковь столовая,92231.0,
2025,12,Республика Казахстан,Лук репчатый,68921.0,
2025,12,Республика Казахстан,Свекла столовая,151050.0,
2025,12,Костанайская область,Свекла столовая,129743.0,
2025,12,Республика Казахстан,Картофель,134478.0,
2025,12,Акмолинская область,Картофель,112092.0,
2025,12,Алматинская область,Картофель,169130.0,
2025,12,Карагандинская область,Картофель,114660.0,
2025,12,Костанайская область,Картофель,137745.0,
2025,12,Павлодарская область,Картофель,122353.0,
2025,12,Северо-Казахстанская область,Картофель,99999.0,
2025,12,Республика Казахстан,Свекла сахарная,14018.0,
2025,12,Республика Казахстан,Культуры кормовые зерновые,63126.0,
2025,12,Акмолинская область,Культуры кормовые зерновые,67208.0,
2025,12,Карагандинская область,Культуры кормовые зерновые,55121.0,
2025,12,Павлодарская область,Культуры кормовые зерновые,73463.0,
2025,12,Северо-Казахстанская область,Культуры кормовые зерновые,66546.0,
2025,12,Республика Казахстан,Кукуруза на силос,18870.0,
2025,12,Республика Казахстан,Сено,40902.0,
2025,12,Абай область,Сено,41664.0,
2025,12,Западно-Казахстанская область,Сено,30155.0,
2025,12,Республика Казахстан,Скот крупный рогатый,1296982.0,
2025,12,Абай область,Скот крупный рогатый,1609955.0,
2025,12,Акмолинская область,Скот крупный рогатый,1678442.0,
2025,12,Актюбинская область,Скот крупный рогатый,1138046.0,
2025,12,Алматинская область,Скот крупный рогатый,1534431.0,
2025,12,Западно-Казахстанская область,Скот крупный рогатый,1036761.0,
2025,12,Жамбылская область,Скот крупный рогатый,1053344.0,
2025,12,Костанайская область,Скот крупный рогатый,1616422.0,
2025,12,Кызылординская область,Скот крупный рогатый,1069998.0,
2025,12,Павлодарская область,Скот крупный рогатый,1097213.0,
2025,12,Туркестанская область,Скот крупный рогатый,1320420.0,
2025,12,Ұлытау область,Скот крупный рогатый,1256732.0,
2025,12,Восточно-Казахстанская область,Скот крупный рогатый,1122844.0,
2025,12,Республика Казахстан,Лошади,1415491.0,
2025,12,Абай область,Лошади,1541426.0,
2025,12,Актюбинская область,Лошади,1140950.0,
2025,12,Западно-Казахстанская область,Лошади,1113663.0,
2025,12,Жамбылская область,Лошади,1235008.0,
2025,12,Кызылординская область,Лошади,1140057.0,
2025,12,Мангистауская область,Лошади,2077736.0,
2025,12,Павлодарская область,Лошади,1246752.0,
2025,12,Ұлытау область,Лошади,1628600.0,
2025,12,Восточно-Казахстанская область,Лошади,1145318.0,
2025,12,Республика Казахстан,Верблюды,1262327.0,
2025,12,Кызылординская область,Верблюды,855821.0,
2025,12,Мангистауская область,Верблюды,1647269.0,
2025,12,Республика Казахстан,Овцы,1206997.0,
2025,12,Абай область,Овцы,1516018.0,
2025,12,Актюбинская область,Овцы,1006590.0,
2025,12,Алматинская область,Овцы,1745341.0,
2025,12,Западно-Казахстанская область,Овцы,945015.0,
2025,12,Жамбылская область,Овцы,1146248.0,
2025,12,Карагандинская область,Овцы,1366257.0,
2025,12,Кызылординская область,Овцы,1063418.0,
2025,12,Мангистауская область,Овцы,1720513.0,
2025,12,Павлодарская область,Овцы,1093783.0,
2025,12,Восточно-Казахстанская область,Овцы,966765.0,
2025,12,Республика Казахстан,Свиньи,950164.0,
2025,12,Республика Казахстан,Домашняя птица,1103706.0,
2025,12,Мангистауская область,Домашняя птица,1262200.0,
2025,12,Северо-Казахстанская область,Домашняя птица,1006907.0,
2025,12,Республика Казахстан,Молоко сырое коровье,237259.0,
2025,12,Абай область,Молоко сырое коровье,238505.0,
2025,12,Акмолинская область,Молоко сырое коровье,217499.0,
2025,12,Алматинская область,Молоко сырое коровье,263258.0,
2025,12,Западно-Казахстанская область,Молоко сырое коровье,219269.0,
2025,12,Жамбылская область,Молоко сырое коровье,236764.0,
2025,12,Жетісу область,Молоко сырое коровье,268566.0,
2025,12,Костанайская область,Молоко сырое коровье,238411.0,
2025,12,Кызылординская область,Молоко сырое коровье,225023.0,
2025,12,Павлодарская область,Молоко сырое коровье,231229.0,
2025,12,Северо-Казахстанская область,Молоко сырое коровье,198042.0,
2025,12,Туркестанская область,Молоко сырое коровье,253746.0,
2025,12,Восточно-Казахстанская область,Молоко сырое коровье,242230.0,
2025,12,Республика Казахстан,Молоко сырое кобылье,1162085.0,
2025,12,Абай область,Молоко сырое кобылье,1415434.0,
2025,12,Республика Казахстан,Молоко сырое верблюжье,769333.0,
2025,12,Атырауская область,Молоко сырое верблюжье,881704.0,
2025,12,Кызылординская область,Молоко сырое верблюжье,988066.0,
2025,12,Мангистауская область,Молоко сырое верблюжье,888886.0,
2025,12,Республика Казахстан,Яйца (за тыс. штук),42335.0,
2025,12,Акмолинская область,Яйца (за тыс. штук),48608.0,
2025,12,Карагандинская область,Яйца (за тыс. штук),35637.0,
2025,12,Костанайская область,Яйца (за тыс. штук),43795.0,
2025,12,Северо-Казахстанская область,Яйца (за тыс. штук),40933.0,
2025,12,Туркестанская область,Яйца (за тыс. штук),46564.0,
2025,12,Республика Казахстан,Мед натуральный,1902910.0,
2026,1,Республика Казахстан,Пшеница,80825.0,Пшеница
2026,1,Абай область,Пшеница,83225.0,Пшеница
2026,1,Акмолинская область,Пшеница,85102.0,Пшеница
2026,1,Актюбинская область,Пшеница,91937.0,Пшеница
2026,1,Западно-Казахстанская область,Пшеница,80990.0,Пшеница
2026,1,Карагандинская область,Пшеница,88190.0,Пшеница
2026,1,Костанайская область,Пшеница,77948.0,Пшеница
2026,1,Кызылординская область,Пшеница,90345.0,Пшеница
2026,1,Павлодарская область,Пшеница,71269.0,Пшеница
2026,1,Северо-Казахстанская область,Пшеница,76941.0,Пшеница
2026,1,Восточно-Казахстанская область,Пшеница,83387.0,Пшеница
2026,1,Республика Казахстан,Пшеница твердая,75697.0,
2026,1,Костанайская область,Пшеница твердая,73707.0,
2026,1,Северо-Казахстанская область,Пшеница твердая,78943.0,
2026,1,Республика Казахстан,"Пшеница, кроме пшеницы твердой",81108.0,
2026,1,Абай область,"Пшеница, кроме пшеницы твердой",83225.0,
2026,1,Акмолинская область,"Пшеница, кроме пшеницы твердой",85957.0,
2026,1,Западно-Казахстанская область,"Пшеница, кроме пшеницы твердой",80990.0,
2026,1,Карагандинская область,"Пшеница, кроме пшеницы твердой",87484.0,
2026,1,Костанайская область,"Пшеница, кроме пшеницы твердой",78188.0,
2026,1,Кызылординская область,"Пшеница, кроме пшеницы твердой",90345.0,
2026,1,Павлодарская область,"Пшеница, кроме пшеницы твердой",71269.0,
2026,1,Северо-Казахстанская область,"Пшеница, кроме пшеницы твердой",76777.0,
2026,1,Восточно-Казахстанская область,"Пшеница, кроме пшеницы твердой",83387.0,
2026,1,Республика Казахстан,Кукуруза (маис),71512.0,Кукуруза
2026,1,Республика Казахстан,Ячмень,59668.0,Ячмень
2026,1,Абай область,Ячмень,55162.0,Ячмень
2026,1,Западно-Казахстанская область,Ячмень,62015.0,Ячмень
2026,1,Карагандинская область,Ячмень,53160.0,Ячмень
2026,1,Северо-Казахстанская область,Ячмень,60637.0,Ячмень
2026,1,Восточно-Казахстанская область,Ячмень,70090.0,Ячмень
2026,1,Республика Казахстан,Рожь,59923.0,
2026,1,Абай область,Рожь,65740.0,
2026,1,Республика Казахстан,Овес,48562.0,
2026,1,Абай область,Овес,55595.0,
2026,1,Восточно-Казахстанская область,Овес,45191.0,
2026,1,Республика Казахстан,Гречиха,104448.0,
2026,1,Павлодарская область,Гречиха,106280.0,
2026,1,Республика Казахстан,"Рис, необрушенный",109405.0,
2026,1,Кызылординская область,"Рис, необрушенный",109428.0,
2026,1,Республика Казахстан,"Чечевица, сушеная",161725.0,
2026,1,Республика Казахстан,"Горох, сушенный",86339.0,
2026,1,Северо-Казахстанская область,"Горох, сушенный",92879.0,
2026,1,Республика Казахстан,Бобы соевые,203338.0,
2026,1,Абай область,Бобы соевые,203338.0,
2026,1,Республика Казахстан,Семена подсолнечника,188100.0,Подсолнечник
2026,1,Абай область,Семена подсолнечника,192479.0,Подсолнечник
2026,1,Акмолинская область,Семена подсолнечника,179318.0,Подсолнечник
2026,1,Костанайская область,Семена подсолнечника,180914.0,Подсолнечник
2026,1,Павлодарская область,Семена подсолнечника,183426.0,Подсолнечник
2026,1,Северо-Казахстанская область,Семена подсолнечника,180994.0,Подсолнечник
2026,1,Восточно-Казахстанская область,Семена подсолнечника,193061.0,Подсолнечник
2026,1,Республика Казахстан,Семена сафлора,124445.0,
2026,1,Абай область,Семена сафлора,171563.0,
2026,1,Западно-Казахстанская область,Семена сафлора,120111.0,
2026,1,Республика Казахстан,Семена льна-кудряша,227934.0,
2026,1,Акмолинская область,Семена льна-кудряша,203315.0,
2026,1,Костанайская область,Семена льна-кудряша,210411.0,
2026,1,Северо-Казахстанская область,Семена льна-кудряша,242870.0,
2026,1,Республика Казахстан,Семена рапса,221002.0,
2026,1,Северо-Казахстанская область,Семена рапса,225998.0,
2026,1,Республика Казахстан,Капуста кочанная,109550.0,
2026,1,Костанайская область,Капуста кочанная,115978.0,
2026,1,Республика Казахстан,Огурцы закрытого грунта,1247522.0,
2026,1,Республика Казахстан,Помидоры закрытого грунта,706016.0,
2026,1,Алматинская область,Помидоры закрытого грунта,741124.0,
2026,1,Республика Казахстан,Морковь столовая,119903.0,
2026,1,Костанайская область,Морковь столовая,146590.0,
2026,1,Павлодарская область,Морковь столовая,96682.0,
2026,1,Республика Казахстан,Лук репчатый,69692.0,
2026,1,Атырауская область,Лук репчатый,82682.0,
2026,1,Республика Казахстан,Свекла столовая,134250.0,
2026,1,Костанайская область,Свекла столовая,130217.0,
2026,1,Республика Казахстан,Картофель,124585.0,
2026,1,Абай область,Картофель,122044.0,
2026,1,Акмолинская область,Картофель,107761.0,
2026,1,Актюбинская область,Картофель,144052.0,
2026,1,Карагандинская область,Картофель,117237.0,
2026,1,Костанайская область,Картофель,133223.0,
2026,1,Павлодарская область,Картофель,126947.0,
2026,1,Северо-Казахстанская область,Картофель,101532.0,
2026,1,Восточно-Казахстанская область,Картофель,175728.0,
2026,1,Республика Казахстан,Культуры кормовые зерновые,64855.0,
2026,1,Абай область,Культуры кормовые зерновые,74128.0,
2026,1,Акмолинская область,Культуры кормовые зерновые,70357.0,
2026,1,Западно-Казахстанская область,Культуры кормовые зерновые,70530.0,
2026,1,Жамбылская область,Культуры кормовые зерновые,63164.0,
2026,1,Карагандинская область,Культуры кормовые зерновые,59420.0,
2026,1,Павлодарская область,Культуры кормовые зерновые,67877.0,
2026,1,Северо-Казахстанская область,Культуры кормовые зерновые,64815.0,
2026,1,Республика Казахстан,Кукуруза на силос,31218.0,
2026,1,Республика Казахстан,Сено,39758.0,
2026,1,Абай область,Сено,35871.0,
2026,1,Западно-Казахстанская область,Сено,29522.0,
2026,1,Кызылординская область,Сено,32782.0,
2026,1,Республика Казахстан,"Цветы и цветочные бутоны, срезанные (за тыс. штук)",352421.0,
2026,1,Республика Казахстан,Яблоки,297294.0,
2026,1,Республика Казахстан,Скот крупный рогатый,1349192.0,
2026,1,Абай область,Скот крупный рогатый,1468022.0,
2026,1,Акмолинская область,Скот крупный рогатый,1785559.0,
2026,1,Актюбинская область,Скот крупный рогатый,1077719.0,
2026,1,Алматинская область,Скот крупный рогатый,1490322.0,
2026,1,Западно-Казахстанская область,Скот крупный рогатый,1121862.0,
2026,1,Жамбылская область,Скот крупный рогатый,1042983.0,
2026,1,Жетісу область,Скот крупный рогатый,929011.0,
2026,1,Костанайская область,Скот крупный рогатый,1551766.0,
2026,1,Кызылординская область,Скот крупный рогатый,1134606.0,
2026,1,Павлодарская область,Скот крупный рогатый,1192469.0,
2026,1,Северо-Казахстанская область,Скот крупный рогатый,1136032.0,
2026,1,Туркестанская область,Скот крупный рогатый,1420551.0,
2026,1,Ұлытау область,Скот крупный рогатый,1462181.0,
2026,1,Восточно-Казахстанская область,Скот крупный рогатый,1233413.0,
2026,1,Республика Казахстан,Лошади,1312564.0,
2026,1,Абай область,Лошади,1470927.0,
2026,1,Акмолинская область,Лошади,2051896.0,
2026,1,Актюбинская область,Лошади,1197013.0,
2026,1,Западно-Казахстанская область,Лошади,1131106.0,
2026,1,Кызылординская область,Лошади,1173348.0,
2026,1,Мангистауская область,Лошади,1192454.0,
2026,1,Павлодарская область,Лошади,1233371.0,
2026,1,Ұлытау область,Лошади,1293502.0,
2026,1,Республика Казахстан,Верблюды,1165379.0,
2026,1,Кызылординская область,Верблюды,966033.0,
2026,1,Мангистауская область,Верблюды,1265773.0,
2026,1,Республика Казахстан,Овцы,1337228.0,
2026,1,Абай область,Овцы,1439469.0,
2026,1,Актюбинская область,Овцы,1121850.0,
2026,1,Алматинская область,Овцы,1919800.0,
2026,1,Западно-Казахстанская область,Овцы,954928.0,
2026,1,Кызылординская область,Овцы,1206011.0,
2026,1,Мангистауская область,Овцы,1133026.0,
2026,1,Республика Казахстан,Свиньи,889560.0,
2026,1,Республика Казахстан,Домашняя птица,1080992.0,
2026,1,Абай область,Домашняя птица,1045629.0,
2026,1,Мангистауская область,Домашняя птица,1332196.0,
2026,1,Северо-Казахстанская область,Домашняя птица,948608.0,
2026,1,Республика Казахстан,Молоко сырое коровье,236116.0,
2026,1,Абай область,Молоко сырое коровье,238798.0,
2026,1,Акмолинская область,Молоко сырое коровье,244465.0,
2026,1,Алматинская область,Молоко сырое коровье,272885.0,
2026,1,Западно-Казахстанская область,Молоко сырое коровье,218924.0,
2026,1,Жетісу область,Молоко сырое коровье,238256.0,
2026,1,Костанайская область,Молоко сырое коровье,231889.0,
2026,1,Кызылординская область,Молоко сырое коровье,228805.0,
2026,1,Павлодарская область,Молоко сырое коровье,238274.0,
2026,1,Северо-Казахстанская область,Молоко сырое коровье,194532.0,
2026,1,Туркестанская область,Молоко сырое коровье,261690.0,
2026,1,Восточно-Казахстанская область,Молоко сырое коровье,237084.0,
2026,1,Республика Казахстан,Молоко сырое кобылье,1181995.0,
2026,1,Абай область,Молоко сырое кобылье,1061028.0,
2026,1,Республика Казахстан,Молоко сырое верблюжье,793237.0,
2026,1,Атырауская область,Молоко сырое верблюжье,859276.0,
2026,1,Мангистауская область,Молоко сырое верблюжье,910290.0,
2026,1,Республика Казахстан,Яйца (за тыс. штук),41831.0,
2026,1,Акмолинская область,Яйца (за тыс. штук),47080.0,
2026,1,Карагандинская область,Яйца (за тыс. штук),36349.0,
2026,1,Костанайская область,Яйца (за тыс. штук),45820.0,
2026,1,Северо-Казахстанская область,Яйца (за тыс. штук),39571.0,
2026,1,Республика Казахстан,"Шерсть стриженная с овец и коз, немытая (включая промытую руном)",72307.0,
2026,1,Республика Казахстан,Мед натуральный,1788457.0,
2026,1,Абай область,Мед натуральный,1730426.0,
2026,2,Республика Казахстан,Пшеница,81364.0,Пшеница
2026,2,Абай область,Пшеница,82212.0,Пшеница
2026,2,Акмолинская область,Пшеница,86777.0,Пшеница
2026,2,Западно-Казахстанская область,Пшеница,91046.0,Пшеница
2026,2,Карагандинская область,Пшеница,86796.0,Пшеница
2026,2,Костанайская область,Пшеница,79995.0,Пшеница
2026,2,Павлодарская область,Пшеница,74396.0,Пшеница
2026,2,Северо-Казахстанская область,Пшеница,76609.0,Пшеница
2026,2,Восточно-Казахстанская область,Пшеница,75223.0,Пшеница
2026,2,Республика Казахстан,Пшеница твердая,84155.0,
2026,2,Костанайская область,Пшеница твердая,75389.0,
2026,2,Республика Казахстан,"Пшеница, кроме пшеницы твердой",81215.0,
2026,2,Абай область,"Пшеница, кроме пшеницы твердой",82212.0,
2026,2,Акмолинская область,"Пшеница, кроме пшеницы твердой",85974.0,
2026,2,Западно-Казахстанская область,"Пшеница, кроме пшеницы твердой",91046.0,
2026,2,Карагандинская область,"Пшеница, кроме пшеницы твердой",86796.0,
2026,2,Костанайская область,"Пшеница, кроме пшеницы твердой",80256.0,
2026,2,Павлодарская область,"Пшеница, кроме пшеницы твердой",74396.0,
2026,2,Северо-Казахстанская область,"Пшеница, кроме пшеницы твердой",76424.0,
2026,2,Восточно-Казахстанская область,"Пшеница, кроме пшеницы твердой",75223.0,
2026,2,Республика Казахстан,Ячмень,74803.0,Ячмень
2026,2,Северо-Казахстанская область,Ячмень,77586.0,Ячмень
2026,2,Республика Казахстан,Овес,58274.0,
2026,2,Республика Казахстан,Просо,87039.0,
2026,2,Республика Казахстан,Гречиха,99800.0,
2026,2,Республика Казахстан,"Рис, необрушенный",89936.0,
2026,2,Кызылординская область,"Рис, необрушенный",89772.0,
2026,2,Республика Казахстан,Чечевица сушеная,119080.0,
2026,2,Костанайская область,Чечевица сушеная,127935.0,
2026,2,Северо-Казахстанская область,Чечевица сушеная,123733.0,
2026,2,Республика Казахстан,Семена подсолнечника,190391.0,Подсолнечник
2026,2,Абай область,Семена подсолнечника,200276.0,Подсолнечник
2026,2,Костанайская область,Семена подсолнечника,178359.0,Подсолнечник
2026,2,Павлодарская область,Семена подсолнечника,184676.0,Подсолнечник
2026,2,Северо-Казахстанская область,Семена подсолнечника,171284.0,Подсолнечник
2026,2,Восточно-Казахстанская область,Семена подсолнечника,191154.0,Подсолнечник
2026,2,Республика Казахстан,Семена сафлора,142413.0,
2026,2,Западно-Казахстанская область,Семена сафлора,119614.0,
2026,2,Республика Казахстан,Семена льна-кудряша,207662.0,
2026,2,Акмолинская область,Семена льна-кудряша,199428.0,
2026,2,Костанайская область,Семена льна-кудряша,198080.0,
2026,2,Северо-Казахстанская область,Семена льна-кудряша,214196.0,
2026,2,Республика Казахстан,Семена рапса,215890.0,
2026,2,Северо-Казахстанская область,Семена рапса,222565.0,
2026,2,Республика Казахстан,Капуста кочанная,135460.0,
2026,2,Костанайская область,Капуста кочанная,134442.0,
2026,2,Республика Казахстан,Огурцы закрытого грунта,1452725.0,
2026,2,Республика Казахстан,Помидоры закрытого грунта,621486.0,
2026,2,Алматинская область,Помидоры закрытого грунта,821039.0,
2026,2,Республика Казахстан,Морковь столовая,115507.0,
2026,2,Костанайская область,Морковь столовая,152835.0,
2026,2,Павлодарская область,Морковь столовая,113647.0,
2026,2,Республика Казахстан,Лук репчатый,50883.0,
2026,2,Республика Казахстан,Свекла столовая,150263.0,
2026,2,Костанайская область,Свекла столовая,145672.0,
2026,2,Павлодарская область,Свекла столовая,160155.0,
2026,2,Республика Казахстан,Картофель,136809.0,
2026,2,Акмолинская область,Картофель,127623.0,
2026,2,Карагандинская область,Картофель,118713.0,
2026,2,Костанайская область,Картофель,141906.0,
2026,2,Павлодарская область,Картофель,144604.0,
2026,2,Северо-Казахстанская область,Картофель,135017.0,
2026,2,Восточно-Казахстанская область,Картофель,167039.0,
2026,2,Республика Казахстан,Культуры кормовые зерновые,77567.0,
2026,2,Акмолинская область,Культуры кормовые зерновые,79419.0,
2026,2,Западно-Казахстанская область,Культуры кормовые зерновые,72020.0,
2026,2,Павлодарская область,Культуры кормовые зерновые,84035.0,
2026,2,Северо-Казахстанская область,Культуры кормовые зерновые,74992.0,
2026,2,Республика Казахстан,Сено,30349.0,
2026,2,Абай область,Сено,41664.0,
2026,2,Республика Казахстан,Яблоки,279648.0,
2026,2,Республика Казахстан,Скот крупный рогатый,1396873.0,
2026,2,Абай область,Скот крупный рогатый,1544785.0,
2026,2,Акмолинская область,Скот крупный рогатый,1776745.0,
2026,2,Актюбинская область,Скот крупный рогатый,1076311.0,
2026,2,Алматинская область,Скот крупный рогатый,1615911.0,
2026,2,Западно-Казахстанская область,Скот крупный рогатый,1337380.0,
2026,2,Жамбылская область,Скот крупный рогатый,1458735.0,
2026,2,Костанайская область,Скот крупный рогатый,1639347.0,
2026,2,Кызылординская область,Скот крупный рогатый,1064113.0,
2026,2,Павлодарская область,Скот крупный рогатый,1170652.0,
2026,2,Северо-Казахстанская область,Скот крупный рогатый,1047899.0,
2026,2,Туркестанская область,Скот крупный рогатый,1419965.0,
2026,2,Ұлытау область,Скот крупный рогатый,1432945.0,
2026,2,Восточно-Казахстанская область,Скот крупный рогатый,1322032.0,
2026,2,Республика Казахстан,Лошади,1506500.0,
2026,2,Абай область,Лошади,1515019.0,
2026,2,Актюбинская область,Лошади,1305495.0,
2026,2,Западно-Казахстанская область,Лошади,1158513.0,
2026,2,Жамбылская область,Лошади,1219542.0,
2026,2,Кызылординская область,Лошади,1159216.0,
2026,2,Мангистауская область,Лошади,1916067.0,
2026,2,Павлодарская область,Лошади,2076861.0,
2026,2,Ұлытау область,Лошади,1110617.0,
2026,2,Восточно-Казахстанская область,Лошади,1093385.0,
2026,2,Республика Казахстан,Верблюды,1283184.0,
2026,2,Актюбинская область,Верблюды,1152609.0,
2026,2,Кызылординская область,Верблюды,879281.0,
2026,2,Мангистауская область,Верблюды,1483161.0,
2026,2,Республика Казахстан,Овцы,1379754.0,
2026,2,Абай область,Овцы,1532562.0,
2026,2,Актюбинская область,Овцы,1147294.0,
2026,2,Алматинская область,Овцы,1721602.0,
2026,2,Западно-Казахстанская область,Овцы,932027.0,
2026,2,Жамбылская область,Овцы,1141194.0,
2026,2,Кызылординская область,Овцы,1164603.0,
2026,2,Мангистауская область,Овцы,1665621.0,
2026,2,Республика Казахстан,Свиньи,874533.0,
2026,2,Республика Казахстан,Домашняя птица,1130409.0,
2026,2,Абай область,Домашняя птица,1050055.0,
2026,2,Мангистауская область,Домашняя птица,1332196.0,
2026,2,Северо-Казахстанская область,Домашняя птица,978935.0,
2026,2,Республика Казахстан,Молоко сырое коровье,237371.0,
2026,2,Абай область,Молоко сырое коровье,237384.0,
2026,2,Акмолинская область,Молоко сырое коровье,247220.0,
2026,2,Алматинская область,Молоко сырое коровье,281008.0,
2026,2,Западно-Казахстанская область,Молоко сырое коровье,218924.0,
2026,2,Жетісу область,Молоко сырое коровье,260297.0,
2026,2,Костанайская область,Молоко сырое коровье,230769.0,
2026,2,Кызылординская область,Молоко сырое коровье,223354.0,
2026,2,Павлодарская область,Молоко сырое коровье,222334.0,
2026,2,Северо-Казахстанская область,Молоко сырое коровье,199156.0,
2026,2,Туркестанская область,Молоко сырое коровье,262486.0,
2026,2,Восточно-Казахстанская область,Молоко сырое коровье,236081.0,
2026,2,Республика Казахстан,Молоко сырое кобылье,1150588.0,
2026,2,Абай область,Молоко сырое кобылье,1061028.0,
2026,2,Республика Казахстан,Молоко сырое верблюжье,796467.0,
2026,2,Атырауская область,Молоко сырое верблюжье,880258.0,
2026,2,Мангистауская область,Молоко сырое верблюжье,910290.0,
2026,2,Туркестанская область,Молоко сырое верблюжье,800000.0,
2026,2,Республика Казахстан,Яйца (за тыс. штук),41336.0,
2026,2,Акмолинская область,Яйца (за тыс. штук),47815.0,
2026,2,Карагандинская область,Яйца (за тыс. штук),34803.0,
2026,2,Костанайская область,Яйца (за тыс. штук),42514.0,
2026,2,Северо-Казахстанская область,Яйца (за тыс. штук),38759.0,
2026,2,Туркестанская область,Яйца (за тыс. штук),39798.0,
2026,2,Республика Казахстан,Мед натуральный,1746727.0,
2026,2,Абай область,Мед натуральный,1464736.0,
2026,3,Республика Казахстан,Пшеница,86172.0,Пшеница
2026,3,Абай область,Пшеница,81949.0,Пшеница
2026,3,Акмолинская область,Пшеница,90470.0,Пшеница
2026,3,Актюбинская область,Пшеница,99303.0,Пшеница
2026,3,Западно-Казахстанская область,Пшеница,99445.0,Пшеница
2026,3,Карагандинская область,Пшеница,97908.0,Пшеница
2026,3,Костанайская область,Пшеница,84029.0,Пшеница
2026,3,Павлодарская область,Пшеница,77792.0,Пшеница
2026,3,Северо-Казахстанская область,Пшеница,81898.0,Пшеница
2026,3,Восточно-Казахстанская область,Пшеница,77073.0,Пшеница
2026,3,Республика Казахстан,Пшеница твердая,95559.0,
2026,3,Костанайская область,Пшеница твердая,75202.0,
2026,3,Северо-Казахстанская область,Пшеница твердая,73325.0,
2026,3,Республика Казахстан,"Пшеница, кроме пшеницы твердой",85682.0,
2026,3,Абай область,"Пшеница, кроме пшеницы твердой",81949.0,
2026,3,Акмолинская область,"Пшеница, кроме пшеницы твердой",87416.0,
2026,3,Западно-Казахстанская область,"Пшеница, кроме пшеницы твердой",99445.0,
2026,3,Карагандинская область,"Пшеница, кроме пшеницы твердой",97908.0,
2026,3,Костанайская область,"Пшеница, кроме пшеницы твердой",84529.0,
2026,3,Павлодарская область,"Пшеница, кроме пшеницы твердой",77792.0,
2026,3,Северо-Казахстанская область,"Пшеница, кроме пшеницы твердой",82600.0,
2026,3,Восточно-Казахстанская область,"Пшеница, кроме пшеницы твердой",77073.0,
2026,3,Республика Казахстан,Ячмень,65753.0,Ячмень
2026,3,Северо-Казахстанская область,Ячмень,66297.0,Ячмень
2026,3,Республика Казахстан,Овес,45615.0,
2026,3,Республика Казахстан,"Рис, необрушенный",102425.0,
2026,3,Кызылординская область,"Рис, необрушенный",102381.0,
2026,3,Республика Казахстан,Чечевица сушеная,126968.0,
2026,3,Северо-Казахстанская область,Чечевица сушеная,146882.0,
2026,3,Республика Казахстан,Семена подсолнечника,189761.0,Подсолнечник
2026,3,Абай область,Семена подсолнечника,202465.0,Подсолнечник
2026,3,Акмолинская область,Семена подсолнечника,190770.0,Подсолнечник
2026,3,Костанайская область,Семена подсолнечника,171126.0,Подсолнечник
2026,3,Павлодарская область,Семена подсолнечника,185663.0,Подсолнечник
2026,3,Северо-Казахстанская область,Семена подсолнечника,180035.0,Подсолнечник
2026,3,Восточно-Казахстанская область,Семена подсолнечника,194317.0,Подсолнечник
2026,3,Республика Казахстан,Семена сафлора,144598.0,
2026,3,Западно-Казахстанская область,Семена сафлора,138430.0,
2026,3,Республика Казахстан,Семена льна-кудряша,212396.0,
2026,3,Костанайская область,Семена льна-кудряша,197519.0,
2026,3,Северо-Казахстанская область,Семена льна-кудряша,216834.0,
2026,3,Республика Казахстан,Семена рапса,219010.0,
2026,3,Северо-Казахстанская область,Семена рапса,225323.0,
2026,3,Республика Казахстан,Капуста кочанная,144310.0,
2026,3,Республика Казахстан,Огурцы закрытого грунта,796200.0,
2026,3,Республика Казахстан,Помидоры закрытого грунта,997421.0,
2026,3,Алматинская область,Помидоры закрытого грунта,863356.0,
2026,3,Республика Казахстан,Морковь столовая,140104.0,
2026,3,Павлодарская область,Морковь столовая,141601.0,
2026,3,Республика Казахстан,Лук репчатый,55998.0,
2026,3,Республика Казахстан,Свекла столовая,148718.0,
2026,3,Республика Казахстан,Картофель,159363.0,
2026,3,Акмолинская область,Картофель,132184.0,
2026,3,Алматинская область,Картофель,208028.0,
2026,3,Карагандинская область,Картофель,133009.0,
2026,3,Костанайская область,Картофель,155004.0,
2026,3,Павлодарская область,Картофель,143020.0,
2026,3,Северо-Казахстанская область,Картофель,136457.0,
2026,3,Республика Казахстан,Культуры кормовые зерновые,81102.0,
2026,3,Акмолинская область,Культуры кормовые зерновые,70409.0,
2026,3,Западно-Казахстанская область,Культуры кормовые зерновые,76188.0,
2026,3,Павлодарская область,Культуры кормовые зерновые,98512.0,
2026,3,Северо-Казахстанская область,Культуры кормовые зерновые,69619.0,
2026,3,Республика Казахстан,Кукуруза на силос,28605.0,
2026,3,Республика Казахстан,Сено,30135.0,
2026,3,Абай область,Сено,41664.0,
2026,3,Республика Казахстан,"Цветы и цветочные бутоны, срезанные (за тыс.штук)",258596.0,
2026,3,Республика Казахстан,Яблоки,278837.0,
2026,3,Республика Казахстан,Скот крупный рогатый,1395217.0,
2026,3,Абай область,Скот крупный рогатый,1621015.0,
2026,3,Акмолинская область,Скот крупный рогатый,1721646.0,
2026,3,Актюбинская область,Скот крупный рогатый,1010353.0,
2026,3,Алматинская область,Скот крупный рогатый,1621744.0,
2026,3,Западно-Казахстанская область,Скот крупный рогатый,1334718.0,
2026,3,Жамбылская область,Скот крупный рогатый,1633404.0,
2026,3,Костанайская область,Скот крупный рогатый,1556613.0,
2026,3,Кызылординская область,Скот крупный рогатый,1107708.0,
2026,3,Павлодарская область,Скот крупный рогатый,1189087.0,
2026,3,Туркестанская область,Скот крупный рогатый,1419965.0,
2026,3,Ұлытау область,Скот крупный рогатый,1218453.0,
2026,3,Восточно-Казахстанская область,Скот крупный рогатый,1322032.0,
2026,3,Республика Казахстан,Лошади,1410768.0,
2026,3,Абай область,Лошади,1580291.0,
2026,3,Актюбинская область,Лошади,1318361.0,
2026,3,Западно-Казахстанская область,Лошади,1154200.0,
2026,3,Жамбылская область,Лошади,1217709.0,
2026,3,Кызылординская область,Лошади,1156159.0,
2026,3,Мангистауская область,Лошади,1992277.0,
2026,3,Павлодарская область,Лошади,1743566.0,
2026,3,Ұлытау область,Лошади,1493059.0,
2026,3,Восточно-Казахстанская область,Лошади,1093385.0,
2026,3,Республика Казахстан,Верблюды,1393731.0,
2026,3,Актюбинская область,Верблюды,1152609.0,
2026,3,Кызылординская область,Верблюды,880523.0,
2026,3,Мангистауская область,Верблюды,1792004.0,
2026,3,Республика Казахстан,Овцы,1419099.0,
2026,3,Абай область,Овцы,1528828.0,
2026,3,Актюбинская область,Овцы,1190660.0,
2026,3,Алматинская область,Овцы,1724445.0,
2026,3,Атырауская область,Овцы,1344056.0,
2026,3,Западно-Казахстанская область,Овцы,933235.0,
2026,3,Жамбылская область,Овцы,1140918.0,
2026,3,Кызылординская область,Овцы,1202286.0,
2026,3,Мангистауская область,Овцы,1970300.0,
2026,3,Республика Казахстан,Свиньи,864317.0,
2026,3,Республика Казахстан,Домашняя птица,1239961.0,
2026,3,Абай область,Домашняя птица,1052688.0,
2026,3,Мангистауская область,Домашняя птица,1332196.0,
2026,3,Северо-Казахстанская область,Домашняя птица,978935.0,
2026,3,Республика Казахстан,Молоко сырое коровье,239526.0,
2026,3,Абай область,Молоко сырое коровье,237384.0,
2026,3,Акмолинская область,Молоко сырое коровье,248864.0,
2026,3,Алматинская область,Молоко сырое коровье,278830.0,
2026,3,Западно-Казахстанская область,Молоко сырое коровье,218924.0,
2026,3,Жетісу область,Молоко сырое коровье,267426.0,
2026,3,Костанайская область,Молоко сырое коровье,231770.0,
2026,3,Кызылординская область,Молоко сырое коровье,228315.0,
2026,3,Павлодарская область,Молоко сырое коровье,221686.0,
2026,3,Северо-Казахстанская область,Молоко сырое коровье,201126.0,
2026,3,Туркестанская область,Молоко сырое коровье,272613.0,
2026,3,Восточно-Казахстанская область,Молоко сырое коровье,235539.0,
2026,3,Республика Казахстан,Молоко сырое кобылье,1150588.0,
2026,3,Абай область,Молоко сырое кобылье,1061028.0,
2026,3,Республика Казахстан,Молоко сырое верблюжье,804182.0,
2026,3,Атырауская область,Молоко сырое верблюжье,930381.0,
2026,3,Мангистауская область,Молоко сырое верблюжье,910290.0,
2026,3,Республика Казахстан,Яйца (за тыс. штук),43232.0,
2026,3,Акмолинская область,Яйца (за тыс. штук),42027.0,
2026,3,Карагандинская область,Яйца (за тыс. штук),37239.0,
2026,3,Костанайская область,Яйца (за тыс. штук),44192.0,
2026,3,Северо-Казахстанская область,Яйца (за тыс. штук),45731.0,
2026,3,Туркестанская область,Яйца (за тыс. штук),43276.0,
2026,3,Республика Казахстан,Мед натуральный,1775818.0,
2026,3,Абай область,Мед натуральный,1464736.0,
2026,4,Республика Казахстан,Пшеница,86384.0,Пшеница
2026,4,Абай область,Пшеница,83628.0,Пшеница
2026,4,Акмолинская область,Пшеница,87073.0,Пшеница
2026,4,Алматинская область,Пшеница,96172.0,Пшеница
2026,4,Карагандинская область,Пшеница,94382.0,Пшеница
2026,4,Костанайская область,Пшеница,89094.0,Пшеница
2026,4,Павлодарская область,Пшеница,78650.0,Пшеница
2026,4,Северо-Казахстанская область,Пшеница,81174.0,Пшеница
2026,4,Республика Казахстан,Пшеница твердая,87550.0,
2026,4,Акмолинская область,Пшеница твердая,105766.0,
2026,4,Костанайская область,Пшеница твердая,73723.0,
2026,4,Северо-Казахстанская область,Пшеница твердая,87108.0,
2026,4,Республика Казахстан,"Пшеница, кроме пшеницы твердой",86325.0,
2026,4,Абай область,"Пшеница, кроме пшеницы твердой",83628.0,
2026,4,Акмолинская область,"Пшеница, кроме пшеницы твердой",86257.0,
2026,4,Алматинская область,"Пшеница, кроме пшеницы твердой",96172.0,
2026,4,Карагандинская область,"Пшеница, кроме пшеницы твердой",94382.0,
2026,4,Костанайская область,"Пшеница, кроме пшеницы твердой",89965.0,
2026,4,Павлодарская область,"Пшеница, кроме пшеницы твердой",78650.0,
2026,4,Северо-Казахстанская область,"Пшеница, кроме пшеницы твердой",80688.0,
2026,4,Республика Казахстан,Ячмень,68741.0,Ячмень
2026,4,Карагандинская область,Ячмень,69828.0,Ячмень
2026,4,Северо-Казахстанская область,Ячмень,63407.0,Ячмень
2026,4,Восточно-Казахстанская область,Ячмень,70357.0,Ячмень
2026,4,Республика Казахстан,Гречиха,104780.0,
2026,4,Республика Казахстан,"Рис, необрушенный",126891.0,
2026,4,Кызылординская область,"Рис, необрушенный",127082.0,
2026,4,Республика Казахстан,Чечевица сушеная,121870.0,
2026,4,Костанайская область,Чечевица сушеная,123825.0,
2026,4,Северо-Казахстанская область,Чечевица сушеная,116737.0,
2026,4,Республика Казахстан,"Горох, сушенный",97833.0,
2026,4,Северо-Казахстанская область,"Горох, сушенный",97539.0,
2026,4,Республика Казахстан,Семена подсолнечника,191320.0,Подсолнечник
2026,4,Абай область,Семена подсолнечника,187361.0,Подсолнечник
2026,4,Акмолинская область,Семена подсолнечника,190142.0,Подсолнечник
2026,4,Костанайская область,Семена подсолнечника,185598.0,Подсолнечник
2026,4,Павлодарская область,Семена подсолнечника,194544.0,Подсолнечник
2026,4,Северо-Казахстанская область,Семена подсолнечника,184631.0,Подсолнечник
2026,4,Восточно-Казахстанская область,Семена подсолнечника,198457.0,Подсолнечник
2026,4,Республика Казахстан,Семена сафлора,150664.0,
2026,4,Западно-Казахстанская область,Семена сафлора,144927.0,
2026,4,Республика Казахстан,Семена льна-кудряша,199919.0,
2026,4,Акмолинская область,Семена льна-кудряша,208316.0,
2026,4,Костанайская область,Семена льна-кудряша,185516.0,
2026,4,Северо-Казахстанская область,Семена льна-кудряша,203672.0,
2026,4,Республика Казахстан,Семена рапса,216238.0,
2026,4,Северо-Казахстанская область,Семена рапса,225032.0,
2026,4,Республика Казахстан,Капуста кочанная,121873.0,
2026,4,Костанайская область,Капуста кочанная,129116.0,
2026,4,Республика Казахстан,Огурцы закрытого грунта,593340.0,
2026,4,Республика Казахстан,Помидоры закрытого грунта,866708.0,
2026,4,Актюбинская область,Помидоры закрытого грунта,817126.0,
2026,4,Алматинская область,Помидоры закрытого грунта,813058.0,
2026,4,Республика Казахстан,Морковь столовая,163374.0,
2026,4,Костанайская область,Морковь столовая,194694.0,
2026,4,Павлодарская область,Морковь столовая,169550.0,
2026,4,Республика Казахстан,Лук репчатый,37273.0,
2026,4,Республика Казахстан,Свекла столовая,175152.0,
2026,4,Костанайская область,Свекла столовая,184621.0,
2026,4,Республика Казахстан,Картофель,155469.0,
2026,4,Акмолинская область,Картофель,124395.0,
2026,4,Алматинская область,Картофель,208027.0,
2026,4,Карагандинская область,Картофель,121818.0,
2026,4,Костанайская область,Картофель,170877.0,
2026,4,Павлодарская область,Картофель,130921.0,
2026,4,Северо-Казахстанская область,Картофель,154376.0,
2026,4,Республика Казахстан,Культуры кормовые зерновые,83354.0,
2026,4,Акмолинская область,Культуры кормовые зерновые,72358.0,
2026,4,Западно-Казахстанская область,Культуры кормовые зерновые,74489.0,
2026,4,Карагандинская область,Культуры кормовые зерновые,77573.0,
2026,4,Северо-Казахстанская область,Культуры кормовые зерновые,68139.0,
2026,4,Республика Казахстан,Сено,30315.0,
2026,4,Республика Казахстан,"Цветы и цветочные бутоны, срезанные (за тыс. штук)",243398.0,
2026,4,Республика Казахстан,Скот крупный рогатый,1443450.0,
2026,4,Абай область,Скот крупный рогатый,1720845.0,
2026,4,Акмолинская область,Скот крупный рогатый,1759960.0,
2026,4,Актюбинская область,Скот крупный рогатый,1043797.0,
2026,4,Алматинская область,Скот крупный рогатый,1626675.0,
2026,4,Западно-Казахстанская область,Скот крупный рогатый,1404946.0,
2026,4,Костанайская область,Скот крупный рогатый,1579867.0,
2026,4,Кызылординская область,Скот крупный рогатый,1128858.0,
2026,4,Павлодарская область,Скот крупный рогатый,1207707.0,
2026,4,Туркестанская область,Скот крупный рогатый,1551316.0,
2026,4,Ұлытау область,Скот крупный рогатый,1174066.0,
2026,4,Восточно-Казахстанская область,Скот крупный рогатый,1249266.0,
2026,4,Республика Казахстан,Лошади,1446405.0,
2026,4,Абай область,Лошади,1631717.0,
2026,4,Акмолинская область,Лошади,1537472.0,
2026,4,Актюбинская область,Лошади,1274415.0,
2026,4,Западно-Казахстанская область,Лошади,1199120.0,
2026,4,Кызылординская область,Лошади,1187360.0,
2026,4,Мангистауская область,Лошади,1997751.0,
2026,4,Павлодарская область,Лошади,1750477.0,
2026,4,Туркестанская область,Лошади,1518271.0,
2026,4,Ұлытау область,Лошади,1323531.0,
2026,4,Восточно-Казахстанская область,Лошади,1093385.0,
2026,4,Республика Казахстан,Верблюды,1816468.0,
2026,4,Актюбинская область,Верблюды,1152609.0,
2026,4,Кызылординская область,Верблюды,880523.0,
2026,4,Мангистауская область,Верблюды,2463206.0,
2026,4,Республика Казахстан,Овцы,1288436.0,
2026,4,Абай область,Овцы,1665720.0,
2026,4,Актюбинская область,Овцы,1135965.0,
2026,4,Алматинская область,Овцы,1728000.0,
2026,4,Западно-Казахстанская область,Овцы,937253.0,
2026,4,Кызылординская область,Овцы,1162654.0,
2026,4,Мангистауская область,Овцы,1599546.0,
2026,4,Республика Казахстан,Свиньи,887803.0,
2026,4,Республика Казахстан,Домашняя птица,1188120.0,
2026,4,Абай область,Домашняя птица,1052688.0,
2026,4,Северо-Казахстанская область,Домашняя птица,978935.0,
2026,4,Республика Казахстан,Молоко сырое коровье,240378.0,
2026,4,Абай область,Молоко сырое коровье,237757.0,
2026,4,Акмолинская область,Молоко сырое коровье,266491.0,
2026,4,Алматинская область,Молоко сырое коровье,277226.0,
2026,4,Западно-Казахстанская область,Молоко сырое коровье,230407.0,
2026,4,Жетісу область,Молоко сырое коровье,224854.0,
2026,4,Костанайская область,Молоко сырое коровье,232656.0,
2026,4,Кызылординская область,Молоко сырое коровье,228264.0,
2026,4,Павлодарская область,Молоко сырое коровье,227012.0,
2026,4,Северо-Казахстанская область,Молоко сырое коровье,202483.0,
2026,4,Туркестанская область,Молоко сырое коровье,273761.0,
2026,4,Восточно-Казахстанская область,Молоко сырое коровье,235539.0,
2026,4,Республика Казахстан,Молоко сырое кобылье,1131822.0,
2026,4,Абай область,Молоко сырое кобылье,1101792.0,
2026,4,Республика Казахстан,Молоко сырое верблюжье,807670.0,
2026,4,Атырауская область,Молоко сырое верблюжье,930381.0,
2026,4,Мангистауская область,Молоко сырое верблюжье,910290.0,
2026,4,Республика Казахстан,Яйца (за тыс. штук),46437.0,
2026,4,Акмолинская область,Яйца (за тыс. штук),51852.0,
2026,4,Карагандинская область,Яйца (за тыс. штук),39490.0,
2026,4,Костанайская область,Яйца (за тыс. штук),47238.0,
2026,4,Северо-Казахстанская область,Яйца (за тыс. штук),49277.0,
2026,4,Туркестанская область,Яйца (за тыс. штук),44342.0,
2026,4,Республика Казахстан,Мед натуральный,1747828.0,
2026,5,Республика Казахстан,Пшеница,89733.0,Пшеница
2026,5,Абай область,Пшеница,84425.0,Пшеница
2026,5,Акмолинская область,Пшеница,92883.0,Пшеница
2026,5,Западно-Казахстанская область,Пшеница,99680.0,Пшеница
2026,5,Карагандинская область,Пшеница,90096.0,Пшеница
2026,5,Костанайская область,Пшеница,87859.0,Пшеница
2026,5,Павлодарская область,Пшеница,78823.0,Пшеница
2026,5,Северо-Казахстанская область,Пшеница,85871.0,Пшеница
2026,5,Восточно-Казахстанская область,Пшеница,95702.0,Пшеница
2026,5,Республика Казахстан,Пшеница твердая,81831.0,
2026,5,Костанайская область,Пшеница твердая,79568.0,
2026,5,Республика Казахстан,"Пшеница, кроме пшеницы твердой",90059.0,
2026,5,Абай область,"Пшеница, кроме пшеницы твердой",84425.0,
2026,5,Акмолинская область,"Пшеница, кроме пшеницы твердой",92883.0,
2026,5,Западно-Казахстанская область,"Пшеница, кроме пшеницы твердой",99680.0,
2026,5,Карагандинская область,"Пшеница, кроме пшеницы твердой",90367.0,
2026,5,Костанайская область,"Пшеница, кроме пшеницы твердой",88329.0,
2026,5,Павлодарская область,"Пшеница, кроме пшеницы твердой",78823.0,
2026,5,Северо-Казахстанская область,"Пшеница, кроме пшеницы твердой",86126.0,
2026,5,Восточно-Казахстанская область,"Пшеница, кроме пшеницы твердой",95702.0,
2026,5,Республика Казахстан,Ячмень,75775.0,Ячмень
2026,5,Западно-Казахстанская область,Ячмень,53000.0,Ячмень
2026,5,Северо-Казахстанская область,Ячмень,69009.0,Ячмень
2026,5,Республика Казахстан,Просо,115080.0,
2026,5,Республика Казахстан,"Рис, необрушенный",101519.0,
2026,5,Кызылординская область,"Рис, необрушенный",101409.0,
2026,5,Республика Казахстан,Чечевица сушеная,135768.0,
2026,5,Северо-Казахстанская область,Чечевица сушеная,121765.0,
2026,5,Республика Казахстан,"Горох, сушенный",114948.0,
2026,5,Северо-Казахстанская область,"Горох, сушенный",114948.0,
2026,5,Республика Казахстан,Семена подсолнечника,192652.0,Подсолнечник
2026,5,Абай область,Семена подсолнечника,188017.0,Подсолнечник
2026,5,Костанайская область,Семена подсолнечника,180775.0,Подсолнечник
2026,5,Павлодарская область,Семена подсолнечника,190807.0,Подсолнечник
2026,5,Северо-Казахстанская область,Семена подсолнечника,183562.0,Подсолнечник
2026,5,Восточно-Казахстанская область,Семена подсолнечника,208536.0,Подсолнечник
2026,5,Республика Казахстан,Семена сафлора,144927.0,
2026,5,Западно-Казахстанская область,Семена сафлора,144927.0,
2026,5,Республика Казахстан,Семена льна-кудряша,215407.0,
2026,5,Акмолинская область,Семена льна-кудряша,220033.0,
2026,5,Костанайская область,Семена льна-кудряша,213661.0,
2026,5,Северо-Казахстанская область,Семена льна-кудряша,215818.0,
2026,5,Республика Казахстан,Семена рапса,236497.0,
2026,5,Северо-Казахстанская область,Семена рапса,236497.0,
2026,5,Республика Казахстан,Капуста кочанная,45343.0,
2026,5,Республика Казахстан,Огурцы закрытого грунта,403756.0,
2026,5,Павлодарская область,Огурцы закрытого грунта,322854.0,
2026,5,Туркестанская область,Огурцы закрытого грунта,270960.0,
2026,5,Республика Казахстан,Помидоры закрытого грунта,492859.0,
2026,5,Актюбинская область,Помидоры закрытого грунта,554249.0,
2026,5,Алматинская область,Помидоры закрытого грунта,561533.0,
2026,5,Туркестанская область,Помидоры закрытого грунта,403489.0,
2026,5,Республика Казахстан,Морковь столовая,148653.0,
2026,5,Костанайская область,Морковь столовая,210340.0,
2026,5,Республика Казахстан,Свекла столовая,166199.0,
2026,5,Костанайская область,Свекла столовая,177513.0,
2026,5,Республика Казахстан,Картофель,151297.0,
2026,5,Акмолинская область,Картофель,101293.0,
2026,5,Актюбинская область,Картофель,148995.0,
2026,5,Карагандинская область,Картофель,128837.0,
2026,5,Костанайская область,Картофель,168228.0,
2026,5,Павлодарская область,Картофель,145804.0,
2026,5,Северо-Казахстанская область,Картофель,123189.0,
2026,5,Республика Казахстан,Культуры кормовые зерновые,86226.0,
2026,5,Акмолинская область,Культуры кормовые зерновые,76183.0,
2026,5,Западно-Казахстанская область,Культуры кормовые зерновые,80239.0,
2026,5,Павлодарская область,Культуры кормовые зерновые,89938.0,
2026,5,Северо-Казахстанская область,Культуры кормовые зерновые,73996.0,
2026,5,Республика Казахстан,Сено,35848.0,
2026,5,Республика Казахстан,"Цветы и цветочные бутоны, срезанные (за тыс. штук)",237871.0,
2026,5,Республика Казахстан,Скот крупный рогатый,1437350.0,
2026,5,Абай область,Скот крупный рогатый,1739964.0,
2026,5,Акмолинская область,Скот крупный рогатый,1741335.0,
2026,5,Актюбинская область,Скот крупный рогатый,1065163.0,
2026,5,Алматинская область,Скот крупный рогатый,1632823.0,
2026,5,Западно-Казахстанская область,Скот крупный рогатый,1412798.0,
2026,5,Жамбылская область,Скот крупный рогатый,1433813.0,
2026,5,Костанайская область,Скот крупный рогатый,1632501.0,
2026,5,Кызылординская область,Скот крупный рогатый,1121123.0,
2026,5,Павлодарская область,Скот крупный рогатый,1185140.0,
2026,5,Туркестанская область,Скот крупный рогатый,1551316.0,
2026,5,Ұлытау область,Скот крупный рогатый,1214635.0,
2026,5,Восточно-Казахстанская область,Скот крупный рогатый,1297534.0,
2026,5,Республика Казахстан,Лошади,1411138.0,
2026,5,Абай область,Лошади,1671234.0,
2026,5,Актюбинская область,Лошади,1281073.0,
2026,5,Западно-Казахстанская область,Лошади,1089111.0,
2026,5,Кызылординская область,Лошади,1153834.0,
2026,5,Мангистауская область,Лошади,1666293.0,
2026,5,Павлодарская область,Лошади,1595119.0,
2026,5,Туркестанская область,Лошади,1518271.0,
2026,5,Ұлытау область,Лошади,1127219.0,
2026,5,Восточно-Казахстанская область,Лошади,1093385.0,
2026,5,Республика Казахстан,Верблюды,1438925.0,
2026,5,Мангистауская область,Верблюды,1919186.0,
2026,5,Республика Казахстан,Овцы,1338274.0,
2026,5,Абай область,Овцы,1628005.0,
2026,5,Актюбинская область,Овцы,1072533.0,
2026,5,Алматинская область,Овцы,1832311.0,
2026,5,Западно-Казахстанская область,Овцы,944145.0,
2026,5,Жамбылская область,Овцы,1008509.0,
2026,5,Кызылординская область,Овцы,1166668.0,
2026,5,Мангистауская область,Овцы,1133026.0,
2026,5,Ұлытау область,Овцы,1188243.0,
2026,5,Республика Казахстан,Свиньи,898535.0,
2026,5,Республика Казахстан,Домашняя птица,1190983.0,
2026,5,Северо-Казахстанская область,Домашняя птица,978935.0,
2026,5,Республика Казахстан,Молоко сырое коровье,240756.0,
2026,5,Абай область,Молоко сырое коровье,238268.0,
2026,5,Акмолинская область,Молоко сырое коровье,266004.0,
2026,5,Алматинская область,Молоко сырое коровье,268140.0,
2026,5,Западно-Казахстанская область,Молоко сырое коровье,230407.0,
2026,5,Жамбылская область,Молоко сырое коровье,240899.0,
2026,5,Жетісу область,Молоко сырое коровье,256071.0,
2026,5,Костанайская область,Молоко сырое коровье,233581.0,
2026,5,Кызылординская область,Молоко сырое коровье,228212.0,
2026,5,Павлодарская область,Молоко сырое коровье,228883.0,
2026,5,Северо-Казахстанская область,Молоко сырое коровье,202122.0,
2026,5,Туркестанская область,Молоко сырое коровье,264622.0,
2026,5,Восточно-Казахстанская область,Молоко сырое коровье,235490.0,
2026,5,Республика Казахстан,Молоко сырое кобылье,937864.0,
2026,5,Абай область,Молоко сырое кобылье,1147686.0,
2026,5,Республика Казахстан,Молоко сырое верблюжье,807670.0,
2026,5,Атырауская область,Молоко сырое верблюжье,930381.0,
2026,5,Мангистауская область,Молоко сырое верблюжье,910290.0,
2026,5,Республика Казахстан,Яйца (за тыс. штук),45267.0,
2026,5,Акмолинская область,Яйца (за тыс. штук),48790.0,
2026,5,Карагандинская область,Яйца (за тыс. штук),41329.0,
2026,5,Костанайская область,Яйца (за тыс. штук),46951.0,
2026,5,Северо-Казахстанская область,Яйца (за тыс. штук),43294.0,
2026,5,Туркестанская область,Яйца (за тыс. штук),44862.0,
2026,5,Республика Казахстан,Мед натуральный,1747828.0,
2026,6,Республика Казахстан,Пшеница,91152.0,Пшеница
2026,6,Абай область,Пшеница,91027.0,Пшеница
2026,6,Акмолинская область,Пшеница,93060.0,Пшеница
2026,6,Актюбинская область,Пшеница,115654.0,Пшеница
2026,6,Карагандинская область,Пшеница,92245.0,Пшеница
2026,6,Костанайская область,Пшеница,91110.0,Пшеница
2026,6,Павлодарская область,Пшеница,81874.0,Пшеница
2026,6,Северо-Казахстанская область,Пшеница,88446.0,Пшеница
2026,6,Восточно-Казахстанская область,Пшеница,87886.0,Пшеница
2026,6,Республика Казахстан,Пшеница твердая,85581.0,
2026,6,Костанайская область,Пшеница твердая,78272.0,
2026,6,Республика Казахстан,"Пшеница, кроме пшеницы твердой",91454.0,
2026,6,Абай область,"Пшеница, кроме пшеницы твердой",91027.0,
2026,6,Акмолинская область,"Пшеница, кроме пшеницы твердой",93209.0,
2026,6,Актюбинская область,"Пшеница, кроме пшеницы твердой",115654.0,
2026,6,Карагандинская область,"Пшеница, кроме пшеницы твердой",91653.0,
2026,6,Костанайская область,"Пшеница, кроме пшеницы твердой",91837.0,
2026,6,Павлодарская область,"Пшеница, кроме пшеницы твердой",81874.0,
2026,6,Северо-Казахстанская область,"Пшеница, кроме пшеницы твердой",88629.0,
2026,6,Восточно-Казахстанская область,"Пшеница, кроме пшеницы твердой",87886.0,
2026,6,Республика Казахстан,Ячмень,72732.0,Ячмень
2026,6,Карагандинская область,Ячмень,65000.0,Ячмень
2026,6,Северо-Казахстанская область,Ячмень,62069.0,Ячмень
2026,6,Восточно-Казахстанская область,Ячмень,92347.0,Ячмень
2026,6,Республика Казахстан,Чечевица сушеная,143217.0,
2026,6,Северо-Казахстанская область,Чечевица сушеная,144265.0,
2026,6,Республика Казахстан,"Горох, сушенный",104374.0,
2026,6,Северо-Казахстанская область,"Горох, сушенный",101040.0,
2026,6,Республика Казахстан,Семена подсолнечника,200027.0,Подсолнечник
2026,6,Абай область,Семена подсолнечника,206178.0,Подсолнечник
2026,6,Костанайская область,Семена подсолнечника,180376.0,Подсолнечник
2026,6,Павлодарская область,Семена подсолнечника,202756.0,Подсолнечник
2026,6,Северо-Казахстанская область,Семена подсолнечника,182415.0,Подсолнечник
2026,6,Восточно-Казахстанская область,Семена подсолнечника,211244.0,Подсолнечник
2026,6,Республика Казахстан,Семена сафлора,156508.0,
2026,6,Западно-Казахстанская область,Семена сафлора,156508.0,
2026,6,Республика Казахстан,Семена льна-кудряша,223935.0,
2026,6,Акмолинская область,Семена льна-кудряша,231427.0,
2026,6,Карагандинская область,Семена льна-кудряша,195310.0,
2026,6,Костанайская область,Семена льна-кудряша,206295.0,
2026,6,Северо-Казахстанская область,Семена льна-кудряша,230434.0,
2026,6,Республика Казахстан,Семена рапса,232805.0,
2026,6,Северо-Казахстанская область,Семена рапса,235274.0,
2026,6,Республика Казахстан,Капуста кочанная,160443.0,
2026,6,Республика Казахстан,Огурцы закрытого грунта,543538.0,
2026,6,Мангистауская область,Огурцы закрытого грунта,283101.0,
2026,6,Павлодарская область,Огурцы закрытого грунта,555888.0,
2026,6,Туркестанская область,Огурцы закрытого грунта,465944.0,
2026,6,Республика Казахстан,Помидоры закрытого грунта,418099.0,
2026,6,Актюбинская область,Помидоры закрытого грунта,458262.0,
2026,6,Алматинская область,Помидоры закрытого грунта,421785.0,
2026,6,Туркестанская область,Помидоры закрытого грунта,335328.0,
2026,6,Республика Казахстан,Морковь столовая,144652.0,
2026,6,Республика Казахстан,Свекла столовая,164186.0,
2026,6,Костанайская область,Свекла столовая,161281.0,
2026,6,Республика Казахстан,Картофель,165942.0,
2026,6,Акмолинская область,Картофель,124760.0,
2026,6,Карагандинская область,Картофель,105118.0,
2026,6,Костанайская область,Картофель,187975.0,
2026,6,Туркестанская область,Картофель,185043.0,
2026,6,Республика Казахстан,Культуры кормовые зерновые,86794.0,
2026,6,Западно-Казахстанская область,Культуры кормовые зерновые,61794.0,
2026,6,Павлодарская область,Культуры кормовые зерновые,94535.0,
2026,6,Северо-Казахстанская область,Культуры кормовые зерновые,76160.0,
2026,6,Республика Казахстан,Сено,56865.0,
2026,6,Западно-Казахстанская область,Сено,35473.0,
2026,6,Кызылординская область,Сено,27089.0,
2026,6,Республика Казахстан,"Цветы и цветочные бутоны, срезанные (за тыс.штук)",232345.0,
2026,6,Республика Казахстан,Плоды косточковые,218974.0,
2026,6,Туркестанская область,Плоды косточковые,218161.0,
2026,6,Республика Казахстан,Скот крупный рогатый,1423489.0,
2026,6,Абай область,Скот крупный рогатый,1742683.0,
2026,6,Акмолинская область,Скот крупный рогатый,1742504.0,
2026,6,Актюбинская область,Скот крупный рогатый,1213537.0,
2026,6,Алматинская область,Скот крупный рогатый,1639733.0,
2026,6,Западно-Казахстанская область,Скот крупный рогатый,1366333.0,
2026,6,Жамбылская область,Скот крупный рогатый,1634398.0,
2026,6,Костанайская область,Скот крупный рогатый,1544257.0,
2026,6,Кызылординская область,Скот крупный рогатый,1129083.0,
2026,6,Павлодарская область,Скот крупный рогатый,1261824.0,
2026,6,Северо-Казахстанская область,Скот крупный рогатый,1172762.0,
2026,6,Туркестанская область,Скот крупный рогатый,1419965.0,
2026,6,Ұлытау область,Скот крупный рогатый,1142741.0,
2026,6,Восточно-Казахстанская область,Скот крупный рогатый,1215985.0,
2026,6,Республика Казахстан,Лошади,1518798.0,
2026,6,Абай область,Лошади,1688170.0,
2026,6,Актюбинская область,Лошади,1300669.0,
2026,6,Западно-Казахстанская область,Лошади,1168412.0,
2026,6,Жамбылская область,Лошади,1221701.0,
2026,6,Кызылординская область,Лошади,1190968.0,
2026,6,Мангистауская область,Лошади,2053675.0,
2026,6,Туркестанская область,Лошади,1518271.0,
2026,6,Ұлытау область,Лошади,1535062.0,
2026,6,Восточно-Казахстанская область,Лошади,1093385.0,
2026,6,Республика Казахстан,Верблюды,1633165.0,
2026,6,Мангистауская область,Верблюды,2466300.0,
2026,6,Республика Казахстан,Овцы,1463905.0,
2026,6,Абай область,Овцы,1665649.0,
2026,6,Актюбинская область,Овцы,1123412.0,
2026,6,Алматинская область,Овцы,1801683.0,
2026,6,Атырауская область,Овцы,1344056.0,
2026,6,Западно-Казахстанская область,Овцы,985891.0,
2026,6,Жамбылская область,Овцы,1010551.0,
2026,6,Кызылординская область,Овцы,1222613.0,
2026,6,Мангистауская область,Овцы,1443961.0,
2026,6,Ұлытау область,Овцы,1111181.0,
2026,6,Республика Казахстан,Свиньи,899084.0,
2026,6,Северо-Казахстанская область,Свиньи,850320.0,
2026,6,Республика Казахстан,Домашняя птица,1133684.0,
2026,6,Северо-Казахстанская область,Домашняя птица,978935.0,
2026,6,Республика Казахстан,Молоко сырое коровье,240760.0,
2026,6,Абай область,Молоко сырое коровье,238281.0,
2026,6,Акмолинская область,Молоко сырое коровье,265410.0,
2026,6,Алматинская область,Молоко сырое коровье,267348.0,
2026,6,Западно-Казахстанская область,Молоко сырое коровье,230407.0,
2026,6,Жамбылская область,Молоко сырое коровье,235391.0,
2026,6,Жетісу область,Молоко сырое коровье,270515.0,
2026,6,Костанайская область,Молоко сырое коровье,232313.0,
2026,6,Кызылординская область,Молоко сырое коровье,227127.0,
2026,6,Павлодарская область,Молоко сырое коровье,230666.0,
2026,6,Северо-Казахстанская область,Молоко сырое коровье,202122.0,
2026,6,Туркестанская область,Молоко сырое коровье,260172.0,
2026,6,Восточно-Казахстанская область,Молоко сырое коровье,234471.0,
2026,6,Республика Казахстан,Молоко сырое кобылье,943851.0,
2026,6,Абай область,Молоко сырое кобылье,1154923.0,
2026,6,Республика Казахстан,Молоко сырое верблюжье,819729.0,
2026,6,Атырауская область,Молоко сырое верблюжье,875595.0,
2026,6,Мангистауская область,Молоко сырое верблюжье,932646.0,
2026,6,Республика Казахстан,Яйца (за тыс.штук),40905.0,
2026,6,Акмолинская область,Яйца (за тыс.штук),46548.0,
2026,6,Карагандинская область,Яйца (за тыс.штук),38452.0,
2026,6,Костанайская область,Яйца (за тыс.штук),45010.0,
2026,6,Северо-Казахстанская область,Яйца (за тыс.штук),32340.0,
2026,6,Туркестанская область,Яйца (за тыс.штук),41611.0,
2026,6,Республика Казахстан,Мед натуральный,1780432.0,
2026,6,Абай область,Мед натуральный,1494108.0,
2026,7,Республика Казахстан,Пшеница,90065.0,Пшеница
2026,7,Абай область,Пшеница,86616.0,Пшеница
2026,7,Акмолинская область,Пшеница,91469.0,Пшеница
2026,7,Актюбинская область,Пшеница,106125.0,Пшеница
2026,7,Карагандинская область,Пшеница,89725.0,Пшеница
2026,7,Костанайская область,Пшеница,88089.0,Пшеница
2026,7,Павлодарская область,Пшеница,84602.0,Пшеница
2026,7,Северо-Казахстанская область,Пшеница,88137.0,Пшеница
2026,7,Республика Казахстан,Пшеница твердая,84745.0,
2026,7,Костанайская область,Пшеница твердая,79883.0,
2026,7,Республика Казахстан,"Пшеница, кроме пшеницы твердой",90275.0,
2026,7,Абай область,"Пшеница, кроме пшеницы твердой",86616.0,
2026,7,Акмолинская область,"Пшеница, кроме пшеницы твердой",91469.0,
2026,7,Актюбинская область,"Пшеница, кроме пшеницы твердой",106125.0,
2026,7,Карагандинская область,"Пшеница, кроме пшеницы твердой",89111.0,
2026,7,Костанайская область,"Пшеница, кроме пшеницы твердой",88554.0,
2026,7,Павлодарская область,"Пшеница, кроме пшеницы твердой",84602.0,
2026,7,Северо-Казахстанская область,"Пшеница, кроме пшеницы твердой",88295.0,
2026,7,Республика Казахстан,Ячмень,70253.0,Ячмень
2026,7,Западно-Казахстанская область,Ячмень,53000.0,Ячмень
2026,7,Северо-Казахстанская область,Ячмень,62069.0,Ячмень
2026,7,Республика Казахстан,"Чечевица, сушеная",102020.0,
2026,7,Северо-Казахстанская область,"Чечевица, сушеная",101502.0,
2026,7,Республика Казахстан,Семена подсолнечника,205283.0,Подсолнечник
2026,7,Абай область,Семена подсолнечника,215368.0,Подсолнечник
2026,7,Акмолинская область,Семена подсолнечника,188332.0,Подсолнечник
2026,7,Костанайская область,Семена подсолнечника,186940.0,Подсолнечник
2026,7,Павлодарская область,Семена подсолнечника,206633.0,Подсолнечник
2026,7,Северо-Казахстанская область,Семена подсолнечника,188849.0,Подсолнечник
2026,7,Восточно-Казахстанская область,Семена подсолнечника,213449.0,Подсолнечник
2026,7,Республика Казахстан,Семена сафлора,141911.0,
2026,7,Западно-Казахстанская область,Семена сафлора,141911.0,
2026,7,Республика Казахстан,Семена льнакудряша,215212.0,
2026,7,Акмолинская область,Семена льнакудряша,212184.0,
2026,7,Костанайская область,Семена льнакудряша,188938.0,
2026,7,Северо-Казахстанская область,Семена льнакудряша,227347.0,
2026,7,Республика Казахстан,Семена рапса,273682.0,
2026,7,Республика Казахстан,Капуста кочанная,198774.0,
2026,7,Республика Казахстан,Арбузы,58434.0,
2026,7,Туркестанская область,Арбузы,53053.0,
2026,7,Республика Казахстан,Перцы,188855.0,
2026,7,Республика Казахстан,Огурцы открытого грунта,133735.0,
2026,7,Атырауская область,Огурцы открытого грунта,300000.0,
2026,7,Западно-Казахстанская область,Огурцы открытого грунта,300000.0,
2026,7,Республика Казахстан,Огурцы закрытого грунта,331024.0,
2026,7,Павлодарская область,Огурцы закрытого грунта,226117.0,
2026,7,Туркестанская область,Огурцы закрытого грунта,341363.0,
2026,7,Республика Казахстан,Баклажаны,129230.0,
2026,7,Республика Казахстан,Помидоры открытого грунта,144402.0,
2026,7,Республика Казахстан,Помидоры закрытого грунта,276960.0,
2026,7,Актюбинская область,Помидоры закрытого грунта,375150.0,
2026,7,Алматинская область,Помидоры закрытого грунта,290703.0,
2026,7,Туркестанская область,Помидоры закрытого грунта,200231.0,
2026,7,Республика Казахстан,Морковь столовая,131841.0,
2026,7,Республика Казахстан,Свекла столовая,177146.0,
2026,7,Республика Казахстан,Картофель,137299.0,
2026,7,Карагандинская область,Картофель,106539.0,
2026,7,Республика Казахстан,Сено,38618.0,
2026,7,Жетісу область,Сено,55455.0,
2026,7,Кызылординская область,Сено,28134.0,
2026,7,Республика Казахстан,Розы срезанные (за тысяч штук),232345.0,
2026,7,Республика Казахстан,Абрикосы,212753.0,
2026,7,Алматинская область,Абрикосы,213821.0,
2026,7,Республика Казахстан,Скот крупный рогатый взрослый молочного стада,1256275.0,
2026,7,Акмолинская область,Скот крупный рогатый взрослый молочного стада,1266797.0,
2026,7,Актюбинская область,Скот крупный рогатый взрослый молочного стада,1174878.0,
2026,7,Костанайская область,Скот крупный рогатый взрослый молочного стада,1359933.0,
2026,7,Кызылординская область,Скот крупный рогатый взрослый молочного стада,1185161.0,
2026,7,Павлодарская область,Скот крупный рогатый взрослый молочного стада,1139998.0,
2026,7,Северо-Казахстанская область,Скот крупный рогатый взрослый молочного стада,1203287.0,
2026,7,Ұлытау область,Скот крупный рогатый взрослый молочного стада,1283532.0,
2026,7,Восточно-Казахстанская область,Скот крупный рогатый взрослый молочного стада,1256297.0,
2026,7,Республика Казахстан,Скот крупный рогатый взрослый мясного стада,1608661.0,
2026,7,Абай область,Скот крупный рогатый взрослый мясного стада,1856127.0,
2026,7,Акмолинская область,Скот крупный рогатый взрослый мясного стада,1841000.0,
2026,7,Актюбинская область,Скот крупный рогатый взрослый мясного стада,1463259.0,
2026,7,Алматинская область,Скот крупный рогатый взрослый мясного стада,1474049.0,
2026,7,Западно-Казахстанская область,Скот крупный рогатый взрослый мясного стада,1284310.0,
2026,7,Павлодарская область,Скот крупный рогатый взрослый мясного стада,1638918.0,
2026,7,Республика Казахстан,Лошади,1346703.0,
2026,7,Абай область,Лошади,1696637.0,
2026,7,Актюбинская область,Лошади,1246693.0,
2026,7,Западно-Казахстанская область,Лошади,1098891.0,
2026,7,Кызылординская область,Лошади,1188766.0,
2026,7,Мангистауская область,Лошади,1941819.0,
2026,7,Павлодарская область,Лошади,1255975.0,
2026,7,Ұлытау область,Лошади,1513873.0,
2026,7,Восточно-Казахстанская область,Лошади,1093385.0,
2026,7,Республика Казахстан,Овцы,1400585.0,
2026,7,Абай область,Овцы,1791560.0,
2026,7,Актюбинская область,Овцы,1130093.0,
2026,7,Алматинская область,Овцы,1998366.0,
2026,7,Западно-Казахстанская область,Овцы,997229.0,
2026,7,Жамбылская область,Овцы,1017502.0,
2026,7,Кызылординская область,Овцы,1213618.0,
2026,7,Мангистауская область,Овцы,1133026.0,
2026,7,Ұлытау область,Овцы,1083980.0,
2026,7,Республика Казахстан,Верблюды,1915159.0,
2026,7,Мангистауская область,Верблюды,2434257.0,
2026,7,Республика Казахстан,Свиньи,909522.0,
2026,7,Республика Казахстан,Куры,1130077.0,
2026,7,Мангистауская область,Куры,1332196.0,
2026,7,Республика Казахстан,Молоко сырое коровье,241088.0,
2026,7,Абай область,Молоко сырое коровье,235496.0,
2026,7,Акмолинская область,Молоко сырое коровье,265410.0,
2026,7,Алматинская область,Молоко сырое коровье,264594.0,
2026,7,Западно-Казахстанская область,Молоко сырое коровье,230407.0,
2026,7,Жамбылская область,Молоко сырое коровье,235391.0,
2026,7,Жетісу область,Молоко сырое коровье,292098.0,
2026,7,Костанайская область,Молоко сырое коровье,232891.0,
2026,7,Павлодарская область,Молоко сырое коровье,229215.0,
2026,7,Северо-Казахстанская область,Молоко сырое коровье,201263.0,
2026,7,Туркестанская область,Молоко сырое коровье,261180.0,
2026,7,Восточно-Казахстанская область,Молоко сырое коровье,229283.0,
2026,7,Республика Казахстан,Молоко сырое кобылье,924167.0,
2026,7,Абай область,Молоко сырое кобылье,1157546.0,
2026,7,Республика Казахстан,Молоко сырое верблюжье,812731.0,
2026,7,Атырауская область,Молоко сырое верблюжье,830135.0,
2026,7,Мангистауская область,Молоко сырое верблюжье,932646.0,
2026,7,Республика Казахстан,Яйца (за тысяч штук),37449.0,
2026,7,Акмолинская область,Яйца (за тысяч штук),41487.0,
2026,7,Карагандинская область,Яйца (за тысяч штук),35051.0,
2026,7,Костанайская область,Яйца (за тысяч штук),41392.0,
2026,7,Северо-Казахстанская область,Яйца (за тысяч штук),31729.0,
2026,7,Туркестанская область,Яйца (за тысяч штук),32977.0,
2026,7,Республика Казахстан,"Шерсть стриженная с овцы живой, немытая (включая промытую руном)",465302.0,
2026,7,Алматинская область,"Шерсть стриженная с овцы живой, немытая (включая промытую руном)",465922.0,
2026,7,Республика Казахстан,Мед натуральный,1782738.0,
2026,7,Абай область,Мед натуральный,1508794.0,
2026,8,Республика Казахстан,Пшеница,89145.0,Пшеница
2026,8,Акмолинская область,Пшеница,92047.0,Пшеница
2026,8,Актюбинская область,Пшеница,85890.0,Пшеница
2026,8,Западно-Казахстанская область,Пшеница,83681.0,Пшеница
2026,8,Карагандинская область,Пшеница,88383.0,Пшеница
2026,8,Костанайская область,Пшеница,89698.0,Пшеница
2026,8,Павлодарская область,Пшеница,88143.0,Пшеница
2026,8,Северо-Казахстанская область,Пшеница,84088.0,Пшеница
2026,8,Туркестанская область,Пшеница,96986.0,Пшеница
2026,8,Республика Казахстан,Пшеница твердая,88717.0,
2026,8,Республика Казахстан,"Пшеница, кроме пшеницы твердой",89153.0,
2026,8,Акмолинская область,"Пшеница, кроме пшеницы твердой",92047.0,
2026,8,Западно-Казахстанская область,"Пшеница, кроме пшеницы твердой",83681.0,
2026,8,Карагандинская область,"Пшеница, кроме пшеницы твердой",88383.0,
2026,8,Костанайская область,"Пшеница, кроме пшеницы твердой",89822.0,
2026,8,Павлодарская область,"Пшеница, кроме пшеницы твердой",88143.0,
2026,8,Северо-Казахстанская область,"Пшеница, кроме пшеницы твердой",84088.0,
2026,8,Туркестанская область,"Пшеница, кроме пшеницы твердой",96986.0,
2026,8,Республика Казахстан,Ячмень,81276.0,Ячмень
2026,8,Карагандинская область,Ячмень,70689.0,Ячмень
2026,8,Туркестанская область,Ячмень,97347.0,Ячмень
2026,8,Восточно-Казахстанская область,Ячмень,71391.0,Ячмень
2026,8,Республика Казахстан,"Чечевица, сушеная",119665.0,
2026,8,Северо-Казахстанская область,"Чечевица, сушеная",129777.0,
2026,8,Республика Казахстан,Семена подсолнечника,202483.0,Подсолнечник
2026,8,Костанайская область,Семена подсолнечника,176778.0,Подсолнечник
2026,8,Павлодарская область,Семена подсолнечника,200190.0,Подсолнечник
2026,8,Северо-Казахстанская область,Семена подсолнечника,190579.0,Подсолнечник
2026,8,Восточно-Казахстанская область,Семена подсолнечника,204547.0,Подсолнечник
2026,8,Республика Казахстан,Семена льна-кудряша,187016.0,
2026,8,Костанайская область,Семена льна-кудряша,180115.0,
2026,8,Северо-Казахстанская область,Семена льна-кудряша,187703.0,
2026,8,Республика Казахстан,Капуста кочанная,54520.0,
2026,8,Актюбинская область,Капуста кочанная,117395.0,
2026,8,Республика Казахстан,Арбузы,66695.0,
2026,8,Абай область,Арбузы,99922.0,
2026,8,Актюбинская область,Арбузы,162441.0,
2026,8,Атырауская область,Арбузы,134720.0,
2026,8,Западно-Казахстанская область,Арбузы,134720.0,
2026,8,Жамбылская область,Арбузы,77847.0,
2026,8,Мангистауская область,Арбузы,141392.0,
2026,8,Туркестанская область,Арбузы,52691.0,
2026,8,Восточно-Казахстанская область,Арбузы,104138.0,
2026,8,Республика Казахстан,Дыни,79287.0,
2026,8,Атырауская область,Дыни,203958.0,
2026,8,Западно-Казахстанская область,Дыни,203958.0,
2026,8,Мангистауская область,Дыни,174014.0,
2026,8,Туркестанская область,Дыни,74693.0,
2026,8,Восточно-Казахстанская область,Дыни,191447.0,
2026,8,Республика Казахстан,Перцы,167965.0,
2026,8,Республика Казахстан,Огурцы открытого грунта,213241.0,
2026,8,Актюбинская область,Огурцы открытого грунта,300000.0,
2026,8,Атырауская область,Огурцы открытого грунта,277102.0,
2026,8,Западно-Казахстанская область,Огурцы открытого грунта,277102.0,
2026,8,Восточно-Казахстанская область,Огурцы открытого грунта,338393.0,
2026,8,Республика Казахстан,Огурцы закрытого грунта,291044.0,
2026,8,Павлодарская область,Огурцы закрытого грунта,252761.0,
2026,8,Туркестанская область,Огурцы закрытого грунта,250000.0,
2026,8,Республика Казахстан,Баклажаны,138512.0,
2026,8,Республика Казахстан,Помидоры открытого грунта,224472.0,
2026,8,Актюбинская область,Помидоры открытого грунта,374693.0,
2026,8,Атырауская область,Помидоры открытого грунта,165291.0,
2026,8,Западно-Казахстанская область,Помидоры открытого грунта,165291.0,
2026,8,Мангистауская область,Помидоры открытого грунта,236352.0,
2026,8,Восточно-Казахстанская область,Помидоры открытого грунта,339483.0,
2026,8,Республика Казахстан,Помидоры закрытого грунта,309131.0,
2026,8,Актюбинская область,Помидоры закрытого грунта,364048.0,
2026,8,Республика Казахстан,Морковь столовая,133456.0,
2026,8,Туркестанская область,Морковь столовая,102812.0,
2026,8,Республика Казахстан,Лук репчатый,92627.0,
2026,8,Туркестанская область,Лук репчатый,93217.0,
2026,8,Республика Казахстан,Свекла столовая,156420.0,
2026,8,Актюбинская область,Свекла столовая,253320.0,
2026,8,Республика Казахстан,Картофель,164195.0,
2026,8,Акмолинская область,Картофель,104062.0,
2026,8,Актюбинская область,Картофель,237227.0,
2026,8,Павлодарская область,Картофель,143115.0,
2026,8,Республика Казахстан,Сено,43071.0,
2026,8,Абай область,Сено,40586.0,
2026,8,Актюбинская область,Сено,28651.0,
2026,8,Жамбылская область,Сено,44324.0,
2026,8,Кызылординская область,Сено,28860.0,
2026,8,Туркестанская область,Сено,52984.0,
2026,8,Республика Казахстан,Розы срезанные (за тысяч штук),232345.0,
2026,8,Республика Казахстан,Виноград свежий,314648.0,
2026,8,Республика Казахстан,Сливы,272306.0,
2026,8,Республика Казахстан,Скот крупный рогатый,1445429.0,
2026,8,Абай область,Скот крупный рогатый,1897774.0,
2026,8,Акмолинская область,Скот крупный рогатый,1794055.0,
2026,8,Актюбинская область,Скот крупный рогатый,1213315.0,
2026,8,Алматинская область,Скот крупный рогатый,1655487.0,
2026,8,Западно-Казахстанская область,Скот крупный рогатый,1257587.0,
2026,8,Костанайская область,Скот крупный рогатый,1487138.0,
2026,8,Кызылординская область,Скот крупный рогатый,1129534.0,
2026,8,Павлодарская область,Скот крупный рогатый,1293516.0,
2026,8,Туркестанская область,Скот крупный рогатый,1551316.0,
2026,8,Ұлытау область,Скот крупный рогатый,1160481.0,
2026,8,Восточно-Казахстанская область,Скот крупный рогатый,1208688.0,
2026,8,Республика Казахстан,Скот крупный рогатый взрослый мясного стада,1619353.0,
2026,8,Абай область,Скот крупный рогатый взрослый мясного стада,1897774.0,
2026,8,Акмолинская область,Скот крупный рогатый взрослый мясного стада,1841000.0,
2026,8,Актюбинская область,Скот крупный рогатый взрослый мясного стада,1484341.0,
2026,8,Алматинская область,Скот крупный рогатый взрослый мясного стада,1491358.0,
2026,8,Западно-Казахстанская область,Скот крупный рогатый взрослый мясного стада,1274721.0,
2026,8,Павлодарская область,Скот крупный рогатый взрослый мясного стада,1718003.0,
2026,8,Ұлытау область,Скот крупный рогатый взрослый мясного стада,962997.0,
2026,8,Республика Казахстан,Скот крупный рогатый взрослый молочного стада,1250159.0,
2026,8,Актюбинская область,Скот крупный рогатый взрослый молочного стада,939793.0,
2026,8,Кызылординская область,Скот крупный рогатый взрослый молочного стада,1187621.0,
2026,8,Павлодарская область,Скот крупный рогатый взрослый молочного стада,1120526.0,
2026,8,Ұлытау область,Скот крупный рогатый взрослый молочного стада,1291236.0,
2026,8,Восточно-Казахстанская область,Скот крупный рогатый взрослый молочного стада,1208688.0,
2026,8,Республика Казахстан,Лошади,1568493.0,
2026,8,Абай область,Лошади,1862513.0,
2026,8,Актюбинская область,Лошади,1363990.0,
2026,8,Западно-Казахстанская область,Лошади,1101328.0,
2026,8,Кызылординская область,Лошади,1187574.0,
2026,8,Мангистауская область,Лошади,1192454.0,
2026,8,Павлодарская область,Лошади,1952887.0,
2026,8,Ұлытау область,Лошади,1503572.0,
2026,8,Восточно-Казахстанская область,Лошади,1113542.0,
2026,8,Республика Казахстан,Овцы,1396776.0,
2026,8,Абай область,Овцы,1819581.0,
2026,8,Актюбинская область,Овцы,999783.0,
2026,8,Алматинская область,Овцы,2004764.0,
2026,8,Западно-Казахстанская область,Овцы,1023702.0,
2026,8,Жамбылская область,Овцы,1029195.0,
2026,8,Кызылординская область,Овцы,1166132.0,
2026,8,Мангистауская область,Овцы,1133026.0,
2026,8,Ұлытау область,Овцы,1083509.0,
2026,8,Республика Казахстан,Верблюды,1128849.0,
2026,8,Республика Казахстан,Свиньи,912184.0,
2026,8,Республика Казахстан,Куры,1136382.0,
2026,8,Мангистауская область,Куры,1332196.0,
2026,8,Республика Казахстан,Молоко сырое коровье,240525.0,
2026,8,Абай область,Молоко сырое коровье,233225.0,
2026,8,Акмолинская область,Молоко сырое коровье,265611.0,
2026,8,Алматинская область,Молоко сырое коровье,264874.0,
2026,8,Западно-Казахстанская область,Молоко сырое коровье,230407.0,
2026,8,Жамбылская область,Молоко сырое коровье,235391.0,
2026,8,Жетісу область,Молоко сырое коровье,287076.0,
2026,8,Костанайская область,Молоко сырое коровье,233473.0,
2026,8,Кызылординская область,Молоко сырое коровье,227545.0,
2026,8,Павлодарская область,Молоко сырое коровье,223088.0,
2026,8,Северо-Казахстанская область,Молоко сырое коровье,201248.0,
2026,8,Туркестанская область,Молоко сырое коровье,267307.0,
2026,8,Восточно-Казахстанская область,Молоко сырое коровье,228384.0,
2026,8,Республика Казахстан,Молоко сырое кобылье,1098867.0,
2026,8,Республика Казахстан,Молоко сырое верблюжье,815074.0,
2026,8,Атырауская область,Молоко сырое верблюжье,830135.0,
2026,8,Мангистауская область,Молоко сырое верблюжье,974679.0,
2026,8,Республика Казахстан,Яйца (за тысяч штук),37769.0,
2026,8,Акмолинская область,Яйца (за тысяч штук),40985.0,
2026,8,Карагандинская область,Яйца (за тысяч штук),34913.0,
2026,8,Костанайская область,Яйца (за тысяч штук),39322.0,
2026,8,Северо-Казахстанская область,Яйца (за тысяч штук),34929.0,
2026,8,Туркестанская область,Яйца (за тысяч штук),35086.0,
2026,8,Республика Казахстан,Мед натуральный,1782738.0,
2026,8,Абай область,Мед натуральный,1508794.0,
2026,9,Республика Казахстан,Пшеница,84925.0,Пшеница
2026,9,Абай область,Пшеница,83913.0,Пшеница
2026,9,Акмолинская область,Пшеница,91262.0,Пшеница
2026,9,Актюбинская область,Пшеница,80696.0,Пшеница
2026,9,Алматинская область,Пшеница,106626.0,Пшеница
2026,9,Западно-Казахстанская область,Пшеница,96705.0,Пшеница
2026,9,Карагандинская область,Пшеница,99590.0,Пшеница
2026,9,Костанайская область,Пшеница,77879.0,Пшеница
2026,9,Кызылординская область,Пшеница,105945.0,Пшеница
2026,9,Павлодарская область,Пшеница,81207.0,Пшеница
2026,9,Северо-Казахстанская область,Пшеница,80223.0,Пшеница
2026,9,Туркестанская область,Пшеница,100765.0,Пшеница
2026,9,Восточно-Казахстанская область,Пшеница,82706.0,Пшеница
2026,9,Республика Казахстан,"Пшеница, кроме пшеницы твердой",85088.0,
2026,9,Абай область,"Пшеница, кроме пшеницы твердой",83913.0,
2026,9,Акмолинская область,"Пшеница, кроме пшеницы твердой",91262.0,
2026,9,Актюбинская область,"Пшеница, кроме пшеницы твердой",80696.0,
2026,9,Алматинская область,"Пшеница, кроме пшеницы твердой",106626.0,
2026,9,Западно-Казахстанская область,"Пшеница, кроме пшеницы твердой",96705.0,
2026,9,Карагандинская область,"Пшеница, кроме пшеницы твердой",99937.0,
2026,9,Костанайская область,"Пшеница, кроме пшеницы твердой",77879.0,
2026,9,Кызылординская область,"Пшеница, кроме пшеницы твердой",105945.0,
2026,9,Павлодарская область,"Пшеница, кроме пшеницы твердой",81207.0,
2026,9,Северо-Казахстанская область,"Пшеница, кроме пшеницы твердой",80651.0,
2026,9,Туркестанская область,"Пшеница, кроме пшеницы твердой",100765.0,
2026,9,Восточно-Казахстанская область,"Пшеница, кроме пшеницы твердой",82706.0,
2026,9,Республика Казахстан,Кукуруза (маис),99483.0,Кукуруза
2026,9,Туркестанская область,Кукуруза (маис),99483.0,Кукуруза
2026,9,Республика Казахстан,Ячмень,73744.0,Ячмень
2026,9,Западно-Казахстанская область,Ячмень,64961.0,Ячмень
2026,9,Павлодарская область,Ячмень,64660.0,Ячмень
2026,9,Северо-Казахстанская область,Ячмень,60281.0,Ячмень
2026,9,Восточно-Казахстанская область,Ячмень,76744.0,Ячмень
2026,9,Республика Казахстан,Просо,98314.0,
2026,9,Туркестанская область,Просо,163818.0,
2026,9,Республика Казахстан,"Рис, необрушенный",114526.0,
2026,9,Республика Казахстан,"Чечевица, сушеная",102147.0,
2026,9,Северо-Казахстанская область,"Чечевица, сушеная",104424.0,
2026,9,Республика Казахстан,Горох сушеный,64455.0,
2026,9,Северо-Казахстанская область,Горох сушеный,66257.0,
2026,9,Республика Казахстан,Семена подсолнечника,211436.0,Подсолнечник
2026,9,Абай область,Семена подсолнечника,201908.0,Подсолнечник
2026,9,Павлодарская область,Семена подсолнечника,222144.0,Подсолнечник
2026,9,Северо-Казахстанская область,Семена подсолнечника,218044.0,Подсолнечник
2026,9,Восточно-Казахстанская область,Семена подсолнечника,213168.0,Подсолнечник
2026,9,Республика Казахстан,Семена сафлора,88346.0,
2026,9,Абай область,Семена сафлора,182671.0,
2026,9,Западно-Казахстанская область,Семена сафлора,107622.0,
2026,9,Туркестанская область,Семена сафлора,117720.0,
2026,9,Республика Казахстан,Семена льна кудряша,162902.0,
2026,9,Акмолинская область,Семена льна кудряша,173154.0,
2026,9,Костанайская область,Семена льна кудряша,159698.0,
2026,9,Северо-Казахстанская область,Семена льна кудряша,161324.0,
2026,9,Республика Казахстан,Семена рапса,176393.0,
2026,9,Северо-Казахстанская область,Семена рапса,170030.0,
2026,9,Республика Казахстан,Капуста кочанная,165545.0,
2026,9,Абай область,Капуста кочанная,104464.0,
2026,9,Актюбинская область,Капуста кочанная,135306.0,
2026,9,Атырауская область,Капуста кочанная,136705.0,
2026,9,Костанайская область,Капуста кочанная,171720.0,
2026,9,Республика Казахстан,Арбузы,60016.0,
2026,9,Абай область,Арбузы,91782.0,
2026,9,Актюбинская область,Арбузы,109533.0,
2026,9,Атырауская область,Арбузы,121586.0,
2026,9,Западно-Казахстанская область,Арбузы,121586.0,
2026,9,Мангистауская область,Арбузы,115443.0,
2026,9,Республика Казахстан,Дыни,68815.0,
2026,9,Актюбинская область,Дыни,234515.0,
2026,9,Атырауская область,Дыни,182583.0,
2026,9,Западно-Казахстанская область,Дыни,182583.0,
2026,9,Мангистауская область,Дыни,143343.0,
2026,9,Туркестанская область,Дыни,64971.0,
2026,9,Республика Казахстан,Перцы,194151.0,
2026,9,Абай область,Перцы,171707.0,
2026,9,Республика Казахстан,Огурцы открытого грунта,230862.0,
2026,9,Актюбинская область,Огурцы открытого грунта,252938.0,
2026,9,Атырауская область,Огурцы открытого грунта,230833.0,
2026,9,Западно-Казахстанская область,Огурцы открытого грунта,230833.0,
2026,9,Восточно-Казахстанская область,Огурцы открытого грунта,361607.0,
2026,9,Республика Казахстан,Огурцы закрытого грунта,324025.0,
2026,9,Республика Казахстан,Баклажаны,136056.0,
2026,9,Абай область,Баклажаны,204083.0,
2026,9,Мангистауская область,Баклажаны,150000.0,
2026,9,Республика Казахстан,Помидоры открытого грунта,150710.0,
2026,9,Абай область,Помидоры открытого грунта,272712.0,
2026,9,Актюбинская область,Помидоры открытого грунта,267419.0,
2026,9,Атырауская область,Помидоры открытого грунта,175781.0,
2026,9,Западно-Казахстанская область,Помидоры открытого грунта,175781.0,
2026,9,Мангистауская область,Помидоры открытого грунта,222616.0,
2026,9,Восточно-Казахстанская область,Помидоры открытого грунта,339483.0,
2026,9,Республика Казахстан,Помидоры закрытого грунта,494667.0,
2026,9,Актюбинская область,Помидоры закрытого грунта,462411.0,
2026,9,Республика Казахстан,Морковь столовая,117752.0,
2026,9,Абай область,Морковь столовая,111495.0,
2026,9,Актюбинская область,Морковь столовая,294082.0,
2026,9,Атырауская область,Морковь столовая,119621.0,
2026,9,Западно-Казахстанская область,Морковь столовая,119621.0,
2026,9,Костанайская область,Морковь столовая,202442.0,
2026,9,Республика Казахстан,Лук репчатый,82973.0,
2026,9,Атырауская область,Лук репчатый,96280.0,
2026,9,Западно-Казахстанская область,Лук репчатый,96280.0,
2026,9,Жамбылская область,Лук репчатый,82871.0,
2026,9,Костанайская область,Лук репчатый,176757.0,
2026,9,Республика Казахстан,Свекла столовая,150248.0,
2026,9,Актюбинская область,Свекла столовая,224064.0,
2026,9,Атырауская область,Свекла столовая,137745.0,
2026,9,Западно-Казахстанская область,Свекла столовая,137745.0,
2026,9,Республика Казахстан,Картофель,113697.0,
2026,9,Акмолинская область,Картофель,114488.0,
2026,9,Актюбинская область,Картофель,168266.0,
2026,9,Костанайская область,Картофель,162366.0,
2026,9,Павлодарская область,Картофель,108639.0,
2026,9,Северо-Казахстанская область,Картофель,137397.0,
2026,9,Республика Казахстан,Кукуруза на силос,28605.0,
2026,9,Республика Казахстан,Сено,45349.0,
2026,9,Абай область,Сено,40586.0,
2026,9,Актюбинская область,Сено,28651.0,
2026,9,Кызылординская область,Сено,28152.0,
2026,9,Туркестанская область,Сено,54452.0,
2026,9,Республика Казахстан,Розы срезанные (за тыс.штук),237871.0,
2026,9,Республика Казахстан,Виноград свежий,360712.0,
2026,9,Республика Казахстан,Яблоки,281972.0,
2026,9,Республика Казахстан,Сливы,285047.0,
2026,9,Республика Казахстан,Скот крупный рогатый,1445718.0,
2026,9,Абай область,Скот крупный рогатый,1792494.0,
2026,9,Акмолинская область,Скот крупный рогатый,1780761.0,
2026,9,Актюбинская область,Скот крупный рогатый,1229273.0,
2026,9,Алматинская область,Скот крупный рогатый,1662461.0,
2026,9,Западно-Казахстанская область,Скот крупный рогатый,1283961.0,
2026,9,Костанайская область,Скот крупный рогатый,1447005.0,
2026,9,Кызылординская область,Скот крупный рогатый,1083427.0,
2026,9,Павлодарская область,Скот крупный рогатый,1252471.0,
2026,9,Ұлытау область,Скот крупный рогатый,1197649.0,
2026,9,Республика Казахстан,Скот крупный рогатый взрослый молочного стада,1240606.0,
2026,9,Акмолинская область,Скот крупный рогатый взрослый молочного стада,1536438.0,
2026,9,Актюбинская область,Скот крупный рогатый взрослый молочного стада,1174546.0,
2026,9,Костанайская область,Скот крупный рогатый взрослый молочного стада,1388325.0,
2026,9,Кызылординская область,Скот крупный рогатый взрослый молочного стада,1127800.0,
2026,9,Павлодарская область,Скот крупный рогатый взрослый молочного стада,1138926.0,
2026,9,Ұлытау область,Скот крупный рогатый взрослый молочного стада,1337186.0,
2026,9,Республика Казахстан,Скот крупный рогатый взрослый мясного стада,1570734.0,
2026,9,Абай область,Скот крупный рогатый взрослый мясного стада,1838016.0,
2026,9,Акмолинская область,Скот крупный рогатый взрослый мясного стада,1827643.0,
2026,9,Актюбинская область,Скот крупный рогатый взрослый мясного стада,1283500.0,
2026,9,Алматинская область,Скот крупный рогатый взрослый мясного стада,1504621.0,
2026,9,Западно-Казахстанская область,Скот крупный рогатый взрослый мясного стада,1302152.0,
2026,9,Павлодарская область,Скот крупный рогатый взрослый мясного стада,1531091.0,
2026,9,Ұлытау область,Скот крупный рогатый взрослый мясного стада,986902.0,
2026,9,Республика Казахстан,Лошади,1541128.0,
2026,9,Абай область,Лошади,1691128.0,
2026,9,Актюбинская область,Лошади,1256405.0,
2026,9,Западно-Казахстанская область,Лошади,1194303.0,
2026,9,Кызылординская область,Лошади,1175685.0,
2026,9,Мангистауская область,Лошади,1580757.0,
2026,9,Ұлытау область,Лошади,1520588.0,
2026,9,Восточно-Казахстанская область,Лошади,1093385.0,
2026,9,Республика Казахстан,Овцы,1400847.0,
2026,9,Абай область,Овцы,1798131.0,
2026,9,Актюбинская область,Овцы,1280492.0,
2026,9,Алматинская область,Овцы,2010096.0,
2026,9,Атырауская область,Овцы,1318991.0,
2026,9,Западно-Казахстанская область,Овцы,1024121.0,
2026,9,Кызылординская область,Овцы,1097006.0,
2026,9,Мангистауская область,Овцы,1135122.0,
2026,9,Ұлытау область,Овцы,1229004.0,
2026,9,Восточно-Казахстанская область,Овцы,900024.0,
2026,9,Республика Казахстан,Верблюды,1425351.0,
2026,9,Мангистауская область,Верблюды,1712456.0,
2026,9,Республика Казахстан,Свиньи,892227.0,
2026,9,Республика Казахстан,Куры,1143231.0,
2026,9,Мангистауская область,Куры,1332196.0,
2026,9,Республика Казахстан,Молоко сырое коровье,237016.0,
2026,9,Абай область,Молоко сырое коровье,241090.0,
2026,9,Акмолинская область,Молоко сырое коровье,230519.0,
2026,9,Алматинская область,Молоко сырое коровье,264875.0,
2026,9,Западно-Казахстанская область,Молоко сырое коровье,230407.0,
2026,9,Жамбылская область,Молоко сырое коровье,235391.0,
2026,9,Жетісу область,Молоко сырое коровье,285393.0,
2026,9,Костанайская область,Молоко сырое коровье,231848.0,
2026,9,Кызылординская область,Молоко сырое коровье,227383.0,
2026,9,Павлодарская область,Молоко сырое коровье,224290.0,
2026,9,Северо-Казахстанская область,Молоко сырое коровье,201317.0,
2026,9,Туркестанская область,Молоко сырое коровье,272578.0,
2026,9,Восточно-Казахстанская область,Молоко сырое коровье,226094.0,
2026,9,Республика Казахстан,Молоко сырое кобылье,1023480.0,
2026,9,Абай область,Молоко сырое кобылье,1158560.0,
2026,9,Республика Казахстан,Молоко сырое верблюжье,814070.0,
2026,9,Атырауская область,Молоко сырое верблюжье,830135.0,
2026,9,Мангистауская область,Молоко сырое верблюжье,956668.0,
2026,9,Республика Казахстан,Яйца (за тыс.штук),40908.0,
2026,9,Акмолинская область,Яйца (за тыс.штук),43346.0,
2026,9,Карагандинская область,Яйца (за тыс.штук),34428.0,
2026,9,Костанайская область,Яйца (за тыс.штук),43338.0,
2026,9,Северо-Казахстанская область,Яйца (за тыс.штук),42166.0,
2026,9,Туркестанская область,Яйца (за тыс.штук),39782.0,
2026,9,Республика Казахстан,Мед натуральный,1782738.0,
2026,9,Абай область,Мед натуральный,1508794.0,
