year,region,crop,district,area_ha,production_ton,yield_kgha,source,district_key,crop_en,is_group,is_city,yield_derived,area_suspect,yield_outlier,lat,lon,gs_t2m_c,gs_precip_mm,gs_pot_evap_mm,gs_solar_mjm2,mayjul_precip_mm,mayjul_t2m_c,junaug_t2m_c,junaug_pot_evap_mm,may_soil_water_l1,may_soil_water_l2,jun_soil_water_l1,jul_soil_water_l1,jul_soil_water_l2,jun_precip_mm,jul_precip_mm,gs_gdd5,coldseason_precip_mm,winter_t2m_c,aridity_index,mayjul_aridity,water_balance_mm,pet_suspect,soil_bdod_0_30,soil_bdod_30_60,soil_cec_0_30,soil_cec_30_60,soil_clay_0_30,soil_clay_30_60,soil_nitrogen_0_30,soil_nitrogen_30_60,soil_phh2o_0_30,soil_phh2o_30_60,soil_sand_0_30,soil_sand_30_60,soil_silt_0_30,soil_silt_30_60,soil_soc_0_30,soil_soc_30_60,wheat_hrw_usd_t,wheat_srw_usd_t,barley_usd_t,maize_usd_t,rapeseed_oil_usd_t,sunflower_oil_usd_t,soybean_oil_usd_t,palm_oil_usd_t,dap_fertilizer_usd_t,urea_fertilizer_usd_t,price_idx_agriculture_total_yoy_pct,price_idx_crop_production_total_yoy_pct,price_idx_grain_crops_group_yoy_pct,price_idx_oilseed_crops_group_yoy_pct,price_idx_agriculture_total_level,price_idx_crop_production_total_level,price_idx_grain_crops_group_level,price_idx_oilseed_crops_group_level,yield_kgha_lag1,yield_kgha_lag2,yield_kgha_lag3,yield_kgha_roll3,yield_kgha_roll5,area_ha_lag1,region_crop_yield_lag1,yield_rel_region_lag1,wheat_price_lag1,wheat_price_lag2,wheat_price_lag3,price_harvest_kzt_t,price_harvest_months,price_postharvest_kzt_t,price_postharvest_months,price_year_mean_kzt_t,price_year_months,price_harvest_lag1_kzt_t,price_harvest_lag1_months,price_postharvest_lag1_kzt_t,price_postharvest_lag1_months,price_harvest_yoy,price_postharvest_yoy,price_ratio_sunflower_wheat
2022,Акмолинская область,Зерновые и бобовые (группа),Аккольский,169757.1,180085.66000000003,1063.28,stat_gov_kz_real_group,Аккольский,Grains and legumes (group),1,0,0,0,0,52.2259,71.32,15.6731,189.5993,1321.9845,3417.9159,120.3821,18.5065,19.0049,756.0377,0.2985,0.3153,0.3064,0.3182,0.2901,37.0404,65.7688,1959.3055,128.7497,-10.6451,0.1434,0.1419,-1132.3852,0.0,1.21,1.42,40.467,38.7,24.95,24.0,3.418,3.05,7.1,7.4,41.767,42.5,33.3,33.5,70.933,45.3,429.9716666666666,381.91843016614285,,318.80665693333333,1756.7299999999998,1650.8083333333334,1666.7975,1275.9916666666666,772.1583333333333,700.015,117.2,119.8,120.3,119.5,205.1881825157127,219.4395640458116,242.9024352785156,263.238246116725,891.82,1200.0,960.0,1017.2733333333334,1007.6959999999999,139092.1,929.1063157894737,0.9598686230458019,315.2375,231.56548795,201.692128575,,,,,,,,,,,,,
2023,Акмолинская область,Зерновые и бобовые (группа),Аккольский,165470.5,72332.01,510.0,stat_gov_kz_real_group,Аккольский,Grains and legumes (group),1,0,0,0,0,52.2259,71.32,15.5429,112.2611,890.6652,2581.5019,25.1936,19.3043,21.0247,556.7187,0.3088,0.338,0.2687,0.2842,0.2795,10.3356,9.2315,1971.6596,79.9875,-13.6999,0.126,0.0431,-778.4041,0.0,1.21,1.42,40.467,38.7,24.95,24.0,3.418,3.05,7.1,7.4,41.767,42.5,33.3,33.5,70.933,45.3,340.43,257.74181354863634,,252.65528515370417,1065.1408333333334,1006.6991666666668,1118.5016666666668,886.4533333333334,550.0483333333333,358.0016666666667,98.9,96.1,93.6,90.9,202.9311125080399,210.8814210480249,227.35667942069057,239.28356572010304,1063.28,891.82,1200.0,1051.7,1033.02,169757.1,1123.784,0.9461604721191972,429.9716666666666,315.2375,231.56548795,,,,,,,,,,,,,
2024,Акмолинская область,Зерновые и бобовые (группа),Аккольский,157445.9,217834.15,1450.0,stat_gov_kz_real_group,Аккольский,Grains and legumes (group),1,0,0,0,0,52.2259,71.32,13.9056,383.8784,987.5652,3186.6886,235.7733,16.5164,18.7413,576.477,0.4398,0.4229,0.4086,0.4117,0.3969,51.023,105.2549,1634.4113,102.7753,-13.1671,0.3887,0.4036,-603.6868,0.0,1.21,1.42,40.467,38.7,24.95,24.0,3.418,3.05,7.1,7.4,41.767,42.5,33.3,33.5,70.933,45.3,268.67333333333335,230.878850445,,190.60477617365,1089.3890968508615,1059.975,1021.9542980012442,963.3648258333332,563.665,338.26916666666665,98.1,96.4,96.8,92.5,199.07542137038712,203.289689890296,220.0812656792285,221.3372982910953,510.0,1063.28,891.82,821.6999999999999,925.0200000000001,165470.5,654.0,0.7798165137614679,340.43,429.9716666666666,315.2375,,,,,,,,,,,,,2.154502718745261
2025,Акмолинская область,Зерновые и бобовые (группа),Аккольский,155440.3,241174.03,1560.0,stat_gov_kz_real_group,Аккольский,Grains and legumes (group),1,0,0,0,0,52.2259,71.32,15.854,341.6654,1228.6863,3303.6706,168.8501,18.8251,19.1388,679.4714,0.3667,0.3871,0.3506,0.3362,0.3005,51.2579,67.04,1991.908,182.8865,-9.5093,0.2781,0.2297,-887.0209,0.0,1.21,1.42,40.467,38.7,24.95,24.0,3.418,3.05,7.1,7.4,41.767,42.5,33.3,33.5,70.933,45.3,243.3325,219.61538460375,,203.19753726864084,1226.4814225569482,1262.8893305316649,1139.8729249670616,1006.980403811544,685.2199999999999,422.655,99.9,101.1,95.5,114.4,198.87634594901675,205.52587647908928,210.1776087236632,253.20986924501307,1450.0,510.0,1063.28,1007.7599999999999,1023.0200000000001,157445.9,1451.5,0.9989665862900448,268.67333333333335,340.43,429.9716666666666,,,,,,,,,,,,,2.1760991796478937
2022,Акмолинская область,Масличные (группа),Аккольский,7714.0,3118.92,430.0,stat_gov_kz_real_group,Аккольский,Oilseeds (group),1,0,0,0,0,52.2259,71.32,15.6731,189.5993,1321.9845,3417.9159,120.3821,18.5065,19.0049,756.0377,0.2985,0.3153,0.3064,0.3182,0.2901,37.0404,65.7688,1959.3055,128.7497,-10.6451,0.1434,0.1419,-1132.3852,0.0,1.21,1.42,40.467,38.7,24.95,24.0,3.418,3.05,7.1,7.4,41.767,42.5,33.3,33.5,70.933,45.3,429.9716666666666,381.91843016614285,,318.80665693333333,1756.7299999999998,1650.8083333333334,1666.7975,1275.9916666666666,772.1583333333333,700.015,117.2,119.8,120.3,119.5,205.1881825157127,219.4395640458116,242.9024352785156,263.238246116725,472.68,530.0,330.0,444.2266666666667,391.296,6397.0,513.4357894736843,0.9206214480773488,315.2375,231.56548795,201.692128575,,,,,,,,,,,,,
2023,Акмолинская область,Масличные (группа),Аккольский,4903.0,1539.69,390.0,stat_gov_kz_real_group,Аккольский,Oilseeds (group),1,0,0,0,0,52.2259,71.32,15.5429,112.2611,890.6652,2581.5019,25.1936,19.3043,21.0247,556.7187,0.3088,0.338,0.2687,0.2842,0.2795,10.3356,9.2315,1971.6596,79.9875,-13.6999,0.126,0.0431,-778.4041,0.0,1.21,1.42,40.467,38.7,24.95,24.0,3.418,3.05,7.1,7.4,41.767,42.5,33.3,33.5,70.933,45.3,340.43,257.74181354863634,,252.65528515370417,1065.1408333333334,1006.6991666666668,1118.5016666666668,886.4533333333334,550.0483333333333,358.0016666666667,98.9,96.1,93.6,90.9,202.9311125080399,210.8814210480249,227.35667942069057,239.28356572010304,430.0,472.68,530.0,477.56,400.536,7714.0,564.7368421052631,0.761416589002796,429.9716666666666,315.2375,231.56548795,,,,,,,,,,,,,
2024,Акмолинская область,Масличные (группа),Аккольский,6548.0,6514.3,1490.0,stat_gov_kz_real_group,Аккольский,Oilseeds (group),1,0,0,0,0,52.2259,71.32,13.9056,383.8784,987.5652,3186.6886,235.7733,16.5164,18.7413,576.477,0.4398,0.4229,0.4086,0.4117,0.3969,51.023,105.2549,1634.4113,102.7753,-13.1671,0.3887,0.4036,-603.6868,0.0,1.21,1.42,40.467,38.7,24.95,24.0,3.418,3.05,7.1,7.4,41.767,42.5,33.3,33.5,70.933,45.3,268.67333333333335,230.878850445,,190.60477617365,1089.3890968508615,1059.975,1021.9542980012442,963.3648258333332,563.665,338.26916666666665,98.1,96.4,96.8,92.5,199.07542137038712,203.289689890296,220.0812656792285,221.3372982910953,390.0,430.0,472.68,430.8933333333334,430.53600000000006,4903.0,530.5555555555555,0.7350785340314137,340.43,429.9716666666666,315.2375,,,,,,,,,,,,,2.154502718745261
2025,Акмолинская область,Масличные (группа),Аккольский,12178.0,13723.870000000004,1130.0,stat_gov_kz_real_group,Аккольский,Oilseeds (group),1,0,0,0,0,52.2259,71.32,15.854,341.6654,1228.6863,3303.6706,168.8501,18.8251,19.1388,679.4714,0.3667,0.3871,0.3506,0.3362,0.3005,51.2579,67.04,1991.908,182.8865,-9.5093,0.2781,0.2297,-887.0209,0.0,1.21,1.42,40.467,38.7,24.95,24.0,3.418,3.05,7.1,7.4,41.767,42.5,33.3,33.5,70.933,45.3,243.3325,219.61538460375,,203.19753726864084,1226.4814225569482,1262.8893305316649,1139.8729249670616,1006.980403811544,685.2199999999999,422.655,99.9,101.1,95.5,114.4,198.87634594901675,205.52587647908928,210.1776087236632,253.20986924501307,1490.0,390.0,430.0,770.0,662.536,6548.0,1064.7368421052631,1.3994068215521502,268.67333333333335,340.43,429.9716666666666,,,,,,,,,,,,,2.1760991796478937
2022,Акмолинская область,Подсолнечник,Аккольский,,26.3,850.0,stat_gov_kz_real,Аккольский,Sunflower seed,0,0,0,0,0,52.2259,71.32,15.6731,189.5993,1321.9845,3417.9159,120.3821,18.5065,19.0049,756.0377,0.2985,0.3153,0.3064,0.3182,0.2901,37.0404,65.7688,1959.3055,128.7497,-10.6451,0.1434,0.1419,-1132.3852,0.0,1.21,1.42,40.467,38.7,24.95,24.0,3.418,3.05,7.1,7.4,41.767,42.5,33.3,33.5,70.933,45.3,429.9716666666666,381.91843016614285,,318.80665693333333,1756.7299999999998,1650.8083333333334,1666.7975,1275.9916666666666,772.1583333333333,700.015,117.2,119.8,120.3,119.5,205.1881825157127,219.4395640458116,242.9024352785156,263.238246116725,100.0,500.0,400.0,333.3333333333333,355.0,,607.8571428571429,0.1645123384253819,315.2375,231.56548795,201.692128575,,,,,,,,,,,,,
2023,Акмолинская область,Подсолнечник,Аккольский,,994.31,660.0,stat_gov_kz_real,Аккольский,Sunflower seed,0,0,0,0,0,52.2259,71.32,15.5429,112.2611,890.6652,2581.5019,25.1936,19.3043,21.0247,556.7187,0.3088,0.338,0.2687,0.2842,0.2795,10.3356,9.2315,1971.6596,79.9875,-13.6999,0.126,0.0431,-778.4041,0.0,1.21,1.42,40.467,38.7,24.95,24.0,3.418,3.05,7.1,7.4,41.767,42.5,33.3,33.5,70.933,45.3,340.43,257.74181354863634,,252.65528515370417,1065.1408333333334,1006.6991666666668,1118.5016666666668,886.4533333333334,550.0483333333333,358.0016666666667,98.9,96.1,93.6,90.9,202.9311125080399,210.8814210480249,227.35667942069057,239.28356572010304,850.0,100.0,500.0,483.3333333333333,462.5,,838.0,1.0143198090692125,429.9716666666666,315.2375,231.56548795,,,,,,,,,,,,,
2024,Акмолинская область,Подсолнечник,Аккольский,,5489.0,1750.0,stat_gov_kz_real,Аккольский,Sunflower seed,0,0,0,0,0,52.2259,71.32,13.9056,383.8784,987.5652,3186.6886,235.7733,16.5164,18.7413,576.477,0.4398,0.4229,0.4086,0.4117,0.3969,51.023,105.2549,1634.4113,102.7753,-13.1671,0.3887,0.4036,-603.6868,0.0,1.21,1.42,40.467,38.7,24.95,24.0,3.418,3.05,7.1,7.4,41.767,42.5,33.3,33.5,70.933,45.3,268.67333333333335,230.878850445,,190.60477617365,1089.3890968508615,1059.975,1021.9542980012442,963.3648258333332,563.665,338.26916666666665,98.1,96.4,96.8,92.5,199.07542137038712,203.289689890296,220.0812656792285,221.3372982910953,660.0,850.0,100.0,536.6666666666666,502.0,,731.25,0.9025641025641026,340.43,429.9716666666666,315.2375,,,149181.0,1.0,142351.5,2.0,,,,,,,2.154502718745261
2025,Акмолинская область,Подсолнечник,Аккольский,,6322.200000000001,1190.0,stat_gov_kz_real,Аккольский,Sunflower seed,0,0,0,0,0,52.2259,71.32,15.854,341.6654,1228.6863,3303.6706,168.8501,18.8251,19.1388,679.4714,0.3667,0.3871,0.3506,0.3362,0.3005,51.2579,67.04,1991.908,182.8865,-9.5093,0.2781,0.2297,-887.0209,0.0,1.21,1.42,40.467,38.7,24.95,24.0,3.418,3.05,7.1,7.4,41.767,42.5,33.3,33.5,70.933,45.3,243.3325,219.61538460375,,203.19753726864084,1226.4814225569482,1262.8893305316649,1139.8729249670616,1006.980403811544,685.2199999999999,422.655,99.9,101.1,95.5,114.4,198.87634594901675,205.52587647908928,210.1776087236632,253.20986924501307,1750.0,660.0,850.0,1086.6666666666667,772.0,,1356.111111111111,1.2904547316673494,268.67333333333335,340.43,429.9716666666666,,,188868.0,1.0,164717.5,4.0,,,149181.0,1.0,,,2.1760991796478937
2022,Акмолинская область,Пшеница,Аккольский,138977.2,150121.2,1080.13,stat_gov_kz_real,Аккольский,Wheat,0,0,0,0,0,52.2259,71.32,15.6731,189.5993,1321.9845,3417.9159,120.3821,18.5065,19.0049,756.0377,0.2985,0.3153,0.3064,0.3182,0.2901,37.0404,65.7688,1959.3055,128.7497,-10.6451,0.1434,0.1419,-1132.3852,0.0,1.21,1.42,40.467,38.7,24.95,24.0,3.418,3.05,7.1,7.4,41.767,42.5,33.3,33.5,70.933,45.3,429.9716666666666,381.91843016614285,,318.80665693333333,1756.7299999999998,1650.8083333333334,1666.7975,1275.9916666666666,772.1583333333333,700.015,117.2,119.8,120.3,119.5,205.1881825157127,219.4395640458116,242.9024352785156,263.238246116725,917.27,1200.0,980.0,1032.4233333333334,1013.4540000000001,117665.0,934.8894736842107,0.9811534152643993,315.2375,231.56548795,201.692128575,113147.0,1.0,108749.5,2.0,110215.33333333331,3.0,,,,,,,
2023,Акмолинская область,Пшеница,Аккольский,144359.5,66163.09000000001,530.0,stat_gov_kz_real,Аккольский,Wheat,0,0,0,0,0,52.2259,71.32,15.5429,112.2611,890.6652,2581.5019,25.1936,19.3043,21.0247,556.7187,0.3088,0.338,0.2687,0.2842,0.2795,10.3356,9.2315,1971.6596,79.9875,-13.6999,0.126,0.0431,-778.4041,0.0,1.21,1.42,40.467,38.7,24.95,24.0,3.418,3.05,7.1,7.4,41.767,42.5,33.3,33.5,70.933,45.3,340.43,257.74181354863634,,252.65528515370417,1065.1408333333334,1006.6991666666668,1118.5016666666668,886.4533333333334,550.0483333333333,358.0016666666667,98.9,96.1,93.6,90.9,202.9311125080399,210.8814210480249,227.35667942069057,239.28356572010304,1080.13,917.27,1200.0,1065.8,1043.48,138977.2,1146.2963157894737,0.9422781746062721,429.9716666666666,315.2375,231.56548795,95060.33333333331,3.0,108567.0,2.0,98823.25,12.0,113147.0,1.0,108749.5,2.0,,-0.0016781686352580483,
2024,Акмолинская область,Пшеница,Аккольский,135000.4,184990.55,1430.0,stat_gov_kz_real,Аккольский,Wheat,0,0,0,0,0,52.2259,71.32,13.9056,383.8784,987.5652,3186.6886,235.7733,16.5164,18.7413,576.477,0.4398,0.4229,0.4086,0.4117,0.3969,51.023,105.2549,1634.4113,102.7753,-13.1671,0.3887,0.4036,-603.6868,0.0,1.21,1.42,40.467,38.7,24.95,24.0,3.418,3.05,7.1,7.4,41.767,42.5,33.3,33.5,70.933,45.3,268.67333333333335,230.878850445,,190.60477617365,1089.3890968508615,1059.975,1021.9542980012442,963.3648258333332,563.665,338.26916666666665,98.1,96.4,96.8,92.5,199.07542137038712,203.289689890296,220.0812656792285,221.3372982910953,530.0,1080.13,917.27,842.4666666666667,941.4799999999999,144359.5,648.421052631579,0.8173701298701298,340.43,429.9716666666666,315.2375,94039.33333333331,3.0,69241.5,2.0,104876.16666666669,12.0,95060.33333333331,3.0,108567.0,2.0,-0.010740547231407382,-0.36222332753046504,2.154502718745261
2025,Акмолинская область,Пшеница,Аккольский,133984.13,208166.5,1550.0,stat_gov_kz_real,Аккольский,Wheat,0,0,0,0,0,52.2259,71.32,15.854,341.6654,1228.6863,3303.6706,168.8501,18.8251,19.1388,679.4714,0.3667,0.3871,0.3506,0.3362,0.3005,51.2579,67.04,1991.908,182.8865,-9.5093,0.2781,0.2297,-887.0209,0.0,1.21,1.42,40.467,38.7,24.95,24.0,3.418,3.05,7.1,7.4,41.767,42.5,33.3,33.5,70.933,45.3,243.3325,219.61538460375,,203.19753726864084,1226.4814225569482,1262.8893305316649,1139.8729249670616,1006.980403811544,685.2199999999999,422.655,99.9,101.1,95.5,114.4,198.87634594901675,205.52587647908928,210.1776087236632,253.20986924501307,1430.0,530.0,1080.13,1013.3766666666667,1031.48,135000.4,1401.578947368421,1.0202778820878708,268.67333333333335,340.43,429.9716666666666,90413.33333333331,3.0,86792.0,2.0,86058.83333333333,12.0,94039.33333333331,3.0,69241.5,2.0,-0.0385583337468719,0.25346793469234496,2.1760991796478937
2022,Акмолинская область,Зерновые и бобовые (группа),Аршалынский,194289.5,173158.2,892.74,stat_gov_kz_real_group,Аршалынский,Grains and legumes (group),1,0,0,0,0,50.9288,72.4586,15.8032,175.4238,1333.5904,3558.9321,117.4091,18.7181,19.0279,755.0651,0.183,0.2047,0.1769,0.2063,0.1786,23.3104,72.6571,1982.1674,178.6781,-9.6903,0.1315,0.1378,-1158.1666,0.0,1.192,1.41,26.817,25.9,29.55,33.2,3.227,2.05,7.15,7.4,44.783,43.1,25.617,23.7,41.3,24.9,429.9716666666666,381.91843016614285,,318.80665693333333,1756.7299999999998,1650.8083333333334,1666.7975,1275.9916666666666,772.1583333333333,700.015,117.2,119.8,120.3,119.5,205.1881825157127,219.4395640458116,242.9024352785156,263.238246116725,915.85,1310.0,730.0,985.2833333333333,964.8059999999999,191114.2,929.1063157894737,0.9857321863341231,315.2375,231.56548795,201.692128575,,,,,,,,,,,,,
2023,Акмолинская область,Зерновые и бобовые (группа),Аршалынский,209119.3,103453.7,540.0,stat_gov_kz_real_group,Аршалынский,Grains and legumes (group),1,0,0,0,0,50.9288,72.4586,15.4151,122.9306,899.2892,2688.6417,31.0394,19.2057,21.0616,574.1339,0.1963,0.2321,0.186,0.1577,0.16,22.2973,5.3878,1970.3064,89.7156,-13.5159,0.1367,0.0521,-776.3586,0.0,1.192,1.41,26.817,25.9,29.55,33.2,3.227,2.05,7.15,7.4,44.783,43.1,25.617,23.7,41.3,24.9,340.43,257.74181354863634,,252.65528515370417,1065.1408333333334,1006.6991666666668,1118.5016666666668,886.4533333333334,550.0483333333333,358.0016666666667,98.9,96.1,93.6,90.9,202.9311125080399,210.8814210480249,227.35667942069057,239.28356572010304,892.74,915.85,1310.0,1039.53,987.7180000000001,194289.5,1123.784,0.7944053305617449,429.9716666666666,315.2375,231.56548795,,,,,,,,,,,,,
2024,Акмолинская область,Зерновые и бобовые (группа),Аршалынский,204994.2,269530.3,1320.0,stat_gov_kz_real_group,Аршалынский,Grains and legumes (group),1,0,0,0,0,50.9288,72.4586,14.0806,413.8664,1016.6899,3312.7573,259.5381,16.7369,18.9655,603.7991,0.3543,0.3447,0.3107,0.3076,0.2986,54.9918,101.0609,1667.6502,137.7304,-11.9755,0.4071,0.4415,-602.8234,0.0,1.192,1.41,26.817,25.9,29.55,33.2,3.227,2.05,7.15,7.4,44.783,43.1,25.617,23.7,41.3,24.9,268.67333333333335,230.878850445,,190.60477617365,1089.3890968508615,1059.975,1021.9542980012442,963.3648258333332,563.665,338.26916666666665,98.1,96.4,96.8,92.5,199.07542137038712,203.289689890296,220.0812656792285,221.3372982910953,540.0,892.74,915.85,782.8633333333333,877.7180000000001,209119.3,654.0,0.8256880733944955,340.43,429.9716666666666,315.2375,,,,,,,,,,,,,2.154502718745261
2025,Акмолинская область,Зерновые и бобовые (группа),Аршалынский,199646.25,262302.72000000003,1330.0,stat_gov_kz_real_group,Аршалынский,Grains and legumes (group),1,0,0,0,0,50.9288,72.4586,15.97,293.2031,1248.8912,3453.9247,155.7051,18.9468,19.3128,708.9469,0.2455,0.2545,0.2259,0.214,0.2018,66.6668,51.6409,2013.483,185.7376,-9.7533,0.2348,0.2103,-955.6881,0.0,1.192,1.41,26.817,25.9,29.55,33.2,3.227,2.05,7.15,7.4,44.783,43.1,25.617,23.7,41.3,24.9,243.3325,219.61538460375,,203.19753726864084,1226.4814225569482,1262.8893305316649,1139.8729249670616,1006.980403811544,685.2199999999999,422.655,99.9,101.1,95.5,114.4,198.87634594901675,205.52587647908928,210.1776087236632,253.20986924501307,1320.0,540.0,892.74,917.5799999999999,995.7180000000001,204994.2,1451.5,0.9094040647605925,268.67333333333335,340.43,429.9716666666666,,,,,,,,,,,,,2.1760991796478937
2022,Акмолинская область,Масличные (группа),Аршалынский,12784.0,5479.8,430.0,stat_gov_kz_real_group,Аршалынский,Oilseeds (group),1,0,0,0,0,50.9288,72.4586,15.8032,175.4238,1333.5904,3558.9321,117.4091,18.7181,19.0279,755.0651,0.183,0.2047,0.1769,0.2063,0.1786,23.3104,72.6571,1982.1674,178.6781,-9.6903,0.1315,0.1378,-1158.1666,0.0,1.192,1.41,26.817,25.9,29.55,33.2,3.227,2.05,7.15,7.4,44.783,43.1,25.617,23.7,41.3,24.9,429.9716666666666,381.91843016614285,,318.80665693333333,1756.7299999999998,1650.8083333333334,1666.7975,1275.9916666666666,772.1583333333333,700.015,117.2,119.8,120.3,119.5,205.1881825157127,219.4395640458116,242.9024352785156,263.238246116725,385.3,670.0,460.0,505.09999999999997,481.80199999999996,6586.0,513.4357894736843,0.7504346364225322,315.2375,231.56548795,201.692128575,,,,,,,,,,,,,
2023,Акмолинская область,Масличные (группа),Аршалынский,6013.0,1497.7,270.0,stat_gov_kz_real_group,Аршалынский,Oilseeds (group),1,0,0,0,0,50.9288,72.4586,15.4151,122.9306,899.2892,2688.6417,31.0394,19.2057,21.0616,574.1339,0.1963,0.2321,0.186,0.1577,0.16,22.2973,5.3878,1970.3064,89.7156,-13.5159,0.1367,0.0521,-776.3586,0.0,1.192,1.41,26.817,25.9,29.55,33.2,3.227,2.05,7.15,7.4,44.783,43.1,25.617,23.7,41.3,24.9,340.43,257.74181354863634,,252.65528515370417,1065.1408333333334,1006.6991666666668,1118.5016666666668,886.4533333333334,550.0483333333333,358.0016666666667,98.9,96.1,93.6,90.9,202.9311125080399,210.8814210480249,227.35667942069057,239.28356572010304,430.0,385.3,670.0,495.09999999999997,477.06000000000006,12784.0,564.7368421052631,0.761416589002796,429.9716666666666,315.2375,231.56548795,,,,,,,,,,,,,
2024,Акмолинская область,Масличные (группа),Аршалынский,4853.0,4013.0,990.0,stat_gov_kz_real_group,Аршалынский,Oilseeds (group),1,0,0,0,0,50.9288,72.4586,14.0806,413.8664,1016.6899,3312.7573,259.5381,16.7369,18.9655,603.7991,0.3543,0.3447,0.3107,0.3076,0.2986,54.9918,101.0609,1667.6502,137.7304,-11.9755,0.4071,0.4415,-602.8234,0.0,1.192,1.41,26.817,25.9,29.55,33.2,3.227,2.05,7.15,7.4,44.783,43.1,25.617,23.7,41.3,24.9,268.67333333333335,230.878850445,,190.60477617365,1089.3890968508615,1059.975,1021.9542980012442,963.3648258333332,563.665,338.26916666666665,98.1,96.4,96.8,92.5,199.07542137038712,203.289689890296,220.0812656792285,221.3372982910953,270.0,430.0,385.3,361.76666666666665,443.06000000000006,6013.0,530.5555555555555,0.5089005235602094,340.43,429.9716666666666,315.2375,,,,,,,,,,,,,2.154502718745261
2025,Акмолинская область,Масличные (группа),Аршалынский,18489.0,16507.38,890.0,stat_gov_kz_real_group,Аршалынский,Oilseeds (group),1,0,0,0,0,50.9288,72.4586,15.97,293.2031,1248.8912,3453.9247,155.7051,18.9468,19.3128,708.9469,0.2455,0.2545,0.2259,0.214,0.2018,66.6668,51.6409,2013.483,185.7376,-9.7533,0.2348,0.2103,-955.6881,0.0,1.192,1.41,26.817,25.9,29.55,33.2,3.227,2.05,7.15,7.4,44.783,43.1,25.617,23.7,41.3,24.9,243.3325,219.61538460375,,203.19753726864084,1226.4814225569482,1262.8893305316649,1139.8729249670616,1006.980403811544,685.2199999999999,422.655,99.9,101.1,95.5,114.4,198.87634594901675,205.52587647908928,210.1776087236632,253.20986924501307,990.0,270.0,430.0,563.3333333333334,549.0600000000001,4853.0,1064.7368421052631,0.9298072170044489,268.67333333333335,340.43,429.9716666666666,,,,,,,,,,,,,2.1760991796478937
2023,Акмолинская область,Подсолнечник,Аршалынский,,7198.94,,stat_gov_kz_real,Аршалынский,Sunflower seed,0,0,0,0,0,50.9288,72.4586,15.4151,122.9306,899.2892,2688.6417,31.0394,19.2057,21.0616,574.1339,0.1963,0.2321,0.186,0.1577,0.16,22.2973,5.3878,1970.3064,89.7156,-13.5159,0.1367,0.0521,-776.3586,0.0,1.192,1.41,26.817,25.9,29.55,33.2,3.227,2.05,7.15,7.4,44.783,43.1,25.617,23.7,41.3,24.9,340.43,257.74181354863634,,252.65528515370417,1065.1408333333334,1006.6991666666668,1118.5016666666668,886.4533333333334,550.0483333333333,358.0016666666667,98.9,96.1,93.6,90.9,202.9311125080399,210.8814210480249,227.35667942069057,239.28356572010304,,950.0,,950.0,595.0,,838.0,,429.9716666666666,315.2375,231.56548795,,,,,,,,,,,,,
2024,Акмолинская область,Подсолнечник,Аршалынский,,183.1,1830.0,stat_gov_kz_real,Аршалынский,Sunflower seed,0,0,0,0,0,50.9288,72.4586,14.0806,413.8664,1016.6899,3312.7573,259.5381,16.7369,18.9655,603.7991,0.3543,0.3447,0.3107,0.3076,0.2986,54.9918,101.0609,1667.6502,137.7304,-11.9755,0.4071,0.4415,-602.8234,0.0,1.192,1.41,26.817,25.9,29.55,33.2,3.227,2.05,7.15,7.4,44.783,43.1,25.617,23.7,41.3,24.9,268.67333333333335,230.878850445,,190.60477617365,1089.3890968508615,1059.975,1021.9542980012442,963.3648258333332,563.665,338.26916666666665,98.1,96.4,96.8,92.5,199.07542137038712,203.289689890296,220.0812656792285,221.3372982910953,,,950.0,950.0,950.0,,731.25,,340.43,429.9716666666666,315.2375,,,149181.0,1.0,142351.5,2.0,,,,,,,2.154502718745261
2025,Акмолинская область,Подсолнечник,Аршалынский,,1846.1,940.0,stat_gov_kz_real,Аршалынский,Sunflower seed,0,0,0,0,0,50.9288,72.4586,15.97,293.2031,1248.8912,3453.9247,155.7051,18.9468,19.3128,708.9469,0.2455,0.2545,0.2259,0.214,0.2018,66.6668,51.6409,2013.483,185.7376,-9.7533,0.2348,0.2103,-955.6881,0.0,1.192,1.41,26.817,25.9,29.55,33.2,3.227,2.05,7.15,7.4,44.783,43.1,25.617,23.7,41.3,24.9,243.3325,219.61538460375,,203.19753726864084,1226.4814225569482,1262.8893305316649,1139.8729249670616,1006.980403811544,685.2199999999999,422.655,99.9,101.1,95.5,114.4,198.87634594901675,205.52587647908928,210.1776087236632,253.20986924501307,1830.0,,,1830.0,1390.0,,1356.111111111111,1.3494469479721425,268.67333333333335,340.43,429.9716666666666,,,188868.0,1.0,164717.5,4.0,,,149181.0,1.0,,,2.1760991796478937
2022,Акмолинская область,Пшеница,Аршалынский,161501.5,146855.80000000002,910.49,stat_gov_kz_real,Аршалынский,Wheat,0,0,0,0,0,50.9288,72.4586,15.8032,175.4238,1333.5904,3558.9321,117.4091,18.7181,19.0279,755.0651,0.183,0.2047,0.1769,0.2063,0.1786,23.3104,72.6571,1982.1674,178.6781,-9.6903,0.1315,0.1378,-1158.1666,0.0,1.192,1.41,26.817,25.9,29.55,33.2,3.227,2.05,7.15,7.4,44.783,43.1,25.617,23.7,41.3,24.9,429.9716666666666,381.91843016614285,,318.80665693333333,1756.7299999999998,1650.8083333333334,1666.7975,1275.9916666666666,772.1583333333333,700.015,117.2,119.8,120.3,119.5,205.1881825157127,219.4395640458116,242.9024352785156,263.238246116725,929.31,1300.0,740.0,989.77,959.8619999999999,156580.0,934.8894736842107,0.9940319429822831,315.2375,231.56548795,201.692128575,113147.0,1.0,108749.5,2.0,110215.33333333331,3.0,,,,,,,
2023,Акмолинская область,Пшеница,Аршалынский,176389.3,88516.3,540.0,stat_gov_kz_real,Аршалынский,Wheat,0,0,0,0,0,50.9288,72.4586,15.4151,122.9306,899.2892,2688.6417,31.0394,19.2057,21.0616,574.1339,0.1963,0.2321,0.186,0.1577,0.16,22.2973,5.3878,1970.3064,89.7156,-13.5159,0.1367,0.0521,-776.3586,0.0,1.192,1.41,26.817,25.9,29.55,33.2,3.227,2.05,7.15,7.4,44.783,43.1,25.617,23.7,41.3,24.9,340.43,257.74181354863634,,252.65528515370417,1065.1408333333334,1006.6991666666668,1118.5016666666668,886.4533333333334,550.0483333333333,358.0016666666667,98.9,96.1,93.6,90.9,202.9311125080399,210.8814210480249,227.35667942069057,239.28356572010304,910.49,929.31,1300.0,1046.6000000000001,987.96,161501.5,1146.2963157894737,0.7942885163797548,429.9716666666666,315.2375,231.56548795,95060.33333333331,3.0,108567.0,2.0,98823.25,12.0,113147.0,1.0,108749.5,2.0,,-0.0016781686352580483,
2024,Акмолинская область,Пшеница,Аршалынский,167869.6,219927.5,1310.0,stat_gov_kz_real,Аршалынский,Wheat,0,0,0,0,0,50.9288,72.4586,14.0806,413.8664,1016.6899,3312.7573,259.5381,16.7369,18.9655,603.7991,0.3543,0.3447,0.3107,0.3076,0.2986,54.9918,101.0609,1667.6502,137.7304,-11.9755,0.4071,0.4415,-602.8234,0.0,1.192,1.41,26.817,25.9,29.55,33.2,3.227,2.05,7.15,7.4,44.783,43.1,25.617,23.7,41.3,24.9,268.67333333333335,230.878850445,,190.60477617365,1089.3890968508615,1059.975,1021.9542980012442,963.3648258333332,563.665,338.26916666666665,98.1,96.4,96.8,92.5,199.07542137038712,203.289689890296,220.0812656792285,221.3372982910953,540.0,910.49,929.31,793.2666666666668,883.96,176389.3,648.421052631579,0.8327922077922078,340.43,429.9716666666666,315.2375,94039.33333333331,3.0,69241.5,2.0,104876.16666666669,12.0,95060.33333333331,3.0,108567.0,2.0,-0.010740547231407382,-0.36222332753046504,2.154502718745261
2025,Акмолинская область,Пшеница,Аршалынский,168623.25,223013.44,1340.0,stat_gov_kz_real,Аршалынский,Wheat,0,0,0,0,0,50.9288,72.4586,15.97,293.2031,1248.8912,3453.9247,155.7051,18.9468,19.3128,708.9469,0.2455,0.2545,0.2259,0.214,0.2018,66.6668,51.6409,2013.483,185.7376,-9.7533,0.2348,0.2103,-955.6881,0.0,1.192,1.41,26.817,25.9,29.55,33.2,3.227,2.05,7.15,7.4,44.783,43.1,25.617,23.7,41.3,24.9,243.3325,219.61538460375,,203.19753726864084,1226.4814225569482,1262.8893305316649,1139.8729249670616,1006.980403811544,685.2199999999999,422.655,99.9,101.1,95.5,114.4,198.87634594901675,205.52587647908928,210.1776087236632,253.20986924501307,1310.0,540.0,910.49,920.1633333333333,997.9599999999998,167869.6,1401.578947368421,0.9346601577168607,268.67333333333335,340.43,429.9716666666666,90413.33333333331,3.0,86792.0,2.0,86058.83333333333,12.0,94039.33333333331,3.0,69241.5,2.0,-0.0385583337468719,0.25346793469234496,2.1760991796478937
2022,Акмолинская область,Зерновые и бобовые (группа),Астраханский,350401.9,342915.93,978.64,stat_gov_kz_real_group,Астраханский,Grains and legumes (group),1,0,0,0,0,51.5272,69.5651,16.5502,152.1199,1457.5151,3469.2284,115.0094,19.2131,20.0233,839.2962,0.2512,0.29,0.2669,0.2853,0.2661,33.1716,67.6646,2119.9428,167.869,-10.226,0.1044,0.1259,-1305.3952,0.0,1.223,1.4,28.067,24.4,22.217,22.4,3.22,2.6,7.233,7.5,47.717,46.5,30.133,31.1,32.667,22.1,429.9716666666666,381.91843016614285,,318.80665693333333,1756.7299999999998,1650.8083333333334,1666.7975,1275.9916666666666,772.1583333333333,700.015,117.2,119.8,120.3,119.5,205.1881825157127,219.4395640458116,242.9024352785156,263.238246116725,1024.56,1170.0,900.0,1031.52,1073.774,360672.66,929.1063157894737,1.1027370954091706,315.2375,231.56548795,201.692128575,,,,,,,,,,,,,
2023,Акмолинская область,Зерновые и бобовые (группа),Астраханский,377805.4,249331.09,660.0,stat_gov_kz_real_group,Астраханский,Grains and legumes (group),1,0,0,0,0,51.5272,69.5651,16.3405,129.1735,951.0021,2596.1982,36.6318,20.1805,21.9192,600.2955,0.2867,0.3197,0.242,0.2381,0.2456,15.0714,8.9836,2100.4857,99.9975,-13.4794,0.1358,0.0588,-821.8286,0.0,1.223,1.4,28.067,24.4,22.217,22.4,3.22,2.6,7.233,7.5,47.717,46.5,30.133,31.1,32.667,22.1,340.43,257.74181354863634,,252.65528515370417,1065.1408333333334,1006.6991666666668,1118.5016666666668,886.4533333333334,550.0483333333333,358.0016666666667,98.9,96.1,93.6,90.9,202.9311125080399,210.8814210480249,227.35667942069057,239.28356572010304,978.64,1024.56,1170.0,1057.7333333333333,1058.6399999999999,350401.9,1123.784,0.8708435072932164,429.9716666666666,315.2375,231.56548795,,,,,,,,,,,,,
2024,Акмолинская область,Зерновые и бобовые (группа),Астраханский,355475.47,452762.75,1290.0,stat_gov_kz_real_group,Астраханский,Grains and legumes (group),1,0,0,0,0,51.5272,69.5651,14.8003,370.4613,1136.6679,3315.6222,195.4873,17.5074,19.6242,666.961,0.4131,0.4112,0.343,0.3403,0.3278,37.4021,76.148,1798.301,136.7379,-12.5236,0.3259,0.2841,-766.2066,0.0,1.223,1.4,28.067,24.4,22.217,22.4,3.22,2.6,7.233,7.5,47.717,46.5,30.133,31.1,32.667,22.1,268.67333333333335,230.878850445,,190.60477617365,1089.3890968508615,1059.975,1021.9542980012442,963.3648258333332,563.665,338.26916666666665,98.1,96.4,96.8,92.5,199.07542137038712,203.289689890296,220.0812656792285,221.3372982910953,660.0,978.64,1024.56,887.7333333333332,946.64,377805.4,654.0,1.0091743119266054,340.43,429.9716666666666,315.2375,,,,,,,,,,,,,2.154502718745261
2025,Акмолинская область,Зерновые и бобовые (группа),Астраханский,368543.5,539564.3,1470.0,stat_gov_kz_real_group,Астраханский,Grains and legumes (group),1,0,0,0,0,51.5272,69.5651,16.503,342.7631,1314.9333,3417.7129,207.7564,19.3655,19.674,725.1828,0.3321,0.3656,0.356,0.289,0.3023,90.2344,51.8669,2111.2656,222.7292,-9.3066,0.2607,0.2718,-972.1701,0.0,1.223,1.4,28.067,24.4,22.217,22.4,3.22,2.6,7.233,7.5,47.717,46.5,30.133,31.1,32.667,22.1,243.3325,219.61538460375,,203.19753726864084,1226.4814225569482,1262.8893305316649,1139.8729249670616,1006.980403811544,685.2199999999999,422.655,99.9,101.1,95.5,114.4,198.87634594901675,205.52587647908928,210.1776087236632,253.20986924501307,1290.0,660.0,978.64,976.2133333333333,1024.6399999999999,355475.47,1451.5,0.8887357905614881,268.67333333333335,340.43,429.9716666666666,,,,,,,,,,,,,2.1760991796478937
2022,Акмолинская область,Масличные (группа),Астраханский,29566.8,14437.56,490.00000000000006,stat_gov_kz_real_group,Астраханский,Oilseeds (group),1,0,0,0,0,51.5272,69.5651,16.5502,152.1199,1457.5151,3469.2284,115.0094,19.2131,20.0233,839.2962,0.2512,0.29,0.2669,0.2853,0.2661,33.1716,67.6646,2119.9428,167.869,-10.226,0.1044,0.1259,-1305.3952,0.0,1.223,1.4,28.067,24.4,22.217,22.4,3.22,2.6,7.233,7.5,47.717,46.5,30.133,31.1,32.667,22.1,429.9716666666666,381.91843016614285,,318.80665693333333,1756.7299999999998,1650.8083333333334,1666.7975,1275.9916666666666,772.1583333333333,700.015,117.2,119.8,120.3,119.5,205.1881825157127,219.4395640458116,242.9024352785156,263.238246116725,788.7800000000001,1000.0,860.0,882.9266666666667,734.634,7970.0,513.4357894736843,1.5362777900788085,315.2375,231.56548795,201.692128575,,,,,,,,,,,,,
2023,Акмолинская область,Масличные (группа),Астраханский,7722.0,7451.94,970.0,stat_gov_kz_real_group,Астраханский,Oilseeds (group),1,0,0,0,0,51.5272,69.5651,16.3405,129.1735,951.0021,2596.1982,36.6318,20.1805,21.9192,600.2955,0.2867,0.3197,0.242,0.2381,0.2456,15.0714,8.9836,2100.4857,99.9975,-13.4794,0.1358,0.0588,-821.8286,0.0,1.223,1.4,28.067,24.4,22.217,22.4,3.22,2.6,7.233,7.5,47.717,46.5,30.133,31.1,32.667,22.1,340.43,257.74181354863634,,252.65528515370417,1065.1408333333334,1006.6991666666668,1118.5016666666668,886.4533333333334,550.0483333333333,358.0016666666667,98.9,96.1,93.6,90.9,202.9311125080399,210.8814210480249,227.35667942069057,239.28356572010304,490.00000000000006,788.7800000000001,1000.0,759.5933333333334,759.7560000000001,29566.8,564.7368421052631,0.8676607642124885,429.9716666666666,315.2375,231.56548795,,,,,,,,,,,,,
2024,Акмолинская область,Масличные (группа),Астраханский,11883.76,18966.38,1600.0,stat_gov_kz_real_group,Астраханский,Oilseeds (group),1,0,0,0,0,51.5272,69.5651,14.8003,370.4613,1136.6679,3315.6222,195.4873,17.5074,19.6242,666.961,0.4131,0.4112,0.343,0.3403,0.3278,37.4021,76.148,1798.301,136.7379,-12.5236,0.3259,0.2841,-766.2066,0.0,1.223,1.4,28.067,24.4,22.217,22.4,3.22,2.6,7.233,7.5,47.717,46.5,30.133,31.1,32.667,22.1,268.67333333333335,230.878850445,,190.60477617365,1089.3890968508615,1059.975,1021.9542980012442,963.3648258333332,563.665,338.26916666666665,98.1,96.4,96.8,92.5,199.07542137038712,203.289689890296,220.0812656792285,221.3372982910953,970.0,490.00000000000006,788.7800000000001,749.5933333333334,821.7560000000001,7722.0,530.5555555555555,1.8282722513089005,340.43,429.9716666666666,315.2375,,,,,,,,,,,,,2.154502718745261
2025,Акмолинская область,Масличные (группа),Астраханский,17315.7,30249.740000000005,1750.0,stat_gov_kz_real_group,Астраханский,Oilseeds (group),1,0,0,0,0,51.5272,69.5651,16.503,342.7631,1314.9333,3417.7129,207.7564,19.3655,19.674,725.1828,0.3321,0.3656,0.356,0.289,0.3023,90.2344,51.8669,2111.2656,222.7292,-9.3066,0.2607,0.2718,-972.1701,0.0,1.223,1.4,28.067,24.4,22.217,22.4,3.22,2.6,7.233,7.5,47.717,46.5,30.133,31.1,32.667,22.1,243.3325,219.61538460375,,203.19753726864084,1226.4814225569482,1262.8893305316649,1139.8729249670616,1006.980403811544,685.2199999999999,422.655,99.9,101.1,95.5,114.4,198.87634594901675,205.52587647908928,210.1776087236632,253.20986924501307,1600.0,970.0,490.00000000000006,1020.0,969.7560000000001,11883.76,1064.7368421052631,1.5027187345526447,268.67333333333335,340.43,429.9716666666666,,,,,,,,,,,,,2.1760991796478937
2022,Акмолинская область,Подсолнечник,Астраханский,,5428.380000000001,1080.0,stat_gov_kz_real,Астраханский,Sunflower seed,0,0,0,0,0,51.5272,69.5651,16.5502,152.1199,1457.5151,3469.2284,115.0094,19.2131,20.0233,839.2962,0.2512,0.29,0.2669,0.2853,0.2661,33.1716,67.6646,2119.9428,167.869,-10.226,0.1044,0.1259,-1305.3952,0.0,1.223,1.4,28.067,24.4,22.217,22.4,3.22,2.6,7.233,7.5,47.717,46.5,30.133,31.1,32.667,22.1,429.9716666666666,381.91843016614285,,318.80665693333333,1756.7299999999998,1650.8083333333334,1666.7975,1275.9916666666666,772.1583333333333,700.015,117.2,119.8,120.3,119.5,205.1881825157127,219.4395640458116,242.9024352785156,263.238246116725,1050.0,1470.0,920.0,1146.6666666666667,1217.5,,607.8571428571429,1.72737955346651,315.2375,231.56548795,201.692128575,,,,,,,,,,,,,
2023,Акмолинская область,Подсолнечник,Астраханский,,,1050.0,stat_gov_kz_real,Астраханский,Sunflower seed,0,0,0,0,0,51.5272,69.5651,16.3405,129.1735,951.0021,2596.1982,36.6318,20.1805,21.9192,600.2955,0.2867,0.3197,0.242,0.2381,0.2456,15.0714,8.9836,2100.4857,99.9975,-13.4794,0.1358,0.0588,-821.8286,0.0,1.223,1.4,28.067,24.4,22.217,22.4,3.22,2.6,7.233,7.5,47.717,46.5,30.133,31.1,32.667,22.1,340.43,257.74181354863634,,252.65528515370417,1065.1408333333334,1006.6991666666668,1118.5016666666668,886.4533333333334,550.0483333333333,358.0016666666667,98.9,96.1,93.6,90.9,202.9311125080399,210.8814210480249,227.35667942069057,239.28356572010304,1080.0,1050.0,1470.0,1200.0,1190.0,,838.0,1.2887828162291168,429.9716666666666,315.2375,231.56548795,,,,,,,,,,,,,
2024,Акмолинская область,Подсолнечник,Астраханский,,18264.38,1600.0,stat_gov_kz_real,Астраханский,Sunflower seed,0,0,0,0,0,51.5272,69.5651,14.8003,370.4613,1136.6679,3315.6222,195.4873,17.5074,19.6242,666.961,0.4131,0.4112,0.343,0.3403,0.3278,37.4021,76.148,1798.301,136.7379,-12.5236,0.3259,0.2841,-766.2066,0.0,1.223,1.4,28.067,24.4,22.217,22.4,3.22,2.6,7.233,7.5,47.717,46.5,30.133,31.1,32.667,22.1,268.67333333333335,230.878850445,,190.60477617365,1089.3890968508615,1059.975,1021.9542980012442,963.3648258333332,563.665,338.26916666666665,98.1,96.4,96.8,92.5,199.07542137038712,203.289689890296,220.0812656792285,221.3372982910953,1050.0,1080.0,1050.0,1060.0,1114.0,,731.25,1.435897435897436,340.43,429.9716666666666,315.2375,,,149181.0,1.0,142351.5,2.0,,,,,,,2.154502718745261
2025,Акмолинская область,Подсолнечник,Астраханский,,27604.92,1810.0,stat_gov_kz_real,Астраханский,Sunflower seed,0,0,0,0,0,51.5272,69.5651,16.503,342.7631,1314.9333,3417.7129,207.7564,19.3655,19.674,725.1828,0.3321,0.3656,0.356,0.289,0.3023,90.2344,51.8669,2111.2656,222.7292,-9.3066,0.2607,0.2718,-972.1701,0.0,1.223,1.4,28.067,24.4,22.217,22.4,3.22,2.6,7.233,7.5,47.717,46.5,30.133,31.1,32.667,22.1,243.3325,219.61538460375,,203.19753726864084,1226.4814225569482,1262.8893305316649,1139.8729249670616,1006.980403811544,685.2199999999999,422.655,99.9,101.1,95.5,114.4,198.87634594901675,205.52587647908928,210.1776087236632,253.20986924501307,1600.0,1050.0,1080.0,1243.3333333333333,1250.0,,1356.111111111111,1.1798443260958624,268.67333333333335,340.43,429.9716666666666,,,188868.0,1.0,164717.5,4.0,,,149181.0,1.0,,,2.1760991796478937
2022,Акмолинская область,Пшеница,Астраханский,319269.4,312767.18,979.63,stat_gov_kz_real,Астраханский,Wheat,0,0,0,0,0,51.5272,69.5651,16.5502,152.1199,1457.5151,3469.2284,115.0094,19.2131,20.0233,839.2962,0.2512,0.29,0.2669,0.2853,0.2661,33.1716,67.6646,2119.9428,167.869,-10.226,0.1044,0.1259,-1305.3952,0.0,1.223,1.4,28.067,24.4,22.217,22.4,3.22,2.6,7.233,7.5,47.717,46.5,30.133,31.1,32.667,22.1,429.9716666666666,381.91843016614285,,318.80665693333333,1756.7299999999998,1650.8083333333334,1666.7975,1275.9916666666666,772.1583333333333,700.015,117.2,119.8,120.3,119.5,205.1881825157127,219.4395640458116,242.9024352785156,263.238246116725,1031.08,1150.0,890.0,1023.6933333333333,1064.216,328836.55,934.8894736842107,1.1028897308434995,315.2375,231.56548795,201.692128575,113147.0,1.0,108749.5,2.0,110215.33333333331,3.0,,,,,,,
2023,Акмолинская область,Пшеница,Астраханский,343727.9,230931.41000000003,670.0,stat_gov_kz_real,Астраханский,Wheat,0,0,0,0,0,51.5272,69.5651,16.3405,129.1735,951.0021,2596.1982,36.6318,20.1805,21.9192,600.2955,0.2867,0.3197,0.242,0.2381,0.2456,15.0714,8.9836,2100.4857,99.9975,-13.4794,0.1358,0.0588,-821.8286,0.0,1.223,1.4,28.067,24.4,22.217,22.4,3.22,2.6,7.233,7.5,47.717,46.5,30.133,31.1,32.667,22.1,340.43,257.74181354863634,,252.65528515370417,1065.1408333333334,1006.6991666666668,1118.5016666666668,886.4533333333334,550.0483333333333,358.0016666666667,98.9,96.1,93.6,90.9,202.9311125080399,210.8814210480249,227.35667942069057,239.28356572010304,979.63,1031.08,1150.0,1053.57,1048.142,319269.4,1146.2963157894737,0.8546045088920243,429.9716666666666,315.2375,231.56548795,95060.33333333331,3.0,108567.0,2.0,98823.25,12.0,113147.0,1.0,108749.5,2.0,,-0.0016781686352580483,
2024,Акмолинская область,Пшеница,Астраханский,322018.57,412846.23,1300.0,stat_gov_kz_real,Астраханский,Wheat,0,0,0,0,0,51.5272,69.5651,14.8003,370.4613,1136.6679,3315.6222,195.4873,17.5074,19.6242,666.961,0.4131,0.4112,0.343,0.3403,0.3278,37.4021,76.148,1798.301,136.7379,-12.5236,0.3259,0.2841,-766.2066,0.0,1.223,1.4,28.067,24.4,22.217,22.4,3.22,2.6,7.233,7.5,47.717,46.5,30.133,31.1,32.667,22.1,268.67333333333335,230.878850445,,190.60477617365,1089.3890968508615,1059.975,1021.9542980012442,963.3648258333332,563.665,338.26916666666665,98.1,96.4,96.8,92.5,199.07542137038712,203.289689890296,220.0812656792285,221.3372982910953,670.0,979.63,1031.08,893.57,944.142,343727.9,648.421052631579,1.0332792207792207,340.43,429.9716666666666,315.2375,94039.33333333331,3.0,69241.5,2.0,104876.16666666669,12.0,95060.33333333331,3.0,108567.0,2.0,-0.010740547231407382,-0.36222332753046504,2.154502718745261
2025,Акмолинская область,Пшеница,Астраханский,330955.5,478478.6,1450.0,stat_gov_kz_real,Астраханский,Wheat,0,0,0,0,0,51.5272,69.5651,16.503,342.7631,1314.9333,3417.7129,207.7564,19.3655,19.674,725.1828,0.3321,0.3656,0.356,0.289,0.3023,90.2344,51.8669,2111.2656,222.7292,-9.3066,0.2607,0.2718,-972.1701,0.0,1.223,1.4,28.067,24.4,22.217,22.4,3.22,2.6,7.233,7.5,47.717,46.5,30.133,31.1,32.667,22.1,243.3325,219.61538460375,,203.19753726864084,1226.4814225569482,1262.8893305316649,1139.8729249670616,1006.980403811544,685.2199999999999,422.655,99.9,101.1,95.5,114.4,198.87634594901675,205.52587647908928,210.1776087236632,253.20986924501307,1300.0,670.0,979.63,983.21,1026.142,322018.57,1401.578947368421,0.9275253473526098,268.67333333333335,340.43,429.9716666666666,90413.33333333331,3.0,86792.0,2.0,86058.83333333333,12.0,94039.33333333331,3.0,69241.5,2.0,-0.0385583337468719,0.25346793469234496,2.1760991796478937
2022,Акмолинская область,Зерновые и бобовые (группа),Атбасарский,394283.7,460069.86,1226.73,stat_gov_kz_real_group,Атбасарский,Grains and legumes (group),1,0,0,0,0,51.3916,68.4684,16.6009,141.7386,1390.5042,3509.3397,103.2347,19.2688,20.2912,814.0643,0.1664,0.2127,0.1635,0.1957,0.1777,23.2021,69.6423,2129.4246,177.6849,-10.3075,0.1019,0.118,-1248.7655,0.0,1.217,1.4,25.2,21.6,25.983,27.0,3.207,2.15,7.333,7.7,48.333,47.6,25.767,25.4,34.3,21.2,429.9716666666666,381.91843016614285,,318.80665693333333,1756.7299999999998,1650.8083333333334,1666.7975,1275.9916666666666,772.1583333333333,700.015,117.2,119.8,120.3,119.5,205.1881825157127,219.4395640458116,242.9024352785156,263.238246116725,846.9300000000001,1120.0,970.0,978.9766666666668,1048.6200000000001,390994.8,929.1063157894737,0.9115533772691585,315.2375,231.56548795,201.692128575,,,,,,,,,,,,,
2023,Акмолинская область,Зерновые и бобовые (группа),Атбасарский,417089.9,343278.44,869.9999999999999,stat_gov_kz_real_group,Атбасарский,Grains and legumes (group),1,0,0,0,0,51.3916,68.4684,16.4442,133.3549,900.0598,2597.1692,40.6444,20.2764,21.9167,564.3407,0.2097,0.2448,0.1574,0.1523,0.1615,17.0544,9.4169,2105.1531,103.6625,-13.5214,0.1482,0.0689,-766.7049,0.0,1.217,1.4,25.2,21.6,25.983,27.0,3.207,2.15,7.333,7.7,48.333,47.6,25.767,25.4,34.3,21.2,340.43,257.74181354863634,,252.65528515370417,1065.1408333333334,1006.6991666666668,1118.5016666666668,886.4533333333334,550.0483333333333,358.0016666666667,98.9,96.1,93.6,90.9,202.9311125080399,210.8814210480249,227.35667942069057,239.28356572010304,1226.73,846.9300000000001,1120.0,1064.5533333333333,1056.732,394283.7,1123.784,1.0916065720814676,429.9716666666666,315.2375,231.56548795,,,,,,,,,,,,,
2024,Акмолинская область,Зерновые и бобовые (группа),Атбасарский,421235.1,524370.61,1280.0,stat_gov_kz_real_group,Атбасарский,Grains and legumes (group),1,0,0,0,0,51.3916,68.4684,14.9246,342.2372,1128.2523,3368.9956,197.6489,17.6359,19.795,670.3757,0.3485,0.3473,0.2568,0.2548,0.247,35.5744,69.3613,1821.0677,154.9921,-12.6521,0.3033,0.289,-786.0151,0.0,1.217,1.4,25.2,21.6,25.983,27.0,3.207,2.15,7.333,7.7,48.333,47.6,25.767,25.4,34.3,21.2,268.67333333333335,230.878850445,,190.60477617365,1089.3890968508615,1059.975,1021.9542980012442,963.3648258333332,563.665,338.26916666666665,98.1,96.4,96.8,92.5,199.07542137038712,203.289689890296,220.0812656792285,221.3372982910953,869.9999999999999,1226.73,846.9300000000001,981.2199999999999,1006.732,417089.9,654.0,1.330275229357798,340.43,429.9716666666666,315.2375,,,,,,,,,,,,,2.154502718745261
2025,Акмолинская область,Зерновые и бобовые (группа),Атбасарский,408080.6,619714.33,1580.0,stat_gov_kz_real_group,Атбасарский,Grains and legumes (group),1,0,0,0,0,51.3916,68.4684,16.8821,313.5254,1316.0604,3453.9119,187.9014,19.6923,20.1084,737.6661,0.2589,0.2867,0.2524,0.195,0.2095,71.9994,45.5513,2180.7107,215.295,-9.2217,0.2382,0.2465,-1002.5351,0.0,1.217,1.4,25.2,21.6,25.983,27.0,3.207,2.15,7.333,7.7,48.333,47.6,25.767,25.4,34.3,21.2,243.3325,219.61538460375,,203.19753726864084,1226.4814225569482,1262.8893305316649,1139.8729249670616,1006.980403811544,685.2199999999999,422.655,99.9,101.1,95.5,114.4,198.87634594901675,205.52587647908928,210.1776087236632,253.20986924501307,1280.0,869.9999999999999,1226.73,1125.5766666666666,1068.732,421235.1,1451.5,0.8818463658284533,268.67333333333335,340.43,429.9716666666666,,,,,,,,,,,,,2.1760991796478937
2022,Акмолинская область,Масличные (группа),Атбасарский,22873.2,10996.910000000002,520.0,stat_gov_kz_real_group,Атбасарский,Oilseeds (group),1,0,0,0,0,51.3916,68.4684,16.6009,141.7386,1390.5042,3509.3397,103.2347,19.2688,20.2912,814.0643,0.1664,0.2127,0.1635,0.1957,0.1777,23.2021,69.6423,2129.4246,177.6849,-10.3075,0.1019,0.118,-1248.7655,0.0,1.217,1.4,25.2,21.6,25.983,27.0,3.207,2.15,7.333,7.7,48.333,47.6,25.767,25.4,34.3,21.2,429.9716666666666,381.91843016614285,,318.80665693333333,1756.7299999999998,1650.8083333333334,1666.7975,1275.9916666666666,772.1583333333333,700.015,117.2,119.8,120.3,119.5,205.1881825157127,219.4395640458116,242.9024352785156,263.238246116725,390.08,510.0,620.0,506.6933333333333,567.818,20957.3,513.4357894736843,0.7597444665862998,315.2375,231.56548795,201.692128575,,,,,,,,,,,,,
2023,Акмолинская область,Масличные (группа),Атбасарский,15649.3,4908.5,510.0,stat_gov_kz_real_group,Атбасарский,Oilseeds (group),1,0,0,0,0,51.3916,68.4684,16.4442,133.3549,900.0598,2597.1692,40.6444,20.2764,21.9167,564.3407,0.2097,0.2448,0.1574,0.1523,0.1615,17.0544,9.4169,2105.1531,103.6625,-13.5214,0.1482,0.0689,-766.7049,0.0,1.217,1.4,25.2,21.6,25.983,27.0,3.207,2.15,7.333,7.7,48.333,47.6,25.767,25.4,34.3,21.2,340.43,257.74181354863634,,252.65528515370417,1065.1408333333334,1006.6991666666668,1118.5016666666668,886.4533333333334,550.0483333333333,358.0016666666667,98.9,96.1,93.6,90.9,202.9311125080399,210.8814210480249,227.35667942069057,239.28356572010304,520.0,390.08,510.0,473.35999999999996,552.016,22873.2,564.7368421052631,0.9207828518173347,429.9716666666666,315.2375,231.56548795,,,,,,,,,,,,,
2024,Акмолинская область,Масличные (группа),Атбасарский,16286.0,18883.76,1160.0,stat_gov_kz_real_group,Атбасарский,Oilseeds (group),1,0,0,0,0,51.3916,68.4684,14.9246,342.2372,1128.2523,3368.9956,197.6489,17.6359,19.795,670.3757,0.3485,0.3473,0.2568,0.2548,0.247,35.5744,69.3613,1821.0677,154.9921,-12.6521,0.3033,0.289,-786.0151,0.0,1.217,1.4,25.2,21.6,25.983,27.0,3.207,2.15,7.333,7.7,48.333,47.6,25.767,25.4,34.3,21.2,268.67333333333335,230.878850445,,190.60477617365,1089.3890968508615,1059.975,1021.9542980012442,963.3648258333332,563.665,338.26916666666665,98.1,96.4,96.8,92.5,199.07542137038712,203.289689890296,220.0812656792285,221.3372982910953,510.0,520.0,390.08,473.35999999999996,510.01599999999996,15649.3,530.5555555555555,0.9612565445026178,340.43,429.9716666666666,315.2375,,,,,,,,,,,,,2.154502718745261
2025,Акмолинская область,Масличные (группа),Атбасарский,36656.0,30254.45,850.0,stat_gov_kz_real_group,Атбасарский,Oilseeds (group),1,0,0,0,0,51.3916,68.4684,16.8821,313.5254,1316.0604,3453.9119,187.9014,19.6923,20.1084,737.6661,0.2589,0.2867,0.2524,0.195,0.2095,71.9994,45.5513,2180.7107,215.295,-9.2217,0.2382,0.2465,-1002.5351,0.0,1.217,1.4,25.2,21.6,25.983,27.0,3.207,2.15,7.333,7.7,48.333,47.6,25.767,25.4,34.3,21.2,243.3325,219.61538460375,,203.19753726864084,1226.4814225569482,1262.8893305316649,1139.8729249670616,1006.980403811544,685.2199999999999,422.655,99.9,101.1,95.5,114.4,198.87634594901675,205.52587647908928,210.1776087236632,253.20986924501307,1160.0,510.0,520.0,730.0,618.016,16286.0,1064.7368421052631,1.0894710825506673,268.67333333333335,340.43,429.9716666666666,,,,,,,,,,,,,2.1760991796478937
2022,Акмолинская область,Подсолнечник,Атбасарский,,3763.8,800.0,stat_gov_kz_real,Атбасарский,Sunflower seed,0,0,0,0,0,51.3916,68.4684,16.6009,141.7386,1390.5042,3509.3397,103.2347,19.2688,20.2912,814.0643,0.1664,0.2127,0.1635,0.1957,0.1777,23.2021,69.6423,2129.4246,177.6849,-10.3075,0.1019,0.118,-1248.7655,0.0,1.217,1.4,25.2,21.6,25.983,27.0,3.207,2.15,7.333,7.7,48.333,47.6,25.767,25.4,34.3,21.2,429.9716666666666,381.91843016614285,,318.80665693333333,1756.7299999999998,1650.8083333333334,1666.7975,1275.9916666666666,772.1583333333333,700.015,117.2,119.8,120.3,119.5,205.1881825157127,219.4395640458116,242.9024352785156,263.238246116725,400.0,510.0,600.0,503.3333333333333,544.0,,607.8571428571429,0.6580493537015276,315.2375,231.56548795,201.692128575,,,,,,,,,,,,,
2023,Акмолинская область,Подсолнечник,Атбасарский,,1576.8000000000002,430.0,stat_gov_kz_real,Атбасарский,Sunflower seed,0,0,0,0,0,51.3916,68.4684,16.4442,133.3549,900.0598,2597.1692,40.6444,20.2764,21.9167,564.3407,0.2097,0.2448,0.1574,0.1523,0.1615,17.0544,9.4169,2105.1531,103.6625,-13.5214,0.1482,0.0689,-766.7049,0.0,1.217,1.4,25.2,21.6,25.983,27.0,3.207,2.15,7.333,7.7,48.333,47.6,25.767,25.4,34.3,21.2,340.43,257.74181354863634,,252.65528515370417,1065.1408333333334,1006.6991666666668,1118.5016666666668,886.4533333333334,550.0483333333333,358.0016666666667,98.9,96.1,93.6,90.9,202.9311125080399,210.8814210480249,227.35667942069057,239.28356572010304,800.0,400.0,510.0,570.0,596.0,,838.0,0.954653937947494,429.9716666666666,315.2375,231.56548795,,,,,,,,,,,,,
2024,Акмолинская область,Подсолнечник,Атбасарский,,8988.0,1160.0,stat_gov_kz_real,Атбасарский,Sunflower seed,0,0,0,0,0,51.3916,68.4684,14.9246,342.2372,1128.2523,3368.9956,197.6489,17.6359,19.795,670.3757,0.3485,0.3473,0.2568,0.2548,0.247,35.5744,69.3613,1821.0677,154.9921,-12.6521,0.3033,0.289,-786.0151,0.0,1.217,1.4,25.2,21.6,25.983,27.0,3.207,2.15,7.333,7.7,48.333,47.6,25.767,25.4,34.3,21.2,268.67333333333335,230.878850445,,190.60477617365,1089.3890968508615,1059.975,1021.9542980012442,963.3648258333332,563.665,338.26916666666665,98.1,96.4,96.8,92.5,199.07542137038712,203.289689890296,220.0812656792285,221.3372982910953,430.0,800.0,400.0,543.3333333333334,548.0,,731.25,0.588034188034188,340.43,429.9716666666666,315.2375,,,149181.0,1.0,142351.5,2.0,,,,,,,2.154502718745261
2025,Акмолинская область,Подсолнечник,Атбасарский,,11578.24,740.0,stat_gov_kz_real,Атбасарский,Sunflower seed,0,0,0,0,0,51.3916,68.4684,16.8821,313.5254,1316.0604,3453.9119,187.9014,19.6923,20.1084,737.6661,0.2589,0.2867,0.2524,0.195,0.2095,71.9994,45.5513,2180.7107,215.295,-9.2217,0.2382,0.2465,-1002.5351,0.0,1.217,1.4,25.2,21.6,25.983,27.0,3.207,2.15,7.333,7.7,48.333,47.6,25.767,25.4,34.3,21.2,243.3325,219.61538460375,,203.19753726864084,1226.4814225569482,1262.8893305316649,1139.8729249670616,1006.980403811544,685.2199999999999,422.655,99.9,101.1,95.5,114.4,198.87634594901675,205.52587647908928,210.1776087236632,253.20986924501307,1160.0,430.0,800.0,796.6666666666666,660.0,,1356.111111111111,0.8553871364195003,268.67333333333335,340.43,429.9716666666666,,,188868.0,1.0,164717.5,4.0,,,149181.0,1.0,,,2.1760991796478937
2022,Акмолинская область,Пшеница,Атбасарский,330484.7,382590.01,1226.8000000000002,stat_gov_kz_real,Атбасарский,Wheat,0,0,0,0,0,51.3916,68.4684,16.6009,141.7386,1390.5042,3509.3397,103.2347,19.2688,20.2912,814.0643,0.1664,0.2127,0.1635,0.1957,0.1777,23.2021,69.6423,2129.4246,177.6849,-10.3075,0.1019,0.118,-1248.7655,0.0,1.217,1.4,25.2,21.6,25.983,27.0,3.207,2.15,7.333,7.7,48.333,47.6,25.767,25.4,34.3,21.2,429.9716666666666,381.91843016614285,,318.80665693333333,1756.7299999999998,1650.8083333333334,1666.7975,1275.9916666666666,772.1583333333333,700.015,117.2,119.8,120.3,119.5,205.1881825157127,219.4395640458116,242.9024352785156,263.238246116725,861.1700000000001,1060.0,960.0,960.39,1024.234,325374.4,934.8894736842107,0.9211463218280799,315.2375,231.56548795,201.692128575,113147.0,1.0,108749.5,2.0,110215.33333333331,3.0,,,,,,,
2023,Акмолинская область,Пшеница,Атбасарский,347139.9,283301.94,869.9999999999999,stat_gov_kz_real,Атбасарский,Wheat,0,0,0,0,0,51.3916,68.4684,16.4442,133.3549,900.0598,2597.1692,40.6444,20.2764,21.9167,564.3407,0.2097,0.2448,0.1574,0.1523,0.1615,17.0544,9.4169,2105.1531,103.6625,-13.5214,0.1482,0.0689,-766.7049,0.0,1.217,1.4,25.2,21.6,25.983,27.0,3.207,2.15,7.333,7.7,48.333,47.6,25.767,25.4,34.3,21.2,340.43,257.74181354863634,,252.65528515370417,1065.1408333333334,1006.6991666666668,1118.5016666666668,886.4533333333334,550.0483333333333,358.0016666666667,98.9,96.1,93.6,90.9,202.9311125080399,210.8814210480249,227.35667942069057,239.28356572010304,1226.8000000000002,861.1700000000001,1060.0,1049.3233333333335,1039.594,330484.7,1146.2963157894737,1.0702293840620802,429.9716666666666,315.2375,231.56548795,95060.33333333331,3.0,108567.0,2.0,98823.25,12.0,113147.0,1.0,108749.5,2.0,,-0.0016781686352580483,
2024,Акмолинская область,Пшеница,Атбасарский,336854.4,378672.58,1160.0,stat_gov_kz_real,Атбасарский,Wheat,0,0,0,0,0,51.3916,68.4684,14.9246,342.2372,1128.2523,3368.9956,197.6489,17.6359,19.795,670.3757,0.3485,0.3473,0.2568,0.2548,0.247,35.5744,69.3613,1821.0677,154.9921,-12.6521,0.3033,0.289,-786.0151,0.0,1.217,1.4,25.2,21.6,25.983,27.0,3.207,2.15,7.333,7.7,48.333,47.6,25.767,25.4,34.3,21.2,268.67333333333335,230.878850445,,190.60477617365,1089.3890968508615,1059.975,1021.9542980012442,963.3648258333332,563.665,338.26916666666665,98.1,96.4,96.8,92.5,199.07542137038712,203.289689890296,220.0812656792285,221.3372982910953,869.9999999999999,1226.8000000000002,861.1700000000001,985.9900000000001,995.594,347139.9,648.421052631579,1.341720779220779,340.43,429.9716666666666,315.2375,94039.33333333331,3.0,69241.5,2.0,104876.16666666669,12.0,95060.33333333331,3.0,108567.0,2.0,-0.010740547231407382,-0.36222332753046504,2.154502718745261
2025,Акмолинская область,Пшеница,Атбасарский,313601.7,478752.9,1580.0,stat_gov_kz_real,Атбасарский,Wheat,0,0,0,0,0,51.3916,68.4684,16.8821,313.5254,1316.0604,3453.9119,187.9014,19.6923,20.1084,737.6661,0.2589,0.2867,0.2524,0.195,0.2095,71.9994,45.5513,2180.7107,215.295,-9.2217,0.2382,0.2465,-1002.5351,0.0,1.217,1.4,25.2,21.6,25.983,27.0,3.207,2.15,7.333,7.7,48.333,47.6,25.767,25.4,34.3,21.2,243.3325,219.61538460375,,203.19753726864084,1226.4814225569482,1262.8893305316649,1139.8729249670616,1006.980403811544,685.2199999999999,422.655,99.9,101.1,95.5,114.4,198.87634594901675,205.52587647908928,210.1776087236632,253.20986924501307,1160.0,869.9999999999999,1226.8000000000002,1085.6000000000001,1035.594,336854.4,1401.578947368421,0.827638002253098,268.67333333333335,340.43,429.9716666666666,90413.33333333331,3.0,86792.0,2.0,86058.83333333333,12.0,94039.33333333331,3.0,69241.5,2.0,-0.0385583337468719,0.25346793469234496,2.1760991796478937
2022,Акмолинская область,Зерновые и бобовые (группа),Биржан сал,157131.8,109759.04,741.19,stat_gov_kz_real_group,Биржан сал,Grains and legumes (group),1,0,0,0,0,52.8745,71.1632,15.6979,213.3784,1274.6068,3383.4016,137.5941,18.4377,18.9468,710.9051,0.2869,0.3145,0.3244,0.3387,0.2954,52.2023,71.2711,1964.1277,120.9493,-10.2738,0.1674,0.1702,-1061.2284,0.0,1.183,1.4,36.333,32.0,25.9,25.0,3.062,2.6,6.817,7.1,43.233,43.9,30.867,31.1,42.317,32.0,429.9716666666666,381.91843016614285,,318.80665693333333,1756.7299999999998,1650.8083333333334,1666.7975,1275.9916666666666,772.1583333333333,700.015,117.2,119.8,120.3,119.5,205.1881825157127,219.4395640458116,242.9024352785156,263.238246116725,705.3499999999999,1280.0,1000.0,995.1166666666667,1029.132,163555.0,929.1063157894737,0.7591703855770853,315.2375,231.56548795,201.692128575,,,,,,,,,,,,,
2023,Акмолинская область,Зерновые и бобовые (группа),Биржан сал,151245.1,69527.28000000001,570.0,stat_gov_kz_real_group,Биржан сал,Grains and legumes (group),1,0,0,0,0,52.8745,71.1632,15.7031,116.0514,863.1403,2533.1355,31.3899,19.3109,21.0403,523.6175,0.3059,0.3189,0.282,0.2798,0.2794,14.0111,8.1022,1977.4128,76.7601,-13.0999,0.1345,0.0567,-747.0889,0.0,1.183,1.4,36.333,32.0,25.9,25.0,3.062,2.6,6.817,7.1,43.233,43.9,30.867,31.1,42.317,32.0,340.43,257.74181354863634,,252.65528515370417,1065.1408333333334,1006.6991666666668,1118.5016666666668,886.4533333333334,550.0483333333333,358.0016666666667,98.9,96.1,93.6,90.9,202.9311125080399,210.8814210480249,227.35667942069057,239.28356572010304,741.19,705.3499999999999,1280.0,908.8466666666667,1003.308,157131.8,1123.784,0.6595484541513316,429.9716666666666,315.2375,231.56548795,,,,,,,,,,,,,
2024,Акмолинская область,Зерновые и бобовые (группа),Биржан сал,136164.2,233412.04,1739.9999999999998,stat_gov_kz_real_group,Биржан сал,Grains and legumes (group),1,0,0,0,0,52.8745,71.1632,14.1305,345.6067,986.0628,3136.8227,223.96,16.6599,18.9362,567.2033,0.4201,0.4134,0.4077,0.4079,0.3953,52.9398,85.7626,1675.2869,102.4956,-13.2635,0.3505,0.3852,-640.4562,0.0,1.183,1.4,36.333,32.0,25.9,25.0,3.062,2.6,6.817,7.1,43.233,43.9,30.867,31.1,42.317,32.0,268.67333333333335,230.878850445,,190.60477617365,1089.3890968508615,1059.975,1021.9542980012442,963.3648258333332,563.665,338.26916666666665,98.1,96.4,96.8,92.5,199.07542137038712,203.289689890296,220.0812656792285,221.3372982910953,570.0,741.19,705.3499999999999,672.18,859.308,151245.1,654.0,0.8715596330275229,340.43,429.9716666666666,315.2375,,,,,,,,,,,,,2.154502718745261
2025,Акмолинская область,Зерновые и бобовые (группа),Биржан сал,150608.2,263788.57,1750.0,stat_gov_kz_real_group,Биржан сал,Grains and legumes (group),1,0,0,0,0,52.8745,71.1632,15.858,358.5949,1172.7261,3250.6254,189.5444,18.7532,19.1715,647.6237,0.3851,0.381,0.3554,0.3505,0.3072,67.9557,75.7513,1992.3861,163.2647,-9.0756,0.3058,0.2708,-814.1311,0.0,1.183,1.4,36.333,32.0,25.9,25.0,3.062,2.6,6.817,7.1,43.233,43.9,30.867,31.1,42.317,32.0,243.3325,219.61538460375,,203.19753726864084,1226.4814225569482,1262.8893305316649,1139.8729249670616,1006.980403811544,685.2199999999999,422.655,99.9,101.1,95.5,114.4,198.87634594901675,205.52587647908928,210.1776087236632,253.20986924501307,1739.9999999999998,570.0,741.19,1017.0633333333334,1007.308,136164.2,1451.5,1.1987599035480536,268.67333333333335,340.43,429.9716666666666,,,,,,,,,,,,,2.1760991796478937
2022,Акмолинская область,Масличные (группа),Биржан сал,,4974.96,470.0,stat_gov_kz_real_group,Биржан сал,Oilseeds (group),1,0,0,0,0,52.8745,71.1632,15.6979,213.3784,1274.6068,3383.4016,137.5941,18.4377,18.9468,710.9051,0.2869,0.3145,0.3244,0.3387,0.2954,52.2023,71.2711,1964.1277,120.9493,-10.2738,0.1674,0.1702,-1061.2284,0.0,1.183,1.4,36.333,32.0,25.9,25.0,3.062,2.6,6.817,7.1,43.233,43.9,30.867,31.1,42.317,32.0,429.9716666666666,381.91843016614285,,318.80665693333333,1756.7299999999998,1650.8083333333334,1666.7975,1275.9916666666666,772.1583333333333,700.015,117.2,119.8,120.3,119.5,205.1881825157127,219.4395640458116,242.9024352785156,263.238246116725,292.19,550.0,400.0,414.06333333333333,473.68,,513.4357894736843,0.5690877145504792,315.2375,231.56548795,201.692128575,,,,,,,,,,,,,
2023,Акмолинская область,Масличные (группа),Биржан сал,,1690.7,830.0000000000001,stat_gov_kz_real_group,Биржан сал,Oilseeds (group),1,0,0,0,0,52.8745,71.1632,15.7031,116.0514,863.1403,2533.1355,31.3899,19.3109,21.0403,523.6175,0.3059,0.3189,0.282,0.2798,0.2794,14.0111,8.1022,1977.4128,76.7601,-13.0999,0.1345,0.0567,-747.0889,0.0,1.183,1.4,36.333,32.0,25.9,25.0,3.062,2.6,6.817,7.1,43.233,43.9,30.867,31.1,42.317,32.0,340.43,257.74181354863634,,252.65528515370417,1065.1408333333334,1006.6991666666668,1118.5016666666668,886.4533333333334,550.0483333333333,358.0016666666667,98.9,96.1,93.6,90.9,202.9311125080399,210.8814210480249,227.35667942069057,239.28356572010304,470.0,292.19,550.0,437.3966666666667,456.438,,564.7368421052631,0.8322460391425909,429.9716666666666,315.2375,231.56548795,,,,,,,,,,,,,
2024,Акмолинская область,Масличные (группа),Биржан сал,,4326.030000000001,1230.0,stat_gov_kz_real_group,Биржан сал,Oilseeds (group),1,0,0,0,0,52.8745,71.1632,14.1305,345.6067,986.0628,3136.8227,223.96,16.6599,18.9362,567.2033,0.4201,0.4134,0.4077,0.4079,0.3953,52.9398,85.7626,1675.2869,102.4956,-13.2635,0.3505,0.3852,-640.4562,0.0,1.183,1.4,36.333,32.0,25.9,25.0,3.062,2.6,6.817,7.1,43.233,43.9,30.867,31.1,42.317,32.0,268.67333333333335,230.878850445,,190.60477617365,1089.3890968508615,1059.975,1021.9542980012442,963.3648258333332,563.665,338.26916666666665,98.1,96.4,96.8,92.5,199.07542137038712,203.289689890296,220.0812656792285,221.3372982910953,830.0000000000001,470.0,292.19,530.73,508.438,,530.5555555555555,1.5643979057591626,340.43,429.9716666666666,315.2375,,,,,,,,,,,,,2.154502718745261
2025,Акмолинская область,Масличные (группа),Биржан сал,,29320.15,1140.0,stat_gov_kz_real_group,Биржан сал,Oilseeds (group),1,0,0,0,0,52.8745,71.1632,15.858,358.5949,1172.7261,3250.6254,189.5444,18.7532,19.1715,647.6237,0.3851,0.381,0.3554,0.3505,0.3072,67.9557,75.7513,1992.3861,163.2647,-9.0756,0.3058,0.2708,-814.1311,0.0,1.183,1.4,36.333,32.0,25.9,25.0,3.062,2.6,6.817,7.1,43.233,43.9,30.867,31.1,42.317,32.0,243.3325,219.61538460375,,203.19753726864084,1226.4814225569482,1262.8893305316649,1139.8729249670616,1006.980403811544,685.2199999999999,422.655,99.9,101.1,95.5,114.4,198.87634594901675,205.52587647908928,210.1776087236632,253.20986924501307,1230.0,830.0000000000001,470.0,843.3333333333334,674.438,,1064.7368421052631,1.1552150271873456,268.67333333333335,340.43,429.9716666666666,,,,,,,,,,,,,2.1760991796478937
2022,Акмолинская область,Подсолнечник,Биржан сал,,180.0,850.0,stat_gov_kz_real,Биржан сал,Sunflower seed,0,0,0,0,0,52.8745,71.1632,15.6979,213.3784,1274.6068,3383.4016,137.5941,18.4377,18.9468,710.9051,0.2869,0.3145,0.3244,0.3387,0.2954,52.2023,71.2711,1964.1277,120.9493,-10.2738,0.1674,0.1702,-1061.2284,0.0,1.183,1.4,36.333,32.0,25.9,25.0,3.062,2.6,6.817,7.1,43.233,43.9,30.867,31.1,42.317,32.0,429.9716666666666,381.91843016614285,,318.80665693333333,1756.7299999999998,1650.8083333333334,1666.7975,1275.9916666666666,772.1583333333333,700.015,117.2,119.8,120.3,119.5,205.1881825157127,219.4395640458116,242.9024352785156,263.238246116725,180.0,890.0,1150.0,740.0,672.0,,607.8571428571429,0.29612220916568743,315.2375,231.56548795,201.692128575,,,,,,,,,,,,,
2023,Акмолинская область,Подсолнечник,Биржан сал,,133.5,370.0,stat_gov_kz_real,Биржан сал,Sunflower seed,0,0,0,0,0,52.8745,71.1632,15.7031,116.0514,863.1403,2533.1355,31.3899,19.3109,21.0403,523.6175,0.3059,0.3189,0.282,0.2798,0.2794,14.0111,8.1022,1977.4128,76.7601,-13.0999,0.1345,0.0567,-747.0889,0.0,1.183,1.4,36.333,32.0,25.9,25.0,3.062,2.6,6.817,7.1,43.233,43.9,30.867,31.1,42.317,32.0,340.43,257.74181354863634,,252.65528515370417,1065.1408333333334,1006.6991666666668,1118.5016666666668,886.4533333333334,550.0483333333333,358.0016666666667,98.9,96.1,93.6,90.9,202.9311125080399,210.8814210480249,227.35667942069057,239.28356572010304,850.0,180.0,890.0,640.0,750.0,,838.0,1.0143198090692125,429.9716666666666,315.2375,231.56548795,,,,,,,,,,,,,
2024,Акмолинская область,Подсолнечник,Биржан сал,,57.53,1440.0,stat_gov_kz_real,Биржан сал,Sunflower seed,0,0,0,0,0,52.8745,71.1632,14.1305,345.6067,986.0628,3136.8227,223.96,16.6599,18.9362,567.2033,0.4201,0.4134,0.4077,0.4079,0.3953,52.9398,85.7626,1675.2869,102.4956,-13.2635,0.3505,0.3852,-640.4562,0.0,1.183,1.4,36.333,32.0,25.9,25.0,3.062,2.6,6.817,7.1,43.233,43.9,30.867,31.1,42.317,32.0,268.67333333333335,230.878850445,,190.60477617365,1089.3890968508615,1059.975,1021.9542980012442,963.3648258333332,563.665,338.26916666666665,98.1,96.4,96.8,92.5,199.07542137038712,203.289689890296,220.0812656792285,221.3372982910953,370.0,850.0,180.0,466.6666666666667,688.0,,731.25,0.505982905982906,340.43,429.9716666666666,315.2375,,,149181.0,1.0,142351.5,2.0,,,,,,,2.154502718745261
2025,Акмолинская область,Подсолнечник,Биржан сал,,5587.87,1650.0,stat_gov_kz_real,Биржан сал,Sunflower seed,0,0,0,0,0,52.8745,71.1632,15.858,358.5949,1172.7261,3250.6254,189.5444,18.7532,19.1715,647.6237,0.3851,0.381,0.3554,0.3505,0.3072,67.9557,75.7513,1992.3861,163.2647,-9.0756,0.3058,0.2708,-814.1311,0.0,1.183,1.4,36.333,32.0,25.9,25.0,3.062,2.6,6.817,7.1,43.233,43.9,30.867,31.1,42.317,32.0,243.3325,219.61538460375,,203.19753726864084,1226.4814225569482,1262.8893305316649,1139.8729249670616,1006.980403811544,685.2199999999999,422.655,99.9,101.1,95.5,114.4,198.87634594901675,205.52587647908928,210.1776087236632,253.20986924501307,1440.0,370.0,850.0,886.6666666666666,746.0,,1356.111111111111,1.0618598934862762,268.67333333333335,340.43,429.9716666666666,,,188868.0,1.0,164717.5,4.0,,,149181.0,1.0,,,2.1760991796478937
2022,Акмолинская область,Пшеница,Биржан сал,131703.5,93725.67,748.53,stat_gov_kz_real,Биржан сал,Wheat,0,0,0,0,0,52.8745,71.1632,15.6979,213.3784,1274.6068,3383.4016,137.5941,18.4377,18.9468,710.9051,0.2869,0.3145,0.3244,0.3387,0.2954,52.2023,71.2711,1964.1277,120.9493,-10.2738,0.1674,0.1702,-1061.2284,0.0,1.183,1.4,36.333,32.0,25.9,25.0,3.062,2.6,6.817,7.1,43.233,43.9,30.867,31.1,42.317,32.0,429.9716666666666,381.91843016614285,,318.80665693333333,1756.7299999999998,1650.8083333333334,1666.7975,1275.9916666666666,772.1583333333333,700.015,117.2,119.8,120.3,119.5,205.1881825157127,219.4395640458116,242.9024352785156,263.238246116725,680.6,1270.0,1050.0,1000.1999999999999,1074.1200000000001,130100.19,934.8894736842107,0.7280004954146,315.2375,231.56548795,201.692128575,113147.0,1.0,108749.5,2.0,110215.33333333331,3.0,,,,,,,
2023,Акмолинская область,Пшеница,Биржан сал,116575.9,55872.9,580.0,stat_gov_kz_real,Биржан сал,Wheat,0,0,0,0,0,52.8745,71.1632,15.7031,116.0514,863.1403,2533.1355,31.3899,19.3109,21.0403,523.6175,0.3059,0.3189,0.282,0.2798,0.2794,14.0111,8.1022,1977.4128,76.7601,-13.0999,0.1345,0.0567,-747.0889,0.0,1.183,1.4,36.333,32.0,25.9,25.0,3.062,2.6,6.817,7.1,43.233,43.9,30.867,31.1,42.317,32.0,340.43,257.74181354863634,,252.65528515370417,1065.1408333333334,1006.6991666666668,1118.5016666666668,886.4533333333334,550.0483333333333,358.0016666666667,98.9,96.1,93.6,90.9,202.9311125080399,210.8814210480249,227.35667942069057,239.28356572010304,748.53,680.6,1270.0,899.71,1011.826,131703.5,1146.2963157894737,0.6529986964884159,429.9716666666666,315.2375,231.56548795,95060.33333333331,3.0,108567.0,2.0,98823.25,12.0,113147.0,1.0,108749.5,2.0,,-0.0016781686352580483,
2024,Акмолинская область,Пшеница,Биржан сал,114924.2,196710.1,1730.0,stat_gov_kz_real,Биржан сал,Wheat,0,0,0,0,0,52.8745,71.1632,14.1305,345.6067,986.0628,3136.8227,223.96,16.6599,18.9362,567.2033,0.4201,0.4134,0.4077,0.4079,0.3953,52.9398,85.7626,1675.2869,102.4956,-13.2635,0.3505,0.3852,-640.4562,0.0,1.183,1.4,36.333,32.0,25.9,25.0,3.062,2.6,6.817,7.1,43.233,43.9,30.867,31.1,42.317,32.0,268.67333333333335,230.878850445,,190.60477617365,1089.3890968508615,1059.975,1021.9542980012442,963.3648258333332,563.665,338.26916666666665,98.1,96.4,96.8,92.5,199.07542137038712,203.289689890296,220.0812656792285,221.3372982910953,580.0,748.53,680.6,669.71,865.826,116575.9,648.421052631579,0.8944805194805194,340.43,429.9716666666666,315.2375,94039.33333333331,3.0,69241.5,2.0,104876.16666666669,12.0,95060.33333333331,3.0,108567.0,2.0,-0.010740547231407382,-0.36222332753046504,2.154502718745261
2025,Акмолинская область,Пшеница,Биржан сал,126822.2,223051.27,1760.0000000000002,stat_gov_kz_real,Биржан сал,Wheat,0,0,0,0,0,52.8745,71.1632,15.858,358.5949,1172.7261,3250.6254,189.5444,18.7532,19.1715,647.6237,0.3851,0.381,0.3554,0.3505,0.3072,67.9557,75.7513,1992.3861,163.2647,-9.0756,0.3058,0.2708,-814.1311,0.0,1.183,1.4,36.333,32.0,25.9,25.0,3.062,2.6,6.817,7.1,43.233,43.9,30.867,31.1,42.317,32.0,243.3325,219.61538460375,,203.19753726864084,1226.4814225569482,1262.8893305316649,1139.8729249670616,1006.980403811544,685.2199999999999,422.655,99.9,101.1,95.5,114.4,198.87634594901675,205.52587647908928,210.1776087236632,253.20986924501307,1730.0,580.0,748.53,1019.5099999999999,1001.8259999999998,114924.2,1401.578947368421,1.2343221930153963,268.67333333333335,340.43,429.9716666666666,90413.33333333331,3.0,86792.0,2.0,86058.83333333333,12.0,94039.33333333331,3.0,69241.5,2.0,-0.0385583337468719,0.25346793469234496,2.1760991796478937
2022,Акмолинская область,Зерновые и бобовые (группа),Буландынский,193099.5,291942.36000000004,1511.88,stat_gov_kz_real_group,Буландынский,Grains and legumes (group),1,0,0,0,0,52.2331,70.0453,15.5036,193.72,1487.0859,3414.4761,133.7462,18.2291,18.8888,839.4946,0.2824,0.3154,0.322,0.323,0.2923,49.2958,68.5568,1928.7563,158.2092,-10.8035,0.1303,0.1409,-1293.3659,0.0,1.2,1.4,41.417,39.6,26.1,24.8,3.595,3.0,7.033,7.3,39.85,40.9,34.05,34.3,38.433,18.9,429.9716666666666,381.91843016614285,,318.80665693333333,1756.7299999999998,1650.8083333333334,1666.7975,1275.9916666666666,772.1583333333333,700.015,117.2,119.8,120.3,119.5,205.1881825157127,219.4395640458116,242.9024352785156,263.238246116725,988.76,1340.0,1170.0,1166.2533333333333,1177.584,196141.6,929.1063157894737,1.064205444734102,315.2375,231.56548795,201.692128575,,,,,,,,,,,,,
2023,Акмолинская область,Зерновые и бобовые (группа),Буландынский,211693.0,153604.66,750.0,stat_gov_kz_real_group,Буландынский,Grains and legumes (group),1,0,0,0,0,52.2331,70.0453,15.3008,134.5233,960.0487,2536.0892,35.1199,19.0207,20.7564,597.753,0.3174,0.3455,0.285,0.2871,0.2814,15.2362,10.2631,1935.7723,103.9718,-13.7653,0.1401,0.0557,-825.5254,0.0,1.2,1.4,41.417,39.6,26.1,24.8,3.595,3.0,7.033,7.3,39.85,40.9,34.05,34.3,38.433,18.9,340.43,257.74181354863634,,252.65528515370417,1065.1408333333334,1006.6991666666668,1118.5016666666668,886.4533333333334,550.0483333333333,358.0016666666667,98.9,96.1,93.6,90.9,202.9311125080399,210.8814210480249,227.35667942069057,239.28356572010304,1511.88,988.76,1340.0,1280.2133333333334,1272.1280000000002,193099.5,1123.784,1.3453475045026446,429.9716666666666,315.2375,231.56548795,,,,,,,,,,,,,
2024,Акмолинская область,Зерновые и бобовые (группа),Буландынский,195104.9,380489.37000000005,1970.0,stat_gov_kz_real_group,Буландынский,Grains and legumes (group),1,0,0,0,0,52.2331,70.0453,13.7399,393.5089,1112.0396,3259.034,234.4572,16.4732,18.6019,647.6457,0.438,0.4313,0.4122,0.4033,0.3915,57.2769,98.8894,1604.2925,129.5261,-13.4957,0.3539,0.3473,-718.5307,0.0,1.2,1.4,41.417,39.6,26.1,24.8,3.595,3.0,7.033,7.3,39.85,40.9,34.05,34.3,38.433,18.9,268.67333333333335,230.878850445,,190.60477617365,1089.3890968508615,1059.975,1021.9542980012442,963.3648258333332,563.665,338.26916666666665,98.1,96.4,96.8,92.5,199.07542137038712,203.289689890296,220.0812656792285,221.3372982910953,750.0,1511.88,988.76,1083.5466666666669,1152.1280000000002,211693.0,654.0,1.146788990825688,340.43,429.9716666666666,315.2375,,,,,,,,,,,,,2.154502718745261
2025,Акмолинская область,Зерновые и бобовые (группа),Буландынский,202921.2,477134.43,2350.0,stat_gov_kz_real_group,Буландынский,Grains and legumes (group),1,0,0,0,0,52.2331,70.0453,15.5048,327.3194,1325.07,3322.6111,172.9906,18.4407,18.7914,728.7105,0.376,0.3923,0.3647,0.326,0.3059,65.8817,54.8033,1928.3411,206.5202,-9.8651,0.247,0.2214,-997.7505,0.0,1.2,1.4,41.417,39.6,26.1,24.8,3.595,3.0,7.033,7.3,39.85,40.9,34.05,34.3,38.433,18.9,243.3325,219.61538460375,,203.19753726864084,1226.4814225569482,1262.8893305316649,1139.8729249670616,1006.980403811544,685.2199999999999,422.655,99.9,101.1,95.5,114.4,198.87634594901675,205.52587647908928,210.1776087236632,253.20986924501307,1970.0,750.0,1511.88,1410.6266666666668,1312.1280000000002,195104.9,1451.5,1.357216672407854,268.67333333333335,340.43,429.9716666666666,,,,,,,,,,,,,2.1760991796478937
2022,Акмолинская область,Масличные (группа),Буландынский,42728.3,35526.840000000004,840.0,stat_gov_kz_real_group,Буландынский,Oilseeds (group),1,0,0,0,0,52.2331,70.0453,15.5036,193.72,1487.0859,3414.4761,133.7462,18.2291,18.8888,839.4946,0.2824,0.3154,0.322,0.323,0.2923,49.2958,68.5568,1928.7563,158.2092,-10.8035,0.1303,0.1409,-1293.3659,0.0,1.2,1.4,41.417,39.6,26.1,24.8,3.595,3.0,7.033,7.3,39.85,40.9,34.05,34.3,38.433,18.9,429.9716666666666,381.91843016614285,,318.80665693333333,1756.7299999999998,1650.8083333333334,1666.7975,1275.9916666666666,772.1583333333333,700.015,117.2,119.8,120.3,119.5,205.1881825157127,219.4395640458116,242.9024352785156,263.238246116725,612.2,1250.0,630.0,830.7333333333332,826.704,27585.7,513.4357894736843,1.1923594197193723,315.2375,231.56548795,201.692128575,,,,,,,,,,,,,
2023,Акмолинская область,Масличные (группа),Буландынский,31787.0,23482.1,780.0,stat_gov_kz_real_group,Буландынский,Oilseeds (group),1,0,0,0,0,52.2331,70.0453,15.3008,134.5233,960.0487,2536.0892,35.1199,19.0207,20.7564,597.753,0.3174,0.3455,0.285,0.2871,0.2814,15.2362,10.2631,1935.7723,103.9718,-13.7653,0.1401,0.0557,-825.5254,0.0,1.2,1.4,41.417,39.6,26.1,24.8,3.595,3.0,7.033,7.3,39.85,40.9,34.05,34.3,38.433,18.9,340.43,257.74181354863634,,252.65528515370417,1065.1408333333334,1006.6991666666668,1118.5016666666668,886.4533333333334,550.0483333333333,358.0016666666667,98.9,96.1,93.6,90.9,202.9311125080399,210.8814210480249,227.35667942069057,239.28356572010304,840.0,612.2,1250.0,900.7333333333332,854.4399999999999,42728.3,564.7368421052631,1.4874184529356944,429.9716666666666,315.2375,231.56548795,,,,,,,,,,,,,
2024,Акмолинская область,Масличные (группа),Буландынский,41122.9,49579.78,1270.0,stat_gov_kz_real_group,Буландынский,Oilseeds (group),1,0,0,0,0,52.2331,70.0453,13.7399,393.5089,1112.0396,3259.034,234.4572,16.4732,18.6019,647.6457,0.438,0.4313,0.4122,0.4033,0.3915,57.2769,98.8894,1604.2925,129.5261,-13.4957,0.3539,0.3473,-718.5307,0.0,1.2,1.4,41.417,39.6,26.1,24.8,3.595,3.0,7.033,7.3,39.85,40.9,34.05,34.3,38.433,18.9,268.67333333333335,230.878850445,,190.60477617365,1089.3890968508615,1059.975,1021.9542980012442,963.3648258333332,563.665,338.26916666666665,98.1,96.4,96.8,92.5,199.07542137038712,203.289689890296,220.0812656792285,221.3372982910953,780.0,840.0,612.2,744.0666666666666,822.4399999999999,31787.0,530.5555555555555,1.4701570680628273,340.43,429.9716666666666,315.2375,,,,,,,,,,,,,2.154502718745261
2025,Акмолинская область,Масличные (группа),Буландынский,44462.6,86587.98000000001,1950.0,stat_gov_kz_real_group,Буландынский,Oilseeds (group),1,0,0,0,0,52.2331,70.0453,15.5048,327.3194,1325.07,3322.6111,172.9906,18.4407,18.7914,728.7105,0.376,0.3923,0.3647,0.326,0.3059,65.8817,54.8033,1928.3411,206.5202,-9.8651,0.247,0.2214,-997.7505,0.0,1.2,1.4,41.417,39.6,26.1,24.8,3.595,3.0,7.033,7.3,39.85,40.9,34.05,34.3,38.433,18.9,243.3325,219.61538460375,,203.19753726864084,1226.4814225569482,1262.8893305316649,1139.8729249670616,1006.980403811544,685.2199999999999,422.655,99.9,101.1,95.5,114.4,198.87634594901675,205.52587647908928,210.1776087236632,253.20986924501307,1270.0,780.0,840.0,963.3333333333334,950.4399999999999,41122.9,1064.7368421052631,1.1927829955511617,268.67333333333335,340.43,429.9716666666666,,,,,,,,,,,,,2.1760991796478937
2022,Акмолинская область,Подсолнечник,Буландынский,,10548.5,1200.0,stat_gov_kz_real,Буландынский,Sunflower seed,0,0,0,0,0,52.2331,70.0453,15.5036,193.72,1487.0859,3414.4761,133.7462,18.2291,18.8888,839.4946,0.2824,0.3154,0.322,0.323,0.2923,49.2958,68.5568,1928.7563,158.2092,-10.8035,0.1303,0.1409,-1293.3659,0.0,1.2,1.4,41.417,39.6,26.1,24.8,3.595,3.0,7.033,7.3,39.85,40.9,34.05,34.3,38.433,18.9,429.9716666666666,381.91843016614285,,318.80665693333333,1756.7299999999998,1650.8083333333334,1666.7975,1275.9916666666666,772.1583333333333,700.015,117.2,119.8,120.3,119.5,205.1881825157127,219.4395640458116,242.9024352785156,263.238246116725,620.0,1090.0,650.0,786.6666666666666,822.5,,607.8571428571429,1.0199764982373678,315.2375,231.56548795,201.692128575,,,,,,,,,,,,,
2023,Акмолинская область,Подсолнечник,Буландынский,,10722.49,1030.0,stat_gov_kz_real,Буландынский,Sunflower seed,0,0,0,0,0,52.2331,70.0453,15.3008,134.5233,960.0487,2536.0892,35.1199,19.0207,20.7564,597.753,0.3174,0.3455,0.285,0.2871,0.2814,15.2362,10.2631,1935.7723,103.9718,-13.7653,0.1401,0.0557,-825.5254,0.0,1.2,1.4,41.417,39.6,26.1,24.8,3.595,3.0,7.033,7.3,39.85,40.9,34.05,34.3,38.433,18.9,340.43,257.74181354863634,,252.65528515370417,1065.1408333333334,1006.6991666666668,1118.5016666666668,886.4533333333334,550.0483333333333,358.0016666666667,98.9,96.1,93.6,90.9,202.9311125080399,210.8814210480249,227.35667942069057,239.28356572010304,1200.0,620.0,1090.0,970.0,890.0,,838.0,1.431980906921241,429.9716666666666,315.2375,231.56548795,,,,,,,,,,,,,
2024,Акмолинская область,Подсолнечник,Буландынский,,17948.920000000002,1070.0,stat_gov_kz_real,Буландынский,Sunflower seed,0,0,0,0,0,52.2331,70.0453,13.7399,393.5089,1112.0396,3259.034,234.4572,16.4732,18.6019,647.6457,0.438,0.4313,0.4122,0.4033,0.3915,57.2769,98.8894,1604.2925,129.5261,-13.4957,0.3539,0.3473,-718.5307,0.0,1.2,1.4,41.417,39.6,26.1,24.8,3.595,3.0,7.033,7.3,39.85,40.9,34.05,34.3,38.433,18.9,268.67333333333335,230.878850445,,190.60477617365,1089.3890968508615,1059.975,1021.9542980012442,963.3648258333332,563.665,338.26916666666665,98.1,96.4,96.8,92.5,199.07542137038712,203.289689890296,220.0812656792285,221.3372982910953,1030.0,1200.0,620.0,950.0,918.0,,731.25,1.4085470085470086,340.43,429.9716666666666,315.2375,,,149181.0,1.0,142351.5,2.0,,,,,,,2.154502718745261
2025,Акмолинская область,Подсолнечник,Буландынский,,35183.270000000004,2590.0,stat_gov_kz_real,Буландынский,Sunflower seed,0,0,0,0,0,52.2331,70.0453,15.5048,327.3194,1325.07,3322.6111,172.9906,18.4407,18.7914,728.7105,0.376,0.3923,0.3647,0.326,0.3059,65.8817,54.8033,1928.3411,206.5202,-9.8651,0.247,0.2214,-997.7505,0.0,1.2,1.4,41.417,39.6,26.1,24.8,3.595,3.0,7.033,7.3,39.85,40.9,34.05,34.3,38.433,18.9,243.3325,219.61538460375,,203.19753726864084,1226.4814225569482,1262.8893305316649,1139.8729249670616,1006.980403811544,685.2199999999999,422.655,99.9,101.1,95.5,114.4,198.87634594901675,205.52587647908928,210.1776087236632,253.20986924501307,1070.0,1030.0,1200.0,1100.0,1002.0,,1356.111111111111,0.7890208930766079,268.67333333333335,340.43,429.9716666666666,,,188868.0,1.0,164717.5,4.0,,,149181.0,1.0,,,2.1760991796478937
2022,Акмолинская область,Пшеница,Буландынский,162618.0,247426.75,1521.52,stat_gov_kz_real,Буландынский,Wheat,0,0,0,0,0,52.2331,70.0453,15.5036,193.72,1487.0859,3414.4761,133.7462,18.2291,18.8888,839.4946,0.2824,0.3154,0.322,0.323,0.2923,49.2958,68.5568,1928.7563,158.2092,-10.8035,0.1303,0.1409,-1293.3659,0.0,1.2,1.4,41.417,39.6,26.1,24.8,3.595,3.0,7.033,7.3,39.85,40.9,34.05,34.3,38.433,18.9,429.9716666666666,381.91843016614285,,318.80665693333333,1756.7299999999998,1650.8083333333334,1666.7975,1275.9916666666666,772.1583333333333,700.015,117.2,119.8,120.3,119.5,205.1881825157127,219.4395640458116,242.9024352785156,263.238246116725,1000.93,1280.0,1180.0,1153.6433333333332,1208.1860000000001,165960.5,934.8894736842107,1.070639929290825,315.2375,231.56548795,201.692128575,113147.0,1.0,108749.5,2.0,110215.33333333331,3.0,,,,,,,
2023,Акмолинская область,Пшеница,Буландынский,178600.8,130421.19,750.0,stat_gov_kz_real,Буландынский,Wheat,0,0,0,0,0,52.2331,70.0453,15.3008,134.5233,960.0487,2536.0892,35.1199,19.0207,20.7564,597.753,0.3174,0.3455,0.285,0.2871,0.2814,15.2362,10.2631,1935.7723,103.9718,-13.7653,0.1401,0.0557,-825.5254,0.0,1.2,1.4,41.417,39.6,26.1,24.8,3.595,3.0,7.033,7.3,39.85,40.9,34.05,34.3,38.433,18.9,340.43,257.74181354863634,,252.65528515370417,1065.1408333333334,1006.6991666666668,1118.5016666666668,886.4533333333334,550.0483333333333,358.0016666666667,98.9,96.1,93.6,90.9,202.9311125080399,210.8814210480249,227.35667942069057,239.28356572010304,1521.52,1000.93,1280.0,1267.4833333333333,1252.49,162618.0,1146.2963157894737,1.3273356801745484,429.9716666666666,315.2375,231.56548795,95060.33333333331,3.0,108567.0,2.0,98823.25,12.0,113147.0,1.0,108749.5,2.0,,-0.0016781686352580483,
2024,Акмолинская область,Пшеница,Буландынский,160307.9,304348.87000000005,1900.0,stat_gov_kz_real,Буландынский,Wheat,0,0,0,0,0,52.2331,70.0453,13.7399,393.5089,1112.0396,3259.034,234.4572,16.4732,18.6019,647.6457,0.438,0.4313,0.4122,0.4033,0.3915,57.2769,98.8894,1604.2925,129.5261,-13.4957,0.3539,0.3473,-718.5307,0.0,1.2,1.4,41.417,39.6,26.1,24.8,3.595,3.0,7.033,7.3,39.85,40.9,34.05,34.3,38.433,18.9,268.67333333333335,230.878850445,,190.60477617365,1089.3890968508615,1059.975,1021.9542980012442,963.3648258333332,563.665,338.26916666666665,98.1,96.4,96.8,92.5,199.07542137038712,203.289689890296,220.0812656792285,221.3372982910953,750.0,1521.52,1000.93,1090.8166666666666,1146.49,178600.8,648.421052631579,1.156655844155844,340.43,429.9716666666666,315.2375,94039.33333333331,3.0,69241.5,2.0,104876.16666666669,12.0,95060.33333333331,3.0,108567.0,2.0,-0.010740547231407382,-0.36222332753046504,2.154502718745261
2025,Акмолинская область,Пшеница,Буландынский,163904.4,382702.23,2330.0,stat_gov_kz_real,Буландынский,Wheat,0,0,0,0,0,52.2331,70.0453,15.5048,327.3194,1325.07,3322.6111,172.9906,18.4407,18.7914,728.7105,0.376,0.3923,0.3647,0.326,0.3059,65.8817,54.8033,1928.3411,206.5202,-9.8651,0.247,0.2214,-997.7505,0.0,1.2,1.4,41.417,39.6,26.1,24.8,3.595,3.0,7.033,7.3,39.85,40.9,34.05,34.3,38.433,18.9,243.3325,219.61538460375,,203.19753726864084,1226.4814225569482,1262.8893305316649,1139.8729249670616,1006.980403811544,685.2199999999999,422.655,99.9,101.1,95.5,114.4,198.87634594901675,205.52587647908928,210.1776087236632,253.20986924501307,1900.0,750.0,1521.52,1390.506666666667,1290.4900000000002,160307.9,1401.578947368421,1.3556139692076605,268.67333333333335,340.43,429.9716666666666,90413.33333333331,3.0,86792.0,2.0,86058.83333333333,12.0,94039.33333333331,3.0,69241.5,2.0,-0.0385583337468719,0.25346793469234496,2.1760991796478937
2022,Акмолинская область,Зерновые и бобовые (группа),Бурабайский,120453.9,166800.65000000002,1384.77,stat_gov_kz_real_group,Бурабайский,Grains and legumes (group),1,0,0,0,0,52.9196,70.1513,14.7945,221.9835,1306.2381,3367.8129,155.504,17.3066,18.0231,726.8601,0.2501,0.2716,0.2928,0.3009,0.2688,62.1282,74.5388,1798.7954,138.9505,-10.3488,0.1699,0.1891,-1084.2547,0.0,1.19,1.39,40.417,35.4,27.783,29.8,3.293,2.46,6.85,7.3,41.183,40.6,31.083,29.6,36.683,20.4,429.9716666666666,381.91843016614285,,318.80665693333333,1756.7299999999998,1650.8083333333334,1666.7975,1275.9916666666666,772.1583333333333,700.015,117.2,119.8,120.3,119.5,205.1881825157127,219.4395640458116,242.9024352785156,263.238246116725,1069.99,1380.0,1380.0,1276.6633333333332,1336.522,126944.48,929.1063157894737,1.1516335448552146,315.2375,231.56548795,201.692128575,,,,,,,,,,,,,
2023,Акмолинская область,Зерновые и бобовые (группа),Бурабайский,140501.8,102605.82,750.0,stat_gov_kz_real_group,Бурабайский,Grains and legumes (group),1,0,0,0,0,52.9196,70.1513,14.7649,133.8434,865.6762,2486.7752,42.0168,18.3128,20.0031,532.0897,0.2774,0.2919,0.2394,0.2408,0.2267,17.3544,11.8758,1829.8088,92.9607,-12.9678,0.1546,0.0755,-731.8328,0.0,1.19,1.39,40.417,35.4,27.783,29.8,3.293,2.46,6.85,7.3,41.183,40.6,31.083,29.6,36.683,20.4,340.43,257.74181354863634,,252.65528515370417,1065.1408333333334,1006.6991666666668,1118.5016666666668,886.4533333333334,550.0483333333333,358.0016666666667,98.9,96.1,93.6,90.9,202.9311125080399,210.8814210480249,227.35667942069057,239.28356572010304,1384.77,1069.99,1380.0,1278.2533333333333,1350.952,120453.9,1123.784,1.2322385796558768,429.9716666666666,315.2375,231.56548795,,,,,,,,,,,,,
2024,Акмолинская область,Зерновые и бобовые (группа),Бурабайский,125871.42,241758.2,1920.0,stat_gov_kz_real_group,Бурабайский,Grains and legumes (group),1,0,0,0,0,52.9196,70.1513,13.1928,426.8365,978.7249,3115.934,269.8419,15.7185,17.9353,569.2489,0.3948,0.3889,0.3848,0.3929,0.3911,73.5636,102.5036,1503.4556,118.7487,-13.3235,0.4361,0.4562,-551.8884,0.0,1.19,1.39,40.417,35.4,27.783,29.8,3.293,2.46,6.85,7.3,41.183,40.6,31.083,29.6,36.683,20.4,268.67333333333335,230.878850445,,190.60477617365,1089.3890968508615,1059.975,1021.9542980012442,963.3648258333332,563.665,338.26916666666665,98.1,96.4,96.8,92.5,199.07542137038712,203.289689890296,220.0812656792285,221.3372982910953,750.0,1384.77,1069.99,1068.2533333333333,1192.952,140501.8,654.0,1.146788990825688,340.43,429.9716666666666,315.2375,,,,,,,,,,,,,2.154502718745261
2025,Акмолинская область,Зерновые и бобовые (группа),Бурабайский,125179.48,275685.67000000004,2200.0,stat_gov_kz_real_group,Бурабайский,Grains and legumes (group),1,0,0,0,0,52.9196,70.1513,14.8231,356.5979,1155.8316,3219.7464,190.5979,17.6281,18.1066,648.6711,0.3458,0.3369,0.3261,0.3141,0.2774,72.1694,77.3173,1803.0451,163.6097,-9.218,0.3085,0.2778,-799.2337,0.0,1.19,1.39,40.417,35.4,27.783,29.8,3.293,2.46,6.85,7.3,41.183,40.6,31.083,29.6,36.683,20.4,243.3325,219.61538460375,,203.19753726864084,1226.4814225569482,1262.8893305316649,1139.8729249670616,1006.980403811544,685.2199999999999,422.655,99.9,101.1,95.5,114.4,198.87634594901675,205.52587647908928,210.1776087236632,253.20986924501307,1920.0,750.0,1384.77,1351.59,1300.952,125871.42,1451.5,1.32276954874268,268.67333333333335,340.43,429.9716666666666,,,,,,,,,,,,,2.1760991796478937
2022,Акмолинская область,Масличные (группа),Бурабайский,41258.9,27522.92,670.0,stat_gov_kz_real_group,Бурабайский,Oilseeds (group),1,0,0,0,0,52.9196,70.1513,14.7945,221.9835,1306.2381,3367.8129,155.504,17.3066,18.0231,726.8601,0.2501,0.2716,0.2928,0.3009,0.2688,62.1282,74.5388,1798.7954,138.9505,-10.3488,0.1699,0.1891,-1084.2547,0.0,1.19,1.39,40.417,35.4,27.783,29.8,3.293,2.46,6.85,7.3,41.183,40.6,31.083,29.6,36.683,20.4,429.9716666666666,381.91843016614285,,318.80665693333333,1756.7299999999998,1650.8083333333334,1666.7975,1275.9916666666666,772.1583333333333,700.015,117.2,119.8,120.3,119.5,205.1881825157127,219.4395640458116,242.9024352785156,263.238246116725,575.7900000000001,1070.0,780.0,808.5966666666667,905.184,36429.94,513.4357894736843,1.1214450020911753,315.2375,231.56548795,201.692128575,,,,,,,,,,,,,
2023,Акмолинская область,Масличные (группа),Бурабайский,21417.5,14876.8,730.0,stat_gov_kz_real_group,Бурабайский,Oilseeds (group),1,0,0,0,0,52.9196,70.1513,14.7649,133.8434,865.6762,2486.7752,42.0168,18.3128,20.0031,532.0897,0.2774,0.2919,0.2394,0.2408,0.2267,17.3544,11.8758,1829.8088,92.9607,-12.9678,0.1546,0.0755,-731.8328,0.0,1.19,1.39,40.417,35.4,27.783,29.8,3.293,2.46,6.85,7.3,41.183,40.6,31.083,29.6,36.683,20.4,340.43,257.74181354863634,,252.65528515370417,1065.1408333333334,1006.6991666666668,1118.5016666666668,886.4533333333334,550.0483333333333,358.0016666666667,98.9,96.1,93.6,90.9,202.9311125080399,210.8814210480249,227.35667942069057,239.28356572010304,670.0,575.7900000000001,1070.0,771.93,845.158,41258.9,564.7368421052631,1.1863932898415657,429.9716666666666,315.2375,231.56548795,,,,,,,,,,,,,
2024,Акмолинская область,Масличные (группа),Бурабайский,27194.2,25525.53,990.0,stat_gov_kz_real_group,Бурабайский,Oilseeds (group),1,0,0,0,0,52.9196,70.1513,13.1928,426.8365,978.7249,3115.934,269.8419,15.7185,17.9353,569.2489,0.3948,0.3889,0.3848,0.3929,0.3911,73.5636,102.5036,1503.4556,118.7487,-13.3235,0.4361,0.4562,-551.8884,0.0,1.19,1.39,40.417,35.4,27.783,29.8,3.293,2.46,6.85,7.3,41.183,40.6,31.083,29.6,36.683,20.4,268.67333333333335,230.878850445,,190.60477617365,1089.3890968508615,1059.975,1021.9542980012442,963.3648258333332,563.665,338.26916666666665,98.1,96.4,96.8,92.5,199.07542137038712,203.289689890296,220.0812656792285,221.3372982910953,730.0,670.0,575.7900000000001,658.5966666666667,765.158,21417.5,530.5555555555555,1.3759162303664922,340.43,429.9716666666666,315.2375,,,,,,,,,,,,,2.154502718745261
2025,Акмолинская область,Масличные (группа),Бурабайский,37610.0,55536.77,1480.0,stat_gov_kz_real_group,Бурабайский,Oilseeds (group),1,0,0,0,0,52.9196,70.1513,14.8231,356.5979,1155.8316,3219.7464,190.5979,17.6281,18.1066,648.6711,0.3458,0.3369,0.3261,0.3141,0.2774,72.1694,77.3173,1803.0451,163.6097,-9.218,0.3085,0.2778,-799.2337,0.0,1.19,1.39,40.417,35.4,27.783,29.8,3.293,2.46,6.85,7.3,41.183,40.6,31.083,29.6,36.683,20.4,243.3325,219.61538460375,,203.19753726864084,1226.4814225569482,1262.8893305316649,1139.8729249670616,1006.980403811544,685.2199999999999,422.655,99.9,101.1,95.5,114.4,198.87634594901675,205.52587647908928,210.1776087236632,253.20986924501307,990.0,730.0,670.0,796.6666666666666,807.158,27194.2,1064.7368421052631,0.9298072170044489,268.67333333333335,340.43,429.9716666666666,,,,,,,,,,,,,2.1760991796478937
2022,Акмолинская область,Подсолнечник,Бурабайский,,1756.68,1170.0,stat_gov_kz_real,Бурабайский,Sunflower seed,0,0,0,0,0,52.9196,70.1513,14.7945,221.9835,1306.2381,3367.8129,155.504,17.3066,18.0231,726.8601,0.2501,0.2716,0.2928,0.3009,0.2688,62.1282,74.5388,1798.7954,138.9505,-10.3488,0.1699,0.1891,-1084.2547,0.0,1.19,1.39,40.417,35.4,27.783,29.8,3.293,2.46,6.85,7.3,41.183,40.6,31.083,29.6,36.683,20.4,429.9716666666666,381.91843016614285,,318.80665693333333,1756.7299999999998,1650.8083333333334,1666.7975,1275.9916666666666,772.1583333333333,700.015,117.2,119.8,120.3,119.5,205.1881825157127,219.4395640458116,242.9024352785156,263.238246116725,1639.9999999999998,1340.0,900.0,1293.3333333333333,1164.0,,607.8571428571429,2.698002350176263,315.2375,231.56548795,201.692128575,,,,,,,,,,,,,
2023,Акмолинская область,Подсолнечник,Бурабайский,,4472.54,970.0,stat_gov_kz_real,Бурабайский,Sunflower seed,0,0,0,0,0,52.9196,70.1513,14.7649,133.8434,865.6762,2486.7752,42.0168,18.3128,20.0031,532.0897,0.2774,0.2919,0.2394,0.2408,0.2267,17.3544,11.8758,1829.8088,92.9607,-12.9678,0.1546,0.0755,-731.8328,0.0,1.19,1.39,40.417,35.4,27.783,29.8,3.293,2.46,6.85,7.3,41.183,40.6,31.083,29.6,36.683,20.4,340.43,257.74181354863634,,252.65528515370417,1065.1408333333334,1006.6991666666668,1118.5016666666668,886.4533333333334,550.0483333333333,358.0016666666667,98.9,96.1,93.6,90.9,202.9311125080399,210.8814210480249,227.35667942069057,239.28356572010304,1170.0,1639.9999999999998,1340.0,1383.3333333333333,1236.0,,838.0,1.39618138424821,429.9716666666666,315.2375,231.56548795,,,,,,,,,,,,,
2024,Акмолинская область,Подсолнечник,Бурабайский,,8228.18,1140.0,stat_gov_kz_real,Бурабайский,Sunflower seed,0,0,0,0,0,52.9196,70.1513,13.1928,426.8365,978.7249,3115.934,269.8419,15.7185,17.9353,569.2489,0.3948,0.3889,0.3848,0.3929,0.3911,73.5636,102.5036,1503.4556,118.7487,-13.3235,0.4361,0.4562,-551.8884,0.0,1.19,1.39,40.417,35.4,27.783,29.8,3.293,2.46,6.85,7.3,41.183,40.6,31.083,29.6,36.683,20.4,268.67333333333335,230.878850445,,190.60477617365,1089.3890968508615,1059.975,1021.9542980012442,963.3648258333332,563.665,338.26916666666665,98.1,96.4,96.8,92.5,199.07542137038712,203.289689890296,220.0812656792285,221.3372982910953,970.0,1170.0,1639.9999999999998,1260.0,1204.0,,731.25,1.3264957264957264,340.43,429.9716666666666,315.2375,,,149181.0,1.0,142351.5,2.0,,,,,,,2.154502718745261
2025,Акмолинская область,Подсолнечник,Бурабайский,,16159.8,1710.0000000000002,stat_gov_kz_real,Бурабайский,Sunflower seed,0,0,0,0,0,52.9196,70.1513,14.8231,356.5979,1155.8316,3219.7464,190.5979,17.6281,18.1066,648.6711,0.3458,0.3369,0.3261,0.3141,0.2774,72.1694,77.3173,1803.0451,163.6097,-9.218,0.3085,0.2778,-799.2337,0.0,1.19,1.39,40.417,35.4,27.783,29.8,3.293,2.46,6.85,7.3,41.183,40.6,31.083,29.6,36.683,20.4,243.3325,219.61538460375,,203.19753726864084,1226.4814225569482,1262.8893305316649,1139.8729249670616,1006.980403811544,685.2199999999999,422.655,99.9,101.1,95.5,114.4,198.87634594901675,205.52587647908928,210.1776087236632,253.20986924501307,1140.0,970.0,1170.0,1093.3333333333333,1252.0,,1356.111111111111,0.840639082343302,268.67333333333335,340.43,429.9716666666666,,,188868.0,1.0,164717.5,4.0,,,149181.0,1.0,,,2.1760991796478937
2022,Акмолинская область,Пшеница,Бурабайский,87101.7,116832.47,1341.33,stat_gov_kz_real,Бурабайский,Wheat,0,0,0,0,0,52.9196,70.1513,14.7945,221.9835,1306.2381,3367.8129,155.504,17.3066,18.0231,726.8601,0.2501,0.2716,0.2928,0.3009,0.2688,62.1282,74.5388,1798.7954,138.9505,-10.3488,0.1699,0.1891,-1084.2547,0.0,1.19,1.39,40.417,35.4,27.783,29.8,3.293,2.46,6.85,7.3,41.183,40.6,31.083,29.6,36.683,20.4,429.9716666666666,381.91843016614285,,318.80665693333333,1756.7299999999998,1650.8083333333334,1666.7975,1275.9916666666666,772.1583333333333,700.015,117.2,119.8,120.3,119.5,205.1881825157127,219.4395640458116,242.9024352785156,263.238246116725,1015.58,1220.0,1390.0,1208.5266666666666,1309.116,84128.72,934.8894736842107,1.086310230874463,315.2375,231.56548795,201.692128575,113147.0,1.0,108749.5,2.0,110215.33333333331,3.0,,,,,,,
2023,Акмолинская область,Пшеница,Бурабайский,95109.0,76654.12,819.9999999999999,stat_gov_kz_real,Бурабайский,Wheat,0,0,0,0,0,52.9196,70.1513,14.7649,133.8434,865.6762,2486.7752,42.0168,18.3128,20.0031,532.0897,0.2774,0.2919,0.2394,0.2408,0.2267,17.3544,11.8758,1829.8088,92.9607,-12.9678,0.1546,0.0755,-731.8328,0.0,1.19,1.39,40.417,35.4,27.783,29.8,3.293,2.46,6.85,7.3,41.183,40.6,31.083,29.6,36.683,20.4,340.43,257.74181354863634,,252.65528515370417,1065.1408333333334,1006.6991666666668,1118.5016666666668,886.4533333333334,550.0483333333333,358.0016666666667,98.9,96.1,93.6,90.9,202.9311125080399,210.8814210480249,227.35667942069057,239.28356572010304,1341.33,1015.58,1220.0,1192.3033333333333,1291.382,87101.7,1146.2963157894737,1.1701424679849932,429.9716666666666,315.2375,231.56548795,95060.33333333331,3.0,108567.0,2.0,98823.25,12.0,113147.0,1.0,108749.5,2.0,,-0.0016781686352580483,
2024,Акмолинская область,Пшеница,Бурабайский,90453.32,176539.6,1950.0,stat_gov_kz_real,Бурабайский,Wheat,0,0,0,0,0,52.9196,70.1513,13.1928,426.8365,978.7249,3115.934,269.8419,15.7185,17.9353,569.2489,0.3948,0.3889,0.3848,0.3929,0.3911,73.5636,102.5036,1503.4556,118.7487,-13.3235,0.4361,0.4562,-551.8884,0.0,1.19,1.39,40.417,35.4,27.783,29.8,3.293,2.46,6.85,7.3,41.183,40.6,31.083,29.6,36.683,20.4,268.67333333333335,230.878850445,,190.60477617365,1089.3890968508615,1059.975,1021.9542980012442,963.3648258333332,563.665,338.26916666666665,98.1,96.4,96.8,92.5,199.07542137038712,203.289689890296,220.0812656792285,221.3372982910953,819.9999999999999,1341.33,1015.58,1058.97,1157.382,95109.0,648.421052631579,1.2646103896103895,340.43,429.9716666666666,315.2375,94039.33333333331,3.0,69241.5,2.0,104876.16666666669,12.0,95060.33333333331,3.0,108567.0,2.0,-0.010740547231407382,-0.36222332753046504,2.154502718745261
2025,Акмолинская область,Пшеница,Бурабайский,77986.08,177709.19,2280.0,stat_gov_kz_real,Бурабайский,Wheat,0,0,0,0,0,52.9196,70.1513,14.8231,356.5979,1155.8316,3219.7464,190.5979,17.6281,18.1066,648.6711,0.3458,0.3369,0.3261,0.3141,0.2774,72.1694,77.3173,1803.0451,163.6097,-9.218,0.3085,0.2778,-799.2337,0.0,1.19,1.39,40.417,35.4,27.783,29.8,3.293,2.46,6.85,7.3,41.183,40.6,31.083,29.6,36.683,20.4,243.3325,219.61538460375,,203.19753726864084,1226.4814225569482,1262.8893305316649,1139.8729249670616,1006.980403811544,685.2199999999999,422.655,99.9,101.1,95.5,114.4,198.87634594901675,205.52587647908928,210.1776087236632,253.20986924501307,1950.0,819.9999999999999,1341.33,1370.4433333333334,1269.382,90453.32,1401.578947368421,1.3912880210289147,268.67333333333335,340.43,429.9716666666666,90413.33333333331,3.0,86792.0,2.0,86058.83333333333,12.0,94039.33333333331,3.0,69241.5,2.0,-0.0385583337468719,0.25346793469234496,2.1760991796478937
2022,Акмолинская область,Зерновые и бобовые (группа),Егиндыкольский,299683.2,292870.10000000003,975.98,stat_gov_kz_real_group,Егиндыкольский,Grains and legumes (group),1,0,0,0,0,51.0029,69.4985,16.6007,134.9467,1418.4732,3540.5593,102.5001,19.3166,20.2426,831.9878,0.1887,0.2303,0.1597,0.2013,0.1977,21.4396,65.9594,2129.255,170.8413,-10.09,0.0951,0.1158,-1283.5264,0.0,1.192,1.41,28.05,24.0,28.3,30.6,3.08,1.87,7.317,7.5,44.75,43.0,27.0,26.3,54.333,36.4,429.9716666666666,381.91843016614285,,318.80665693333333,1756.7299999999998,1650.8083333333334,1666.7975,1275.9916666666666,772.1583333333333,700.015,117.2,119.8,120.3,119.5,205.1881825157127,219.4395640458116,242.9024352785156,263.238246116725,1016.11,1120.0,720.0,952.0366666666667,1033.234,307564.9,929.1063157894737,1.0936423342861448,315.2375,231.56548795,201.692128575,,,,,,,,,,,,,
2023,Акмолинская область,Зерновые и бобовые (группа),Егиндыкольский,325535.9,186891.05,590.0,stat_gov_kz_real_group,Егиндыкольский,Grains and legumes (group),1,0,0,0,0,51.0029,69.4985,16.4322,119.4475,934.567,2634.3858,37.7909,20.271,22.1405,598.5498,0.2281,0.2669,0.1576,0.144,0.165,14.4305,6.53,2120.809,96.1343,-13.2042,0.1278,0.0621,-815.1194,0.0,1.192,1.41,28.05,24.0,28.3,30.6,3.08,1.87,7.317,7.5,44.75,43.0,27.0,26.3,54.333,36.4,340.43,257.74181354863634,,252.65528515370417,1065.1408333333334,1006.6991666666668,1118.5016666666668,886.4533333333334,550.0483333333333,358.0016666666667,98.9,96.1,93.6,90.9,202.9311125080399,210.8814210480249,227.35667942069057,239.28356572010304,975.98,1016.11,1120.0,1037.3633333333335,952.418,299683.2,1123.784,0.8684765043816248,429.9716666666666,315.2375,231.56548795,,,,,,,,,,,,,
2024,Акмолинская область,Зерновые и бобовые (группа),Егиндыкольский,322657.05,326548.73,1010.0,stat_gov_kz_real_group,Егиндыкольский,Grains and legumes (group),1,0,0,0,0,51.0029,69.4985,15.0055,327.6727,1153.9892,3383.8351,186.2526,17.7544,19.9258,686.3316,0.3427,0.3423,0.2587,0.26,0.2559,29.699,66.5843,1836.1872,137.5703,-12.05,0.2839,0.2665,-826.3165,0.0,1.192,1.41,28.05,24.0,28.3,30.6,3.08,1.87,7.317,7.5,44.75,43.0,27.0,26.3,54.333,36.4,268.67333333333335,230.878850445,,190.60477617365,1089.3890968508615,1059.975,1021.9542980012442,963.3648258333332,563.665,338.26916666666665,98.1,96.4,96.8,92.5,199.07542137038712,203.289689890296,220.0812656792285,221.3372982910953,590.0,975.98,1016.11,860.6966666666667,884.418,325535.9,654.0,0.9021406727828746,340.43,429.9716666666666,315.2375,,,,,,,,,,,,,2.154502718745261
2025,Акмолинская область,Зерновые и бобовые (группа),Егиндыкольский,309213.6,371313.03,1220.0,stat_gov_kz_real_group,Егиндыкольский,Grains and legumes (group),1,0,0,0,0,51.0029,69.4985,16.8084,298.1704,1344.1163,3506.2333,187.533,19.7283,20.0426,750.1815,0.2571,0.2928,0.2702,0.2095,0.2298,76.598,49.7178,2167.3683,214.2546,-8.9783,0.2218,0.2383,-1045.9459,0.0,1.192,1.41,28.05,24.0,28.3,30.6,3.08,1.87,7.317,7.5,44.75,43.0,27.0,26.3,54.333,36.4,243.3325,219.61538460375,,203.19753726864084,1226.4814225569482,1262.8893305316649,1139.8729249670616,1006.980403811544,685.2199999999999,422.655,99.9,101.1,95.5,114.4,198.87634594901675,205.52587647908928,210.1776087236632,253.20986924501307,1010.0,590.0,975.98,858.66,942.418,322657.05,1451.5,0.6958318980365139,268.67333333333335,340.43,429.9716666666666,,,,,,,,,,,,,2.1760991796478937
2022,Акмолинская область,Масличные (группа),Егиндыкольский,4248.0,2817.7000000000003,660.0,stat_gov_kz_real_group,Егиндыкольский,Oilseeds (group),1,0,0,0,0,51.0029,69.4985,16.6007,134.9467,1418.4732,3540.5593,102.5001,19.3166,20.2426,831.9878,0.1887,0.2303,0.1597,0.2013,0.1977,21.4396,65.9594,2129.255,170.8413,-10.09,0.0951,0.1158,-1283.5264,0.0,1.192,1.41,28.05,24.0,28.3,30.6,3.08,1.87,7.317,7.5,44.75,43.0,27.0,26.3,54.333,36.4,429.9716666666666,381.91843016614285,,318.80665693333333,1756.7299999999998,1650.8083333333334,1666.7975,1275.9916666666666,772.1583333333333,700.015,117.2,119.8,120.3,119.5,205.1881825157127,219.4395640458116,242.9024352785156,263.238246116725,777.25,760.0,180.0,572.4166666666666,498.974,2018.0,513.4357894736843,1.5138212332193435,315.2375,231.56548795,201.692128575,,,,,,,,,,,,,
2023,Акмолинская область,Масличные (группа),Егиндыкольский,4748.0,1801.0,480.0,stat_gov_kz_real_group,Егиндыкольский,Oilseeds (group),1,0,0,0,0,51.0029,69.4985,16.4322,119.4475,934.567,2634.3858,37.7909,20.271,22.1405,598.5498,0.2281,0.2669,0.1576,0.144,0.165,14.4305,6.53,2120.809,96.1343,-13.2042,0.1278,0.0621,-815.1194,0.0,1.192,1.41,28.05,24.0,28.3,30.6,3.08,1.87,7.317,7.5,44.75,43.0,27.0,26.3,54.333,36.4,340.43,257.74181354863634,,252.65528515370417,1065.1408333333334,1006.6991666666668,1118.5016666666668,886.4533333333334,550.0483333333333,358.0016666666667,98.9,96.1,93.6,90.9,202.9311125080399,210.8814210480249,227.35667942069057,239.28356572010304,660.0,777.25,760.0,732.4166666666666,557.45,4248.0,564.7368421052631,1.168685927306617,429.9716666666666,315.2375,231.56548795,,,,,,,,,,,,,
2024,Акмолинская область,Масличные (группа),Егиндыкольский,6863.0,4519.86,660.0,stat_gov_kz_real_group,Егиндыкольский,Oilseeds (group),1,0,0,0,0,51.0029,69.4985,15.0055,327.6727,1153.9892,3383.8351,186.2526,17.7544,19.9258,686.3316,0.3427,0.3423,0.2587,0.26,0.2559,29.699,66.5843,1836.1872,137.5703,-12.05,0.2839,0.2665,-826.3165,0.0,1.192,1.41,28.05,24.0,28.3,30.6,3.08,1.87,7.317,7.5,44.75,43.0,27.0,26.3,54.333,36.4,268.67333333333335,230.878850445,,190.60477617365,1089.3890968508615,1059.975,1021.9542980012442,963.3648258333332,563.665,338.26916666666665,98.1,96.4,96.8,92.5,199.07542137038712,203.289689890296,220.0812656792285,221.3372982910953,480.0,660.0,777.25,639.0833333333334,571.45,4748.0,530.5555555555555,0.9047120418848168,340.43,429.9716666666666,315.2375,,,,,,,,,,,,,2.154502718745261
2025,Акмолинская область,Масличные (группа),Егиндыкольский,9077.0,5823.0,640.0,stat_gov_kz_real_group,Егиндыкольский,Oilseeds (group),1,0,0,0,0,51.0029,69.4985,16.8084,298.1704,1344.1163,3506.2333,187.533,19.7283,20.0426,750.1815,0.2571,0.2928,0.2702,0.2095,0.2298,76.598,49.7178,2167.3683,214.2546,-8.9783,0.2218,0.2383,-1045.9459,0.0,1.192,1.41,28.05,24.0,28.3,30.6,3.08,1.87,7.317,7.5,44.75,43.0,27.0,26.3,54.333,36.4,243.3325,219.61538460375,,203.19753726864084,1226.4814225569482,1262.8893305316649,1139.8729249670616,1006.980403811544,685.2199999999999,422.655,99.9,101.1,95.5,114.4,198.87634594901675,205.52587647908928,210.1776087236632,253.20986924501307,660.0,480.0,660.0,600.0,667.45,6863.0,1064.7368421052631,0.6198714780029659,268.67333333333335,340.43,429.9716666666666,,,,,,,,,,,,,2.1760991796478937
2022,Акмолинская область,Подсолнечник,Егиндыкольский,,104.0,350.0,stat_gov_kz_real,Егиндыкольский,Sunflower seed,0,0,0,0,0,51.0029,69.4985,16.6007,134.9467,1418.4732,3540.5593,102.5001,19.3166,20.2426,831.9878,0.1887,0.2303,0.1597,0.2013,0.1977,21.4396,65.9594,2129.255,170.8413,-10.09,0.0951,0.1158,-1283.5264,0.0,1.192,1.41,28.05,24.0,28.3,30.6,3.08,1.87,7.317,7.5,44.75,43.0,27.0,26.3,54.333,36.4,429.9716666666666,381.91843016614285,,318.80665693333333,1756.7299999999998,1650.8083333333334,1666.7975,1275.9916666666666,772.1583333333333,700.015,117.2,119.8,120.3,119.5,205.1881825157127,219.4395640458116,242.9024352785156,263.238246116725,,,,,,,607.8571428571429,,315.2375,231.56548795,201.692128575,,,,,,,,,,,,,
2023,Акмолинская область,Подсолнечник,Егиндыкольский,,540.0,360.0,stat_gov_kz_real,Егиндыкольский,Sunflower seed,0,0,0,0,0,51.0029,69.4985,16.4322,119.4475,934.567,2634.3858,37.7909,20.271,22.1405,598.5498,0.2281,0.2669,0.1576,0.144,0.165,14.4305,6.53,2120.809,96.1343,-13.2042,0.1278,0.0621,-815.1194,0.0,1.192,1.41,28.05,24.0,28.3,30.6,3.08,1.87,7.317,7.5,44.75,43.0,27.0,26.3,54.333,36.4,340.43,257.74181354863634,,252.65528515370417,1065.1408333333334,1006.6991666666668,1118.5016666666668,886.4533333333334,550.0483333333333,358.0016666666667,98.9,96.1,93.6,90.9,202.9311125080399,210.8814210480249,227.35667942069057,239.28356572010304,350.0,,,350.0,350.0,,838.0,0.41766109785202865,429.9716666666666,315.2375,231.56548795,,,,,,,,,,,,,
2024,Акмолинская область,Подсолнечник,Егиндыкольский,,1200.0,800.0,stat_gov_kz_real,Егиндыкольский,Sunflower seed,0,0,0,0,0,51.0029,69.4985,15.0055,327.6727,1153.9892,3383.8351,186.2526,17.7544,19.9258,686.3316,0.3427,0.3423,0.2587,0.26,0.2559,29.699,66.5843,1836.1872,137.5703,-12.05,0.2839,0.2665,-826.3165,0.0,1.192,1.41,28.05,24.0,28.3,30.6,3.08,1.87,7.317,7.5,44.75,43.0,27.0,26.3,54.333,36.4,268.67333333333335,230.878850445,,190.60477617365,1089.3890968508615,1059.975,1021.9542980012442,963.3648258333332,563.665,338.26916666666665,98.1,96.4,96.8,92.5,199.07542137038712,203.289689890296,220.0812656792285,221.3372982910953,360.0,350.0,,355.0,355.0,,731.25,0.49230769230769234,340.43,429.9716666666666,315.2375,,,149181.0,1.0,142351.5,2.0,,,,,,,2.154502718745261
2025,Акмолинская область,Подсолнечник,Егиндыкольский,,2250.0,900.0,stat_gov_kz_real,Егиндыкольский,Sunflower seed,0,0,0,0,0,51.0029,69.4985,16.8084,298.1704,1344.1163,3506.2333,187.533,19.7283,20.0426,750.1815,0.2571,0.2928,0.2702,0.2095,0.2298,76.598,49.7178,2167.3683,214.2546,-8.9783,0.2218,0.2383,-1045.9459,0.0,1.192,1.41,28.05,24.0,28.3,30.6,3.08,1.87,7.317,7.5,44.75,43.0,27.0,26.3,54.333,36.4,243.3325,219.61538460375,,203.19753726864084,1226.4814225569482,1262.8893305316649,1139.8729249670616,1006.980403811544,685.2199999999999,422.655,99.9,101.1,95.5,114.4,198.87634594901675,205.52587647908928,210.1776087236632,253.20986924501307,800.0,360.0,350.0,503.3333333333333,503.3333333333333,,1356.111111111111,0.5899221630479312,268.67333333333335,340.43,429.9716666666666,,,188868.0,1.0,164717.5,4.0,,,149181.0,1.0,,,2.1760991796478937
2022,Акмолинская область,Пшеница,Егиндыкольский,291573.2,284672.8,975.01,stat_gov_kz_real,Егиндыкольский,Wheat,0,0,0,0,0,51.0029,69.4985,16.6007,134.9467,1418.4732,3540.5593,102.5001,19.3166,20.2426,831.9878,0.1887,0.2303,0.1597,0.2013,0.1977,21.4396,65.9594,2129.255,170.8413,-10.09,0.0951,0.1158,-1283.5264,0.0,1.192,1.41,28.05,24.0,28.3,30.6,3.08,1.87,7.317,7.5,44.75,43.0,27.0,26.3,54.333,36.4,429.9716666666666,381.91843016614285,,318.80665693333333,1756.7299999999998,1650.8083333333334,1666.7975,1275.9916666666666,772.1583333333333,700.015,117.2,119.8,120.3,119.5,205.1881825157127,219.4395640458116,242.9024352785156,263.238246116725,1032.91,1120.0,720.0,957.6366666666667,934.582,294648.9,934.8894736842107,1.1048471814850052,315.2375,231.56548795,201.692128575,113147.0,1.0,108749.5,2.0,110215.33333333331,3.0,,,,,,,
2023,Акмолинская область,Пшеница,Егиндыкольский,316977.9,182703.26,590.0,stat_gov_kz_real,Егиндыкольский,Wheat,0,0,0,0,0,51.0029,69.4985,16.4322,119.4475,934.567,2634.3858,37.7909,20.271,22.1405,598.5498,0.2281,0.2669,0.1576,0.144,0.165,14.4305,6.53,2120.809,96.1343,-13.2042,0.1278,0.0621,-815.1194,0.0,1.192,1.41,28.05,24.0,28.3,30.6,3.08,1.87,7.317,7.5,44.75,43.0,27.0,26.3,54.333,36.4,340.43,257.74181354863634,,252.65528515370417,1065.1408333333334,1006.6991666666668,1118.5016666666668,886.4533333333334,550.0483333333333,358.0016666666667,98.9,96.1,93.6,90.9,202.9311125080399,210.8814210480249,227.35667942069057,239.28356572010304,975.01,1032.91,1120.0,1042.64,955.5840000000001,291573.2,1146.2963157894737,0.8505741373935186,429.9716666666666,315.2375,231.56548795,95060.33333333331,3.0,108567.0,2.0,98823.25,12.0,113147.0,1.0,108749.5,2.0,,-0.0016781686352580483,
2024,Акмолинская область,Пшеница,Егиндыкольский,311554.55,306827.95,990.0,stat_gov_kz_real,Егиндыкольский,Wheat,0,0,0,0,0,51.0029,69.4985,15.0055,327.6727,1153.9892,3383.8351,186.2526,17.7544,19.9258,686.3316,0.3427,0.3423,0.2587,0.26,0.2559,29.699,66.5843,1836.1872,137.5703,-12.05,0.2839,0.2665,-826.3165,0.0,1.192,1.41,28.05,24.0,28.3,30.6,3.08,1.87,7.317,7.5,44.75,43.0,27.0,26.3,54.333,36.4,268.67333333333335,230.878850445,,190.60477617365,1089.3890968508615,1059.975,1021.9542980012442,963.3648258333332,563.665,338.26916666666665,98.1,96.4,96.8,92.5,199.07542137038712,203.289689890296,220.0812656792285,221.3372982910953,590.0,975.01,1032.91,865.9733333333334,887.5840000000001,316977.9,648.421052631579,0.9099025974025974,340.43,429.9716666666666,315.2375,94039.33333333331,3.0,69241.5,2.0,104876.16666666669,12.0,95060.33333333331,3.0,108567.0,2.0,-0.010740547231407382,-0.36222332753046504,2.154502718745261
2025,Акмолинская область,Пшеница,Егиндыкольский,300459.1,359612.45,1220.0,stat_gov_kz_real,Егиндыкольский,Wheat,0,0,0,0,0,51.0029,69.4985,16.8084,298.1704,1344.1163,3506.2333,187.533,19.7283,20.0426,750.1815,0.2571,0.2928,0.2702,0.2095,0.2298,76.598,49.7178,2167.3683,214.2546,-8.9783,0.2218,0.2383,-1045.9459,0.0,1.192,1.41,28.05,24.0,28.3,30.6,3.08,1.87,7.317,7.5,44.75,43.0,27.0,26.3,54.333,36.4,243.3325,219.61538460375,,203.19753726864084,1226.4814225569482,1262.8893305316649,1139.8729249670616,1006.980403811544,685.2199999999999,422.655,99.9,101.1,95.5,114.4,198.87634594901675,205.52587647908928,210.1776087236632,253.20986924501307,990.0,590.0,975.01,851.6700000000001,941.5840000000001,311554.55,1401.578947368421,0.7063462260608336,268.67333333333335,340.43,429.9716666666666,90413.33333333331,3.0,86792.0,2.0,86058.83333333333,12.0,94039.33333333331,3.0,69241.5,2.0,-0.0385583337468719,0.25346793469234496,2.1760991796478937
2022,Акмолинская область,Масличные (группа),Енбекшильдерский,17390.1,,,stat_gov_kz_real_group,Енбекшильдерский,Oilseeds (group),1,0,0,0,0,,,,,,,,,,,,,,,,,,,,,,,,,,,,,,,,,,,,,,,,,429.9716666666666,381.91843016614285,,318.80665693333333,1756.7299999999998,1650.8083333333334,1666.7975,1275.9916666666666,772.1583333333333,700.015,117.2,119.8,120.3,119.5,205.1881825157127,219.4395640458116,242.9024352785156,263.238246116725,,,,,,16210.81,513.4357894736843,,315.2375,231.56548795,201.692128575,,,,,,,,,,,,,
2023,Акмолинская область,Масличные (группа),Енбекшильдерский,7885.5,,,stat_gov_kz_real_group,Енбекшильдерский,Oilseeds (group),1,0,0,0,0,,,,,,,,,,,,,,,,,,,,,,,,,,,,,,,,,,,,,,,,,340.43,257.74181354863634,,252.65528515370417,1065.1408333333334,1006.6991666666668,1118.5016666666668,886.4533333333334,550.0483333333333,358.0016666666667,98.9,96.1,93.6,90.9,202.9311125080399,210.8814210480249,227.35667942069057,239.28356572010304,,,,,,17390.1,564.7368421052631,,429.9716666666666,315.2375,231.56548795,,,,,,,,,,,,,
2024,Акмолинская область,Масличные (группа),Енбекшильдерский,4113.0,,,stat_gov_kz_real_group,Енбекшильдерский,Oilseeds (group),1,0,0,0,0,,,,,,,,,,,,,,,,,,,,,,,,,,,,,,,,,,,,,,,,,268.67333333333335,230.878850445,,190.60477617365,1089.3890968508615,1059.975,1021.9542980012442,963.3648258333332,563.665,338.26916666666665,98.1,96.4,96.8,92.5,199.07542137038712,203.289689890296,220.0812656792285,221.3372982910953,,,,,,7885.5,530.5555555555555,,340.43,429.9716666666666,315.2375,,,,,,,,,,,,,2.154502718745261
2025,Акмолинская область,Масличные (группа),Енбекшильдерский,25823.5,,,stat_gov_kz_real_group,Енбекшильдерский,Oilseeds (group),1,0,0,0,0,,,,,,,,,,,,,,,,,,,,,,,,,,,,,,,,,,,,,,,,,243.3325,219.61538460375,,203.19753726864084,1226.4814225569482,1262.8893305316649,1139.8729249670616,1006.980403811544,685.2199999999999,422.655,99.9,101.1,95.5,114.4,198.87634594901675,205.52587647908928,210.1776087236632,253.20986924501307,,,,,,4113.0,1064.7368421052631,,268.67333333333335,340.43,429.9716666666666,,,,,,,,,,,,,2.1760991796478937
2022,Акмолинская область,Зерновые и бобовые (группа),Ерейментауский,93875.0,97354.9,1037.07,stat_gov_kz_real_group,Ерейментауский,Grains and legumes (group),1,0,0,0,0,51.8552,72.9986,15.9391,232.085,1354.8099,3461.3771,149.3828,19.052,19.4611,787.1211,0.2043,0.2087,0.1912,0.2018,0.1739,31.5881,93.0408,2008.1102,148.1223,-10.0257,0.1713,0.1695,-1122.7248,0.0,1.188,1.39,38.933,37.8,25.767,25.0,2.547,2.01,7.167,7.5,42.133,43.3,32.067,31.7,32.75,21.5,429.9716666666666,381.91843016614285,,318.80665693333333,1756.7299999999998,1650.8083333333334,1666.7975,1275.9916666666666,772.1583333333333,700.015,117.2,119.8,120.3,119.5,205.1881825157127,219.4395640458116,242.9024352785156,263.238246116725,978.68,940.0,630.0,849.56,782.4559999999999,90084.8,929.1063157894737,1.0533563095719598,315.2375,231.56548795,201.692128575,,,,,,,,,,,,,
2023,Акмолинская область,Зерновые и бобовые (группа),Ерейментауский,115985.7,19839.620000000003,260.0,stat_gov_kz_real_group,Ерейментауский,Grains and legumes (group),1,0,0,0,0,51.8552,72.9986,15.6924,109.6576,932.8991,2678.3328,21.8296,19.6011,21.5331,597.9542,0.2097,0.2363,0.1586,0.1587,0.153,10.8627,6.5707,2038.7036,69.5194,-13.3449,0.1175,0.0354,-823.2415,0.0,1.188,1.39,38.933,37.8,25.767,25.0,2.547,2.01,7.167,7.5,42.133,43.3,32.067,31.7,32.75,21.5,340.43,257.74181354863634,,252.65528515370417,1065.1408333333334,1006.6991666666668,1118.5016666666668,886.4533333333334,550.0483333333333,358.0016666666667,98.9,96.1,93.6,90.9,202.9311125080399,210.8814210480249,227.35667942069057,239.28356572010304,1037.07,978.68,940.0,985.25,899.15,93875.0,1123.784,0.9228374847835525,429.9716666666666,315.2375,231.56548795,,,,,,,,,,,,,
2024,Акмолинская область,Зерновые и бобовые (группа),Ерейментауский,88203.5,103252.22,1180.0,stat_gov_kz_real_group,Ерейментауский,Grains and legumes (group),1,0,0,0,0,51.8552,72.9986,14.5019,451.3149,1045.3601,3197.9036,271.3618,17.199,19.4796,613.2015,0.3435,0.3238,0.3145,0.3225,0.3072,55.8762,107.9599,1744.2619,103.0999,-11.8936,0.4317,0.4502,-594.0452,0.0,1.188,1.39,38.933,37.8,25.767,25.0,2.547,2.01,7.167,7.5,42.133,43.3,32.067,31.7,32.75,21.5,268.67333333333335,230.878850445,,190.60477617365,1089.3890968508615,1059.975,1021.9542980012442,963.3648258333332,563.665,338.26916666666665,98.1,96.4,96.8,92.5,199.07542137038712,203.289689890296,220.0812656792285,221.3372982910953,260.0,1037.07,978.68,758.5833333333334,769.15,115985.7,654.0,0.39755351681957185,340.43,429.9716666666666,315.2375,,,,,,,,,,,,,2.154502718745261
2025,Акмолинская область,Зерновые и бобовые (группа),Ерейментауский,80920.6,111489.16000000002,1380.0,stat_gov_kz_real_group,Ерейментауский,Grains and legumes (group),1,0,0,0,0,51.8552,72.9986,16.2355,346.6719,1263.7895,3365.6527,199.4426,19.1066,19.5924,704.1414,0.2595,0.2716,0.2558,0.2576,0.23,79.7411,73.115,2061.7979,148.0245,-9.331,0.2743,0.271,-917.1176,0.0,1.188,1.39,38.933,37.8,25.767,25.0,2.547,2.01,7.167,7.5,42.133,43.3,32.067,31.7,32.75,21.5,243.3325,219.61538460375,,203.19753726864084,1226.4814225569482,1262.8893305316649,1139.8729249670616,1006.980403811544,685.2199999999999,422.655,99.9,101.1,95.5,114.4,198.87634594901675,205.52587647908928,210.1776087236632,253.20986924501307,1180.0,260.0,1037.07,825.6899999999999,879.15,88203.5,1451.5,0.8129521184981054,268.67333333333335,340.43,429.9716666666666,,,,,,,,,,,,,2.1760991796478937
2022,Акмолинская область,Масличные (группа),Ерейментауский,5977.0,2605.5,440.00000000000006,stat_gov_kz_real_group,Ерейментауский,Oilseeds (group),1,0,0,0,0,51.8552,72.9986,15.9391,232.085,1354.8099,3461.3771,149.3828,19.052,19.4611,787.1211,0.2043,0.2087,0.1912,0.2018,0.1739,31.5881,93.0408,2008.1102,148.1223,-10.0257,0.1713,0.1695,-1122.7248,0.0,1.188,1.39,38.933,37.8,25.767,25.0,2.547,2.01,7.167,7.5,42.133,43.3,32.067,31.7,32.75,21.5,429.9716666666666,381.91843016614285,,318.80665693333333,1756.7299999999998,1650.8083333333334,1666.7975,1275.9916666666666,772.1583333333333,700.015,117.2,119.8,120.3,119.5,205.1881825157127,219.4395640458116,242.9024352785156,263.238246116725,461.22,780.0,530.0,590.4066666666666,512.452,1225.0,513.4357894736843,0.8983012276428765,315.2375,231.56548795,201.692128575,,,,,,,,,,,,,
2023,Акмолинская область,Масличные (группа),Ерейментауский,2387.0,426.0,320.0,stat_gov_kz_real_group,Ерейментауский,Oilseeds (group),1,0,0,0,0,51.8552,72.9986,15.6924,109.6576,932.8991,2678.3328,21.8296,19.6011,21.5331,597.9542,0.2097,0.2363,0.1586,0.1587,0.153,10.8627,6.5707,2038.7036,69.5194,-13.3449,0.1175,0.0354,-823.2415,0.0,1.188,1.39,38.933,37.8,25.767,25.0,2.547,2.01,7.167,7.5,42.133,43.3,32.067,31.7,32.75,21.5,340.43,257.74181354863634,,252.65528515370417,1065.1408333333334,1006.6991666666668,1118.5016666666668,886.4533333333334,550.0483333333333,358.0016666666667,98.9,96.1,93.6,90.9,202.9311125080399,210.8814210480249,227.35667942069057,239.28356572010304,440.00000000000006,461.22,780.0,560.4066666666666,546.244,5977.0,564.7368421052631,0.7791239515377448,429.9716666666666,315.2375,231.56548795,,,,,,,,,,,,,
2024,Акмолинская область,Масличные (группа),Ерейментауский,4262.0,3340.3,850.0,stat_gov_kz_real_group,Ерейментауский,Oilseeds (group),1,0,0,0,0,51.8552,72.9986,14.5019,451.3149,1045.3601,3197.9036,271.3618,17.199,19.4796,613.2015,0.3435,0.3238,0.3145,0.3225,0.3072,55.8762,107.9599,1744.2619,103.0999,-11.8936,0.4317,0.4502,-594.0452,0.0,1.188,1.39,38.933,37.8,25.767,25.0,2.547,2.01,7.167,7.5,42.133,43.3,32.067,31.7,32.75,21.5,268.67333333333335,230.878850445,,190.60477617365,1089.3890968508615,1059.975,1021.9542980012442,963.3648258333332,563.665,338.26916666666665,98.1,96.4,96.8,92.5,199.07542137038712,203.289689890296,220.0812656792285,221.3372982910953,320.0,440.00000000000006,461.22,407.0733333333333,506.244,2387.0,530.5555555555555,0.6031413612565445,340.43,429.9716666666666,315.2375,,,,,,,,,,,,,2.154502718745261
2025,Акмолинская область,Масличные (группа),Ерейментауский,12068.0,11392.55,940.0,stat_gov_kz_real_group,Ерейментауский,Oilseeds (group),1,0,0,0,0,51.8552,72.9986,16.2355,346.6719,1263.7895,3365.6527,199.4426,19.1066,19.5924,704.1414,0.2595,0.2716,0.2558,0.2576,0.23,79.7411,73.115,2061.7979,148.0245,-9.331,0.2743,0.271,-917.1176,0.0,1.188,1.39,38.933,37.8,25.767,25.0,2.547,2.01,7.167,7.5,42.133,43.3,32.067,31.7,32.75,21.5,243.3325,219.61538460375,,203.19753726864084,1226.4814225569482,1262.8893305316649,1139.8729249670616,1006.980403811544,685.2199999999999,422.655,99.9,101.1,95.5,114.4,198.87634594901675,205.52587647908928,210.1776087236632,253.20986924501307,850.0,320.0,440.00000000000006,536.6666666666666,570.244,4262.0,1064.7368421052631,0.7983193277310925,268.67333333333335,340.43,429.9716666666666,,,,,,,,,,,,,2.1760991796478937
2023,Акмолинская область,Подсолнечник,Ерейментауский,,370.0,310.0,stat_gov_kz_real,Ерейментауский,Sunflower seed,0,0,0,0,0,51.8552,72.9986,15.6924,109.6576,932.8991,2678.3328,21.8296,19.6011,21.5331,597.9542,0.2097,0.2363,0.1586,0.1587,0.153,10.8627,6.5707,2038.7036,69.5194,-13.3449,0.1175,0.0354,-823.2415,0.0,1.188,1.39,38.933,37.8,25.767,25.0,2.547,2.01,7.167,7.5,42.133,43.3,32.067,31.7,32.75,21.5,340.43,257.74181354863634,,252.65528515370417,1065.1408333333334,1006.6991666666668,1118.5016666666668,886.4533333333334,550.0483333333333,358.0016666666667,98.9,96.1,93.6,90.9,202.9311125080399,210.8814210480249,227.35667942069057,239.28356572010304,,,,,480.0,,838.0,,429.9716666666666,315.2375,231.56548795,,,,,,,,,,,,,
2024,Акмолинская область,Подсолнечник,Ерейментауский,,2899.3,920.0,stat_gov_kz_real,Ерейментауский,Sunflower seed,0,0,0,0,0,51.8552,72.9986,14.5019,451.3149,1045.3601,3197.9036,271.3618,17.199,19.4796,613.2015,0.3435,0.3238,0.3145,0.3225,0.3072,55.8762,107.9599,1744.2619,103.0999,-11.8936,0.4317,0.4502,-594.0452,0.0,1.188,1.39,38.933,37.8,25.767,25.0,2.547,2.01,7.167,7.5,42.133,43.3,32.067,31.7,32.75,21.5,268.67333333333335,230.878850445,,190.60477617365,1089.3890968508615,1059.975,1021.9542980012442,963.3648258333332,563.665,338.26916666666665,98.1,96.4,96.8,92.5,199.07542137038712,203.289689890296,220.0812656792285,221.3372982910953,310.0,,,310.0,310.0,,731.25,0.4239316239316239,340.43,429.9716666666666,315.2375,,,149181.0,1.0,142351.5,2.0,,,,,,,2.154502718745261
2025,Акмолинская область,Подсолнечник,Ерейментауский,,2782.42,780.0,stat_gov_kz_real,Ерейментауский,Sunflower seed,0,0,0,0,0,51.8552,72.9986,16.2355,346.6719,1263.7895,3365.6527,199.4426,19.1066,19.5924,704.1414,0.2595,0.2716,0.2558,0.2576,0.23,79.7411,73.115,2061.7979,148.0245,-9.331,0.2743,0.271,-917.1176,0.0,1.188,1.39,38.933,37.8,25.767,25.0,2.547,2.01,7.167,7.5,42.133,43.3,32.067,31.7,32.75,21.5,243.3325,219.61538460375,,203.19753726864084,1226.4814225569482,1262.8893305316649,1139.8729249670616,1006.980403811544,685.2199999999999,422.655,99.9,101.1,95.5,114.4,198.87634594901675,205.52587647908928,210.1776087236632,253.20986924501307,920.0,310.0,,615.0,615.0,,1356.111111111111,0.6784104875051209,268.67333333333335,340.43,429.9716666666666,,,188868.0,1.0,164717.5,4.0,,,149181.0,1.0,,,2.1760991796478937
2022,Акмолинская область,Пшеница,Ерейментауский,74166.0,78097.90000000001,1053.01,stat_gov_kz_real,Ерейментауский,Wheat,0,0,0,0,0,51.8552,72.9986,15.9391,232.085,1354.8099,3461.3771,149.3828,19.052,19.4611,787.1211,0.2043,0.2087,0.1912,0.2018,0.1739,31.5881,93.0408,2008.1102,148.1223,-10.0257,0.1713,0.1695,-1122.7248,0.0,1.188,1.39,38.933,37.8,25.767,25.0,2.547,2.01,7.167,7.5,42.133,43.3,32.067,31.7,32.75,21.5,429.9716666666666,381.91843016614285,,318.80665693333333,1756.7299999999998,1650.8083333333334,1666.7975,1275.9916666666666,772.1583333333333,700.015,117.2,119.8,120.3,119.5,205.1881825157127,219.4395640458116,242.9024352785156,263.238246116725,1013.82,950.0,620.0,861.2733333333334,804.764,70778.2,934.8894736842107,1.084427655394108,315.2375,231.56548795,201.692128575,113147.0,1.0,108749.5,2.0,110215.33333333331,3.0,,,,,,,
2023,Акмолинская область,Пшеница,Ерейментауский,94334.7,17936.72,270.0,stat_gov_kz_real,Ерейментауский,Wheat,0,0,0,0,0,51.8552,72.9986,15.6924,109.6576,932.8991,2678.3328,21.8296,19.6011,21.5331,597.9542,0.2097,0.2363,0.1586,0.1587,0.153,10.8627,6.5707,2038.7036,69.5194,-13.3449,0.1175,0.0354,-823.2415,0.0,1.188,1.39,38.933,37.8,25.767,25.0,2.547,2.01,7.167,7.5,42.133,43.3,32.067,31.7,32.75,21.5,340.43,257.74181354863634,,252.65528515370417,1065.1408333333334,1006.6991666666668,1118.5016666666668,886.4533333333334,550.0483333333333,358.0016666666667,98.9,96.1,93.6,90.9,202.9311125080399,210.8814210480249,227.35667942069057,239.28356572010304,1053.01,1013.82,950.0,1005.61,921.366,74166.0,1146.2963157894737,0.9186193704851735,429.9716666666666,315.2375,231.56548795,95060.33333333331,3.0,108567.0,2.0,98823.25,12.0,113147.0,1.0,108749.5,2.0,,-0.0016781686352580483,
2024,Акмолинская область,Пшеница,Ерейментауский,69689.5,83366.82,1200.0,stat_gov_kz_real,Ерейментауский,Wheat,0,0,0,0,0,51.8552,72.9986,14.5019,451.3149,1045.3601,3197.9036,271.3618,17.199,19.4796,613.2015,0.3435,0.3238,0.3145,0.3225,0.3072,55.8762,107.9599,1744.2619,103.0999,-11.8936,0.4317,0.4502,-594.0452,0.0,1.188,1.39,38.933,37.8,25.767,25.0,2.547,2.01,7.167,7.5,42.133,43.3,32.067,31.7,32.75,21.5,268.67333333333335,230.878850445,,190.60477617365,1089.3890968508615,1059.975,1021.9542980012442,963.3648258333332,563.665,338.26916666666665,98.1,96.4,96.8,92.5,199.07542137038712,203.289689890296,220.0812656792285,221.3372982910953,270.0,1053.01,1013.82,778.9433333333333,781.366,94334.7,648.421052631579,0.4163961038961039,340.43,429.9716666666666,315.2375,94039.33333333331,3.0,69241.5,2.0,104876.16666666669,12.0,95060.33333333331,3.0,108567.0,2.0,-0.010740547231407382,-0.36222332753046504,2.154502718745261
2025,Акмолинская область,Пшеница,Ерейментауский,63670.6,89586.41,1410.0,stat_gov_kz_real,Ерейментауский,Wheat,0,0,0,0,0,51.8552,72.9986,16.2355,346.6719,1263.7895,3365.6527,199.4426,19.1066,19.5924,704.1414,0.2595,0.2716,0.2558,0.2576,0.23,79.7411,73.115,2061.7979,148.0245,-9.331,0.2743,0.271,-917.1176,0.0,1.188,1.39,38.933,37.8,25.767,25.0,2.547,2.01,7.167,7.5,42.133,43.3,32.067,31.7,32.75,21.5,243.3325,219.61538460375,,203.19753726864084,1226.4814225569482,1262.8893305316649,1139.8729249670616,1006.980403811544,685.2199999999999,422.655,99.9,101.1,95.5,114.4,198.87634594901675,205.52587647908928,210.1776087236632,253.20986924501307,1200.0,270.0,1053.01,841.0033333333334,897.366,69689.5,1401.578947368421,0.8561772437101014,268.67333333333335,340.43,429.9716666666666,90413.33333333331,3.0,86792.0,2.0,86058.83333333333,12.0,94039.33333333331,3.0,69241.5,2.0,-0.0385583337468719,0.25346793469234496,2.1760991796478937
2022,Акмолинская область,Зерновые и бобовые (группа),Есильский,446597.1,509087.32000000007,1139.93,stat_gov_kz_real_group,Есильский,Grains and legumes (group),1,0,0,0,0,51.8906,66.3242,16.6523,141.1001,1312.9142,3499.5147,113.456,18.9707,20.5393,783.8286,0.1977,0.2139,0.1889,0.1718,0.1681,36.3936,52.0499,2138.9791,169.6896,-10.3069,0.1075,0.1393,-1171.8141,0.0,1.218,1.37,21.35,20.2,26.65,28.0,3.592,2.6,7.283,7.4,48.55,46.3,24.817,25.7,36.65,24.3,429.9716666666666,381.91843016614285,,318.80665693333333,1756.7299999999998,1650.8083333333334,1666.7975,1275.9916666666666,772.1583333333333,700.015,117.2,119.8,120.3,119.5,205.1881825157127,219.4395640458116,242.9024352785156,263.238246116725,659.34,920.0,830.0000000000001,803.1133333333333,908.2220000000001,446029.58,929.1063157894737,0.7096496803379818,315.2375,231.56548795,201.692128575,,,,,,,,,,,,,
2023,Акмолинская область,Зерновые и бобовые (группа),Есильский,452019.2,342733.68,760.0,stat_gov_kz_real_group,Есильский,Grains and legumes (group),1,0,0,0,0,51.8906,66.3242,16.3893,139.4868,825.1191,2548.5957,44.2928,19.9954,21.5329,516.4324,0.2216,0.2457,0.1563,0.1756,0.161,13.1546,18.0251,2094.4317,115.5589,-13.7579,0.1691,0.083,-685.6323,0.0,1.218,1.37,21.35,20.2,26.65,28.0,3.592,2.6,7.283,7.4,48.55,46.3,24.817,25.7,36.65,24.3,340.43,257.74181354863634,,252.65528515370417,1065.1408333333334,1006.6991666666668,1118.5016666666668,886.4533333333334,550.0483333333333,358.0016666666667,98.9,96.1,93.6,90.9,202.9311125080399,210.8814210480249,227.35667942069057,239.28356572010304,1139.93,659.34,920.0,906.4233333333333,893.854,446597.1,1123.784,1.0143675297032169,429.9716666666666,315.2375,231.56548795,,,,,,,,,,,,,
2024,Акмолинская область,Зерновые и бобовые (группа),Есильский,442624.05,493509.01,1120.0,stat_gov_kz_real_group,Есильский,Grains and legumes (group),1,0,0,0,0,51.8906,66.3242,15.1827,299.8987,1127.5098,3421.7489,169.5347,17.7414,20.0423,683.9913,0.3479,0.3472,0.2511,0.2381,0.2175,43.7575,58.2406,1867.8962,168.9467,-13.2337,0.266,0.2472,-827.6111,0.0,1.218,1.37,21.35,20.2,26.65,28.0,3.592,2.6,7.283,7.4,48.55,46.3,24.817,25.7,36.65,24.3,268.67333333333335,230.878850445,,190.60477617365,1089.3890968508615,1059.975,1021.9542980012442,963.3648258333332,563.665,338.26916666666665,98.1,96.4,96.8,92.5,199.07542137038712,203.289689890296,220.0812656792285,221.3372982910953,760.0,1139.93,659.34,853.09,861.854,452019.2,654.0,1.162079510703364,340.43,429.9716666666666,315.2375,,,,,,,,,,,,,2.154502718745261
2025,Акмолинская область,Зерновые и бобовые (группа),Есильский,430825.7,573654.9,1340.0,stat_gov_kz_real_group,Есильский,Grains and legumes (group),1,0,0,0,0,51.8906,66.3242,17.0498,256.5287,1261.4435,3353.1765,144.006,19.8096,20.3168,705.358,0.235,0.2417,0.2049,0.1918,0.1757,50.3462,47.8286,2210.8277,181.8463,-8.8917,0.2034,0.1958,-1004.9148,0.0,1.218,1.37,21.35,20.2,26.65,28.0,3.592,2.6,7.283,7.4,48.55,46.3,24.817,25.7,36.65,24.3,243.3325,219.61538460375,,203.19753726864084,1226.4814225569482,1262.8893305316649,1139.8729249670616,1006.980403811544,685.2199999999999,422.655,99.9,101.1,95.5,114.4,198.87634594901675,205.52587647908928,210.1776087236632,253.20986924501307,1120.0,760.0,1139.93,1006.6433333333334,919.854,442624.05,1451.5,0.7716155700998967,268.67333333333335,340.43,429.9716666666666,,,,,,,,,,,,,2.1760991796478937
2022,Акмолинская область,Масличные (группа),Есильский,36254.1,21701.88,600.0,stat_gov_kz_real_group,Есильский,Oilseeds (group),1,0,0,0,0,51.8906,66.3242,16.6523,141.1001,1312.9142,3499.5147,113.456,18.9707,20.5393,783.8286,0.1977,0.2139,0.1889,0.1718,0.1681,36.3936,52.0499,2138.9791,169.6896,-10.3069,0.1075,0.1393,-1171.8141,0.0,1.218,1.37,21.35,20.2,26.65,28.0,3.592,2.6,7.283,7.4,48.55,46.3,24.817,25.7,36.65,24.3,429.9716666666666,381.91843016614285,,318.80665693333333,1756.7299999999998,1650.8083333333334,1666.7975,1275.9916666666666,772.1583333333333,700.015,117.2,119.8,120.3,119.5,205.1881825157127,219.4395640458116,242.9024352785156,263.238246116725,421.52,600.0,560.0,527.1733333333333,613.51,21724.5,513.4357894736843,0.8209789980400356,315.2375,231.56548795,201.692128575,,,,,,,,,,,,,
2023,Акмолинская область,Масличные (группа),Есильский,21458.5,7956.200000000001,420.0,stat_gov_kz_real_group,Есильский,Oilseeds (group),1,0,0,0,0,51.8906,66.3242,16.3893,139.4868,825.1191,2548.5957,44.2928,19.9954,21.5329,516.4324,0.2216,0.2457,0.1563,0.1756,0.161,13.1546,18.0251,2094.4317,115.5589,-13.7579,0.1691,0.083,-685.6323,0.0,1.218,1.37,21.35,20.2,26.65,28.0,3.592,2.6,7.283,7.4,48.55,46.3,24.817,25.7,36.65,24.3,340.43,257.74181354863634,,252.65528515370417,1065.1408333333334,1006.6991666666668,1118.5016666666668,886.4533333333334,550.0483333333333,358.0016666666667,98.9,96.1,93.6,90.9,202.9311125080399,210.8814210480249,227.35667942069057,239.28356572010304,600.0,421.52,600.0,540.5066666666667,556.304,36254.1,564.7368421052631,1.0624417520969245,429.9716666666666,315.2375,231.56548795,,,,,,,,,,,,,
2024,Акмолинская область,Масличные (группа),Есильский,24871.6,23527.83,950.0,stat_gov_kz_real_group,Есильский,Oilseeds (group),1,0,0,0,0,51.8906,66.3242,15.1827,299.8987,1127.5098,3421.7489,169.5347,17.7414,20.0423,683.9913,0.3479,0.3472,0.2511,0.2381,0.2175,43.7575,58.2406,1867.8962,168.9467,-13.2337,0.266,0.2472,-827.6111,0.0,1.218,1.37,21.35,20.2,26.65,28.0,3.592,2.6,7.283,7.4,48.55,46.3,24.817,25.7,36.65,24.3,268.67333333333335,230.878850445,,190.60477617365,1089.3890968508615,1059.975,1021.9542980012442,963.3648258333332,563.665,338.26916666666665,98.1,96.4,96.8,92.5,199.07542137038712,203.289689890296,220.0812656792285,221.3372982910953,420.0,600.0,421.52,480.50666666666666,520.304,21458.5,530.5555555555555,0.7916230366492146,340.43,429.9716666666666,315.2375,,,,,,,,,,,,,2.154502718745261
2025,Акмолинская область,Масличные (группа),Есильский,45788.2,37102.77,810.0,stat_gov_kz_real_group,Есильский,Oilseeds (group),1,0,0,0,0,51.8906,66.3242,17.0498,256.5287,1261.4435,3353.1765,144.006,19.8096,20.3168,705.358,0.235,0.2417,0.2049,0.1918,0.1757,50.3462,47.8286,2210.8277,181.8463,-8.8917,0.2034,0.1958,-1004.9148,0.0,1.218,1.37,21.35,20.2,26.65,28.0,3.592,2.6,7.283,7.4,48.55,46.3,24.817,25.7,36.65,24.3,243.3325,219.61538460375,,203.19753726864084,1226.4814225569482,1262.8893305316649,1139.8729249670616,1006.980403811544,685.2199999999999,422.655,99.9,101.1,95.5,114.4,198.87634594901675,205.52587647908928,210.1776087236632,253.20986924501307,950.0,420.0,600.0,656.6666666666666,598.304,24871.6,1064.7368421052631,0.8922392486406328,268.67333333333335,340.43,429.9716666666666,,,,,,,,,,,,,2.1760991796478937
2022,Акмолинская область,Подсолнечник,Есильский,,9006.300000000001,890.0,stat_gov_kz_real,Есильский,Sunflower seed,0,0,0,0,0,51.8906,66.3242,16.6523,141.1001,1312.9142,3499.5147,113.456,18.9707,20.5393,783.8286,0.1977,0.2139,0.1889,0.1718,0.1681,36.3936,52.0499,2138.9791,169.6896,-10.3069,0.1075,0.1393,-1171.8141,0.0,1.218,1.37,21.35,20.2,26.65,28.0,3.592,2.6,7.283,7.4,48.55,46.3,24.817,25.7,36.65,24.3,429.9716666666666,381.91843016614285,,318.80665693333333,1756.7299999999998,1650.8083333333334,1666.7975,1275.9916666666666,772.1583333333333,700.015,117.2,119.8,120.3,119.5,205.1881825157127,219.4395640458116,242.9024352785156,263.238246116725,470.0,730.0,630.0,610.0,714.0,,607.8571428571429,0.7732079905992949,315.2375,231.56548795,201.692128575,,,,,,,,,,,,,
2023,Акмолинская область,Подсолнечник,Есильский,,4828.6,560.0,stat_gov_kz_real,Есильский,Sunflower seed,0,0,0,0,0,51.8906,66.3242,16.3893,139.4868,825.1191,2548.5957,44.2928,19.9954,21.5329,516.4324,0.2216,0.2457,0.1563,0.1756,0.161,13.1546,18.0251,2094.4317,115.5589,-13.7579,0.1691,0.083,-685.6323,0.0,1.218,1.37,21.35,20.2,26.65,28.0,3.592,2.6,7.283,7.4,48.55,46.3,24.817,25.7,36.65,24.3,340.43,257.74181354863634,,252.65528515370417,1065.1408333333334,1006.6991666666668,1118.5016666666668,886.4533333333334,550.0483333333333,358.0016666666667,98.9,96.1,93.6,90.9,202.9311125080399,210.8814210480249,227.35667942069057,239.28356572010304,890.0,470.0,730.0,696.6666666666666,650.0,,838.0,1.062052505966587,429.9716666666666,315.2375,231.56548795,,,,,,,,,,,,,
2024,Акмолинская область,Подсолнечник,Есильский,,13036.45,1310.0,stat_gov_kz_real,Есильский,Sunflower seed,0,0,0,0,0,51.8906,66.3242,15.1827,299.8987,1127.5098,3421.7489,169.5347,17.7414,20.0423,683.9913,0.3479,0.3472,0.2511,0.2381,0.2175,43.7575,58.2406,1867.8962,168.9467,-13.2337,0.266,0.2472,-827.6111,0.0,1.218,1.37,21.35,20.2,26.65,28.0,3.592,2.6,7.283,7.4,48.55,46.3,24.817,25.7,36.65,24.3,268.67333333333335,230.878850445,,190.60477617365,1089.3890968508615,1059.975,1021.9542980012442,963.3648258333332,563.665,338.26916666666665,98.1,96.4,96.8,92.5,199.07542137038712,203.289689890296,220.0812656792285,221.3372982910953,560.0,890.0,470.0,640.0,656.0,,731.25,0.7658119658119659,340.43,429.9716666666666,315.2375,,,149181.0,1.0,142351.5,2.0,,,,,,,2.154502718745261
2025,Акмолинская область,Подсолнечник,Есильский,,17440.120000000003,1060.0,stat_gov_kz_real,Есильский,Sunflower seed,0,0,0,0,0,51.8906,66.3242,17.0498,256.5287,1261.4435,3353.1765,144.006,19.8096,20.3168,705.358,0.235,0.2417,0.2049,0.1918,0.1757,50.3462,47.8286,2210.8277,181.8463,-8.8917,0.2034,0.1958,-1004.9148,0.0,1.218,1.37,21.35,20.2,26.65,28.0,3.592,2.6,7.283,7.4,48.55,46.3,24.817,25.7,36.65,24.3,243.3325,219.61538460375,,203.19753726864084,1226.4814225569482,1262.8893305316649,1139.8729249670616,1006.980403811544,685.2199999999999,422.655,99.9,101.1,95.5,114.4,198.87634594901675,205.52587647908928,210.1776087236632,253.20986924501307,1310.0,560.0,890.0,920.0,792.0,,1356.111111111111,0.9659975419909873,268.67333333333335,340.43,429.9716666666666,,,188868.0,1.0,164717.5,4.0,,,149181.0,1.0,,,2.1760991796478937
2022,Акмолинская область,Пшеница,Есильский,402833.6,450955.01,1119.46,stat_gov_kz_real,Есильский,Wheat,0,0,0,0,0,51.8906,66.3242,16.6523,141.1001,1312.9142,3499.5147,113.456,18.9707,20.5393,783.8286,0.1977,0.2139,0.1889,0.1718,0.1681,36.3936,52.0499,2138.9791,169.6896,-10.3069,0.1075,0.1393,-1171.8141,0.0,1.218,1.37,21.35,20.2,26.65,28.0,3.592,2.6,7.283,7.4,48.55,46.3,24.817,25.7,36.65,24.3,429.9716666666666,381.91843016614285,,318.80665693333333,1756.7299999999998,1650.8083333333334,1666.7975,1275.9916666666666,772.1583333333333,700.015,117.2,119.8,120.3,119.5,205.1881825157127,219.4395640458116,242.9024352785156,263.238246116725,658.37,940.0,819.9999999999999,806.1233333333333,895.674,405733.92,934.8894736842107,0.7042222835235237,315.2375,231.56548795,201.692128575,113147.0,1.0,108749.5,2.0,110215.33333333331,3.0,,,,,,,
2023,Акмолинская область,Пшеница,Есильский,401300.2,299070.31,750.0,stat_gov_kz_real,Есильский,Wheat,0,0,0,0,0,51.8906,66.3242,16.3893,139.4868,825.1191,2548.5957,44.2928,19.9954,21.5329,516.4324,0.2216,0.2457,0.1563,0.1756,0.161,13.1546,18.0251,2094.4317,115.5589,-13.7579,0.1691,0.083,-685.6323,0.0,1.218,1.37,21.35,20.2,26.65,28.0,3.592,2.6,7.283,7.4,48.55,46.3,24.817,25.7,36.65,24.3,340.43,257.74181354863634,,252.65528515370417,1065.1408333333334,1006.6991666666668,1118.5016666666668,886.4533333333334,550.0483333333333,358.0016666666667,98.9,96.1,93.6,90.9,202.9311125080399,210.8814210480249,227.35667942069057,239.28356572010304,1119.46,658.37,940.0,905.9433333333333,883.566,402833.6,1146.2963157894737,0.9765886748305641,429.9716666666666,315.2375,231.56548795,95060.33333333331,3.0,108567.0,2.0,98823.25,12.0,113147.0,1.0,108749.5,2.0,,-0.0016781686352580483,
2024,Акмолинская область,Пшеница,Есильский,393640.3,410857.74,1050.0,stat_gov_kz_real,Есильский,Wheat,0,0,0,0,0,51.8906,66.3242,15.1827,299.8987,1127.5098,3421.7489,169.5347,17.7414,20.0423,683.9913,0.3479,0.3472,0.2511,0.2381,0.2175,43.7575,58.2406,1867.8962,168.9467,-13.2337,0.266,0.2472,-827.6111,0.0,1.218,1.37,21.35,20.2,26.65,28.0,3.592,2.6,7.283,7.4,48.55,46.3,24.817,25.7,36.65,24.3,268.67333333333335,230.878850445,,190.60477617365,1089.3890968508615,1059.975,1021.9542980012442,963.3648258333332,563.665,338.26916666666665,98.1,96.4,96.8,92.5,199.07542137038712,203.289689890296,220.0812656792285,221.3372982910953,750.0,1119.46,658.37,842.61,857.566,401300.2,648.421052631579,1.156655844155844,340.43,429.9716666666666,315.2375,94039.33333333331,3.0,69241.5,2.0,104876.16666666669,12.0,95060.33333333331,3.0,108567.0,2.0,-0.010740547231407382,-0.36222332753046504,2.154502718745261
2025,Акмолинская область,Пшеница,Есильский,367682.7,481270.67,1310.0,stat_gov_kz_real,Есильский,Wheat,0,0,0,0,0,51.8906,66.3242,17.0498,256.5287,1261.4435,3353.1765,144.006,19.8096,20.3168,705.358,0.235,0.2417,0.2049,0.1918,0.1757,50.3462,47.8286,2210.8277,181.8463,-8.8917,0.2034,0.1958,-1004.9148,0.0,1.218,1.37,21.35,20.2,26.65,28.0,3.592,2.6,7.283,7.4,48.55,46.3,24.817,25.7,36.65,24.3,243.3325,219.61538460375,,203.19753726864084,1226.4814225569482,1262.8893305316649,1139.8729249670616,1006.980403811544,685.2199999999999,422.655,99.9,101.1,95.5,114.4,198.87634594901675,205.52587647908928,210.1776087236632,253.20986924501307,1050.0,750.0,1119.46,973.1533333333333,903.566,393640.3,1401.578947368421,0.7491550882463387,268.67333333333335,340.43,429.9716666666666,90413.33333333331,3.0,86792.0,2.0,86058.83333333333,12.0,94039.33333333331,3.0,69241.5,2.0,-0.0385583337468719,0.25346793469234496,2.1760991796478937
2022,Акмолинская область,Зерновые и бобовые (группа),Жаксынский,460733.7,557238.7000000001,1209.46,stat_gov_kz_real_group,Жаксынский,Grains and legumes (group),1,0,0,0,0,51.6688,67.4139,16.2545,143.6736,1420.3325,3503.0392,108.2121,18.7692,20.131,848.5083,0.2269,0.2573,0.2208,0.2144,0.2093,30.724,58.1494,2066.3732,182.6815,-10.6623,0.1012,0.1212,-1276.6588,0.0,1.198,1.4,25.633,22.8,28.0,28.3,3.72,2.92,7.317,7.7,43.433,43.7,28.55,28.0,48.217,32.0,429.9716666666666,381.91843016614285,,318.80665693333333,1756.7299999999998,1650.8083333333334,1666.7975,1275.9916666666666,772.1583333333333,700.015,117.2,119.8,120.3,119.5,205.1881825157127,219.4395640458116,242.9024352785156,263.238246116725,805.79,1020.0,1150.0,991.93,1131.558,450294.3,929.1063157894737,0.867274268085574,315.2375,231.56548795,201.692128575,,,,,,,,,,,,,
2023,Акмолинская область,Зерновые и бобовые (группа),Жаксынский,477056.5,362720.1,790.0,stat_gov_kz_real_group,Жаксынский,Grains and legumes (group),1,0,0,0,0,51.6688,67.4139,16.1831,141.1808,918.4326,2561.2651,44.6448,19.889,21.4342,574.5721,0.2586,0.2829,0.1942,0.2093,0.2008,13.8728,15.917,2056.8631,109.4971,-13.4181,0.1537,0.0744,-777.2518,0.0,1.198,1.4,25.633,22.8,28.0,28.3,3.72,2.92,7.317,7.7,43.433,43.7,28.55,28.0,48.217,32.0,340.43,257.74181354863634,,252.65528515370417,1065.1408333333334,1006.6991666666668,1118.5016666666668,886.4533333333334,550.0483333333333,358.0016666666667,98.9,96.1,93.6,90.9,202.9311125080399,210.8814210480249,227.35667942069057,239.28356572010304,1209.46,805.79,1020.0,1011.75,1099.05,460733.7,1123.784,1.0762388501704954,429.9716666666666,315.2375,231.56548795,,,,,,,,,,,,,
2024,Акмолинская область,Зерновые и бобовые (группа),Жаксынский,473652.9,465973.1,1000.0,stat_gov_kz_real_group,Жаксынский,Grains and legumes (group),1,0,0,0,0,51.6688,67.4139,14.8422,340.7616,1184.8583,3370.5413,196.2761,17.4358,19.6183,702.1352,0.3922,0.3933,0.2927,0.2955,0.2806,41.33,64.3741,1805.5951,158.2791,-13.0844,0.2876,0.2748,-844.0967,0.0,1.198,1.4,25.633,22.8,28.0,28.3,3.72,2.92,7.317,7.7,43.433,43.7,28.55,28.0,48.217,32.0,268.67333333333335,230.878850445,,190.60477617365,1089.3890968508615,1059.975,1021.9542980012442,963.3648258333332,563.665,338.26916666666665,98.1,96.4,96.8,92.5,199.07542137038712,203.289689890296,220.0812656792285,221.3372982910953,790.0,1209.46,805.79,935.0833333333334,995.05,477056.5,654.0,1.2079510703363914,340.43,429.9716666666666,315.2375,,,,,,,,,,,,,2.154502718745261
2025,Акмолинская область,Зерновые и бобовые (группа),Жаксынский,470763.3,731916.43,1570.0,stat_gov_kz_real_group,Жаксынский,Grains and legumes (group),1,0,0,0,0,51.6688,67.4139,16.6216,267.4755,1348.4106,3399.9221,143.829,19.4193,19.9588,768.7525,0.2872,0.3022,0.2594,0.2269,0.2227,52.3109,36.1582,2132.9086,201.6892,-9.3034,0.1984,0.1826,-1080.9351,0.0,1.198,1.4,25.633,22.8,28.0,28.3,3.72,2.92,7.317,7.7,43.433,43.7,28.55,28.0,48.217,32.0,243.3325,219.61538460375,,203.19753726864084,1226.4814225569482,1262.8893305316649,1139.8729249670616,1006.980403811544,685.2199999999999,422.655,99.9,101.1,95.5,114.4,198.87634594901675,205.52587647908928,210.1776087236632,253.20986924501307,1000.0,790.0,1209.46,999.82,965.05,473652.9,1451.5,0.6889424733034791,268.67333333333335,340.43,429.9716666666666,,,,,,,,,,,,,2.1760991796478937
2022,Акмолинская область,Масличные (группа),Жаксынский,13082.0,5549.5,440.00000000000006,stat_gov_kz_real_group,Жаксынский,Oilseeds (group),1,0,0,0,0,51.6688,67.4139,16.2545,143.6736,1420.3325,3503.0392,108.2121,18.7692,20.131,848.5083,0.2269,0.2573,0.2208,0.2144,0.2093,30.724,58.1494,2066.3732,182.6815,-10.6623,0.1012,0.1212,-1276.6588,0.0,1.198,1.4,25.633,22.8,28.0,28.3,3.72,2.92,7.317,7.7,43.433,43.7,28.55,28.0,48.217,32.0,429.9716666666666,381.91843016614285,,318.80665693333333,1756.7299999999998,1650.8083333333334,1666.7975,1275.9916666666666,772.1583333333333,700.015,117.2,119.8,120.3,119.5,205.1881825157127,219.4395640458116,242.9024352785156,263.238246116725,393.11,830.0000000000001,860.0,694.37,686.4860000000001,13780.5,513.4357894736843,0.7656458861252572,315.2375,231.56548795,201.692128575,,,,,,,,,,,,,
2023,Акмолинская область,Масличные (группа),Жаксынский,5255.0,3223.6000000000004,630.0,stat_gov_kz_real_group,Жаксынский,Oilseeds (group),1,0,0,0,0,51.6688,67.4139,16.1831,141.1808,918.4326,2561.2651,44.6448,19.889,21.4342,574.5721,0.2586,0.2829,0.1942,0.2093,0.2008,13.8728,15.917,2056.8631,109.4971,-13.4181,0.1537,0.0744,-777.2518,0.0,1.198,1.4,25.633,22.8,28.0,28.3,3.72,2.92,7.317,7.7,43.433,43.7,28.55,28.0,48.217,32.0,340.43,257.74181354863634,,252.65528515370417,1065.1408333333334,1006.6991666666668,1118.5016666666668,886.4533333333334,550.0483333333333,358.0016666666667,98.9,96.1,93.6,90.9,202.9311125080399,210.8814210480249,227.35667942069057,239.28356572010304,440.00000000000006,393.11,830.0000000000001,554.37,626.6220000000001,13082.0,564.7368421052631,0.7791239515377448,429.9716666666666,315.2375,231.56548795,,,,,,,,,,,,,
2024,Акмолинская область,Масличные (группа),Жаксынский,4328.0,9388.0,2170.0,stat_gov_kz_real_group,Жаксынский,Oilseeds (group),1,0,0,0,0,51.6688,67.4139,14.8422,340.7616,1184.8583,3370.5413,196.2761,17.4358,19.6183,702.1352,0.3922,0.3933,0.2927,0.2955,0.2806,41.33,64.3741,1805.5951,158.2791,-13.0844,0.2876,0.2748,-844.0967,0.0,1.198,1.4,25.633,22.8,28.0,28.3,3.72,2.92,7.317,7.7,43.433,43.7,28.55,28.0,48.217,32.0,268.67333333333335,230.878850445,,190.60477617365,1089.3890968508615,1059.975,1021.9542980012442,963.3648258333332,563.665,338.26916666666665,98.1,96.4,96.8,92.5,199.07542137038712,203.289689890296,220.0812656792285,221.3372982910953,630.0,440.00000000000006,393.11,487.7033333333334,630.6220000000001,5255.0,530.5555555555555,1.187434554973822,340.43,429.9716666666666,315.2375,,,,,,,,,,,,,2.154502718745261
2025,Акмолинская область,Масличные (группа),Жаксынский,13930.6,14609.160000000002,1050.0,stat_gov_kz_real_group,Жаксынский,Oilseeds (group),1,0,0,0,0,51.6688,67.4139,16.6216,267.4755,1348.4106,3399.9221,143.829,19.4193,19.9588,768.7525,0.2872,0.3022,0.2594,0.2269,0.2227,52.3109,36.1582,2132.9086,201.6892,-9.3034,0.1984,0.1826,-1080.9351,0.0,1.198,1.4,25.633,22.8,28.0,28.3,3.72,2.92,7.317,7.7,43.433,43.7,28.55,28.0,48.217,32.0,243.3325,219.61538460375,,203.19753726864084,1226.4814225569482,1262.8893305316649,1139.8729249670616,1006.980403811544,685.2199999999999,422.655,99.9,101.1,95.5,114.4,198.87634594901675,205.52587647908928,210.1776087236632,253.20986924501307,2170.0,630.0,440.00000000000006,1080.0,892.6220000000001,4328.0,1064.7368421052631,2.038062283737024,268.67333333333335,340.43,429.9716666666666,,,,,,,,,,,,,2.1760991796478937
2022,Акмолинская область,Подсолнечник,Жаксынский,,1654.0,900.0,stat_gov_kz_real,Жаксынский,Sunflower seed,0,0,0,0,0,51.6688,67.4139,16.2545,143.6736,1420.3325,3503.0392,108.2121,18.7692,20.131,848.5083,0.2269,0.2573,0.2208,0.2144,0.2093,30.724,58.1494,2066.3732,182.6815,-10.6623,0.1012,0.1212,-1276.6588,0.0,1.198,1.4,25.633,22.8,28.0,28.3,3.72,2.92,7.317,7.7,43.433,43.7,28.55,28.0,48.217,32.0,429.9716666666666,381.91843016614285,,318.80665693333333,1756.7299999999998,1650.8083333333334,1666.7975,1275.9916666666666,772.1583333333333,700.015,117.2,119.8,120.3,119.5,205.1881825157127,219.4395640458116,242.9024352785156,263.238246116725,690.0,1500.0,1100.0,1096.6666666666667,980.0,,607.8571428571429,1.135135135135135,315.2375,231.56548795,201.692128575,,,,,,,,,,,,,
2023,Акмолинская область,Подсолнечник,Жаксынский,,2600.0,1010.0,stat_gov_kz_real,Жаксынский,Sunflower seed,0,0,0,0,0,51.6688,67.4139,16.1831,141.1808,918.4326,2561.2651,44.6448,19.889,21.4342,574.5721,0.2586,0.2829,0.1942,0.2093,0.2008,13.8728,15.917,2056.8631,109.4971,-13.4181,0.1537,0.0744,-777.2518,0.0,1.198,1.4,25.633,22.8,28.0,28.3,3.72,2.92,7.317,7.7,43.433,43.7,28.55,28.0,48.217,32.0,340.43,257.74181354863634,,252.65528515370417,1065.1408333333334,1006.6991666666668,1118.5016666666668,886.4533333333334,550.0483333333333,358.0016666666667,98.9,96.1,93.6,90.9,202.9311125080399,210.8814210480249,227.35667942069057,239.28356572010304,900.0,690.0,1500.0,1030.0,1034.0,,838.0,1.0739856801909309,429.9716666666666,315.2375,231.56548795,,,,,,,,,,,,,
2024,Акмолинская область,Подсолнечник,Жаксынский,,7705.0,2950.0,stat_gov_kz_real,Жаксынский,Sunflower seed,0,0,0,0,0,51.6688,67.4139,14.8422,340.7616,1184.8583,3370.5413,196.2761,17.4358,19.6183,702.1352,0.3922,0.3933,0.2927,0.2955,0.2806,41.33,64.3741,1805.5951,158.2791,-13.0844,0.2876,0.2748,-844.0967,0.0,1.198,1.4,25.633,22.8,28.0,28.3,3.72,2.92,7.317,7.7,43.433,43.7,28.55,28.0,48.217,32.0,268.67333333333335,230.878850445,,190.60477617365,1089.3890968508615,1059.975,1021.9542980012442,963.3648258333332,563.665,338.26916666666665,98.1,96.4,96.8,92.5,199.07542137038712,203.289689890296,220.0812656792285,221.3372982910953,1010.0,900.0,690.0,866.6666666666666,1040.0,,731.25,1.3811965811965812,340.43,429.9716666666666,315.2375,,,149181.0,1.0,142351.5,2.0,,,,,,,2.154502718745261
2025,Акмолинская область,Подсолнечник,Жаксынский,,6764.200000000001,1410.0,stat_gov_kz_real,Жаксынский,Sunflower seed,0,0,0,0,0,51.6688,67.4139,16.6216,267.4755,1348.4106,3399.9221,143.829,19.4193,19.9588,768.7525,0.2872,0.3022,0.2594,0.2269,0.2227,52.3109,36.1582,2132.9086,201.6892,-9.3034,0.1984,0.1826,-1080.9351,0.0,1.198,1.4,25.633,22.8,28.0,28.3,3.72,2.92,7.317,7.7,43.433,43.7,28.55,28.0,48.217,32.0,243.3325,219.61538460375,,203.19753726864084,1226.4814225569482,1262.8893305316649,1139.8729249670616,1006.980403811544,685.2199999999999,422.655,99.9,101.1,95.5,114.4,198.87634594901675,205.52587647908928,210.1776087236632,253.20986924501307,2950.0,1010.0,900.0,1620.0,1410.0,,1356.111111111111,2.175337976239246,268.67333333333335,340.43,429.9716666666666,,,188868.0,1.0,164717.5,4.0,,,149181.0,1.0,,,2.1760991796478937
2022,Акмолинская область,Пшеница,Жаксынский,421809.1,512638.5,1215.33,stat_gov_kz_real,Жаксынский,Wheat,0,0,0,0,0,51.6688,67.4139,16.2545,143.6736,1420.3325,3503.0392,108.2121,18.7692,20.131,848.5083,0.2269,0.2573,0.2208,0.2144,0.2093,30.724,58.1494,2066.3732,182.6815,-10.6623,0.1012,0.1212,-1276.6588,0.0,1.198,1.4,25.633,22.8,28.0,28.3,3.72,2.92,7.317,7.7,43.433,43.7,28.55,28.0,48.217,32.0,429.9716666666666,381.91843016614285,,318.80665693333333,1756.7299999999998,1650.8083333333334,1666.7975,1275.9916666666666,772.1583333333333,700.015,117.2,119.8,120.3,119.5,205.1881825157127,219.4395640458116,242.9024352785156,263.238246116725,815.79,1010.0,1130.0,985.2633333333333,1119.158,395308.8,934.8894736842107,0.8726058244993777,315.2375,231.56548795,201.692128575,113147.0,1.0,108749.5,2.0,110215.33333333331,3.0,,,,,,,
2023,Акмолинская область,Пшеница,Жаксынский,437902.9,334942.2,790.0,stat_gov_kz_real,Жаксынский,Wheat,0,0,0,0,0,51.6688,67.4139,16.1831,141.1808,918.4326,2561.2651,44.6448,19.889,21.4342,574.5721,0.2586,0.2829,0.1942,0.2093,0.2008,13.8728,15.917,2056.8631,109.4971,-13.4181,0.1537,0.0744,-777.2518,0.0,1.198,1.4,25.633,22.8,28.0,28.3,3.72,2.92,7.317,7.7,43.433,43.7,28.55,28.0,48.217,32.0,340.43,257.74181354863634,,252.65528515370417,1065.1408333333334,1006.6991666666668,1118.5016666666668,886.4533333333334,550.0483333333333,358.0016666666667,98.9,96.1,93.6,90.9,202.9311125080399,210.8814210480249,227.35667942069057,239.28356572010304,1215.33,815.79,1010.0,1013.7066666666666,1090.224,421809.1,1146.2963157894737,1.0602232452984737,429.9716666666666,315.2375,231.56548795,95060.33333333331,3.0,108567.0,2.0,98823.25,12.0,113147.0,1.0,108749.5,2.0,,-0.0016781686352580483,
2024,Акмолинская область,Пшеница,Жаксынский,435712.6,398257.0,930.0,stat_gov_kz_real,Жаксынский,Wheat,0,0,0,0,0,51.6688,67.4139,14.8422,340.7616,1184.8583,3370.5413,196.2761,17.4358,19.6183,702.1352,0.3922,0.3933,0.2927,0.2955,0.2806,41.33,64.3741,1805.5951,158.2791,-13.0844,0.2876,0.2748,-844.0967,0.0,1.198,1.4,25.633,22.8,28.0,28.3,3.72,2.92,7.317,7.7,43.433,43.7,28.55,28.0,48.217,32.0,268.67333333333335,230.878850445,,190.60477617365,1089.3890968508615,1059.975,1021.9542980012442,963.3648258333332,563.665,338.26916666666665,98.1,96.4,96.8,92.5,199.07542137038712,203.289689890296,220.0812656792285,221.3372982910953,790.0,1215.33,815.79,940.3733333333333,992.2239999999999,437902.9,648.421052631579,1.218344155844156,340.43,429.9716666666666,315.2375,94039.33333333331,3.0,69241.5,2.0,104876.16666666669,12.0,95060.33333333331,3.0,108567.0,2.0,-0.010740547231407382,-0.36222332753046504,2.154502718745261
2025,Акмолинская область,Пшеница,Жаксынский,422793.7,653855.38,1560.0,stat_gov_kz_real,Жаксынский,Wheat,0,0,0,0,0,51.6688,67.4139,16.6216,267.4755,1348.4106,3399.9221,143.829,19.4193,19.9588,768.7525,0.2872,0.3022,0.2594,0.2269,0.2227,52.3109,36.1582,2132.9086,201.6892,-9.3034,0.1984,0.1826,-1080.9351,0.0,1.198,1.4,25.633,22.8,28.0,28.3,3.72,2.92,7.317,7.7,43.433,43.7,28.55,28.0,48.217,32.0,243.3325,219.61538460375,,203.19753726864084,1226.4814225569482,1262.8893305316649,1139.8729249670616,1006.980403811544,685.2199999999999,422.655,99.9,101.1,95.5,114.4,198.87634594901675,205.52587647908928,210.1776087236632,253.20986924501307,930.0,790.0,1215.33,978.4433333333333,952.2239999999999,435712.6,1401.578947368421,0.6635373638753286,268.67333333333335,340.43,429.9716666666666,90413.33333333331,3.0,86792.0,2.0,86058.83333333333,12.0,94039.33333333331,3.0,69241.5,2.0,-0.0385583337468719,0.25346793469234496,2.1760991796478937
2022,Акмолинская область,Зерновые и бобовые (группа),Жаркаинский,659527.5,678046.7000000001,1036.72,stat_gov_kz_real_group,Жаркаинский,Grains and legumes (group),1,0,0,0,0,51.0826,66.4928,17.287,98.0959,1456.3962,3564.6709,68.5865,19.7685,21.3379,884.3222,0.1917,0.2173,0.1617,0.1595,0.1556,20.1594,30.554,2255.3854,199.5408,-10.1197,0.0674,0.0757,-1358.3003,0.0,1.225,1.39,20.667,19.5,30.067,30.3,2.977,2.59,7.633,8.0,48.583,49.1,21.35,20.5,33.75,15.9,429.9716666666666,381.91843016614285,,318.80665693333333,1756.7299999999998,1650.8083333333334,1666.7975,1275.9916666666666,772.1583333333333,700.015,117.2,119.8,120.3,119.5,205.1881825157127,219.4395640458116,242.9024352785156,263.238246116725,460.51,790.0,720.0,656.8366666666667,732.68,617069.7,929.1063157894737,0.4956483366585434,315.2375,231.56548795,201.692128575,,,,,,,,,,,,,
2023,Акмолинская область,Зерновые и бобовые (группа),Жаркаинский,652043.2,295288.8,470.0,stat_gov_kz_real_group,Жаркаинский,Grains and legumes (group),1,0,0,0,0,51.0826,66.4928,17.0604,129.0784,920.0012,2593.0003,35.2704,20.9961,22.3859,571.9173,0.1927,0.2169,0.1463,0.1657,0.1552,10.1961,17.0951,2217.6946,101.9858,-13.0881,0.1403,0.0586,-790.9228,0.0,1.225,1.39,20.667,19.5,30.067,30.3,2.977,2.59,7.633,8.0,48.583,49.1,21.35,20.5,33.75,15.9,340.43,257.74181354863634,,252.65528515370417,1065.1408333333334,1006.6991666666668,1118.5016666666668,886.4533333333334,550.0483333333333,358.0016666666667,98.9,96.1,93.6,90.9,202.9311125080399,210.8814210480249,227.35667942069057,239.28356572010304,1036.72,460.51,790.0,762.41,765.446,659527.5,1123.784,0.9225260370320274,429.9716666666666,315.2375,231.56548795,,,,,,,,,,,,,
2024,Акмолинская область,Зерновые и бобовые (группа),Жаркаинский,644556.5,526860.0700000001,850.0,stat_gov_kz_real_group,Жаркаинский,Grains and legumes (group),1,0,0,0,0,51.0826,66.4928,15.7154,263.7305,1241.6498,3488.3121,155.9106,18.2402,20.6053,751.9769,0.3457,0.3441,0.226,0.2083,0.1891,27.854,40.5019,1965.5443,173.3624,-12.4222,0.2124,0.2114,-977.9193,0.0,1.225,1.39,20.667,19.5,30.067,30.3,2.977,2.59,7.633,8.0,48.583,49.1,21.35,20.5,33.75,15.9,268.67333333333335,230.878850445,,190.60477617365,1089.3890968508615,1059.975,1021.9542980012442,963.3648258333332,563.665,338.26916666666665,98.1,96.4,96.8,92.5,199.07542137038712,203.289689890296,220.0812656792285,221.3372982910953,470.0,1036.72,460.51,655.7433333333333,695.446,652043.2,654.0,0.7186544342507645,340.43,429.9716666666666,315.2375,,,,,,,,,,,,,2.154502718745261
2025,Акмолинская область,Зерновые и бобовые (группа),Жаркаинский,670308.8,755500.46,1140.0,stat_gov_kz_real_group,Жаркаинский,Grains and legumes (group),1,0,0,0,0,51.0826,66.4928,17.6531,247.4417,1396.7276,3501.4283,141.8594,20.5248,20.9625,782.9942,0.2135,0.2293,0.1884,0.1928,0.1791,45.4007,62.2105,2321.4475,201.4427,-8.7934,0.1772,0.1728,-1149.2859,0.0,1.225,1.39,20.667,19.5,30.067,30.3,2.977,2.59,7.633,8.0,48.583,49.1,21.35,20.5,33.75,15.9,243.3325,219.61538460375,,203.19753726864084,1226.4814225569482,1262.8893305316649,1139.8729249670616,1006.980403811544,685.2199999999999,422.655,99.9,101.1,95.5,114.4,198.87634594901675,205.52587647908928,210.1776087236632,253.20986924501307,850.0,470.0,1036.72,785.5733333333334,721.4460000000001,644556.5,1451.5,0.5856011023079573,268.67333333333335,340.43,429.9716666666666,,,,,,,,,,,,,2.1760991796478937
2022,Акмолинская область,Масличные (группа),Жаркаинский,5731.0,2459.83,460.0,stat_gov_kz_real_group,Жаркаинский,Oilseeds (group),1,0,0,0,0,51.0826,66.4928,17.287,98.0959,1456.3962,3564.6709,68.5865,19.7685,21.3379,884.3222,0.1917,0.2173,0.1617,0.1595,0.1556,20.1594,30.554,2255.3854,199.5408,-10.1197,0.0674,0.0757,-1358.3003,0.0,1.225,1.39,20.667,19.5,30.067,30.3,2.977,2.59,7.633,8.0,48.583,49.1,21.35,20.5,33.75,15.9,429.9716666666666,381.91843016614285,,318.80665693333333,1756.7299999999998,1650.8083333333334,1666.7975,1275.9916666666666,772.1583333333333,700.015,117.2,119.8,120.3,119.5,205.1881825157127,219.4395640458116,242.9024352785156,263.238246116725,280.11,480.0,480.0,413.37000000000006,451.55,1046.0,513.4357894736843,0.545559942923217,315.2375,231.56548795,201.692128575,,,,,,,,,,,,,
2023,Акмолинская область,Масличные (группа),Жаркаинский,3066.0,805.4000000000001,570.0,stat_gov_kz_real_group,Жаркаинский,Oilseeds (group),1,0,0,0,0,51.0826,66.4928,17.0604,129.0784,920.0012,2593.0003,35.2704,20.9961,22.3859,571.9173,0.1927,0.2169,0.1463,0.1657,0.1552,10.1961,17.0951,2217.6946,101.9858,-13.0881,0.1403,0.0586,-790.9228,0.0,1.225,1.39,20.667,19.5,30.067,30.3,2.977,2.59,7.633,8.0,48.583,49.1,21.35,20.5,33.75,15.9,340.43,257.74181354863634,,252.65528515370417,1065.1408333333334,1006.6991666666668,1118.5016666666668,886.4533333333334,550.0483333333333,358.0016666666667,98.9,96.1,93.6,90.9,202.9311125080399,210.8814210480249,227.35667942069057,239.28356572010304,460.0,280.11,480.0,406.7033333333334,416.02200000000005,5731.0,564.7368421052631,0.8145386766076422,429.9716666666666,315.2375,231.56548795,,,,,,,,,,,,,
2024,Акмолинская область,Масличные (группа),Жаркаинский,1919.0,980.0,510.0,stat_gov_kz_real_group,Жаркаинский,Oilseeds (group),1,0,0,0,0,51.0826,66.4928,15.7154,263.7305,1241.6498,3488.3121,155.9106,18.2402,20.6053,751.9769,0.3457,0.3441,0.226,0.2083,0.1891,27.854,40.5019,1965.5443,173.3624,-12.4222,0.2124,0.2114,-977.9193,0.0,1.225,1.39,20.667,19.5,30.067,30.3,2.977,2.59,7.633,8.0,48.583,49.1,21.35,20.5,33.75,15.9,268.67333333333335,230.878850445,,190.60477617365,1089.3890968508615,1059.975,1021.9542980012442,963.3648258333332,563.665,338.26916666666665,98.1,96.4,96.8,92.5,199.07542137038712,203.289689890296,220.0812656792285,221.3372982910953,570.0,460.0,280.11,436.7033333333334,454.02200000000005,3066.0,530.5555555555555,1.07434554973822,340.43,429.9716666666666,315.2375,,,,,,,,,,,,,2.154502718745261
2025,Акмолинская область,Масличные (группа),Жаркаинский,13581.8,8481.130000000001,650.0,stat_gov_kz_real_group,Жаркаинский,Oilseeds (group),1,0,0,0,0,51.0826,66.4928,17.6531,247.4417,1396.7276,3501.4283,141.8594,20.5248,20.9625,782.9942,0.2135,0.2293,0.1884,0.1928,0.1791,45.4007,62.2105,2321.4475,201.4427,-8.7934,0.1772,0.1728,-1149.2859,0.0,1.225,1.39,20.667,19.5,30.067,30.3,2.977,2.59,7.633,8.0,48.583,49.1,21.35,20.5,33.75,15.9,243.3325,219.61538460375,,203.19753726864084,1226.4814225569482,1262.8893305316649,1139.8729249670616,1006.980403811544,685.2199999999999,422.655,99.9,101.1,95.5,114.4,198.87634594901675,205.52587647908928,210.1776087236632,253.20986924501307,510.0,570.0,460.0,513.3333333333334,460.02200000000005,1919.0,1064.7368421052631,0.4789915966386555,268.67333333333335,340.43,429.9716666666666,,,,,,,,,,,,,2.1760991796478937
2022,Акмолинская область,Подсолнечник,Жаркаинский,,200.0,280.0,stat_gov_kz_real,Жаркаинский,Sunflower seed,0,0,0,0,0,51.0826,66.4928,17.287,98.0959,1456.3962,3564.6709,68.5865,19.7685,21.3379,884.3222,0.1917,0.2173,0.1617,0.1595,0.1556,20.1594,30.554,2255.3854,199.5408,-10.1197,0.0674,0.0757,-1358.3003,0.0,1.225,1.39,20.667,19.5,30.067,30.3,2.977,2.59,7.633,8.0,48.583,49.1,21.35,20.5,33.75,15.9,429.9716666666666,381.91843016614285,,318.80665693333333,1756.7299999999998,1650.8083333333334,1666.7975,1275.9916666666666,772.1583333333333,700.015,117.2,119.8,120.3,119.5,205.1881825157127,219.4395640458116,242.9024352785156,263.238246116725,190.0,500.0,,345.0,345.0,,607.8571428571429,0.3125734430082256,315.2375,231.56548795,201.692128575,,,,,,,,,,,,,
2023,Акмолинская область,Подсолнечник,Жаркаинский,,280.0,1870.0,stat_gov_kz_real,Жаркаинский,Sunflower seed,0,0,0,0,0,51.0826,66.4928,17.0604,129.0784,920.0012,2593.0003,35.2704,20.9961,22.3859,571.9173,0.1927,0.2169,0.1463,0.1657,0.1552,10.1961,17.0951,2217.6946,101.9858,-13.0881,0.1403,0.0586,-790.9228,0.0,1.225,1.39,20.667,19.5,30.067,30.3,2.977,2.59,7.633,8.0,48.583,49.1,21.35,20.5,33.75,15.9,340.43,257.74181354863634,,252.65528515370417,1065.1408333333334,1006.6991666666668,1118.5016666666668,886.4533333333334,550.0483333333333,358.0016666666667,98.9,96.1,93.6,90.9,202.9311125080399,210.8814210480249,227.35667942069057,239.28356572010304,280.0,190.0,500.0,323.3333333333333,323.3333333333333,,838.0,0.3341288782816229,429.9716666666666,315.2375,231.56548795,,,,,,,,,,,,,
2024,Акмолинская область,Подсолнечник,Жаркаинский,,20.0,40.0,stat_gov_kz_real,Жаркаинский,Sunflower seed,0,0,0,0,0,51.0826,66.4928,15.7154,263.7305,1241.6498,3488.3121,155.9106,18.2402,20.6053,751.9769,0.3457,0.3441,0.226,0.2083,0.1891,27.854,40.5019,1965.5443,173.3624,-12.4222,0.2124,0.2114,-977.9193,0.0,1.225,1.39,20.667,19.5,30.067,30.3,2.977,2.59,7.633,8.0,48.583,49.1,21.35,20.5,33.75,15.9,268.67333333333335,230.878850445,,190.60477617365,1089.3890968508615,1059.975,1021.9542980012442,963.3648258333332,563.665,338.26916666666665,98.1,96.4,96.8,92.5,199.07542137038712,203.289689890296,220.0812656792285,221.3372982910953,1870.0,280.0,190.0,780.0,710.0,,731.25,2.557264957264957,340.43,429.9716666666666,315.2375,,,149181.0,1.0,142351.5,2.0,,,,,,,2.154502718745261
2025,Акмолинская область,Подсолнечник,Жаркаинский,,696.0,580.0,stat_gov_kz_real,Жаркаинский,Sunflower seed,0,0,0,0,0,51.0826,66.4928,17.6531,247.4417,1396.7276,3501.4283,141.8594,20.5248,20.9625,782.9942,0.2135,0.2293,0.1884,0.1928,0.1791,45.4007,62.2105,2321.4475,201.4427,-8.7934,0.1772,0.1728,-1149.2859,0.0,1.225,1.39,20.667,19.5,30.067,30.3,2.977,2.59,7.633,8.0,48.583,49.1,21.35,20.5,33.75,15.9,243.3325,219.61538460375,,203.19753726864084,1226.4814225569482,1262.8893305316649,1139.8729249670616,1006.980403811544,685.2199999999999,422.655,99.9,101.1,95.5,114.4,198.87634594901675,205.52587647908928,210.1776087236632,253.20986924501307,40.0,1870.0,280.0,730.0,576.0,,1356.111111111111,0.02949610815239656,268.67333333333335,340.43,429.9716666666666,,,188868.0,1.0,164717.5,4.0,,,149181.0,1.0,,,2.1760991796478937
2022,Акмолинская область,Пшеница,Жаркаинский,621632.5,631860.8,1024.1899999999998,stat_gov_kz_real,Жаркаинский,Wheat,0,0,0,0,0,51.0826,66.4928,17.287,98.0959,1456.3962,3564.6709,68.5865,19.7685,21.3379,884.3222,0.1917,0.2173,0.1617,0.1595,0.1556,20.1594,30.554,2255.3854,199.5408,-10.1197,0.0674,0.0757,-1358.3003,0.0,1.225,1.39,20.667,19.5,30.067,30.3,2.977,2.59,7.633,8.0,48.583,49.1,21.35,20.5,33.75,15.9,429.9716666666666,381.91843016614285,,318.80665693333333,1756.7299999999998,1650.8083333333334,1666.7975,1275.9916666666666,772.1583333333333,700.015,117.2,119.8,120.3,119.5,205.1881825157127,219.4395640458116,242.9024352785156,263.238246116725,464.76,780.0,710.0,651.5866666666667,728.952,576983.0,934.8894736842107,0.4971282842328673,315.2375,231.56548795,201.692128575,113147.0,1.0,108749.5,2.0,110215.33333333331,3.0,,,,,,,
2023,Акмолинская область,Пшеница,Жаркаинский,606536.0,266302.0,450.0,stat_gov_kz_real,Жаркаинский,Wheat,0,0,0,0,0,51.0826,66.4928,17.0604,129.0784,920.0012,2593.0003,35.2704,20.9961,22.3859,571.9173,0.1927,0.2169,0.1463,0.1657,0.1552,10.1961,17.0951,2217.6946,101.9858,-13.0881,0.1403,0.0586,-790.9228,0.0,1.225,1.39,20.667,19.5,30.067,30.3,2.977,2.59,7.633,8.0,48.583,49.1,21.35,20.5,33.75,15.9,340.43,257.74181354863634,,252.65528515370417,1065.1408333333334,1006.6991666666668,1118.5016666666668,886.4533333333334,550.0483333333333,358.0016666666667,98.9,96.1,93.6,90.9,202.9311125080399,210.8814210480249,227.35667942069057,239.28356572010304,1024.1899999999998,464.76,780.0,756.3166666666666,757.79,621632.5,1146.2963157894737,0.89347752923259,429.9716666666666,315.2375,231.56548795,95060.33333333331,3.0,108567.0,2.0,98823.25,12.0,113147.0,1.0,108749.5,2.0,,-0.0016781686352580483,
2024,Акмолинская область,Пшеница,Жаркаинский,583384.4,422713.02,750.0,stat_gov_kz_real,Жаркаинский,Wheat,0,0,0,0,0,51.0826,66.4928,15.7154,263.7305,1241.6498,3488.3121,155.9106,18.2402,20.6053,751.9769,0.3457,0.3441,0.226,0.2083,0.1891,27.854,40.5019,1965.5443,173.3624,-12.4222,0.2124,0.2114,-977.9193,0.0,1.225,1.39,20.667,19.5,30.067,30.3,2.977,2.59,7.633,8.0,48.583,49.1,21.35,20.5,33.75,15.9,268.67333333333335,230.878850445,,190.60477617365,1089.3890968508615,1059.975,1021.9542980012442,963.3648258333332,563.665,338.26916666666665,98.1,96.4,96.8,92.5,199.07542137038712,203.289689890296,220.0812656792285,221.3372982910953,450.0,1024.1899999999998,464.76,646.3166666666666,685.79,606536.0,648.421052631579,0.6939935064935064,340.43,429.9716666666666,315.2375,94039.33333333331,3.0,69241.5,2.0,104876.16666666669,12.0,95060.33333333331,3.0,108567.0,2.0,-0.010740547231407382,-0.36222332753046504,2.154502718745261
2025,Акмолинская область,Пшеница,Жаркаинский,576274.4,645603.93,1130.0,stat_gov_kz_real,Жаркаинский,Wheat,0,0,0,0,0,51.0826,66.4928,17.6531,247.4417,1396.7276,3501.4283,141.8594,20.5248,20.9625,782.9942,0.2135,0.2293,0.1884,0.1928,0.1791,45.4007,62.2105,2321.4475,201.4427,-8.7934,0.1772,0.1728,-1149.2859,0.0,1.225,1.39,20.667,19.5,30.067,30.3,2.977,2.59,7.633,8.0,48.583,49.1,21.35,20.5,33.75,15.9,243.3325,219.61538460375,,203.19753726864084,1226.4814225569482,1262.8893305316649,1139.8729249670616,1006.980403811544,685.2199999999999,422.655,99.9,101.1,95.5,114.4,198.87634594901675,205.52587647908928,210.1776087236632,253.20986924501307,750.0,450.0,1024.1899999999998,741.3966666666665,693.79,583384.4,1401.578947368421,0.5351107773188134,268.67333333333335,340.43,429.9716666666666,90413.33333333331,3.0,86792.0,2.0,86058.83333333333,12.0,94039.33333333331,3.0,69241.5,2.0,-0.0385583337468719,0.25346793469234496,2.1760991796478937
2022,Акмолинская область,Зерновые и бобовые (группа),Зерендинский,207609.9,317276.89,1537.96,stat_gov_kz_real_group,Зерендинский,Grains and legumes (group),1,0,0,0,0,53.1188,69.189,15.4249,185.472,1359.638,3358.9461,134.5996,17.7452,18.6755,744.8371,0.2902,0.3114,0.3351,0.3383,0.3018,53.9571,62.3789,1914.0151,133.0118,-9.7907,0.1364,0.1606,-1174.166,0.0,1.208,1.43,39.167,36.2,27.6,30.0,3.258,2.61,6.85,7.1,40.817,39.9,31.567,30.1,41.15,24.6,429.9716666666666,381.91843016614285,,318.80665693333333,1756.7299999999998,1650.8083333333334,1666.7975,1275.9916666666666,772.1583333333333,700.015,117.2,119.8,120.3,119.5,205.1881825157127,219.4395640458116,242.9024352785156,263.238246116725,982.75,1400.0,1310.0,1230.9166666666667,1471.6200000000001,205764.79,929.1063157894737,1.0577368631542932,315.2375,231.56548795,201.692128575,,,,,,,,,,,,,
2023,Акмолинская область,Зерновые и бобовые (группа),Зерендинский,247607.6,194178.97,840.0,stat_gov_kz_real_group,Зерендинский,Grains and legumes (group),1,0,0,0,0,53.1188,69.189,15.268,141.5848,880.8933,2482.6417,55.0607,18.7173,20.3147,529.4086,0.3141,0.3273,0.3122,0.2957,0.2899,26.9638,12.5604,1893.9308,96.0587,-12.7443,0.1607,0.0986,-739.3086,0.0,1.208,1.43,39.167,36.2,27.6,30.0,3.258,2.61,6.85,7.1,40.817,39.9,31.567,30.1,41.15,24.6,340.43,257.74181354863634,,252.65528515370417,1065.1408333333334,1006.6991666666668,1118.5016666666668,886.4533333333334,550.0483333333333,358.0016666666667,98.9,96.1,93.6,90.9,202.9311125080399,210.8814210480249,227.35667942069057,239.28356572010304,1537.96,982.75,1400.0,1306.9033333333334,1412.142,207609.9,1123.784,1.3685548112448656,429.9716666666666,315.2375,231.56548795,,,,,,,,,,,,,
2024,Акмолинская область,Зерновые и бобовые (группа),Зерендинский,220397.54,414385.67,1910.0,stat_gov_kz_real_group,Зерендинский,Grains and legumes (group),1,0,0,0,0,53.1188,69.189,13.7068,405.3861,1022.5582,3125.2039,271.5298,16.1324,18.3865,584.9082,0.4395,0.4332,0.4261,0.4328,0.4242,77.9481,95.3874,1597.0704,125.6409,-13.2525,0.3964,0.4408,-617.172,0.0,1.208,1.43,39.167,36.2,27.6,30.0,3.258,2.61,6.85,7.1,40.817,39.9,31.567,30.1,41.15,24.6,268.67333333333335,230.878850445,,190.60477617365,1089.3890968508615,1059.975,1021.9542980012442,963.3648258333332,563.665,338.26916666666665,98.1,96.4,96.8,92.5,199.07542137038712,203.289689890296,220.0812656792285,221.3372982910953,840.0,1537.96,982.75,1120.2366666666667,1214.142,247607.6,654.0,1.2844036697247707,340.43,429.9716666666666,315.2375,,,,,,,,,,,,,2.154502718745261
2025,Акмолинская область,Зерновые и бобовые (группа),Зерендинский,217624.74,456641.5500000001,2100.0,stat_gov_kz_real_group,Зерендинский,Grains and legumes (group),1,0,0,0,0,53.1188,69.189,15.2737,345.5934,1169.6188,3188.5782,202.7375,17.9739,18.5405,653.8741,0.4125,0.4013,0.3632,0.349,0.309,52.3923,85.4509,1885.2514,159.9219,-8.7904,0.2955,0.2946,-824.0254,0.0,1.208,1.43,39.167,36.2,27.6,30.0,3.258,2.61,6.85,7.1,40.817,39.9,31.567,30.1,41.15,24.6,243.3325,219.61538460375,,203.19753726864084,1226.4814225569482,1262.8893305316649,1139.8729249670616,1006.980403811544,685.2199999999999,422.655,99.9,101.1,95.5,114.4,198.87634594901675,205.52587647908928,210.1776087236632,253.20986924501307,1910.0,840.0,1537.96,1429.32,1334.142,220397.54,1451.5,1.3158801240096452,268.67333333333335,340.43,429.9716666666666,,,,,,,,,,,,,2.1760991796478937
2022,Акмолинская область,Масличные (группа),Зерендинский,65866.1,48063.100000000006,750.0,stat_gov_kz_real_group,Зерендинский,Oilseeds (group),1,0,0,0,0,53.1188,69.189,15.4249,185.472,1359.638,3358.9461,134.5996,17.7452,18.6755,744.8371,0.2902,0.3114,0.3351,0.3383,0.3018,53.9571,62.3789,1914.0151,133.0118,-9.7907,0.1364,0.1606,-1174.166,0.0,1.208,1.43,39.167,36.2,27.6,30.0,3.258,2.61,6.85,7.1,40.817,39.9,31.567,30.1,41.15,24.6,429.9716666666666,381.91843016614285,,318.80665693333333,1756.7299999999998,1650.8083333333334,1666.7975,1275.9916666666666,772.1583333333333,700.015,117.2,119.8,120.3,119.5,205.1881825157127,219.4395640458116,242.9024352785156,263.238246116725,593.47,920.0,819.9999999999999,777.8233333333333,884.32,67779.1,513.4357894736843,1.1558796877178306,315.2375,231.56548795,201.692128575,,,,,,,,,,,,,
2023,Акмолинская область,Масличные (группа),Зерендинский,28642.6,16312.72,630.0,stat_gov_kz_real_group,Зерендинский,Oilseeds (group),1,0,0,0,0,53.1188,69.189,15.268,141.5848,880.8933,2482.6417,55.0607,18.7173,20.3147,529.4086,0.3141,0.3273,0.3122,0.2957,0.2899,26.9638,12.5604,1893.9308,96.0587,-12.7443,0.1607,0.0986,-739.3086,0.0,1.208,1.43,39.167,36.2,27.6,30.0,3.258,2.61,6.85,7.1,40.817,39.9,31.567,30.1,41.15,24.6,340.43,257.74181354863634,,252.65528515370417,1065.1408333333334,1006.6991666666668,1118.5016666666668,886.4533333333334,550.0483333333333,358.0016666666667,98.9,96.1,93.6,90.9,202.9311125080399,210.8814210480249,227.35667942069057,239.28356572010304,750.0,593.47,920.0,754.4900000000001,816.6940000000001,65866.1,564.7368421052631,1.3280521901211557,429.9716666666666,315.2375,231.56548795,,,,,,,,,,,,,
2024,Акмолинская область,Масличные (группа),Зерендинский,56233.11,57194.31,1060.0,stat_gov_kz_real_group,Зерендинский,Oilseeds (group),1,0,0,0,0,53.1188,69.189,13.7068,405.3861,1022.5582,3125.2039,271.5298,16.1324,18.3865,584.9082,0.4395,0.4332,0.4261,0.4328,0.4242,77.9481,95.3874,1597.0704,125.6409,-13.2525,0.3964,0.4408,-617.172,0.0,1.208,1.43,39.167,36.2,27.6,30.0,3.258,2.61,6.85,7.1,40.817,39.9,31.567,30.1,41.15,24.6,268.67333333333335,230.878850445,,190.60477617365,1089.3890968508615,1059.975,1021.9542980012442,963.3648258333332,563.665,338.26916666666665,98.1,96.4,96.8,92.5,199.07542137038712,203.289689890296,220.0812656792285,221.3372982910953,630.0,750.0,593.47,657.8233333333334,742.6940000000001,28642.6,530.5555555555555,1.187434554973822,340.43,429.9716666666666,315.2375,,,,,,,,,,,,,2.154502718745261
2025,Акмолинская область,Масличные (группа),Зерендинский,87575.22,95936.54,1110.0,stat_gov_kz_real_group,Зерендинский,Oilseeds (group),1,0,0,0,0,53.1188,69.189,15.2737,345.5934,1169.6188,3188.5782,202.7375,17.9739,18.5405,653.8741,0.4125,0.4013,0.3632,0.349,0.309,52.3923,85.4509,1885.2514,159.9219,-8.7904,0.2955,0.2946,-824.0254,0.0,1.208,1.43,39.167,36.2,27.6,30.0,3.258,2.61,6.85,7.1,40.817,39.9,31.567,30.1,41.15,24.6,243.3325,219.61538460375,,203.19753726864084,1226.4814225569482,1262.8893305316649,1139.8729249670616,1006.980403811544,685.2199999999999,422.655,99.9,101.1,95.5,114.4,198.87634594901675,205.52587647908928,210.1776087236632,253.20986924501307,1060.0,630.0,750.0,813.3333333333334,790.6940000000001,56233.11,1064.7368421052631,0.9955511616411271,268.67333333333335,340.43,429.9716666666666,,,,,,,,,,,,,2.1760991796478937
2022,Акмолинская область,Подсолнечник,Зерендинский,,9451.93,1140.0,stat_gov_kz_real,Зерендинский,Sunflower seed,0,0,0,0,0,53.1188,69.189,15.4249,185.472,1359.638,3358.9461,134.5996,17.7452,18.6755,744.8371,0.2902,0.3114,0.3351,0.3383,0.3018,53.9571,62.3789,1914.0151,133.0118,-9.7907,0.1364,0.1606,-1174.166,0.0,1.208,1.43,39.167,36.2,27.6,30.0,3.258,2.61,6.85,7.1,40.817,39.9,31.567,30.1,41.15,24.6,429.9716666666666,381.91843016614285,,318.80665693333333,1756.7299999999998,1650.8083333333334,1666.7975,1275.9916666666666,772.1583333333333,700.015,117.2,119.8,120.3,119.5,205.1881825157127,219.4395640458116,242.9024352785156,263.238246116725,780.0,1390.0,360.0,843.3333333333334,904.0,,607.8571428571429,1.2831962397179788,315.2375,231.56548795,201.692128575,,,,,,,,,,,,,
2023,Акмолинская область,Подсолнечник,Зерендинский,,4110.13,750.0,stat_gov_kz_real,Зерендинский,Sunflower seed,0,0,0,0,0,53.1188,69.189,15.268,141.5848,880.8933,2482.6417,55.0607,18.7173,20.3147,529.4086,0.3141,0.3273,0.3122,0.2957,0.2899,26.9638,12.5604,1893.9308,96.0587,-12.7443,0.1607,0.0986,-739.3086,0.0,1.208,1.43,39.167,36.2,27.6,30.0,3.258,2.61,6.85,7.1,40.817,39.9,31.567,30.1,41.15,24.6,340.43,257.74181354863634,,252.65528515370417,1065.1408333333334,1006.6991666666668,1118.5016666666668,886.4533333333334,550.0483333333333,358.0016666666667,98.9,96.1,93.6,90.9,202.9311125080399,210.8814210480249,227.35667942069057,239.28356572010304,1140.0,780.0,1390.0,1103.3333333333333,874.0,,838.0,1.360381861575179,429.9716666666666,315.2375,231.56548795,,,,,,,,,,,,,
2024,Акмолинская область,Подсолнечник,Зерендинский,,19091.89,1739.9999999999998,stat_gov_kz_real,Зерендинский,Sunflower seed,0,0,0,0,0,53.1188,69.189,13.7068,405.3861,1022.5582,3125.2039,271.5298,16.1324,18.3865,584.9082,0.4395,0.4332,0.4261,0.4328,0.4242,77.9481,95.3874,1597.0704,125.6409,-13.2525,0.3964,0.4408,-617.172,0.0,1.208,1.43,39.167,36.2,27.6,30.0,3.258,2.61,6.85,7.1,40.817,39.9,31.567,30.1,41.15,24.6,268.67333333333335,230.878850445,,190.60477617365,1089.3890968508615,1059.975,1021.9542980012442,963.3648258333332,563.665,338.26916666666665,98.1,96.4,96.8,92.5,199.07542137038712,203.289689890296,220.0812656792285,221.3372982910953,750.0,1140.0,780.0,890.0,884.0,,731.25,1.0256410256410255,340.43,429.9716666666666,315.2375,,,149181.0,1.0,142351.5,2.0,,,,,,,2.154502718745261
2025,Акмолинская область,Подсолнечник,Зерендинский,,17979.18,1560.0,stat_gov_kz_real,Зерендинский,Sunflower seed,0,0,0,0,0,53.1188,69.189,15.2737,345.5934,1169.6188,3188.5782,202.7375,17.9739,18.5405,653.8741,0.4125,0.4013,0.3632,0.349,0.309,52.3923,85.4509,1885.2514,159.9219,-8.7904,0.2955,0.2946,-824.0254,0.0,1.208,1.43,39.167,36.2,27.6,30.0,3.258,2.61,6.85,7.1,40.817,39.9,31.567,30.1,41.15,24.6,243.3325,219.61538460375,,203.19753726864084,1226.4814225569482,1262.8893305316649,1139.8729249670616,1006.980403811544,685.2199999999999,422.655,99.9,101.1,95.5,114.4,198.87634594901675,205.52587647908928,210.1776087236632,253.20986924501307,1739.9999999999998,750.0,1140.0,1210.0,1160.0,,1356.111111111111,1.28308070462925,268.67333333333335,340.43,429.9716666666666,,,188868.0,1.0,164717.5,4.0,,,149181.0,1.0,,,2.1760991796478937
2022,Акмолинская область,Пшеница,Зерендинский,144171.2,217262.72000000003,1519.73,stat_gov_kz_real,Зерендинский,Wheat,0,0,0,0,0,53.1188,69.189,15.4249,185.472,1359.638,3358.9461,134.5996,17.7452,18.6755,744.8371,0.2902,0.3114,0.3351,0.3383,0.3018,53.9571,62.3789,1914.0151,133.0118,-9.7907,0.1364,0.1606,-1174.166,0.0,1.208,1.43,39.167,36.2,27.6,30.0,3.258,2.61,6.85,7.1,40.817,39.9,31.567,30.1,41.15,24.6,429.9716666666666,381.91843016614285,,318.80665693333333,1756.7299999999998,1650.8083333333334,1666.7975,1275.9916666666666,772.1583333333333,700.015,117.2,119.8,120.3,119.5,205.1881825157127,219.4395640458116,242.9024352785156,263.238246116725,965.38,1380.0,1290.0,1211.7933333333333,1479.076,154171.89,934.8894736842107,1.0326140438779703,315.2375,231.56548795,201.692128575,113147.0,1.0,108749.5,2.0,110215.33333333331,3.0,,,,,,,
2023,Акмолинская область,Пшеница,Зерендинский,158864.5,131953.68000000002,869.9999999999999,stat_gov_kz_real,Зерендинский,Wheat,0,0,0,0,0,53.1188,69.189,15.268,141.5848,880.8933,2482.6417,55.0607,18.7173,20.3147,529.4086,0.3141,0.3273,0.3122,0.2957,0.2899,26.9638,12.5604,1893.9308,96.0587,-12.7443,0.1607,0.0986,-739.3086,0.0,1.208,1.43,39.167,36.2,27.6,30.0,3.258,2.61,6.85,7.1,40.817,39.9,31.567,30.1,41.15,24.6,340.43,257.74181354863634,,252.65528515370417,1065.1408333333334,1006.6991666666668,1118.5016666666668,886.4533333333334,550.0483333333333,358.0016666666667,98.9,96.1,93.6,90.9,202.9311125080399,210.8814210480249,227.35667942069057,239.28356572010304,1519.73,965.38,1380.0,1288.3700000000001,1409.0220000000002,144171.2,1146.2963157894737,1.3257741293125733,429.9716666666666,315.2375,231.56548795,95060.33333333331,3.0,108567.0,2.0,98823.25,12.0,113147.0,1.0,108749.5,2.0,,-0.0016781686352580483,
2024,Акмолинская область,Пшеница,Зерендинский,144284.73,272577.48,1920.0,stat_gov_kz_real,Зерендинский,Wheat,0,0,0,0,0,53.1188,69.189,13.7068,405.3861,1022.5582,3125.2039,271.5298,16.1324,18.3865,584.9082,0.4395,0.4332,0.4261,0.4328,0.4242,77.9481,95.3874,1597.0704,125.6409,-13.2525,0.3964,0.4408,-617.172,0.0,1.208,1.43,39.167,36.2,27.6,30.0,3.258,2.61,6.85,7.1,40.817,39.9,31.567,30.1,41.15,24.6,268.67333333333335,230.878850445,,190.60477617365,1089.3890968508615,1059.975,1021.9542980012442,963.3648258333332,563.665,338.26916666666665,98.1,96.4,96.8,92.5,199.07542137038712,203.289689890296,220.0812656792285,221.3372982910953,869.9999999999999,1519.73,965.38,1118.3700000000001,1205.0220000000002,158864.5,648.421052631579,1.341720779220779,340.43,429.9716666666666,315.2375,94039.33333333331,3.0,69241.5,2.0,104876.16666666669,12.0,95060.33333333331,3.0,108567.0,2.0,-0.010740547231407382,-0.36222332753046504,2.154502718745261
2025,Акмолинская область,Пшеница,Зерендинский,133069.74,300839.2,2260.0,stat_gov_kz_real,Зерендинский,Wheat,0,0,0,0,0,53.1188,69.189,15.2737,345.5934,1169.6188,3188.5782,202.7375,17.9739,18.5405,653.8741,0.4125,0.4013,0.3632,0.349,0.309,52.3923,85.4509,1885.2514,159.9219,-8.7904,0.2955,0.2946,-824.0254,0.0,1.208,1.43,39.167,36.2,27.6,30.0,3.258,2.61,6.85,7.1,40.817,39.9,31.567,30.1,41.15,24.6,243.3325,219.61538460375,,203.19753726864084,1226.4814225569482,1262.8893305316649,1139.8729249670616,1006.980403811544,685.2199999999999,422.655,99.9,101.1,95.5,114.4,198.87634594901675,205.52587647908928,210.1776087236632,253.20986924501307,1920.0,869.9999999999999,1519.73,1436.5766666666666,1331.022,144284.73,1401.578947368421,1.3698835899361623,268.67333333333335,340.43,429.9716666666666,90413.33333333331,3.0,86792.0,2.0,86058.83333333333,12.0,94039.33333333331,3.0,69241.5,2.0,-0.0385583337468719,0.25346793469234496,2.1760991796478937
2022,Акмолинская область,Зерновые и бобовые (группа),г.а. Кокшетау,3807.0,4791.05,1446.05,stat_gov_kz_real_group,Кокшетау,Grains and legumes (group),1,1,0,0,0,53.2852,69.3815,15.6209,185.0256,1321.2304,3355.2976,132.6789,17.9601,18.8537,725.0013,0.2901,0.3102,0.3292,0.3396,0.2991,51.0796,62.9446,1949.9112,126.8416,-9.6251,0.14,0.163,-1136.2048,0.0,1.22,1.43,36.533,32.0,27.717,30.8,3.477,2.76,6.833,7.3,37.667,36.0,34.617,33.2,43.533,26.7,429.9716666666666,381.91843016614285,,318.80665693333333,1756.7299999999998,1650.8083333333334,1666.7975,1275.9916666666666,772.1583333333333,700.015,117.2,119.8,120.3,119.5,205.1881825157127,219.4395640458116,242.9024352785156,263.238246116725,998.28,1580.0,1170.0,1249.4266666666665,1438.218,3885.38,929.1063157894737,1.0744518501650142,315.2375,231.56548795,201.692128575,,,,,,,,,,,,,
2023,Акмолинская область,Зерновые и бобовые (группа),г.а. Кокшетау,4093.0,3572.3,1020.0,stat_gov_kz_real_group,Кокшетау,Grains and legumes (group),1,1,0,0,0,53.2852,69.3815,15.4307,131.2289,856.4739,2485.4916,50.1576,18.9039,20.4825,513.2944,0.3085,0.3218,0.3085,0.2907,0.2872,24.938,10.3643,1918.8201,92.1687,-12.6481,0.1532,0.0924,-725.245,0.0,1.22,1.43,36.533,32.0,27.717,30.8,3.477,2.76,6.833,7.3,37.667,36.0,34.617,33.2,43.533,26.7,340.43,257.74181354863634,,252.65528515370417,1065.1408333333334,1006.6991666666668,1118.5016666666668,886.4533333333334,550.0483333333333,358.0016666666667,98.9,96.1,93.6,90.9,202.9311125080399,210.8814210480249,227.35667942069057,239.28356572010304,1446.05,998.28,1580.0,1341.4433333333334,1338.866,3807.0,1123.784,1.2867686316943467,429.9716666666666,315.2375,231.56548795,,,,,,,,,,,,,
2024,Акмолинская область,Зерновые и бобовые (группа),г.а. Кокшетау,3832.0,6875.1,1789.9999999999998,stat_gov_kz_real_group,Кокшетау,Grains and legumes (group),1,1,0,0,0,53.2852,69.3815,13.8427,394.8848,991.9338,3115.9226,267.3435,16.2539,18.5246,565.1573,0.4345,0.4286,0.4222,0.4265,0.4194,73.5293,96.4281,1621.9192,123.3731,-13.1615,0.3981,0.449,-597.0489,0.0,1.22,1.43,36.533,32.0,27.717,30.8,3.477,2.76,6.833,7.3,37.667,36.0,34.617,33.2,43.533,26.7,268.67333333333335,230.878850445,,190.60477617365,1089.3890968508615,1059.975,1021.9542980012442,963.3648258333332,563.665,338.26916666666665,98.1,96.4,96.8,92.5,199.07542137038712,203.289689890296,220.0812656792285,221.3372982910953,1020.0,1446.05,998.28,1154.7766666666666,1242.866,4093.0,654.0,1.5596330275229358,340.43,429.9716666666666,315.2375,,,,,,,,,,,,,2.154502718745261
2025,Акмолинская область,Зерновые и бобовые (группа),г.а. Кокшетау,2682.0,3356.880000000001,1290.0,stat_gov_kz_real_group,Кокшетау,Grains and legumes (group),1,1,0,0,0,53.2852,69.3815,15.4649,342.0748,1142.1181,3189.8091,204.0793,18.1921,18.7618,640.3025,0.4059,0.3919,0.3572,0.3485,0.3059,54.4526,87.6022,1920.1342,154.561,-8.6046,0.2995,0.3021,-800.0434,0.0,1.22,1.43,36.533,32.0,27.717,30.8,3.477,2.76,6.833,7.3,37.667,36.0,34.617,33.2,43.533,26.7,243.3325,219.61538460375,,203.19753726864084,1226.4814225569482,1262.8893305316649,1139.8729249670616,1006.980403811544,685.2199999999999,422.655,99.9,101.1,95.5,114.4,198.87634594901675,205.52587647908928,210.1776087236632,253.20986924501307,1789.9999999999998,1020.0,1446.05,1418.6833333333334,1366.866,3832.0,1451.5,1.2332070272132276,268.67333333333335,340.43,429.9716666666666,,,,,,,,,,,,,2.1760991796478937
2022,Акмолинская область,Масличные (группа),г.а. Кокшетау,1294.4,1000.85,770.0,stat_gov_kz_real_group,Кокшетау,Oilseeds (group),1,1,0,0,0,53.2852,69.3815,15.6209,185.0256,1321.2304,3355.2976,132.6789,17.9601,18.8537,725.0013,0.2901,0.3102,0.3292,0.3396,0.2991,51.0796,62.9446,1949.9112,126.8416,-9.6251,0.14,0.163,-1136.2048,0.0,1.22,1.43,36.533,32.0,27.717,30.8,3.477,2.76,6.833,7.3,37.667,36.0,34.617,33.2,43.533,26.7,429.9716666666666,381.91843016614285,,318.80665693333333,1756.7299999999998,1650.8083333333334,1666.7975,1275.9916666666666,772.1583333333333,700.015,117.2,119.8,120.3,119.5,205.1881825157127,219.4395640458116,242.9024352785156,263.238246116725,614.75,1440.0,940.0,998.25,1012.1700000000001,617.0,513.4357894736843,1.1973259609155245,315.2375,231.56548795,201.692128575,,,,,,,,,,,,,
2023,Акмолинская область,Масличные (группа),г.а. Кокшетау,778.0,386.1,530.0,stat_gov_kz_real_group,Кокшетау,Oilseeds (group),1,1,0,0,0,53.2852,69.3815,15.4307,131.2289,856.4739,2485.4916,50.1576,18.9039,20.4825,513.2944,0.3085,0.3218,0.3085,0.2907,0.2872,24.938,10.3643,1918.8201,92.1687,-12.6481,0.1532,0.0924,-725.245,0.0,1.22,1.43,36.533,32.0,27.717,30.8,3.477,2.76,6.833,7.3,37.667,36.0,34.617,33.2,43.533,26.7,340.43,257.74181354863634,,252.65528515370417,1065.1408333333334,1006.6991666666668,1118.5016666666668,886.4533333333334,550.0483333333333,358.0016666666667,98.9,96.1,93.6,90.9,202.9311125080399,210.8814210480249,227.35667942069057,239.28356572010304,770.0,614.75,1440.0,941.5833333333334,928.95,1294.4,564.7368421052631,1.3634669151910532,429.9716666666666,315.2375,231.56548795,,,,,,,,,,,,,
2024,Акмолинская область,Масличные (группа),г.а. Кокшетау,539.0,288.0,530.0,stat_gov_kz_real_group,Кокшетау,Oilseeds (group),1,1,0,0,0,53.2852,69.3815,13.8427,394.8848,991.9338,3115.9226,267.3435,16.2539,18.5246,565.1573,0.4345,0.4286,0.4222,0.4265,0.4194,73.5293,96.4281,1621.9192,123.3731,-13.1615,0.3981,0.449,-597.0489,0.0,1.22,1.43,36.533,32.0,27.717,30.8,3.477,2.76,6.833,7.3,37.667,36.0,34.617,33.2,43.533,26.7,268.67333333333335,230.878850445,,190.60477617365,1089.3890968508615,1059.975,1021.9542980012442,963.3648258333332,563.665,338.26916666666665,98.1,96.4,96.8,92.5,199.07542137038712,203.289689890296,220.0812656792285,221.3372982910953,530.0,770.0,614.75,638.25,858.95,778.0,530.5555555555555,0.9989528795811519,340.43,429.9716666666666,315.2375,,,,,,,,,,,,,2.154502718745261
2025,Акмолинская область,Масличные (группа),г.а. Кокшетау,2768.8,2934.5400000000004,1120.0,stat_gov_kz_real_group,Кокшетау,Oilseeds (group),1,1,0,0,0,53.2852,69.3815,15.4649,342.0748,1142.1181,3189.8091,204.0793,18.1921,18.7618,640.3025,0.4059,0.3919,0.3572,0.3485,0.3059,54.4526,87.6022,1920.1342,154.561,-8.6046,0.2995,0.3021,-800.0434,0.0,1.22,1.43,36.533,32.0,27.717,30.8,3.477,2.76,6.833,7.3,37.667,36.0,34.617,33.2,43.533,26.7,243.3325,219.61538460375,,203.19753726864084,1226.4814225569482,1262.8893305316649,1139.8729249670616,1006.980403811544,685.2199999999999,422.655,99.9,101.1,95.5,114.4,198.87634594901675,205.52587647908928,210.1776087236632,253.20986924501307,530.0,530.0,770.0,610.0,776.95,539.0,1064.7368421052631,0.49777558082056356,268.67333333333335,340.43,429.9716666666666,,,,,,,,,,,,,2.1760991796478937
2022,Акмолинская область,Пшеница,г.а. Кокшетау,3003.8,3902.85,1470.44,stat_gov_kz_real,Кокшетау,Wheat,0,1,0,0,0,53.2852,69.3815,15.6209,185.0256,1321.2304,3355.2976,132.6789,17.9601,18.8537,725.0013,0.2901,0.3102,0.3292,0.3396,0.2991,51.0796,62.9446,1949.9112,126.8416,-9.6251,0.14,0.163,-1136.2048,0.0,1.22,1.43,36.533,32.0,27.717,30.8,3.477,2.76,6.833,7.3,37.667,36.0,34.617,33.2,43.533,26.7,429.9716666666666,381.91843016614285,,318.80665693333333,1756.7299999999998,1650.8083333333334,1666.7975,1275.9916666666666,772.1583333333333,700.015,117.2,119.8,120.3,119.5,205.1881825157127,219.4395640458116,242.9024352785156,263.238246116725,1037.53,1710.0000000000002,1040.0,1262.51,1355.506,2830.38,934.8894736842107,1.1097889421209373,315.2375,231.56548795,201.692128575,113147.0,1.0,108749.5,2.0,110215.33333333331,3.0,,,,,,,
2023,Акмолинская область,Пшеница,г.а. Кокшетау,2649.0,1747.1,730.0,stat_gov_kz_real,Кокшетау,Wheat,0,1,0,0,0,53.2852,69.3815,15.4307,131.2289,856.4739,2485.4916,50.1576,18.9039,20.4825,513.2944,0.3085,0.3218,0.3085,0.2907,0.2872,24.938,10.3643,1918.8201,92.1687,-12.6481,0.1532,0.0924,-725.245,0.0,1.22,1.43,36.533,32.0,27.717,30.8,3.477,2.76,6.833,7.3,37.667,36.0,34.617,33.2,43.533,26.7,340.43,257.74181354863634,,252.65528515370417,1065.1408333333334,1006.6991666666668,1118.5016666666668,886.4533333333334,550.0483333333333,358.0016666666667,98.9,96.1,93.6,90.9,202.9311125080399,210.8814210480249,227.35667942069057,239.28356572010304,1470.44,1037.53,1710.0000000000002,1405.99,1265.594,3003.8,1146.2963157894737,1.2827747762473467,429.9716666666666,315.2375,231.56548795,95060.33333333331,3.0,108567.0,2.0,98823.25,12.0,113147.0,1.0,108749.5,2.0,,-0.0016781686352580483,
2024,Акмолинская область,Пшеница,г.а. Кокшетау,3270.0,5826.1,1780.0,stat_gov_kz_real,Кокшетау,Wheat,0,1,0,0,0,53.2852,69.3815,13.8427,394.8848,991.9338,3115.9226,267.3435,16.2539,18.5246,565.1573,0.4345,0.4286,0.4222,0.4265,0.4194,73.5293,96.4281,1621.9192,123.3731,-13.1615,0.3981,0.449,-597.0489,0.0,1.22,1.43,36.533,32.0,27.717,30.8,3.477,2.76,6.833,7.3,37.667,36.0,34.617,33.2,43.533,26.7,268.67333333333335,230.878850445,,190.60477617365,1089.3890968508615,1059.975,1021.9542980012442,963.3648258333332,563.665,338.26916666666665,98.1,96.4,96.8,92.5,199.07542137038712,203.289689890296,220.0812656792285,221.3372982910953,730.0,1470.44,1037.53,1079.3233333333335,1197.594,2649.0,648.421052631579,1.1258116883116882,340.43,429.9716666666666,315.2375,94039.33333333331,3.0,69241.5,2.0,104876.16666666669,12.0,95060.33333333331,3.0,108567.0,2.0,-0.010740547231407382,-0.36222332753046504,2.154502718745261
2025,Акмолинская область,Пшеница,г.а. Кокшетау,1745.0,2324.35,1330.0,stat_gov_kz_real,Кокшетау,Wheat,0,1,0,0,0,53.2852,69.3815,15.4649,342.0748,1142.1181,3189.8091,204.0793,18.1921,18.7618,640.3025,0.4059,0.3919,0.3572,0.3485,0.3059,54.4526,87.6022,1920.1342,154.561,-8.6046,0.2995,0.3021,-800.0434,0.0,1.22,1.43,36.533,32.0,27.717,30.8,3.477,2.76,6.833,7.3,37.667,36.0,34.617,33.2,43.533,26.7,243.3325,219.61538460375,,203.19753726864084,1226.4814225569482,1262.8893305316649,1139.8729249670616,1006.980403811544,685.2199999999999,422.655,99.9,101.1,95.5,114.4,198.87634594901675,205.52587647908928,210.1776087236632,253.20986924501307,1780.0,730.0,1470.44,1326.8133333333333,1345.594,3270.0,1401.578947368421,1.2699962448366504,268.67333333333335,340.43,429.9716666666666,90413.33333333331,3.0,86792.0,2.0,86058.83333333333,12.0,94039.33333333331,3.0,69241.5,2.0,-0.0385583337468719,0.25346793469234496,2.1760991796478937
2022,Акмолинская область,Зерновые и бобовые (группа),Коргалжынский,152040.7,100441.26,692.41,stat_gov_kz_real_group,Коргалжынский,Grains and legumes (group),1,0,0,0,0,50.5744,69.7858,16.912,96.9171,1084.9122,3604.2994,75.311,19.7942,20.8685,672.0363,0.2172,0.2489,0.1672,0.2077,0.2076,10.5737,50.1299,2186.831,173.3055,-10.2681,0.0893,0.1103,-987.995,0.0,1.257,1.39,25.517,23.5,24.067,28.0,2.702,2.08,7.617,7.8,48.667,44.8,27.283,27.2,51.25,41.6,429.9716666666666,381.91843016614285,,318.80665693333333,1756.7299999999998,1650.8083333333334,1666.7975,1275.9916666666666,772.1583333333333,700.015,117.2,119.8,120.3,119.5,205.1881825157127,219.4395640458116,242.9024352785156,263.238246116725,986.65,1140.0,650.0,925.5500000000001,906.85,139169.5,929.1063157894737,1.0619344452110744,315.2375,231.56548795,201.692128575,,,,,,,,,,,,,
2023,Акмолинская область,Зерновые и бобовые (группа),Коргалжынский,169343.0,69974.49,470.0,stat_gov_kz_real_group,Коргалжынский,Grains and legumes (group),1,0,0,0,0,50.5744,69.7858,16.5644,107.1422,689.0766,2666.7644,39.6164,20.3983,22.4444,458.2316,0.2511,0.2809,0.19,0.1604,0.1778,15.2142,4.2057,2166.2425,88.9178,-13.5718,0.1555,0.0881,-581.9345,0.0,1.257,1.39,25.517,23.5,24.067,28.0,2.702,2.08,7.617,7.8,48.667,44.8,27.283,27.2,51.25,41.6,340.43,257.74181354863634,,252.65528515370417,1065.1408333333334,1006.6991666666668,1118.5016666666668,886.4533333333334,550.0483333333333,358.0016666666667,98.9,96.1,93.6,90.9,202.9311125080399,210.8814210480249,227.35667942069057,239.28356572010304,692.41,986.65,1140.0,939.6866666666666,901.8119999999999,152040.7,1123.784,0.6161415360959045,429.9716666666666,315.2375,231.56548795,,,,,,,,,,,,,
2024,Акмолинская область,Зерновые и бобовые (группа),Коргалжынский,153426.0,184531.19,1200.0,stat_gov_kz_real_group,Коргалжынский,Grains and legumes (group),1,0,0,0,0,50.5744,69.7858,15.6394,236.0469,948.8885,3442.3354,152.6901,18.542,20.8311,588.8823,0.3415,0.3336,0.2503,0.2545,0.2423,18.7737,53.1659,1953.2149,126.6873,-11.8174,0.2488,0.2639,-712.8415,0.0,1.257,1.39,25.517,23.5,24.067,28.0,2.702,2.08,7.617,7.8,48.667,44.8,27.283,27.2,51.25,41.6,268.67333333333335,230.878850445,,190.60477617365,1089.3890968508615,1059.975,1021.9542980012442,963.3648258333332,563.665,338.26916666666665,98.1,96.4,96.8,92.5,199.07542137038712,203.289689890296,220.0812656792285,221.3372982910953,470.0,692.41,986.65,716.3533333333334,787.812,169343.0,654.0,0.7186544342507645,340.43,429.9716666666666,315.2375,,,,,,,,,,,,,2.154502718745261
2025,Акмолинская область,Зерновые и бобовые (группа),Коргалжынский,155494.5,179428.87,1200.0,stat_gov_kz_real_group,Коргалжынский,Grains and legumes (group),1,0,0,0,0,50.5744,69.7858,17.2284,256.6517,1061.1483,3575.3766,167.5581,20.362,20.8422,626.5104,0.272,0.2981,0.2741,0.2182,0.2264,64.4338,45.1409,2245.2042,191.6375,-9.4134,0.2419,0.2642,-804.4967,0.0,1.257,1.39,25.517,23.5,24.067,28.0,2.702,2.08,7.617,7.8,48.667,44.8,27.283,27.2,51.25,41.6,243.3325,219.61538460375,,203.19753726864084,1226.4814225569482,1262.8893305316649,1139.8729249670616,1006.980403811544,685.2199999999999,422.655,99.9,101.1,95.5,114.4,198.87634594901675,205.52587647908928,210.1776087236632,253.20986924501307,1200.0,470.0,692.41,787.4699999999999,897.8119999999999,153426.0,1451.5,0.826730967964175,268.67333333333335,340.43,429.9716666666666,,,,,,,,,,,,,2.1760991796478937
2022,Акмолинская область,Масличные (группа),Коргалжынский,7001.0,1434.2,250.0,stat_gov_kz_real_group,Коргалжынский,Oilseeds (group),1,0,0,0,0,50.5744,69.7858,16.912,96.9171,1084.9122,3604.2994,75.311,19.7942,20.8685,672.0363,0.2172,0.2489,0.1672,0.2077,0.2076,10.5737,50.1299,2186.831,173.3055,-10.2681,0.0893,0.1103,-987.995,0.0,1.257,1.39,25.517,23.5,24.067,28.0,2.702,2.08,7.617,7.8,48.667,44.8,27.283,27.2,51.25,41.6,429.9716666666666,381.91843016614285,,318.80665693333333,1756.7299999999998,1650.8083333333334,1666.7975,1275.9916666666666,772.1583333333333,700.015,117.2,119.8,120.3,119.5,205.1881825157127,219.4395640458116,242.9024352785156,263.238246116725,395.12,610.0,600.0,535.04,469.024,4784.0,513.4357894736843,0.7695606891857537,315.2375,231.56548795,201.692128575,,,,,,,,,,,,,
2023,Акмолинская область,Масличные (группа),Коргалжынский,3023.0,362.1,120.0,stat_gov_kz_real_group,Коргалжынский,Oilseeds (group),1,0,0,0,0,50.5744,69.7858,16.5644,107.1422,689.0766,2666.7644,39.6164,20.3983,22.4444,458.2316,0.2511,0.2809,0.19,0.1604,0.1778,15.2142,4.2057,2166.2425,88.9178,-13.5718,0.1555,0.0881,-581.9345,0.0,1.257,1.39,25.517,23.5,24.067,28.0,2.702,2.08,7.617,7.8,48.667,44.8,27.283,27.2,51.25,41.6,340.43,257.74181354863634,,252.65528515370417,1065.1408333333334,1006.6991666666668,1118.5016666666668,886.4533333333334,550.0483333333333,358.0016666666667,98.9,96.1,93.6,90.9,202.9311125080399,210.8814210480249,227.35667942069057,239.28356572010304,250.0,395.12,610.0,418.3733333333333,419.024,7001.0,564.7368421052631,0.4426840633737186,429.9716666666666,315.2375,231.56548795,,,,,,,,,,,,,
2024,Акмолинская область,Масличные (группа),Коргалжынский,2234.0,1150.13,510.0,stat_gov_kz_real_group,Коргалжынский,Oilseeds (group),1,0,0,0,0,50.5744,69.7858,15.6394,236.0469,948.8885,3442.3354,152.6901,18.542,20.8311,588.8823,0.3415,0.3336,0.2503,0.2545,0.2423,18.7737,53.1659,1953.2149,126.6873,-11.8174,0.2488,0.2639,-712.8415,0.0,1.257,1.39,25.517,23.5,24.067,28.0,2.702,2.08,7.617,7.8,48.667,44.8,27.283,27.2,51.25,41.6,268.67333333333335,230.878850445,,190.60477617365,1089.3890968508615,1059.975,1021.9542980012442,963.3648258333332,563.665,338.26916666666665,98.1,96.4,96.8,92.5,199.07542137038712,203.289689890296,220.0812656792285,221.3372982910953,120.0,250.0,395.12,255.04,395.024,3023.0,530.5555555555555,0.2261780104712042,340.43,429.9716666666666,315.2375,,,,,,,,,,,,,2.154502718745261
2025,Акмолинская область,Масличные (группа),Коргалжынский,8609.0,5740.900000000001,670.0,stat_gov_kz_real_group,Коргалжынский,Oilseeds (group),1,0,0,0,0,50.5744,69.7858,17.2284,256.6517,1061.1483,3575.3766,167.5581,20.362,20.8422,626.5104,0.272,0.2981,0.2741,0.2182,0.2264,64.4338,45.1409,2245.2042,191.6375,-9.4134,0.2419,0.2642,-804.4967,0.0,1.257,1.39,25.517,23.5,24.067,28.0,2.702,2.08,7.617,7.8,48.667,44.8,27.283,27.2,51.25,41.6,243.3325,219.61538460375,,203.19753726864084,1226.4814225569482,1262.8893305316649,1139.8729249670616,1006.980403811544,685.2199999999999,422.655,99.9,101.1,95.5,114.4,198.87634594901675,205.52587647908928,210.1776087236632,253.20986924501307,510.0,120.0,250.0,293.3333333333333,377.024,2234.0,1064.7368421052631,0.4789915966386555,268.67333333333335,340.43,429.9716666666666,,,,,,,,,,,,,2.1760991796478937
2022,Акмолинская область,Подсолнечник,Коргалжынский,,205.2,400.0,stat_gov_kz_real,Коргалжынский,Sunflower seed,0,0,0,0,0,50.5744,69.7858,16.912,96.9171,1084.9122,3604.2994,75.311,19.7942,20.8685,672.0363,0.2172,0.2489,0.1672,0.2077,0.2076,10.5737,50.1299,2186.831,173.3055,-10.2681,0.0893,0.1103,-987.995,0.0,1.257,1.39,25.517,23.5,24.067,28.0,2.702,2.08,7.617,7.8,48.667,44.8,27.283,27.2,51.25,41.6,429.9716666666666,381.91843016614285,,318.80665693333333,1756.7299999999998,1650.8083333333334,1666.7975,1275.9916666666666,772.1583333333333,700.015,117.2,119.8,120.3,119.5,205.1881825157127,219.4395640458116,242.9024352785156,263.238246116725,,,,,,,607.8571428571429,,315.2375,231.56548795,201.692128575,,,,,,,,,,,,,
2023,Акмолинская область,Подсолнечник,Коргалжынский,,44.0,80.0,stat_gov_kz_real,Коргалжынский,Sunflower seed,0,0,0,0,0,50.5744,69.7858,16.5644,107.1422,689.0766,2666.7644,39.6164,20.3983,22.4444,458.2316,0.2511,0.2809,0.19,0.1604,0.1778,15.2142,4.2057,2166.2425,88.9178,-13.5718,0.1555,0.0881,-581.9345,0.0,1.257,1.39,25.517,23.5,24.067,28.0,2.702,2.08,7.617,7.8,48.667,44.8,27.283,27.2,51.25,41.6,340.43,257.74181354863634,,252.65528515370417,1065.1408333333334,1006.6991666666668,1118.5016666666668,886.4533333333334,550.0483333333333,358.0016666666667,98.9,96.1,93.6,90.9,202.9311125080399,210.8814210480249,227.35667942069057,239.28356572010304,400.0,,,400.0,400.0,,838.0,0.477326968973747,429.9716666666666,315.2375,231.56548795,,,,,,,,,,,,,
2024,Акмолинская область,Подсолнечник,Коргалжынский,,346.38000000000005,700.0,stat_gov_kz_real,Коргалжынский,Sunflower seed,0,0,0,0,0,50.5744,69.7858,15.6394,236.0469,948.8885,3442.3354,152.6901,18.542,20.8311,588.8823,0.3415,0.3336,0.2503,0.2545,0.2423,18.7737,53.1659,1953.2149,126.6873,-11.8174,0.2488,0.2639,-712.8415,0.0,1.257,1.39,25.517,23.5,24.067,28.0,2.702,2.08,7.617,7.8,48.667,44.8,27.283,27.2,51.25,41.6,268.67333333333335,230.878850445,,190.60477617365,1089.3890968508615,1059.975,1021.9542980012442,963.3648258333332,563.665,338.26916666666665,98.1,96.4,96.8,92.5,199.07542137038712,203.289689890296,220.0812656792285,221.3372982910953,80.0,400.0,,240.0,240.0,,731.25,0.1094017094017094,340.43,429.9716666666666,315.2375,,,149181.0,1.0,142351.5,2.0,,,,,,,2.154502718745261
2025,Акмолинская область,Подсолнечник,Коргалжынский,,1788.6,700.0,stat_gov_kz_real,Коргалжынский,Sunflower seed,0,0,0,0,0,50.5744,69.7858,17.2284,256.6517,1061.1483,3575.3766,167.5581,20.362,20.8422,626.5104,0.272,0.2981,0.2741,0.2182,0.2264,64.4338,45.1409,2245.2042,191.6375,-9.4134,0.2419,0.2642,-804.4967,0.0,1.257,1.39,25.517,23.5,24.067,28.0,2.702,2.08,7.617,7.8,48.667,44.8,27.283,27.2,51.25,41.6,243.3325,219.61538460375,,203.19753726864084,1226.4814225569482,1262.8893305316649,1139.8729249670616,1006.980403811544,685.2199999999999,422.655,99.9,101.1,95.5,114.4,198.87634594901675,205.52587647908928,210.1776087236632,253.20986924501307,700.0,80.0,400.0,393.3333333333333,393.3333333333333,,1356.111111111111,0.5161818926669398,268.67333333333335,340.43,429.9716666666666,,,188868.0,1.0,164717.5,4.0,,,149181.0,1.0,,,2.1760991796478937
2022,Акмолинская область,Пшеница,Коргалжынский,140886.7,94982.43,704.6899999999999,stat_gov_kz_real,Коргалжынский,Wheat,0,0,0,0,0,50.5744,69.7858,16.912,96.9171,1084.9122,3604.2994,75.311,19.7942,20.8685,672.0363,0.2172,0.2489,0.1672,0.2077,0.2076,10.5737,50.1299,2186.831,173.3055,-10.2681,0.0893,0.1103,-987.995,0.0,1.257,1.39,25.517,23.5,24.067,28.0,2.702,2.08,7.617,7.8,48.667,44.8,27.283,27.2,51.25,41.6,429.9716666666666,381.91843016614285,,318.80665693333333,1756.7299999999998,1650.8083333333334,1666.7975,1275.9916666666666,772.1583333333333,700.015,117.2,119.8,120.3,119.5,205.1881825157127,219.4395640458116,242.9024352785156,263.238246116725,996.53,1130.0,650.0,925.5099999999999,907.3059999999999,128063.5,934.8894736842107,1.0659334905899374,315.2375,231.56548795,201.692128575,113147.0,1.0,108749.5,2.0,110215.33333333331,3.0,,,,,,,
2023,Акмолинская область,Пшеница,Коргалжынский,151445.0,64876.89000000001,480.0,stat_gov_kz_real,Коргалжынский,Wheat,0,0,0,0,0,50.5744,69.7858,16.5644,107.1422,689.0766,2666.7644,39.6164,20.3983,22.4444,458.2316,0.2511,0.2809,0.19,0.1604,0.1778,15.2142,4.2057,2166.2425,88.9178,-13.5718,0.1555,0.0881,-581.9345,0.0,1.257,1.39,25.517,23.5,24.067,28.0,2.702,2.08,7.617,7.8,48.667,44.8,27.283,27.2,51.25,41.6,340.43,257.74181354863634,,252.65528515370417,1065.1408333333334,1006.6991666666668,1118.5016666666668,886.4533333333334,550.0483333333333,358.0016666666667,98.9,96.1,93.6,90.9,202.9311125080399,210.8814210480249,227.35667942069057,239.28356572010304,704.6899999999999,996.53,1130.0,943.7399999999999,902.2439999999999,140886.7,1146.2963157894737,0.614753785991773,429.9716666666666,315.2375,231.56548795,95060.33333333331,3.0,108567.0,2.0,98823.25,12.0,113147.0,1.0,108749.5,2.0,,-0.0016781686352580483,
2024,Акмолинская область,Пшеница,Коргалжынский,132684.0,154738.4,1170.0,stat_gov_kz_real,Коргалжынский,Wheat,0,0,0,0,0,50.5744,69.7858,15.6394,236.0469,948.8885,3442.3354,152.6901,18.542,20.8311,588.8823,0.3415,0.3336,0.2503,0.2545,0.2423,18.7737,53.1659,1953.2149,126.6873,-11.8174,0.2488,0.2639,-712.8415,0.0,1.257,1.39,25.517,23.5,24.067,28.0,2.702,2.08,7.617,7.8,48.667,44.8,27.283,27.2,51.25,41.6,268.67333333333335,230.878850445,,190.60477617365,1089.3890968508615,1059.975,1021.9542980012442,963.3648258333332,563.665,338.26916666666665,98.1,96.4,96.8,92.5,199.07542137038712,203.289689890296,220.0812656792285,221.3372982910953,480.0,704.6899999999999,996.53,727.0733333333334,792.244,151445.0,648.421052631579,0.7402597402597403,340.43,429.9716666666666,315.2375,94039.33333333331,3.0,69241.5,2.0,104876.16666666669,12.0,95060.33333333331,3.0,108567.0,2.0,-0.010740547231407382,-0.36222332753046504,2.154502718745261
2025,Акмолинская область,Пшеница,Коргалжынский,140886.5,166604.7,1230.0,stat_gov_kz_real,Коргалжынский,Wheat,0,0,0,0,0,50.5744,69.7858,17.2284,256.6517,1061.1483,3575.3766,167.5581,20.362,20.8422,626.5104,0.272,0.2981,0.2741,0.2182,0.2264,64.4338,45.1409,2245.2042,191.6375,-9.4134,0.2419,0.2642,-804.4967,0.0,1.257,1.39,25.517,23.5,24.067,28.0,2.702,2.08,7.617,7.8,48.667,44.8,27.283,27.2,51.25,41.6,243.3325,219.61538460375,,203.19753726864084,1226.4814225569482,1262.8893305316649,1139.8729249670616,1006.980403811544,685.2199999999999,422.655,99.9,101.1,95.5,114.4,198.87634594901675,205.52587647908928,210.1776087236632,253.20986924501307,1170.0,480.0,704.6899999999999,784.8966666666666,896.244,132684.0,1401.578947368421,0.8347728126173488,268.67333333333335,340.43,429.9716666666666,90413.33333333331,3.0,86792.0,2.0,86058.83333333333,12.0,94039.33333333331,3.0,69241.5,2.0,-0.0385583337468719,0.25346793469234496,2.1760991796478937
2022,Акмолинская область,Зерновые и бобовые (группа),г.а Косшы,,61.5,759.26,stat_gov_kz_real_group,Косшы,Grains and legumes (group),1,1,0,0,0,50.9754,71.3549,16.7187,131.4724,1435.979,3570.8607,94.0141,19.5531,20.1601,829.8542,0.1915,0.2053,0.169,0.1952,0.1714,15.7093,56.5989,2150.1854,167.6867,-9.7915,0.0916,0.1047,-1304.5066,0.0,1.245,1.42,28.317,26.3,28.017,31.3,3.463,2.81,7.233,7.6,46.7,44.3,25.25,24.4,37.867,22.0,429.9716666666666,381.91843016614285,,318.80665693333333,1756.7299999999998,1650.8083333333334,1666.7975,1275.9916666666666,772.1583333333333,700.015,117.2,119.8,120.3,119.5,205.1881825157127,219.4395640458116,242.9024352785156,263.238246116725,,,,,,,929.1063157894737,,315.2375,231.56548795,201.692128575,,,,,,,,,,,,,
2023,Акмолинская область,Зерновые и бобовые (группа),г.а Косшы,,39.3,570.0,stat_gov_kz_real_group,Косшы,Grains and legumes (group),1,1,0,0,0,50.9754,71.3549,16.338,111.0749,944.3958,2674.9119,28.2083,20.2495,22.0558,602.4492,0.2002,0.2262,0.1789,0.157,0.1587,16.0727,5.5889,2114.2129,80.3975,-13.389,0.1176,0.0453,-833.321,0.0,1.245,1.42,28.317,26.3,28.017,31.3,3.463,2.81,7.233,7.6,46.7,44.3,25.25,24.4,37.867,22.0,340.43,257.74181354863634,,252.65528515370417,1065.1408333333334,1006.6991666666668,1118.5016666666668,886.4533333333334,550.0483333333333,358.0016666666667,98.9,96.1,93.6,90.9,202.9311125080399,210.8814210480249,227.35667942069057,239.28356572010304,759.26,,,759.26,759.26,,1123.784,0.6756280566372185,429.9716666666666,315.2375,231.56548795,,,,,,,,,,,,,
2024,Акмолинская область,Зерновые и бобовые (группа),г.а Косшы,,70.4,1639.9999999999998,stat_gov_kz_real_group,Косшы,Grains and legumes (group),1,1,0,0,0,50.9754,71.3549,14.8122,296.405,1101.8002,3353.4942,161.7727,17.5288,19.8501,661.6411,0.3358,0.3183,0.2564,0.2345,0.2023,28.0005,52.3882,1801.5341,124.9371,-11.6682,0.269,0.2502,-805.3952,0.0,1.245,1.42,28.317,26.3,28.017,31.3,3.463,2.81,7.233,7.6,46.7,44.3,25.25,24.4,37.867,22.0,268.67333333333335,230.878850445,,190.60477617365,1089.3890968508615,1059.975,1021.9542980012442,963.3648258333332,563.665,338.26916666666665,98.1,96.4,96.8,92.5,199.07542137038712,203.289689890296,220.0812656792285,221.3372982910953,570.0,759.26,,664.63,664.63,,654.0,0.8715596330275229,340.43,429.9716666666666,315.2375,,,,,,,,,,,,,2.154502718745261
2025,Акмолинская область,Зерновые и бобовые (группа),г.а Косшы,,4.82,690.0,stat_gov_kz_real_group,Косшы,Grains and legumes (group),1,1,0,0,0,50.9754,71.3549,16.6004,273.9188,1297.9116,3495.8483,157.6992,19.4678,19.9835,736.2295,0.2507,0.2651,0.2399,0.2142,0.2018,66.0499,43.8762,2129.2216,176.8435,-9.4794,0.211,0.2105,-1023.9928,0.0,1.245,1.42,28.317,26.3,28.017,31.3,3.463,2.81,7.233,7.6,46.7,44.3,25.25,24.4,37.867,22.0,243.3325,219.61538460375,,203.19753726864084,1226.4814225569482,1262.8893305316649,1139.8729249670616,1006.980403811544,685.2199999999999,422.655,99.9,101.1,95.5,114.4,198.87634594901675,205.52587647908928,210.1776087236632,253.20986924501307,1639.9999999999998,570.0,759.26,989.7533333333334,989.7533333333334,,1451.5,1.1298656562177056,268.67333333333335,340.43,429.9716666666666,,,,,,,,,,,,,2.1760991796478937
2022,Акмолинская область,Зерновые и бобовые (группа),Сандыктауский,314242.1,625177.35,1989.48,stat_gov_kz_real_group,Сандыктауский,Grains and legumes (group),1,0,0,0,0,52.3955,68.734,15.1956,179.074,1546.707,3427.5439,127.5643,17.6983,18.7229,881.5444,0.2974,0.3324,0.324,0.3248,0.2946,44.6053,62.9422,1872.3262,184.8293,-10.6158,0.1158,0.1302,-1367.633,0.0,1.157,1.39,39.45,39.3,28.517,30.5,4.227,3.71,6.967,7.2,42.017,40.5,29.483,29.0,45.5,26.2,429.9716666666666,381.91843016614285,,318.80665693333333,1756.7299999999998,1650.8083333333334,1666.7975,1275.9916666666666,772.1583333333333,700.015,117.2,119.8,120.3,119.5,205.1881825157127,219.4395640458116,242.9024352785156,263.238246116725,1177.29,1610.0000000000002,1380.0,1389.0966666666666,1475.45,309751.98,929.1063157894737,1.267120866571272,315.2375,231.56548795,201.692128575,,,,,,,,,,,,,
2023,Акмолинская область,Зерновые и бобовые (группа),Сандыктауский,330385.6,389195.27,1220.0,stat_gov_kz_real_group,Сандыктауский,Grains and legumes (group),1,0,0,0,0,52.3955,68.734,14.9782,150.2451,979.4247,2512.6912,45.9349,18.5787,20.291,616.0478,0.3395,0.3651,0.279,0.2924,0.2857,15.292,16.711,1879.0141,122.664,-13.6727,0.1534,0.0717,-829.1796,0.0,1.157,1.39,39.45,39.3,28.517,30.5,4.227,3.71,6.967,7.2,42.017,40.5,29.483,29.0,45.5,26.2,340.43,257.74181354863634,,252.65528515370417,1065.1408333333334,1006.6991666666668,1118.5016666666668,886.4533333333334,550.0483333333333,358.0016666666667,98.9,96.1,93.6,90.9,202.9311125080399,210.8814210480249,227.35667942069057,239.28356572010304,1989.48,1177.29,1610.0000000000002,1592.256666666667,1537.354,314242.1,1123.784,1.7703402077267516,429.9716666666666,315.2375,231.56548795,,,,,,,,,,,,,
2024,Акмолинская область,Зерновые и бобовые (группа),Сандыктауский,311125.5,562634.92,1930.0,stat_gov_kz_real_group,Сандыктауский,Grains and legumes (group),1,0,0,0,0,52.3955,68.734,13.5951,432.2319,1171.5979,3249.8535,250.0622,16.2434,18.3218,680.8219,0.4582,0.4604,0.4058,0.4115,0.4106,54.3228,92.9596,1577.3073,160.4507,-13.8433,0.3689,0.3457,-739.366,0.0,1.157,1.39,39.45,39.3,28.517,30.5,4.227,3.71,6.967,7.2,42.017,40.5,29.483,29.0,45.5,26.2,268.67333333333335,230.878850445,,190.60477617365,1089.3890968508615,1059.975,1021.9542980012442,963.3648258333332,563.665,338.26916666666665,98.1,96.4,96.8,92.5,199.07542137038712,203.289689890296,220.0812656792285,221.3372982910953,1220.0,1989.48,1177.29,1462.256666666667,1475.354,330385.6,654.0,1.8654434250764527,340.43,429.9716666666666,315.2375,,,,,,,,,,,,,2.154502718745261
2025,Акмолинская область,Зерновые и бобовые (группа),Сандыктауский,313239.8,694524.0800000001,2220.0,stat_gov_kz_real_group,Сандыктауский,Grains and legumes (group),1,0,0,0,0,52.3955,68.734,15.3681,284.7732,1388.0371,3304.1396,160.1071,18.1649,18.5915,772.0114,0.373,0.3794,0.3598,0.3299,0.3072,64.5417,54.7338,1903.1329,214.1161,-9.8041,0.2052,0.1964,-1103.2639,0.0,1.157,1.39,39.45,39.3,28.517,30.5,4.227,3.71,6.967,7.2,42.017,40.5,29.483,29.0,45.5,26.2,243.3325,219.61538460375,,203.19753726864084,1226.4814225569482,1262.8893305316649,1139.8729249670616,1006.980403811544,685.2199999999999,422.655,99.9,101.1,95.5,114.4,198.87634594901675,205.52587647908928,210.1776087236632,253.20986924501307,1930.0,1220.0,1989.48,1713.1599999999999,1585.3539999999998,311125.5,1451.5,1.3296589734757147,268.67333333333335,340.43,429.9716666666666,,,,,,,,,,,,,2.1760991796478937
2022,Акмолинская область,Масличные (группа),Сандыктауский,16062.5,13385.770000000002,830.0000000000001,stat_gov_kz_real_group,Сандыктауский,Oilseeds (group),1,0,0,0,0,52.3955,68.734,15.1956,179.074,1546.707,3427.5439,127.5643,17.6983,18.7229,881.5444,0.2974,0.3324,0.324,0.3248,0.2946,44.6053,62.9422,1872.3262,184.8293,-10.6158,0.1158,0.1302,-1367.633,0.0,1.157,1.39,39.45,39.3,28.517,30.5,4.227,3.71,6.967,7.2,42.017,40.5,29.483,29.0,45.5,26.2,429.9716666666666,381.91843016614285,,318.80665693333333,1756.7299999999998,1650.8083333333334,1666.7975,1275.9916666666666,772.1583333333333,700.015,117.2,119.8,120.3,119.5,205.1881825157127,219.4395640458116,242.9024352785156,263.238246116725,710.04,1000.0,720.0,810.0133333333333,867.878,8497.8,513.4357894736843,1.382918788594484,315.2375,231.56548795,201.692128575,,,,,,,,,,,,,
2023,Акмолинская область,Масличные (группа),Сандыктауский,5306.0,3955.2,750.0,stat_gov_kz_real_group,Сандыктауский,Oilseeds (group),1,0,0,0,0,52.3955,68.734,14.9782,150.2451,979.4247,2512.6912,45.9349,18.5787,20.291,616.0478,0.3395,0.3651,0.279,0.2924,0.2857,15.292,16.711,1879.0141,122.664,-13.6727,0.1534,0.0717,-829.1796,0.0,1.157,1.39,39.45,39.3,28.517,30.5,4.227,3.71,6.967,7.2,42.017,40.5,29.483,29.0,45.5,26.2,340.43,257.74181354863634,,252.65528515370417,1065.1408333333334,1006.6991666666668,1118.5016666666668,886.4533333333334,550.0483333333333,358.0016666666667,98.9,96.1,93.6,90.9,202.9311125080399,210.8814210480249,227.35667942069057,239.28356572010304,830.0000000000001,710.04,1000.0,846.68,842.008,16062.5,564.7368421052631,1.4697110904007458,429.9716666666666,315.2375,231.56548795,,,,,,,,,,,,,
2024,Акмолинская область,Масличные (группа),Сандыктауский,16005.5,20567.2,1290.0,stat_gov_kz_real_group,Сандыктауский,Oilseeds (group),1,0,0,0,0,52.3955,68.734,13.5951,432.2319,1171.5979,3249.8535,250.0622,16.2434,18.3218,680.8219,0.4582,0.4604,0.4058,0.4115,0.4106,54.3228,92.9596,1577.3073,160.4507,-13.8433,0.3689,0.3457,-739.366,0.0,1.157,1.39,39.45,39.3,28.517,30.5,4.227,3.71,6.967,7.2,42.017,40.5,29.483,29.0,45.5,26.2,268.67333333333335,230.878850445,,190.60477617365,1089.3890968508615,1059.975,1021.9542980012442,963.3648258333332,563.665,338.26916666666665,98.1,96.4,96.8,92.5,199.07542137038712,203.289689890296,220.0812656792285,221.3372982910953,750.0,830.0000000000001,710.04,763.3466666666667,802.008,5306.0,530.5555555555555,1.4136125654450262,340.43,429.9716666666666,315.2375,,,,,,,,,,,,,2.154502718745261
2025,Акмолинская область,Масличные (группа),Сандыктауский,42953.3,65650.8,1570.0,stat_gov_kz_real_group,Сандыктауский,Oilseeds (group),1,0,0,0,0,52.3955,68.734,15.3681,284.7732,1388.0371,3304.1396,160.1071,18.1649,18.5915,772.0114,0.373,0.3794,0.3598,0.3299,0.3072,64.5417,54.7338,1903.1329,214.1161,-9.8041,0.2052,0.1964,-1103.2639,0.0,1.157,1.39,39.45,39.3,28.517,30.5,4.227,3.71,6.967,7.2,42.017,40.5,29.483,29.0,45.5,26.2,243.3325,219.61538460375,,203.19753726864084,1226.4814225569482,1262.8893305316649,1139.8729249670616,1006.980403811544,685.2199999999999,422.655,99.9,101.1,95.5,114.4,198.87634594901675,205.52587647908928,210.1776087236632,253.20986924501307,1290.0,750.0,830.0000000000001,956.6666666666666,916.008,16005.5,1064.7368421052631,1.2115669797330697,268.67333333333335,340.43,429.9716666666666,,,,,,,,,,,,,2.1760991796478937
2022,Акмолинская область,Подсолнечник,Сандыктауский,,3103.5200000000004,1610.0000000000002,stat_gov_kz_real,Сандыктауский,Sunflower seed,0,0,0,0,0,52.3955,68.734,15.1956,179.074,1546.707,3427.5439,127.5643,17.6983,18.7229,881.5444,0.2974,0.3324,0.324,0.3248,0.2946,44.6053,62.9422,1872.3262,184.8293,-10.6158,0.1158,0.1302,-1367.633,0.0,1.157,1.39,39.45,39.3,28.517,30.5,4.227,3.71,6.967,7.2,42.017,40.5,29.483,29.0,45.5,26.2,429.9716666666666,381.91843016614285,,318.80665693333333,1756.7299999999998,1650.8083333333334,1666.7975,1275.9916666666666,772.1583333333333,700.015,117.2,119.8,120.3,119.5,205.1881825157127,219.4395640458116,242.9024352785156,263.238246116725,910.0,1050.0,1330.0,1096.6666666666667,1256.0,,607.8571428571429,1.4970622796709752,315.2375,231.56548795,201.692128575,,,,,,,,,,,,,
2023,Акмолинская область,Подсолнечник,Сандыктауский,,1300.4,1460.0,stat_gov_kz_real,Сандыктауский,Sunflower seed,0,0,0,0,0,52.3955,68.734,14.9782,150.2451,979.4247,2512.6912,45.9349,18.5787,20.291,616.0478,0.3395,0.3651,0.279,0.2924,0.2857,15.292,16.711,1879.0141,122.664,-13.6727,0.1534,0.0717,-829.1796,0.0,1.157,1.39,39.45,39.3,28.517,30.5,4.227,3.71,6.967,7.2,42.017,40.5,29.483,29.0,45.5,26.2,340.43,257.74181354863634,,252.65528515370417,1065.1408333333334,1006.6991666666668,1118.5016666666668,886.4533333333334,550.0483333333333,358.0016666666667,98.9,96.1,93.6,90.9,202.9311125080399,210.8814210480249,227.35667942069057,239.28356572010304,1610.0000000000002,910.0,1050.0,1190.0,1274.0,,838.0,1.921241050119332,429.9716666666666,315.2375,231.56548795,,,,,,,,,,,,,
2024,Акмолинская область,Подсолнечник,Сандыктауский,,5833.580000000001,2910.0,stat_gov_kz_real,Сандыктауский,Sunflower seed,0,0,0,0,0,52.3955,68.734,13.5951,432.2319,1171.5979,3249.8535,250.0622,16.2434,18.3218,680.8219,0.4582,0.4604,0.4058,0.4115,0.4106,54.3228,92.9596,1577.3073,160.4507,-13.8433,0.3689,0.3457,-739.366,0.0,1.157,1.39,39.45,39.3,28.517,30.5,4.227,3.71,6.967,7.2,42.017,40.5,29.483,29.0,45.5,26.2,268.67333333333335,230.878850445,,190.60477617365,1089.3890968508615,1059.975,1021.9542980012442,963.3648258333332,563.665,338.26916666666665,98.1,96.4,96.8,92.5,199.07542137038712,203.289689890296,220.0812656792285,221.3372982910953,1460.0,1610.0000000000002,910.0,1326.6666666666667,1272.0,,731.25,1.9965811965811966,340.43,429.9716666666666,315.2375,,,149181.0,1.0,142351.5,2.0,,,,,,,2.154502718745261
2025,Акмолинская область,Подсолнечник,Сандыктауский,,14687.21,1960.0,stat_gov_kz_real,Сандыктауский,Sunflower seed,0,0,0,0,0,52.3955,68.734,15.3681,284.7732,1388.0371,3304.1396,160.1071,18.1649,18.5915,772.0114,0.373,0.3794,0.3598,0.3299,0.3072,64.5417,54.7338,1903.1329,214.1161,-9.8041,0.2052,0.1964,-1103.2639,0.0,1.157,1.39,39.45,39.3,28.517,30.5,4.227,3.71,6.967,7.2,42.017,40.5,29.483,29.0,45.5,26.2,243.3325,219.61538460375,,203.19753726864084,1226.4814225569482,1262.8893305316649,1139.8729249670616,1006.980403811544,685.2199999999999,422.655,99.9,101.1,95.5,114.4,198.87634594901675,205.52587647908928,210.1776087236632,253.20986924501307,2910.0,1460.0,1610.0000000000002,1993.3333333333333,1588.0,,1356.111111111111,2.14584186808685,268.67333333333335,340.43,429.9716666666666,,,188868.0,1.0,164717.5,4.0,,,149181.0,1.0,,,2.1760991796478937
2022,Акмолинская область,Пшеница,Сандыктауский,258519.2,529588.1900000001,2048.54,stat_gov_kz_real,Сандыктауский,Wheat,0,0,0,0,0,52.3955,68.734,15.1956,179.074,1546.707,3427.5439,127.5643,17.6983,18.7229,881.5444,0.2974,0.3324,0.324,0.3248,0.2946,44.6053,62.9422,1872.3262,184.8293,-10.6158,0.1158,0.1302,-1367.633,0.0,1.157,1.39,39.45,39.3,28.517,30.5,4.227,3.71,6.967,7.2,42.017,40.5,29.483,29.0,45.5,26.2,429.9716666666666,381.91843016614285,,318.80665693333333,1756.7299999999998,1650.8083333333334,1666.7975,1275.9916666666666,772.1583333333333,700.015,117.2,119.8,120.3,119.5,205.1881825157127,219.4395640458116,242.9024352785156,263.238246116725,1181.0,1680.0,1360.0,1407.0,1470.2,260984.88,934.8894736842107,1.2632509331246584,315.2375,231.56548795,201.692128575,113147.0,1.0,108749.5,2.0,110215.33333333331,3.0,,,,,,,
2023,Акмолинская область,Пшеница,Сандыктауский,266752.5,319101.53,1230.0,stat_gov_kz_real,Сандыктауский,Wheat,0,0,0,0,0,52.3955,68.734,14.9782,150.2451,979.4247,2512.6912,45.9349,18.5787,20.291,616.0478,0.3395,0.3651,0.279,0.2924,0.2857,15.292,16.711,1879.0141,122.664,-13.6727,0.1534,0.0717,-829.1796,0.0,1.157,1.39,39.45,39.3,28.517,30.5,4.227,3.71,6.967,7.2,42.017,40.5,29.483,29.0,45.5,26.2,340.43,257.74181354863634,,252.65528515370417,1065.1408333333334,1006.6991666666668,1118.5016666666668,886.4533333333334,550.0483333333333,358.0016666666667,98.9,96.1,93.6,90.9,202.9311125080399,210.8814210480249,227.35667942069057,239.28356572010304,2048.54,1181.0,1680.0,1636.5133333333333,1551.908,258519.2,1146.2963157894737,1.7870946384304967,429.9716666666666,315.2375,231.56548795,95060.33333333331,3.0,108567.0,2.0,98823.25,12.0,113147.0,1.0,108749.5,2.0,,-0.0016781686352580483,
2024,Акмолинская область,Пшеница,Сандыктауский,246753.99,428801.9900000001,1860.0,stat_gov_kz_real,Сандыктауский,Wheat,0,0,0,0,0,52.3955,68.734,13.5951,432.2319,1171.5979,3249.8535,250.0622,16.2434,18.3218,680.8219,0.4582,0.4604,0.4058,0.4115,0.4106,54.3228,92.9596,1577.3073,160.4507,-13.8433,0.3689,0.3457,-739.366,0.0,1.157,1.39,39.45,39.3,28.517,30.5,4.227,3.71,6.967,7.2,42.017,40.5,29.483,29.0,45.5,26.2,268.67333333333335,230.878850445,,190.60477617365,1089.3890968508615,1059.975,1021.9542980012442,963.3648258333332,563.665,338.26916666666665,98.1,96.4,96.8,92.5,199.07542137038712,203.289689890296,220.0812656792285,221.3372982910953,1230.0,2048.54,1181.0,1486.5133333333333,1499.908,266752.5,648.421052631579,1.8969155844155843,340.43,429.9716666666666,315.2375,94039.33333333331,3.0,69241.5,2.0,104876.16666666669,12.0,95060.33333333331,3.0,108567.0,2.0,-0.010740547231407382,-0.36222332753046504,2.154502718745261
2025,Акмолинская область,Пшеница,Сандыктауский,232465.7,550039.9,2370.0,stat_gov_kz_real,Сандыктауский,Wheat,0,0,0,0,0,52.3955,68.734,15.3681,284.7732,1388.0371,3304.1396,160.1071,18.1649,18.5915,772.0114,0.373,0.3794,0.3598,0.3299,0.3072,64.5417,54.7338,1903.1329,214.1161,-9.8041,0.2052,0.1964,-1103.2639,0.0,1.157,1.39,39.45,39.3,28.517,30.5,4.227,3.71,6.967,7.2,42.017,40.5,29.483,29.0,45.5,26.2,243.3325,219.61538460375,,203.19753726864084,1226.4814225569482,1262.8893305316649,1139.8729249670616,1006.980403811544,685.2199999999999,422.655,99.9,101.1,95.5,114.4,198.87634594901675,205.52587647908928,210.1776087236632,253.20986924501307,1860.0,1230.0,2048.54,1712.8466666666666,1599.908,246753.99,1401.578947368421,1.3270747277506572,268.67333333333335,340.43,429.9716666666666,90413.33333333331,3.0,86792.0,2.0,86058.83333333333,12.0,94039.33333333331,3.0,69241.5,2.0,-0.0385583337468719,0.25346793469234496,2.1760991796478937
2022,Акмолинская область,Зерновые и бобовые (группа),г.а. Степногорск,15360.0,13307.1,868.38,stat_gov_kz_real_group,Степногорск,Grains and legumes (group),1,1,0,0,0,52.3464,71.8805,15.9424,202.4462,1319.4808,3421.1268,125.0723,18.8438,19.327,757.9938,0.2473,0.2568,0.2506,0.2555,0.2252,38.4306,67.1619,2008.7293,120.8191,-10.5443,0.1534,0.1477,-1117.0346,0.0,1.185,1.41,37.2,35.1,23.017,23.1,3.355,3.1,7.067,7.3,44.667,45.0,32.267,31.9,45.25,28.8,429.9716666666666,381.91843016614285,,318.80665693333333,1756.7299999999998,1650.8083333333334,1666.7975,1275.9916666666666,772.1583333333333,700.015,117.2,119.8,120.3,119.5,205.1881825157127,219.4395640458116,242.9024352785156,263.238246116725,979.1,950.0,800.0,909.6999999999999,852.54,13961.0,929.1063157894737,1.0538083568703824,315.2375,231.56548795,201.692128575,,,,,,,,,,,,,
2023,Акмолинская область,Зерновые и бобовые (группа),г.а. Степногорск,16329.0,1566.9,290.0,stat_gov_kz_real_group,Степногорск,Grains and legumes (group),1,1,0,1,0,52.3464,71.8805,15.817,112.7239,890.3979,2597.2945,27.9367,19.5663,21.3097,551.6553,0.2522,0.2723,0.2164,0.2287,0.2125,11.7544,10.1226,2015.8889,75.0309,-13.5566,0.1266,0.0483,-777.6741,0.0,1.185,1.41,37.2,35.1,23.017,23.1,3.355,3.1,7.067,7.3,44.667,45.0,32.267,31.9,45.25,28.8,340.43,257.74181354863634,,252.65528515370417,1065.1408333333334,1006.6991666666668,1118.5016666666668,886.4533333333334,550.0483333333333,358.0016666666667,98.9,96.1,93.6,90.9,202.9311125080399,210.8814210480249,227.35667942069057,239.28356572010304,868.38,979.1,950.0,932.4933333333333,927.4959999999999,15360.0,1123.784,0.7727285670555907,429.9716666666666,315.2375,231.56548795,,,,,,,,,,,,,
2024,Акмолинская область,Зерновые и бобовые (группа),г.а. Степногорск,7379.0,10999.8,1490.0,stat_gov_kz_real_group,Степногорск,Grains and legumes (group),1,1,0,0,0,52.3464,71.8805,14.237,391.9987,992.4375,3165.3167,241.381,16.833,19.0841,575.615,0.3789,0.3574,0.3614,0.3737,0.3628,54.9111,106.0611,1695.0643,98.15,-12.9843,0.395,0.4157,-600.4387,0.0,1.185,1.41,37.2,35.1,23.017,23.1,3.355,3.1,7.067,7.3,44.667,45.0,32.267,31.9,45.25,28.8,268.67333333333335,230.878850445,,190.60477617365,1089.3890968508615,1059.975,1021.9542980012442,963.3648258333332,563.665,338.26916666666665,98.1,96.4,96.8,92.5,199.07542137038712,203.289689890296,220.0812656792285,221.3372982910953,290.0,868.38,979.1,712.4933333333333,777.496,16329.0,654.0,0.4434250764525994,340.43,429.9716666666666,315.2375,,,,,,,,,,,,,2.154502718745261
2025,Акмолинская область,Зерновые и бобовые (группа),г.а. Степногорск,7268.0,13378.88,1840.0,stat_gov_kz_real_group,Степногорск,Grains and legumes (group),1,1,0,0,0,52.3464,71.8805,16.1517,340.2725,1231.1744,3298.839,162.9896,19.0955,19.4893,681.4108,0.321,0.3362,0.2957,0.2807,0.2431,51.7088,61.9201,2046.3367,171.2727,-9.2787,0.2764,0.2228,-890.9018,0.0,1.185,1.41,37.2,35.1,23.017,23.1,3.355,3.1,7.067,7.3,44.667,45.0,32.267,31.9,45.25,28.8,243.3325,219.61538460375,,203.19753726864084,1226.4814225569482,1262.8893305316649,1139.8729249670616,1006.980403811544,685.2199999999999,422.655,99.9,101.1,95.5,114.4,198.87634594901675,205.52587647908928,210.1776087236632,253.20986924501307,1490.0,290.0,868.38,882.7933333333334,915.4959999999999,7379.0,1451.5,1.0265242852221839,268.67333333333335,340.43,429.9716666666666,,,,,,,,,,,,,2.1760991796478937
2022,Акмолинская область,Масличные (группа),г.а. Степногорск,1009.0,674.8000000000001,670.0,stat_gov_kz_real_group,Степногорск,Oilseeds (group),1,1,0,0,0,52.3464,71.8805,15.9424,202.4462,1319.4808,3421.1268,125.0723,18.8438,19.327,757.9938,0.2473,0.2568,0.2506,0.2555,0.2252,38.4306,67.1619,2008.7293,120.8191,-10.5443,0.1534,0.1477,-1117.0346,0.0,1.185,1.41,37.2,35.1,23.017,23.1,3.355,3.1,7.067,7.3,44.667,45.0,32.267,31.9,45.25,28.8,429.9716666666666,381.91843016614285,,318.80665693333333,1756.7299999999998,1650.8083333333334,1666.7975,1275.9916666666666,772.1583333333333,700.015,117.2,119.8,120.3,119.5,205.1881825157127,219.4395640458116,242.9024352785156,263.238246116725,400.0,510.0,920.0,610.0,665.6659999999999,1000.0,513.4357894736843,0.7790652856709391,315.2375,231.56548795,201.692128575,,,,,,,,,,,,,
2023,Акмолинская область,Масличные (группа),г.а. Степногорск,4.0,,,stat_gov_kz_real_group,Степногорск,Oilseeds (group),1,1,0,1,0,52.3464,71.8805,15.817,112.7239,890.3979,2597.2945,27.9367,19.5663,21.3097,551.6553,0.2522,0.2723,0.2164,0.2287,0.2125,11.7544,10.1226,2015.8889,75.0309,-13.5566,0.1266,0.0483,-777.6741,0.0,1.185,1.41,37.2,35.1,23.017,23.1,3.355,3.1,7.067,7.3,44.667,45.0,32.267,31.9,45.25,28.8,340.43,257.74181354863634,,252.65528515370417,1065.1408333333334,1006.6991666666668,1118.5016666666668,886.4533333333334,550.0483333333333,358.0016666666667,98.9,96.1,93.6,90.9,202.9311125080399,210.8814210480249,227.35667942069057,239.28356572010304,670.0,400.0,510.0,526.6666666666666,636.0,1009.0,564.7368421052631,1.1863932898415657,429.9716666666666,315.2375,231.56548795,,,,,,,,,,,,,
2024,Акмолинская область,Масличные (группа),г.а. Степногорск,1.0,1.0,1000.0,stat_gov_kz_real_group,Степногорск,Oilseeds (group),1,1,0,1,0,52.3464,71.8805,14.237,391.9987,992.4375,3165.3167,241.381,16.833,19.0841,575.615,0.3789,0.3574,0.3614,0.3737,0.3628,54.9111,106.0611,1695.0643,98.15,-12.9843,0.395,0.4157,-600.4387,0.0,1.185,1.41,37.2,35.1,23.017,23.1,3.355,3.1,7.067,7.3,44.667,45.0,32.267,31.9,45.25,28.8,268.67333333333335,230.878850445,,190.60477617365,1089.3890968508615,1059.975,1021.9542980012442,963.3648258333332,563.665,338.26916666666665,98.1,96.4,96.8,92.5,199.07542137038712,203.289689890296,220.0812656792285,221.3372982910953,,670.0,400.0,535.0,625.0,4.0,530.5555555555555,,340.43,429.9716666666666,315.2375,,,,,,,,,,,,,2.154502718745261
2025,Акмолинская область,Масличные (группа),г.а. Степногорск,2350.0,2319.43,990.0,stat_gov_kz_real_group,Степногорск,Oilseeds (group),1,1,0,0,0,52.3464,71.8805,16.1517,340.2725,1231.1744,3298.839,162.9896,19.0955,19.4893,681.4108,0.321,0.3362,0.2957,0.2807,0.2431,51.7088,61.9201,2046.3367,171.2727,-9.2787,0.2764,0.2228,-890.9018,0.0,1.185,1.41,37.2,35.1,23.017,23.1,3.355,3.1,7.067,7.3,44.667,45.0,32.267,31.9,45.25,28.8,243.3325,219.61538460375,,203.19753726864084,1226.4814225569482,1262.8893305316649,1139.8729249670616,1006.980403811544,685.2199999999999,422.655,99.9,101.1,95.5,114.4,198.87634594901675,205.52587647908928,210.1776087236632,253.20986924501307,1000.0,,670.0,835.0,645.0,1.0,1064.7368421052631,0.9391992090954029,268.67333333333335,340.43,429.9716666666666,,,,,,,,,,,,,2.1760991796478937
2024,Акмолинская область,Подсолнечник,г.а. Степногорск,,1.0,1000.0,stat_gov_kz_real,Степногорск,Sunflower seed,0,1,0,0,0,52.3464,71.8805,14.237,391.9987,992.4375,3165.3167,241.381,16.833,19.0841,575.615,0.3789,0.3574,0.3614,0.3737,0.3628,54.9111,106.0611,1695.0643,98.15,-12.9843,0.395,0.4157,-600.4387,0.0,1.185,1.41,37.2,35.1,23.017,23.1,3.355,3.1,7.067,7.3,44.667,45.0,32.267,31.9,45.25,28.8,268.67333333333335,230.878850445,,190.60477617365,1089.3890968508615,1059.975,1021.9542980012442,963.3648258333332,563.665,338.26916666666665,98.1,96.4,96.8,92.5,199.07542137038712,203.289689890296,220.0812656792285,221.3372982910953,,,,,,,731.25,,340.43,429.9716666666666,315.2375,,,149181.0,1.0,142351.5,2.0,,,,,,,2.154502718745261
2025,Акмолинская область,Подсолнечник,г.а. Степногорск,,700.0,1000.0,stat_gov_kz_real,Степногорск,Sunflower seed,0,1,0,0,0,52.3464,71.8805,16.1517,340.2725,1231.1744,3298.839,162.9896,19.0955,19.4893,681.4108,0.321,0.3362,0.2957,0.2807,0.2431,51.7088,61.9201,2046.3367,171.2727,-9.2787,0.2764,0.2228,-890.9018,0.0,1.185,1.41,37.2,35.1,23.017,23.1,3.355,3.1,7.067,7.3,44.667,45.0,32.267,31.9,45.25,28.8,243.3325,219.61538460375,,203.19753726864084,1226.4814225569482,1262.8893305316649,1139.8729249670616,1006.980403811544,685.2199999999999,422.655,99.9,101.1,95.5,114.4,198.87634594901675,205.52587647908928,210.1776087236632,253.20986924501307,1000.0,,,1000.0,1000.0,,1356.111111111111,0.737402703809914,268.67333333333335,340.43,429.9716666666666,,,188868.0,1.0,164717.5,4.0,,,149181.0,1.0,,,2.1760991796478937
2022,Акмолинская область,Пшеница,г.а. Степногорск,12890.0,11652.3,903.98,stat_gov_kz_real,Степногорск,Wheat,0,1,0,0,0,52.3464,71.8805,15.9424,202.4462,1319.4808,3421.1268,125.0723,18.8438,19.327,757.9938,0.2473,0.2568,0.2506,0.2555,0.2252,38.4306,67.1619,2008.7293,120.8191,-10.5443,0.1534,0.1477,-1117.0346,0.0,1.185,1.41,37.2,35.1,23.017,23.1,3.355,3.1,7.067,7.3,44.667,45.0,32.267,31.9,45.25,28.8,429.9716666666666,381.91843016614285,,318.80665693333333,1756.7299999999998,1650.8083333333334,1666.7975,1275.9916666666666,772.1583333333333,700.015,117.2,119.8,120.3,119.5,205.1881825157127,219.4395640458116,242.9024352785156,263.238246116725,1012.22,960.0,550.0,840.7400000000001,734.4440000000001,11608.0,934.8894736842107,1.0827162231392395,315.2375,231.56548795,201.692128575,113147.0,1.0,108749.5,2.0,110215.33333333331,3.0,,,,,,,
2023,Акмолинская область,Пшеница,г.а. Степногорск,14474.0,1018.4,240.0,stat_gov_kz_real,Степногорск,Wheat,0,1,0,1,0,52.3464,71.8805,15.817,112.7239,890.3979,2597.2945,27.9367,19.5663,21.3097,551.6553,0.2522,0.2723,0.2164,0.2287,0.2125,11.7544,10.1226,2015.8889,75.0309,-13.5566,0.1266,0.0483,-777.6741,0.0,1.185,1.41,37.2,35.1,23.017,23.1,3.355,3.1,7.067,7.3,44.667,45.0,32.267,31.9,45.25,28.8,340.43,257.74181354863634,,252.65528515370417,1065.1408333333334,1006.6991666666668,1118.5016666666668,886.4533333333334,550.0483333333333,358.0016666666667,98.9,96.1,93.6,90.9,202.9311125080399,210.8814210480249,227.35667942069057,239.28356572010304,903.98,1012.22,960.0,958.7333333333332,813.24,12890.0,1146.2963157894737,0.7886093565409513,429.9716666666666,315.2375,231.56548795,95060.33333333331,3.0,108567.0,2.0,98823.25,12.0,113147.0,1.0,108749.5,2.0,,-0.0016781686352580483,
2024,Акмолинская область,Пшеница,г.а. Степногорск,5709.0,8097.3,1420.0,stat_gov_kz_real,Степногорск,Wheat,0,1,0,0,0,52.3464,71.8805,14.237,391.9987,992.4375,3165.3167,241.381,16.833,19.0841,575.615,0.3789,0.3574,0.3614,0.3737,0.3628,54.9111,106.0611,1695.0643,98.15,-12.9843,0.395,0.4157,-600.4387,0.0,1.185,1.41,37.2,35.1,23.017,23.1,3.355,3.1,7.067,7.3,44.667,45.0,32.267,31.9,45.25,28.8,268.67333333333335,230.878850445,,190.60477617365,1089.3890968508615,1059.975,1021.9542980012442,963.3648258333332,563.665,338.26916666666665,98.1,96.4,96.8,92.5,199.07542137038712,203.289689890296,220.0812656792285,221.3372982910953,240.0,903.98,1012.22,718.7333333333332,733.24,14474.0,648.421052631579,0.37012987012987014,340.43,429.9716666666666,315.2375,94039.33333333331,3.0,69241.5,2.0,104876.16666666669,12.0,95060.33333333331,3.0,108567.0,2.0,-0.010740547231407382,-0.36222332753046504,2.154502718745261
2025,Акмолинская область,Пшеница,г.а. Степногорск,5203.0,9533.46,1830.0,stat_gov_kz_real,Степногорск,Wheat,0,1,0,0,0,52.3464,71.8805,16.1517,340.2725,1231.1744,3298.839,162.9896,19.0955,19.4893,681.4108,0.321,0.3362,0.2957,0.2807,0.2431,51.7088,61.9201,2046.3367,171.2727,-9.2787,0.2764,0.2228,-890.9018,0.0,1.185,1.41,37.2,35.1,23.017,23.1,3.355,3.1,7.067,7.3,44.667,45.0,32.267,31.9,45.25,28.8,243.3325,219.61538460375,,203.19753726864084,1226.4814225569482,1262.8893305316649,1139.8729249670616,1006.980403811544,685.2199999999999,422.655,99.9,101.1,95.5,114.4,198.87634594901675,205.52587647908928,210.1776087236632,253.20986924501307,1420.0,240.0,903.98,854.66,907.24,5709.0,1401.578947368421,1.01314307172362,268.67333333333335,340.43,429.9716666666666,90413.33333333331,3.0,86792.0,2.0,86058.83333333333,12.0,94039.33333333331,3.0,69241.5,2.0,-0.0385583337468719,0.25346793469234496,2.1760991796478937
2022,Акмолинская область,Зерновые и бобовые (группа),Целиноградский,224724.9,168005.71000000002,754.16,stat_gov_kz_real_group,Целиноградский,Grains and legumes (group),1,0,0,0,0,51.3676,71.7716,16.2972,165.7819,1295.1927,3494.7006,111.7666,19.2676,19.7281,752.0014,0.1911,0.2096,0.1741,0.1881,0.1642,21.3312,65.4324,2073.1486,159.3703,-10.3164,0.128,0.1346,-1129.4107,0.0,1.225,1.42,28.867,28.8,29.15,32.1,3.398,2.8,7.133,7.4,42.7,41.1,28.1,26.9,67.05,63.2,429.9716666666666,381.91843016614285,,318.80665693333333,1756.7299999999998,1650.8083333333334,1666.7975,1275.9916666666666,772.1583333333333,700.015,117.2,119.8,120.3,119.5,205.1881825157127,219.4395640458116,242.9024352785156,263.238246116725,965.54,1320.0,810.0,1031.8466666666666,1020.808,228625.83,929.1063157894737,1.0392136869498816,315.2375,231.56548795,201.692128575,,,,,,,,,,,,,
2023,Акмолинская область,Зерновые и бобовые (группа),Целиноградский,228083.2,113617.41000000002,510.0,stat_gov_kz_real_group,Целиноградский,Grains and legumes (group),1,0,0,0,0,51.3676,71.7716,15.9854,119.1434,880.709,2656.4051,28.0568,19.9197,21.6926,562.3553,0.1956,0.2328,0.1746,0.1594,0.157,16.1774,7.3622,2066.9012,78.2484,-13.7302,0.1353,0.0479,-761.5655,0.0,1.225,1.42,28.867,28.8,29.15,32.1,3.398,2.8,7.133,7.4,42.7,41.1,28.1,26.9,67.05,63.2,340.43,257.74181354863634,,252.65528515370417,1065.1408333333334,1006.6991666666668,1118.5016666666668,886.4533333333334,550.0483333333333,358.0016666666667,98.9,96.1,93.6,90.9,202.9311125080399,210.8814210480249,227.35667942069057,239.28356572010304,754.16,965.54,1320.0,1013.2333333333332,1023.9399999999999,224724.9,1123.784,0.6710898179721368,429.9716666666666,315.2375,231.56548795,,,,,,,,,,,,,
2024,Акмолинская область,Зерновые и бобовые (группа),Целиноградский,215077.74,291870.06,1400.0,stat_gov_kz_real_group,Целиноградский,Grains and legumes (group),1,0,0,0,0,51.3676,71.7716,14.3802,391.372,985.798,3281.6873,226.3861,17.0923,19.364,588.082,0.3481,0.3355,0.2992,0.279,0.2561,51.587,81.7326,1722.1423,116.2705,-12.1796,0.397,0.3895,-594.426,0.0,1.225,1.42,28.867,28.8,29.15,32.1,3.398,2.8,7.133,7.4,42.7,41.1,28.1,26.9,67.05,63.2,268.67333333333335,230.878850445,,190.60477617365,1089.3890968508615,1059.975,1021.9542980012442,963.3648258333332,563.665,338.26916666666665,98.1,96.4,96.8,92.5,199.07542137038712,203.289689890296,220.0812656792285,221.3372982910953,510.0,754.16,965.54,743.2333333333332,871.9399999999999,228083.2,654.0,0.7798165137614679,340.43,429.9716666666666,315.2375,,,,,,,,,,,,,2.154502718745261
2025,Акмолинская область,Зерновые и бобовые (группа),Целиноградский,212061.0,276358.53,1330.0,stat_gov_kz_real_group,Целиноградский,Grains and legumes (group),1,0,0,0,0,51.3676,71.7716,16.2646,315.6156,1187.9806,3427.9005,178.7876,19.0998,19.5648,668.0259,0.2537,0.2743,0.2492,0.2247,0.2168,72.0688,60.0055,2067.4499,172.8936,-9.6316,0.2657,0.2593,-872.365,0.0,1.225,1.42,28.867,28.8,29.15,32.1,3.398,2.8,7.133,7.4,42.7,41.1,28.1,26.9,67.05,63.2,243.3325,219.61538460375,,203.19753726864084,1226.4814225569482,1262.8893305316649,1139.8729249670616,1006.980403811544,685.2199999999999,422.655,99.9,101.1,95.5,114.4,198.87634594901675,205.52587647908928,210.1776087236632,253.20986924501307,1400.0,510.0,754.16,888.0533333333333,989.9399999999999,215077.74,1451.5,0.9645194626248709,268.67333333333335,340.43,429.9716666666666,,,,,,,,,,,,,2.1760991796478937
2022,Акмолинская область,Масличные (группа),Целиноградский,23429.6,12986.010000000002,560.0,stat_gov_kz_real_group,Целиноградский,Oilseeds (group),1,0,0,0,0,51.3676,71.7716,16.2972,165.7819,1295.1927,3494.7006,111.7666,19.2676,19.7281,752.0014,0.1911,0.2096,0.1741,0.1881,0.1642,21.3312,65.4324,2073.1486,159.3703,-10.3164,0.128,0.1346,-1129.4107,0.0,1.225,1.42,28.867,28.8,29.15,32.1,3.398,2.8,7.133,7.4,42.7,41.1,28.1,26.9,67.05,63.2,429.9716666666666,381.91843016614285,,318.80665693333333,1756.7299999999998,1650.8083333333334,1666.7975,1275.9916666666666,772.1583333333333,700.015,117.2,119.8,120.3,119.5,205.1881825157127,219.4395640458116,242.9024352785156,263.238246116725,619.0699999999999,1130.0,420.0,723.0233333333332,616.7119999999999,16889.2,513.4357894736843,1.2057398660007705,315.2375,231.56548795,201.692128575,,,,,,,,,,,,,
2023,Акмолинская область,Масличные (группа),Целиноградский,20007.0,6618.47,370.0,stat_gov_kz_real_group,Целиноградский,Oilseeds (group),1,0,0,0,0,51.3676,71.7716,15.9854,119.1434,880.709,2656.4051,28.0568,19.9197,21.6926,562.3553,0.1956,0.2328,0.1746,0.1594,0.157,16.1774,7.3622,2066.9012,78.2484,-13.7302,0.1353,0.0479,-761.5655,0.0,1.225,1.42,28.867,28.8,29.15,32.1,3.398,2.8,7.133,7.4,42.7,41.1,28.1,26.9,67.05,63.2,340.43,257.74181354863634,,252.65528515370417,1065.1408333333334,1006.6991666666668,1118.5016666666668,886.4533333333334,550.0483333333333,358.0016666666667,98.9,96.1,93.6,90.9,202.9311125080399,210.8814210480249,227.35667942069057,239.28356572010304,560.0,619.0699999999999,1130.0,769.6899999999999,647.814,23429.6,564.7368421052631,0.9916123019571296,429.9716666666666,315.2375,231.56548795,,,,,,,,,,,,,
2024,Акмолинская область,Масличные (группа),Целиноградский,17746.0,18740.47,1080.0,stat_gov_kz_real_group,Целиноградский,Oilseeds (group),1,0,0,0,0,51.3676,71.7716,14.3802,391.372,985.798,3281.6873,226.3861,17.0923,19.364,588.082,0.3481,0.3355,0.2992,0.279,0.2561,51.587,81.7326,1722.1423,116.2705,-12.1796,0.397,0.3895,-594.426,0.0,1.225,1.42,28.867,28.8,29.15,32.1,3.398,2.8,7.133,7.4,42.7,41.1,28.1,26.9,67.05,63.2,268.67333333333335,230.878850445,,190.60477617365,1089.3890968508615,1059.975,1021.9542980012442,963.3648258333332,563.665,338.26916666666665,98.1,96.4,96.8,92.5,199.07542137038712,203.289689890296,220.0812656792285,221.3372982910953,370.0,560.0,619.0699999999999,516.3566666666667,619.814,20007.0,530.5555555555555,0.6973821989528796,340.43,429.9716666666666,315.2375,,,,,,,,,,,,,2.154502718745261
2025,Акмолинская область,Масличные (группа),Целиноградский,27748.0,20048.210000000003,730.0,stat_gov_kz_real_group,Целиноградский,Oilseeds (group),1,0,0,0,0,51.3676,71.7716,16.2646,315.6156,1187.9806,3427.9005,178.7876,19.0998,19.5648,668.0259,0.2537,0.2743,0.2492,0.2247,0.2168,72.0688,60.0055,2067.4499,172.8936,-9.6316,0.2657,0.2593,-872.365,0.0,1.225,1.42,28.867,28.8,29.15,32.1,3.398,2.8,7.133,7.4,42.7,41.1,28.1,26.9,67.05,63.2,243.3325,219.61538460375,,203.19753726864084,1226.4814225569482,1262.8893305316649,1139.8729249670616,1006.980403811544,685.2199999999999,422.655,99.9,101.1,95.5,114.4,198.87634594901675,205.52587647908928,210.1776087236632,253.20986924501307,1080.0,370.0,560.0,670.0,751.814,17746.0,1064.7368421052631,1.0143351458230352,268.67333333333335,340.43,429.9716666666666,,,,,,,,,,,,,2.1760991796478937
2022,Акмолинская область,Подсолнечник,Целиноградский,,6114.35,800.0,stat_gov_kz_real,Целиноградский,Sunflower seed,0,0,0,0,0,51.3676,71.7716,16.2972,165.7819,1295.1927,3494.7006,111.7666,19.2676,19.7281,752.0014,0.1911,0.2096,0.1741,0.1881,0.1642,21.3312,65.4324,2073.1486,159.3703,-10.3164,0.128,0.1346,-1129.4107,0.0,1.225,1.42,28.867,28.8,29.15,32.1,3.398,2.8,7.133,7.4,42.7,41.1,28.1,26.9,67.05,63.2,429.9716666666666,381.91843016614285,,318.80665693333333,1756.7299999999998,1650.8083333333334,1666.7975,1275.9916666666666,772.1583333333333,700.015,117.2,119.8,120.3,119.5,205.1881825157127,219.4395640458116,242.9024352785156,263.238246116725,480.0,550.0,140.0,390.0,296.0,,607.8571428571429,0.7896592244418331,315.2375,231.56548795,201.692128575,,,,,,,,,,,,,
2023,Акмолинская область,Подсолнечник,Целиноградский,,5358.240000000001,640.0,stat_gov_kz_real,Целиноградский,Sunflower seed,0,0,0,0,0,51.3676,71.7716,15.9854,119.1434,880.709,2656.4051,28.0568,19.9197,21.6926,562.3553,0.1956,0.2328,0.1746,0.1594,0.157,16.1774,7.3622,2066.9012,78.2484,-13.7302,0.1353,0.0479,-761.5655,0.0,1.225,1.42,28.867,28.8,29.15,32.1,3.398,2.8,7.133,7.4,42.7,41.1,28.1,26.9,67.05,63.2,340.43,257.74181354863634,,252.65528515370417,1065.1408333333334,1006.6991666666668,1118.5016666666668,886.4533333333334,550.0483333333333,358.0016666666667,98.9,96.1,93.6,90.9,202.9311125080399,210.8814210480249,227.35667942069057,239.28356572010304,800.0,480.0,550.0,610.0,412.0,,838.0,0.954653937947494,429.9716666666666,315.2375,231.56548795,,,,,,,,,,,,,
2024,Акмолинская область,Подсолнечник,Целиноградский,,13006.9,1200.0,stat_gov_kz_real,Целиноградский,Sunflower seed,0,0,0,0,0,51.3676,71.7716,14.3802,391.372,985.798,3281.6873,226.3861,17.0923,19.364,588.082,0.3481,0.3355,0.2992,0.279,0.2561,51.587,81.7326,1722.1423,116.2705,-12.1796,0.397,0.3895,-594.426,0.0,1.225,1.42,28.867,28.8,29.15,32.1,3.398,2.8,7.133,7.4,42.7,41.1,28.1,26.9,67.05,63.2,268.67333333333335,230.878850445,,190.60477617365,1089.3890968508615,1059.975,1021.9542980012442,963.3648258333332,563.665,338.26916666666665,98.1,96.4,96.8,92.5,199.07542137038712,203.289689890296,220.0812656792285,221.3372982910953,640.0,800.0,480.0,640.0,522.0,,731.25,0.8752136752136752,340.43,429.9716666666666,315.2375,,,149181.0,1.0,142351.5,2.0,,,,,,,2.154502718745261
2025,Акмолинская область,Подсолнечник,Целиноградский,,8375.1,690.0,stat_gov_kz_real,Целиноградский,Sunflower seed,0,0,0,0,0,51.3676,71.7716,16.2646,315.6156,1187.9806,3427.9005,178.7876,19.0998,19.5648,668.0259,0.2537,0.2743,0.2492,0.2247,0.2168,72.0688,60.0055,2067.4499,172.8936,-9.6316,0.2657,0.2593,-872.365,0.0,1.225,1.42,28.867,28.8,29.15,32.1,3.398,2.8,7.133,7.4,42.7,41.1,28.1,26.9,67.05,63.2,243.3325,219.61538460375,,203.19753726864084,1226.4814225569482,1262.8893305316649,1139.8729249670616,1006.980403811544,685.2199999999999,422.655,99.9,101.1,95.5,114.4,198.87634594901675,205.52587647908928,210.1776087236632,253.20986924501307,1200.0,640.0,800.0,880.0,734.0,,1356.111111111111,0.8848832445718968,268.67333333333335,340.43,429.9716666666666,,,188868.0,1.0,164717.5,4.0,,,149181.0,1.0,,,2.1760991796478937
2022,Акмолинская область,Пшеница,Целиноградский,175633.8,125314.5,719.71,stat_gov_kz_real,Целиноградский,Wheat,0,0,0,0,0,51.3676,71.7716,16.2972,165.7819,1295.1927,3494.7006,111.7666,19.2676,19.7281,752.0014,0.1911,0.2096,0.1741,0.1881,0.1642,21.3312,65.4324,2073.1486,159.3703,-10.3164,0.128,0.1346,-1129.4107,0.0,1.225,1.42,28.867,28.8,29.15,32.1,3.398,2.8,7.133,7.4,42.7,41.1,28.1,26.9,67.05,63.2,429.9716666666666,381.91843016614285,,318.80665693333333,1756.7299999999998,1650.8083333333334,1666.7975,1275.9916666666666,772.1583333333333,700.015,117.2,119.8,120.3,119.5,205.1881825157127,219.4395640458116,242.9024352785156,263.238246116725,963.27,1290.0,800.0,1017.7566666666667,990.6540000000001,187247.43,934.8894736842107,1.0303570925918626,315.2375,231.56548795,201.692128575,113147.0,1.0,108749.5,2.0,110215.33333333331,3.0,,,,,,,
2023,Акмолинская область,Пшеница,Целиноградский,184738.0,92693.9,510.0,stat_gov_kz_real,Целиноградский,Wheat,0,0,0,0,0,51.3676,71.7716,15.9854,119.1434,880.709,2656.4051,28.0568,19.9197,21.6926,562.3553,0.1956,0.2328,0.1746,0.1594,0.157,16.1774,7.3622,2066.9012,78.2484,-13.7302,0.1353,0.0479,-761.5655,0.0,1.225,1.42,28.867,28.8,29.15,32.1,3.398,2.8,7.133,7.4,42.7,41.1,28.1,26.9,67.05,63.2,340.43,257.74181354863634,,252.65528515370417,1065.1408333333334,1006.6991666666668,1118.5016666666668,886.4533333333334,550.0483333333333,358.0016666666667,98.9,96.1,93.6,90.9,202.9311125080399,210.8814210480249,227.35667942069057,239.28356572010304,719.71,963.27,1290.0,990.9933333333333,990.5959999999999,175633.8,1146.2963157894737,0.6278568552358328,429.9716666666666,315.2375,231.56548795,95060.33333333331,3.0,108567.0,2.0,98823.25,12.0,113147.0,1.0,108749.5,2.0,,-0.0016781686352580483,
2024,Акмолинская область,Пшеница,Целиноградский,165645.44,204881.83,1290.0,stat_gov_kz_real,Целиноградский,Wheat,0,0,0,0,0,51.3676,71.7716,14.3802,391.372,985.798,3281.6873,226.3861,17.0923,19.364,588.082,0.3481,0.3355,0.2992,0.279,0.2561,51.587,81.7326,1722.1423,116.2705,-12.1796,0.397,0.3895,-594.426,0.0,1.225,1.42,28.867,28.8,29.15,32.1,3.398,2.8,7.133,7.4,42.7,41.1,28.1,26.9,67.05,63.2,268.67333333333335,230.878850445,,190.60477617365,1089.3890968508615,1059.975,1021.9542980012442,963.3648258333332,563.665,338.26916666666665,98.1,96.4,96.8,92.5,199.07542137038712,203.289689890296,220.0812656792285,221.3372982910953,510.0,719.71,963.27,730.9933333333333,856.5959999999999,184738.0,648.421052631579,0.786525974025974,340.43,429.9716666666666,315.2375,94039.33333333331,3.0,69241.5,2.0,104876.16666666669,12.0,95060.33333333331,3.0,108567.0,2.0,-0.010740547231407382,-0.36222332753046504,2.154502718745261
2025,Акмолинская область,Пшеница,Целиноградский,161697.6,217705.59,1380.0,stat_gov_kz_real,Целиноградский,Wheat,0,0,0,0,0,51.3676,71.7716,16.2646,315.6156,1187.9806,3427.9005,178.7876,19.0998,19.5648,668.0259,0.2537,0.2743,0.2492,0.2247,0.2168,72.0688,60.0055,2067.4499,172.8936,-9.6316,0.2657,0.2593,-872.365,0.0,1.225,1.42,28.867,28.8,29.15,32.1,3.398,2.8,7.133,7.4,42.7,41.1,28.1,26.9,67.05,63.2,243.3325,219.61538460375,,203.19753726864084,1226.4814225569482,1262.8893305316649,1139.8729249670616,1006.980403811544,685.2199999999999,422.655,99.9,101.1,95.5,114.4,198.87634594901675,205.52587647908928,210.1776087236632,253.20986924501307,1290.0,510.0,719.71,839.9033333333333,954.5959999999999,165645.44,1401.578947368421,0.920390536988359,268.67333333333335,340.43,429.9716666666666,90413.33333333331,3.0,86792.0,2.0,86058.83333333333,12.0,94039.33333333331,3.0,69241.5,2.0,-0.0385583337468719,0.25346793469234496,2.1760991796478937
2022,Акмолинская область,Зерновые и бобовые (группа),Шортандинский,212946.1,261836.17000000004,1229.59,stat_gov_kz_real_group,Шортандинский,Grains and legumes (group),1,0,0,0,0,51.5679,70.8269,16.1165,173.256,1359.9297,3478.0524,122.8938,18.9035,19.499,780.3081,0.2948,0.3362,0.2909,0.2988,0.293,34.0181,66.6411,2040.2664,167.5973,-10.4311,0.1274,0.1426,-1186.6737,0.0,1.165,1.41,34.7,32.6,26.217,29.0,3.267,2.33,7.083,7.4,44.067,41.8,29.7,29.2,59.467,52.0,429.9716666666666,381.91843016614285,,318.80665693333333,1756.7299999999998,1650.8083333333334,1666.7975,1275.9916666666666,772.1583333333333,700.015,117.2,119.8,120.3,119.5,205.1881825157127,219.4395640458116,242.9024352785156,263.238246116725,1199.72,1550.0,1070.0,1273.24,1261.864,204912.44,929.1063157894737,1.2912623449132217,315.2375,231.56548795,201.692128575,,,,,,,,,,,,,
2023,Акмолинская область,Зерновые и бобовые (группа),Шортандинский,223597.4,141781.36000000002,640.0,stat_gov_kz_real_group,Шортандинский,Grains and legumes (group),1,0,0,0,0,51.5679,70.8269,15.9857,114.0924,927.2863,2613.0775,22.4376,19.9505,21.6163,584.0549,0.2949,0.3565,0.2557,0.2549,0.2814,10.1432,7.0147,2053.5586,89.8203,-13.5095,0.123,0.0365,-813.194,0.0,1.165,1.41,34.7,32.6,26.217,29.0,3.267,2.33,7.083,7.4,44.067,41.8,29.7,29.2,59.467,52.0,340.43,257.74181354863634,,252.65528515370417,1065.1408333333334,1006.6991666666668,1118.5016666666668,886.4533333333334,550.0483333333333,358.0016666666667,98.9,96.1,93.6,90.9,202.9311125080399,210.8814210480249,227.35667942069057,239.28356572010304,1229.59,1199.72,1550.0,1326.4366666666667,1309.8619999999999,212946.1,1123.784,1.0941515451367876,429.9716666666666,315.2375,231.56548795,,,,,,,,,,,,,
2024,Акмолинская область,Зерновые и бобовые (группа),Шортандинский,213746.27,328413.34,1540.0,stat_gov_kz_real_group,Шортандинский,Grains and legumes (group),1,0,0,0,0,51.5679,70.8269,14.2873,400.4815,1040.88,3270.1565,220.9391,17.0034,19.1588,614.5804,0.449,0.4479,0.3958,0.3783,0.3773,45.7539,82.7465,1704.6118,128.9013,-12.5195,0.3848,0.352,-640.3984,0.0,1.165,1.41,34.7,32.6,26.217,29.0,3.267,2.33,7.083,7.4,44.067,41.8,29.7,29.2,59.467,52.0,268.67333333333335,230.878850445,,190.60477617365,1089.3890968508615,1059.975,1021.9542980012442,963.3648258333332,563.665,338.26916666666665,98.1,96.4,96.8,92.5,199.07542137038712,203.289689890296,220.0812656792285,221.3372982910953,640.0,1229.59,1199.72,1023.1033333333334,1137.8619999999999,223597.4,654.0,0.9785932721712538,340.43,429.9716666666666,315.2375,,,,,,,,,,,,,2.154502718745261
2025,Акмолинская область,Зерновые и бобовые (группа),Шортандинский,199450.79,327102.57000000007,1639.9999999999998,stat_gov_kz_real_group,Шортандинский,Grains and legumes (group),1,0,0,0,0,51.5679,70.8269,16.1344,338.4086,1246.1753,3411.2624,186.9124,19.0258,19.3631,690.6235,0.3621,0.4012,0.3811,0.3207,0.3353,86.0683,49.4306,2043.7083,204.4999,-9.5562,0.2716,0.2556,-907.7667,0.0,1.165,1.41,34.7,32.6,26.217,29.0,3.267,2.33,7.083,7.4,44.067,41.8,29.7,29.2,59.467,52.0,243.3325,219.61538460375,,203.19753726864084,1226.4814225569482,1262.8893305316649,1139.8729249670616,1006.980403811544,685.2199999999999,422.655,99.9,101.1,95.5,114.4,198.87634594901675,205.52587647908928,210.1776087236632,253.20986924501307,1540.0,640.0,1229.59,1136.53,1231.862,213746.27,1451.5,1.0609714088873579,268.67333333333335,340.43,429.9716666666666,,,,,,,,,,,,,2.1760991796478937
2022,Акмолинская область,Масличные (группа),Шортандинский,14541.0,6597.09,450.0,stat_gov_kz_real_group,Шортандинский,Oilseeds (group),1,0,0,0,0,51.5679,70.8269,16.1165,173.256,1359.9297,3478.0524,122.8938,18.9035,19.499,780.3081,0.2948,0.3362,0.2909,0.2988,0.293,34.0181,66.6411,2040.2664,167.5973,-10.4311,0.1274,0.1426,-1186.6737,0.0,1.165,1.41,34.7,32.6,26.217,29.0,3.267,2.33,7.083,7.4,44.067,41.8,29.7,29.2,59.467,52.0,429.9716666666666,381.91843016614285,,318.80665693333333,1756.7299999999998,1650.8083333333334,1666.7975,1275.9916666666666,772.1583333333333,700.015,117.2,119.8,120.3,119.5,205.1881825157127,219.4395640458116,242.9024352785156,263.238246116725,572.6,810.0,560.0,647.5333333333333,744.99,9046.91,513.4357894736843,1.1152319564379494,315.2375,231.56548795,201.692128575,,,,,,,,,,,,,
2023,Акмолинская область,Масличные (группа),Шортандинский,7751.9,1730.2700000000002,250.0,stat_gov_kz_real_group,Шортандинский,Oilseeds (group),1,0,0,0,0,51.5679,70.8269,15.9857,114.0924,927.2863,2613.0775,22.4376,19.9505,21.6163,584.0549,0.2949,0.3565,0.2557,0.2549,0.2814,10.1432,7.0147,2053.5586,89.8203,-13.5095,0.123,0.0365,-813.194,0.0,1.165,1.41,34.7,32.6,26.217,29.0,3.267,2.33,7.083,7.4,44.067,41.8,29.7,29.2,59.467,52.0,340.43,257.74181354863634,,252.65528515370417,1065.1408333333334,1006.6991666666668,1118.5016666666668,886.4533333333334,550.0483333333333,358.0016666666667,98.9,96.1,93.6,90.9,202.9311125080399,210.8814210480249,227.35667942069057,239.28356572010304,450.0,572.6,810.0,610.8666666666667,608.52,14541.0,564.7368421052631,0.7968313140726935,429.9716666666666,315.2375,231.56548795,,,,,,,,,,,,,
2024,Акмолинская область,Масличные (группа),Шортандинский,20671.91,17152.0,890.0,stat_gov_kz_real_group,Шортандинский,Oilseeds (group),1,0,0,0,0,51.5679,70.8269,14.2873,400.4815,1040.88,3270.1565,220.9391,17.0034,19.1588,614.5804,0.449,0.4479,0.3958,0.3783,0.3773,45.7539,82.7465,1704.6118,128.9013,-12.5195,0.3848,0.352,-640.3984,0.0,1.165,1.41,34.7,32.6,26.217,29.0,3.267,2.33,7.083,7.4,44.067,41.8,29.7,29.2,59.467,52.0,268.67333333333335,230.878850445,,190.60477617365,1089.3890968508615,1059.975,1021.9542980012442,963.3648258333332,563.665,338.26916666666665,98.1,96.4,96.8,92.5,199.07542137038712,203.289689890296,220.0812656792285,221.3372982910953,250.0,450.0,572.6,424.2,528.52,7751.9,530.5555555555555,0.4712041884816754,340.43,429.9716666666666,315.2375,,,,,,,,,,,,,2.154502718745261
2025,Акмолинская область,Масличные (группа),Шортандинский,39625.52,38735.11,980.0,stat_gov_kz_real_group,Шортандинский,Oilseeds (group),1,0,0,0,0,51.5679,70.8269,16.1344,338.4086,1246.1753,3411.2624,186.9124,19.0258,19.3631,690.6235,0.3621,0.4012,0.3811,0.3207,0.3353,86.0683,49.4306,2043.7083,204.4999,-9.5562,0.2716,0.2556,-907.7667,0.0,1.165,1.41,34.7,32.6,26.217,29.0,3.267,2.33,7.083,7.4,44.067,41.8,29.7,29.2,59.467,52.0,243.3325,219.61538460375,,203.19753726864084,1226.4814225569482,1262.8893305316649,1139.8729249670616,1006.980403811544,685.2199999999999,422.655,99.9,101.1,95.5,114.4,198.87634594901675,205.52587647908928,210.1776087236632,253.20986924501307,890.0,250.0,450.0,530.0,594.52,20671.91,1064.7368421052631,0.8358872960949085,268.67333333333335,340.43,429.9716666666666,,,,,,,,,,,,,2.1760991796478937
2022,Акмолинская область,Подсолнечник,Шортандинский,,38.85,250.0,stat_gov_kz_real,Шортандинский,Sunflower seed,0,0,0,0,0,51.5679,70.8269,16.1165,173.256,1359.9297,3478.0524,122.8938,18.9035,19.499,780.3081,0.2948,0.3362,0.2909,0.2988,0.293,34.0181,66.6411,2040.2664,167.5973,-10.4311,0.1274,0.1426,-1186.6737,0.0,1.165,1.41,34.7,32.6,26.217,29.0,3.267,2.33,7.083,7.4,44.067,41.8,29.7,29.2,59.467,52.0,429.9716666666666,381.91843016614285,,318.80665693333333,1756.7299999999998,1650.8083333333334,1666.7975,1275.9916666666666,772.1583333333333,700.015,117.2,119.8,120.3,119.5,205.1881825157127,219.4395640458116,242.9024352785156,263.238246116725,50.0,330.0,560.0,313.3333333333333,614.0,,607.8571428571429,0.08225616921269095,315.2375,231.56548795,201.692128575,,,,,,,,,,,,,
2023,Акмолинская область,Подсолнечник,Шортандинский,,8.38,150.0,stat_gov_kz_real,Шортандинский,Sunflower seed,0,0,0,0,0,51.5679,70.8269,15.9857,114.0924,927.2863,2613.0775,22.4376,19.9505,21.6163,584.0549,0.2949,0.3565,0.2557,0.2549,0.2814,10.1432,7.0147,2053.5586,89.8203,-13.5095,0.123,0.0365,-813.194,0.0,1.165,1.41,34.7,32.6,26.217,29.0,3.267,2.33,7.083,7.4,44.067,41.8,29.7,29.2,59.467,52.0,340.43,257.74181354863634,,252.65528515370417,1065.1408333333334,1006.6991666666668,1118.5016666666668,886.4533333333334,550.0483333333333,358.0016666666667,98.9,96.1,93.6,90.9,202.9311125080399,210.8814210480249,227.35667942069057,239.28356572010304,250.0,50.0,330.0,210.0,352.0,,838.0,0.29832935560859186,429.9716666666666,315.2375,231.56548795,,,,,,,,,,,,,
2024,Акмолинская область,Подсолнечник,Шортандинский,,1805.05,850.0,stat_gov_kz_real,Шортандинский,Sunflower seed,0,0,0,0,0,51.5679,70.8269,14.2873,400.4815,1040.88,3270.1565,220.9391,17.0034,19.1588,614.5804,0.449,0.4479,0.3958,0.3783,0.3773,45.7539,82.7465,1704.6118,128.9013,-12.5195,0.3848,0.352,-640.3984,0.0,1.165,1.41,34.7,32.6,26.217,29.0,3.267,2.33,7.083,7.4,44.067,41.8,29.7,29.2,59.467,52.0,268.67333333333335,230.878850445,,190.60477617365,1089.3890968508615,1059.975,1021.9542980012442,963.3648258333332,563.665,338.26916666666665,98.1,96.4,96.8,92.5,199.07542137038712,203.289689890296,220.0812656792285,221.3372982910953,150.0,250.0,50.0,150.0,268.0,,731.25,0.20512820512820512,340.43,429.9716666666666,315.2375,,,149181.0,1.0,142351.5,2.0,,,,,,,2.154502718745261
2025,Акмолинская область,Подсолнечник,Шортандинский,,10758.1,1270.0,stat_gov_kz_real,Шортандинский,Sunflower seed,0,0,0,0,0,51.5679,70.8269,16.1344,338.4086,1246.1753,3411.2624,186.9124,19.0258,19.3631,690.6235,0.3621,0.4012,0.3811,0.3207,0.3353,86.0683,49.4306,2043.7083,204.4999,-9.5562,0.2716,0.2556,-907.7667,0.0,1.165,1.41,34.7,32.6,26.217,29.0,3.267,2.33,7.083,7.4,44.067,41.8,29.7,29.2,59.467,52.0,243.3325,219.61538460375,,203.19753726864084,1226.4814225569482,1262.8893305316649,1139.8729249670616,1006.980403811544,685.2199999999999,422.655,99.9,101.1,95.5,114.4,198.87634594901675,205.52587647908928,210.1776087236632,253.20986924501307,850.0,150.0,250.0,416.6666666666667,326.0,,1356.111111111111,0.6267922982384269,268.67333333333335,340.43,429.9716666666666,,,188868.0,1.0,164717.5,4.0,,,149181.0,1.0,,,2.1760991796478937
2022,Акмолинская область,Пшеница,Шортандинский,184928.0,225077.92000000004,1217.11,stat_gov_kz_real,Шортандинский,Wheat,0,0,0,0,0,51.5679,70.8269,16.1165,173.256,1359.9297,3478.0524,122.8938,18.9035,19.499,780.3081,0.2948,0.3362,0.2909,0.2988,0.293,34.0181,66.6411,2040.2664,167.5973,-10.4311,0.1274,0.1426,-1186.6737,0.0,1.165,1.41,34.7,32.6,26.217,29.0,3.267,2.33,7.083,7.4,44.067,41.8,29.7,29.2,59.467,52.0,429.9716666666666,381.91843016614285,,318.80665693333333,1756.7299999999998,1650.8083333333334,1666.7975,1275.9916666666666,772.1583333333333,700.015,117.2,119.8,120.3,119.5,205.1881825157127,219.4395640458116,242.9024352785156,263.238246116725,1185.38,1490.0,1020.0,1231.7933333333333,1217.076,180878.14,934.8894736842107,1.2679359789223605,315.2375,231.56548795,201.692128575,113147.0,1.0,108749.5,2.0,110215.33333333331,3.0,,,,,,,
2023,Акмолинская область,Пшеница,Шортандинский,186153.9,120906.1,650.0,stat_gov_kz_real,Шортандинский,Wheat,0,0,0,0,0,51.5679,70.8269,15.9857,114.0924,927.2863,2613.0775,22.4376,19.9505,21.6163,584.0549,0.2949,0.3565,0.2557,0.2549,0.2814,10.1432,7.0147,2053.5586,89.8203,-13.5095,0.123,0.0365,-813.194,0.0,1.165,1.41,34.7,32.6,26.217,29.0,3.267,2.33,7.083,7.4,44.067,41.8,29.7,29.2,59.467,52.0,340.43,257.74181354863634,,252.65528515370417,1065.1408333333334,1006.6991666666668,1118.5016666666668,886.4533333333334,550.0483333333333,358.0016666666667,98.9,96.1,93.6,90.9,202.9311125080399,210.8814210480249,227.35667942069057,239.28356572010304,1217.11,1185.38,1490.0,1297.4966666666667,1268.498,184928.0,1146.2963157894737,1.0617760724126166,429.9716666666666,315.2375,231.56548795,95060.33333333331,3.0,108567.0,2.0,98823.25,12.0,113147.0,1.0,108749.5,2.0,,-0.0016781686352580483,
2024,Акмолинская область,Пшеница,Шортандинский,185861.15,276280.11000000004,1490.0,stat_gov_kz_real,Шортандинский,Wheat,0,0,0,0,0,51.5679,70.8269,14.2873,400.4815,1040.88,3270.1565,220.9391,17.0034,19.1588,614.5804,0.449,0.4479,0.3958,0.3783,0.3773,45.7539,82.7465,1704.6118,128.9013,-12.5195,0.3848,0.352,-640.3984,0.0,1.165,1.41,34.7,32.6,26.217,29.0,3.267,2.33,7.083,7.4,44.067,41.8,29.7,29.2,59.467,52.0,268.67333333333335,230.878850445,,190.60477617365,1089.3890968508615,1059.975,1021.9542980012442,963.3648258333332,563.665,338.26916666666665,98.1,96.4,96.8,92.5,199.07542137038712,203.289689890296,220.0812656792285,221.3372982910953,650.0,1217.11,1185.38,1017.4966666666666,1112.498,186153.9,648.421052631579,1.0024350649350648,340.43,429.9716666666666,315.2375,94039.33333333331,3.0,69241.5,2.0,104876.16666666669,12.0,95060.33333333331,3.0,108567.0,2.0,-0.010740547231407382,-0.36222332753046504,2.154502718745261
2025,Акмолинская область,Пшеница,Шортандинский,162210.5,270069.9,1670.0,stat_gov_kz_real,Шортандинский,Wheat,0,0,0,0,0,51.5679,70.8269,16.1344,338.4086,1246.1753,3411.2624,186.9124,19.0258,19.3631,690.6235,0.3621,0.4012,0.3811,0.3207,0.3353,86.0683,49.4306,2043.7083,204.4999,-9.5562,0.2716,0.2556,-907.7667,0.0,1.165,1.41,34.7,32.6,26.217,29.0,3.267,2.33,7.083,7.4,44.067,41.8,29.7,29.2,59.467,52.0,243.3325,219.61538460375,,203.19753726864084,1226.4814225569482,1262.8893305316649,1139.8729249670616,1006.980403811544,685.2199999999999,422.655,99.9,101.1,95.5,114.4,198.87634594901675,205.52587647908928,210.1776087236632,253.20986924501307,1490.0,650.0,1217.11,1119.0366666666666,1206.498,185861.15,1401.578947368421,1.0630867442733758,268.67333333333335,340.43,429.9716666666666,90413.33333333331,3.0,86792.0,2.0,86058.83333333333,12.0,94039.33333333331,3.0,69241.5,2.0,-0.0385583337468719,0.25346793469234496,2.1760991796478937
2022,Костанайская область,Кукуруза,Алтынсаринский,1733.0,3213.8,1850.0,stat_gov_kz_real,Алтынсаринский,Maize,0,0,0,0,0,53.0909,64.4818,16.2909,151.5529,1430.5609,3369.4686,122.1757,18.0541,20.3733,860.8167,0.3408,0.3278,0.3189,0.2809,0.2857,34.1504,37.2402,2073.2879,148.2481,-10.6218,0.1059,0.1452,-1279.0081,0.0,1.225,1.36,30.433,26.3,35.833,36.1,3.74,2.27,7.183,7.7,28.167,28.1,35.967,35.8,33.5,22.5,429.9716666666666,381.91843016614285,,318.80665693333333,1756.7299999999998,1650.8083333333334,1666.7975,1275.9916666666666,772.1583333333333,700.015,117.2,119.8,120.3,119.5,205.1881825157127,219.4395640458116,242.9024352785156,263.238246116725,1460.0,,,1460.0,1460.0,2008.0,1640.0,0.8902439024390244,315.2375,231.56548795,201.692128575,,,,,,,,,,,,,1.5184495424062003
2023,Костанайская область,Кукуруза,Алтынсаринский,803.0,1000.0,1200.0,stat_gov_kz_real,Алтынсаринский,Maize,0,0,0,0,0,53.0909,64.4818,16.2064,175.2152,892.267,2450.4056,106.8981,19.4479,20.7063,518.9994,0.3134,0.329,0.33,0.336,0.3515,57.2846,33.1573,2060.306,106.3283,-12.8225,0.1964,0.1923,-717.0518,0.0,1.225,1.36,30.433,26.3,35.833,36.1,3.74,2.27,7.183,7.7,28.167,28.1,35.967,35.8,33.5,22.5,340.43,257.74181354863634,,252.65528515370417,1065.1408333333334,1006.6991666666668,1118.5016666666668,886.4533333333334,550.0483333333333,358.0016666666667,98.9,96.1,93.6,90.9,202.9311125080399,210.8814210480249,227.35667942069057,239.28356572010304,1850.0,1460.0,,1655.0,1655.0,1733.0,1681.775,1.1000282439684261,429.9716666666666,315.2375,231.56548795,,,,,,,,,,,,,
2024,Костанайская область,Кукуруза,Алтынсаринский,355.0,1165.1,3279.9999999999995,stat_gov_kz_real,Алтынсаринский,Maize,0,0,0,0,0,53.0909,64.4818,15.077,298.2006,1220.35,3283.7767,195.2137,17.4671,19.8028,711.7621,0.3843,0.3892,0.3219,0.3897,0.3741,57.6841,99.896,1847.138,158.0324,-13.624,0.2444,0.2608,-922.1494,0.0,1.225,1.36,30.433,26.3,35.833,36.1,3.74,2.27,7.183,7.7,28.167,28.1,35.967,35.8,33.5,22.5,268.67333333333335,230.878850445,,190.60477617365,1089.3890968508615,1059.975,1021.9542980012442,963.3648258333332,563.665,338.26916666666665,98.1,96.4,96.8,92.5,199.07542137038712,203.289689890296,220.0812656792285,221.3372982910953,1200.0,1850.0,1460.0,1503.3333333333333,1503.3333333333333,803.0,1046.0,1.147227533460803,340.43,429.9716666666666,315.2375,,,,,,,,,,,,,2.0334101874386237
2022,Костанайская область,Подсолнечник,Алтынсаринский,10000.0,15600.0,1570.0,stat_gov_kz_real,Алтынсаринский,Sunflower seed,0,0,0,0,0,53.0909,64.4818,16.2909,151.5529,1430.5609,3369.4686,122.1757,18.0541,20.3733,860.8167,0.3408,0.3278,0.3189,0.2809,0.2857,34.1504,37.2402,2073.2879,148.2481,-10.6218,0.1059,0.1452,-1279.0081,0.0,1.225,1.36,30.433,26.3,35.833,36.1,3.74,2.27,7.183,7.7,28.167,28.1,35.967,35.8,33.5,22.5,429.9716666666666,381.91843016614285,,318.80665693333333,1756.7299999999998,1650.8083333333334,1666.7975,1275.9916666666666,772.1583333333333,700.015,117.2,119.8,120.3,119.5,205.1881825157127,219.4395640458116,242.9024352785156,263.238246116725,650.0,1500.0,191.94,780.6466666666666,652.518,6000.0,722.1428571428571,0.9000989119683482,315.2375,231.56548795,201.692128575,,,161437.0,2.0,161437.0,2.0,,,,,,,1.5184495424062003
2023,Костанайская область,Подсолнечник,Алтынсаринский,7696.0,7234.900000000001,1120.0,stat_gov_kz_real,Алтынсаринский,Sunflower seed,0,0,0,0,0,53.0909,64.4818,16.2064,175.2152,892.267,2450.4056,106.8981,19.4479,20.7063,518.9994,0.3134,0.329,0.33,0.336,0.3515,57.2846,33.1573,2060.306,106.3283,-12.8225,0.1964,0.1923,-717.0518,0.0,1.225,1.36,30.433,26.3,35.833,36.1,3.74,2.27,7.183,7.7,28.167,28.1,35.967,35.8,33.5,22.5,340.43,257.74181354863634,,252.65528515370417,1065.1408333333334,1006.6991666666668,1118.5016666666668,886.4533333333334,550.0483333333333,358.0016666666667,98.9,96.1,93.6,90.9,202.9311125080399,210.8814210480249,227.35667942069057,239.28356572010304,1570.0,650.0,1500.0,1240.0,914.518,10000.0,1036.4285714285713,1.514817367332874,429.9716666666666,315.2375,231.56548795,,,,,169268.33333333334,3.0,,,161437.0,2.0,,,
2024,Костанайская область,Подсолнечник,Алтынсаринский,7775.7,9200.0,1180.0,stat_gov_kz_real,Алтынсаринский,Sunflower seed,0,0,0,0,0,53.0909,64.4818,15.077,298.2006,1220.35,3283.7767,195.2137,17.4671,19.8028,711.7621,0.3843,0.3892,0.3219,0.3897,0.3741,57.6841,99.896,1847.138,158.0324,-13.624,0.2444,0.2608,-922.1494,0.0,1.225,1.36,30.433,26.3,35.833,36.1,3.74,2.27,7.183,7.7,28.167,28.1,35.967,35.8,33.5,22.5,268.67333333333335,230.878850445,,190.60477617365,1089.3890968508615,1059.975,1021.9542980012442,963.3648258333332,563.665,338.26916666666665,98.1,96.4,96.8,92.5,199.07542137038712,203.289689890296,220.0812656792285,221.3372982910953,1120.0,1570.0,650.0,1113.3333333333333,1006.3879999999999,7696.0,1050.7142857142858,1.0659415363698164,340.43,429.9716666666666,315.2375,,,142873.5,2.0,119686.125,8.0,,,,,,,2.0334101874386237
2025,Костанайская область,Подсолнечник,Алтынсаринский,19436.0,22427.500000000004,1150.0,stat_gov_kz_real,Алтынсаринский,Sunflower seed,0,0,0,1,0,53.0909,64.4818,16.613,300.2797,1344.3243,3273.7838,194.1315,18.9471,19.9331,733.131,0.3882,0.3829,0.3398,0.3304,0.3188,64.3355,70.9303,2130.3802,163.1293,-8.2787,0.2234,0.2559,-1044.0446,0.0,1.225,1.36,30.433,26.3,35.833,36.1,3.74,2.27,7.183,7.7,28.167,28.1,35.967,35.8,33.5,22.5,243.3325,219.61538460375,,203.19753726864084,1226.4814225569482,1262.8893305316649,1139.8729249670616,1006.980403811544,685.2199999999999,422.655,99.9,101.1,95.5,114.4,198.87634594901675,205.52587647908928,210.1776087236632,253.20986924501307,1180.0,1120.0,1570.0,1290.0,1204.0,7775.7,1380.0,0.855072463768116,268.67333333333335,340.43,429.9716666666666,,,166451.5,2.0,154674.5,6.0,,,142873.5,2.0,,0.16502710439654655,2.14084153799654
2022,Костанайская область,Пшеница,Алтынсаринский,141800.0,267770.0,1890.0,stat_gov_kz_real,Алтынсаринский,Wheat,0,0,0,0,0,53.0909,64.4818,16.2909,151.5529,1430.5609,3369.4686,122.1757,18.0541,20.3733,860.8167,0.3408,0.3278,0.3189,0.2809,0.2857,34.1504,37.2402,2073.2879,148.2481,-10.6218,0.1059,0.1452,-1279.0081,0.0,1.225,1.36,30.433,26.3,35.833,36.1,3.74,2.27,7.183,7.7,28.167,28.1,35.967,35.8,33.5,22.5,429.9716666666666,381.91843016614285,,318.80665693333333,1756.7299999999998,1650.8083333333334,1666.7975,1275.9916666666666,772.1583333333333,700.015,117.2,119.8,120.3,119.5,205.1881825157127,219.4395640458116,242.9024352785156,263.238246116725,890.0,1040.0,743.74,891.2466666666666,1045.19,140400.0,673.3333333333334,1.3217821782178216,315.2375,231.56548795,201.692128575,107152.0,1.0,106317.0,2.0,106595.33333333331,3.0,,,,,,,1.5184495424062003
2023,Костанайская область,Пшеница,Алтынсаринский,137947.5,153344.2,1160.0,stat_gov_kz_real,Алтынсаринский,Wheat,0,0,0,0,0,53.0909,64.4818,16.2064,175.2152,892.267,2450.4056,106.8981,19.4479,20.7063,518.9994,0.3134,0.329,0.33,0.336,0.3515,57.2846,33.1573,2060.306,106.3283,-12.8225,0.1964,0.1923,-717.0518,0.0,1.225,1.36,30.433,26.3,35.833,36.1,3.74,2.27,7.183,7.7,28.167,28.1,35.967,35.8,33.5,22.5,340.43,257.74181354863634,,252.65528515370417,1065.1408333333334,1006.6991666666668,1118.5016666666668,886.4533333333334,550.0483333333333,358.0016666666667,98.9,96.1,93.6,90.9,202.9311125080399,210.8814210480249,227.35667942069057,239.28356572010304,1890.0,890.0,1040.0,1273.3333333333333,1161.19,141800.0,1281.578947368421,1.4747433264887064,429.9716666666666,315.2375,231.56548795,76415.66666666667,3.0,100887.5,2.0,89104.5,12.0,107152.0,1.0,106317.0,2.0,,-0.05106897297704038,
2024,Костанайская область,Пшеница,Алтынсаринский,127183.0,164903.5,1330.0,stat_gov_kz_real,Алтынсаринский,Wheat,0,0,0,0,0,53.0909,64.4818,15.077,298.2006,1220.35,3283.7767,195.2137,17.4671,19.8028,711.7621,0.3843,0.3892,0.3219,0.3897,0.3741,57.6841,99.896,1847.138,158.0324,-13.624,0.2444,0.2608,-922.1494,0.0,1.225,1.36,30.433,26.3,35.833,36.1,3.74,2.27,7.183,7.7,28.167,28.1,35.967,35.8,33.5,22.5,268.67333333333335,230.878850445,,190.60477617365,1089.3890968508615,1059.975,1021.9542980012442,963.3648258333332,563.665,338.26916666666665,98.1,96.4,96.8,92.5,199.07542137038712,203.289689890296,220.0812656792285,221.3372982910953,1160.0,1890.0,890.0,1313.3333333333333,1144.748,137947.5,1027.3684210526317,1.1290983606557377,340.43,429.9716666666666,315.2375,78894.33333333333,3.0,70263.0,2.0,90459.0,12.0,76415.66666666667,3.0,100887.5,2.0,0.03243662948697246,-0.30355098500805355,2.0334101874386237
2025,Костанайская область,Пшеница,Алтынсаринский,116671.2,188860.77,1620.0,stat_gov_kz_real,Алтынсаринский,Wheat,0,0,0,0,0,53.0909,64.4818,16.613,300.2797,1344.3243,3273.7838,194.1315,18.9471,19.9331,733.131,0.3882,0.3829,0.3398,0.3304,0.3188,64.3355,70.9303,2130.3802,163.1293,-8.2787,0.2234,0.2559,-1044.0446,0.0,1.225,1.36,30.433,26.3,35.833,36.1,3.74,2.27,7.183,7.7,28.167,28.1,35.967,35.8,33.5,22.5,243.3325,219.61538460375,,203.19753726864084,1226.4814225569482,1262.8893305316649,1139.8729249670616,1006.980403811544,685.2199999999999,422.655,99.9,101.1,95.5,114.4,198.87634594901675,205.52587647908928,210.1776087236632,253.20986924501307,1330.0,1160.0,1890.0,1460.0,1262.0,127183.0,1274.2105263157894,1.0437835605121852,268.67333333333335,340.43,429.9716666666666,85951.0,3.0,77750.5,2.0,79580.66666666667,12.0,78894.33333333333,3.0,70263.0,2.0,0.08944453129291086,0.10656390988144548,2.14084153799654
2022,Костанайская область,Ячмень,Алтынсаринский,9835.0,20892.6,2120.0,stat_gov_kz_real,Алтынсаринский,Barley,0,0,0,0,0,53.0909,64.4818,16.2909,151.5529,1430.5609,3369.4686,122.1757,18.0541,20.3733,860.8167,0.3408,0.3278,0.3189,0.2809,0.2857,34.1504,37.2402,2073.2879,148.2481,-10.6218,0.1059,0.1452,-1279.0081,0.0,1.225,1.36,30.433,26.3,35.833,36.1,3.74,2.27,7.183,7.7,28.167,28.1,35.967,35.8,33.5,22.5,429.9716666666666,381.91843016614285,,318.80665693333333,1756.7299999999998,1650.8083333333334,1666.7975,1275.9916666666666,772.1583333333333,700.015,117.2,119.8,120.3,119.5,205.1881825157127,219.4395640458116,242.9024352785156,263.238246116725,450.0,873.26,527.22,616.8266666666667,989.1299999999999,9491.0,558.421052631579,0.8058435438265786,315.2375,231.56548795,201.692128575,84995.0,1.0,82460.5,2.0,83305.33333333333,3.0,,,,,,,1.5184495424062003
2023,Костанайская область,Ячмень,Алтынсаринский,18436.9,22174.5,1290.0,stat_gov_kz_real,Алтынсаринский,Barley,0,0,0,0,0,53.0909,64.4818,16.2064,175.2152,892.267,2450.4056,106.8981,19.4479,20.7063,518.9994,0.3134,0.329,0.33,0.336,0.3515,57.2846,33.1573,2060.306,106.3283,-12.8225,0.1964,0.1923,-717.0518,0.0,1.225,1.36,30.433,26.3,35.833,36.1,3.74,2.27,7.183,7.7,28.167,28.1,35.967,35.8,33.5,22.5,340.43,257.74181354863634,,252.65528515370417,1065.1408333333334,1006.6991666666668,1118.5016666666668,886.4533333333334,550.0483333333333,358.0016666666667,98.9,96.1,93.6,90.9,202.9311125080399,210.8814210480249,227.35667942069057,239.28356572010304,2120.0,450.0,873.26,1147.7533333333333,1055.268,9835.0,1342.5,1.5791433891992552,429.9716666666666,315.2375,231.56548795,49107.0,1.0,49107.0,1.0,58035.66666666666,3.0,84995.0,1.0,82460.5,2.0,,,
2024,Костанайская область,Ячмень,Алтынсаринский,21696.0,28294.140000000003,1310.0,stat_gov_kz_real,Алтынсаринский,Barley,0,0,0,0,0,53.0909,64.4818,15.077,298.2006,1220.35,3283.7767,195.2137,17.4671,19.8028,711.7621,0.3843,0.3892,0.3219,0.3897,0.3741,57.6841,99.896,1847.138,158.0324,-13.624,0.2444,0.2608,-922.1494,0.0,1.225,1.36,30.433,26.3,35.833,36.1,3.74,2.27,7.183,7.7,28.167,28.1,35.967,35.8,33.5,22.5,268.67333333333335,230.878850445,,190.60477617365,1089.3890968508615,1059.975,1021.9542980012442,963.3648258333332,563.665,338.26916666666665,98.1,96.4,96.8,92.5,199.07542137038712,203.289689890296,220.0812656792285,221.3372982910953,1290.0,2120.0,450.0,1286.6666666666667,1052.096,18436.9,1081.578947368421,1.1927007299270074,340.43,429.9716666666666,315.2375,45220.0,1.0,43750.0,2.0,44240.0,3.0,49107.0,1.0,49107.0,1.0,,,2.0334101874386237
2025,Костанайская область,Ячмень,Алтынсаринский,17400.0,18515.63,1750.0,stat_gov_kz_real,Алтынсаринский,Barley,0,0,0,0,0,53.0909,64.4818,16.613,300.2797,1344.3243,3273.7838,194.1315,18.9471,19.9331,733.131,0.3882,0.3829,0.3398,0.3304,0.3188,64.3355,70.9303,2130.3802,163.1293,-8.2787,0.2234,0.2559,-1044.0446,0.0,1.225,1.36,30.433,26.3,35.833,36.1,3.74,2.27,7.183,7.7,28.167,28.1,35.967,35.8,33.5,22.5,243.3325,219.61538460375,,203.19753726864084,1226.4814225569482,1262.8893305316649,1139.8729249670616,1006.980403811544,685.2199999999999,422.655,99.9,101.1,95.5,114.4,198.87634594901675,205.52587647908928,210.1776087236632,253.20986924501307,1310.0,1290.0,2120.0,1573.3333333333333,1208.652,21696.0,1527.0588235294117,0.8578582434514638,268.67333333333335,340.43,429.9716666666666,70394.0,2.0,,,65418.4,5.0,45220.0,1.0,43750.0,2.0,,,2.14084153799654
2022,Костанайская область,Пшеница,Амангельдинский,135100.0,135570.0,1000.0,stat_gov_kz_real,Амангельдинский,Wheat,0,0,0,0,0,49.9428,65.2544,19.0915,76.704,1492.139,3678.8628,50.9962,21.4271,23.2903,924.7059,0.1694,0.2034,0.1393,0.1686,0.1621,7.3312,31.8007,2585.6089,185.7043,-8.7224,0.0514,0.0561,-1415.4351,0.0,1.342,1.45,20.833,20.0,22.467,23.6,2.072,1.0,7.933,8.0,39.533,38.0,38.0,38.4,22.417,20.5,429.9716666666666,381.91843016614285,,318.80665693333333,1756.7299999999998,1650.8083333333334,1666.7975,1275.9916666666666,772.1583333333333,700.015,117.2,119.8,120.3,119.5,205.1881825157127,219.4395640458116,242.9024352785156,263.238246116725,360.0,680.0,694.06,578.02,625.978,142500.0,673.3333333333334,0.5346534653465346,315.2375,231.56548795,201.692128575,107152.0,1.0,106317.0,2.0,106595.33333333331,3.0,,,,,,,1.5184495424062003
2023,Костанайская область,Пшеница,Амангельдинский,155901.9,82897.2,540.0,stat_gov_kz_real,Амангельдинский,Wheat,0,0,0,0,0,49.9428,65.2544,19.001,112.6758,925.2576,2664.7111,28.708,22.8885,24.2401,575.6104,0.1742,0.2006,0.1467,0.1604,0.1538,7.2444,14.1544,2573.1247,89.943,-11.8989,0.1218,0.0485,-812.5819,0.0,1.342,1.45,20.833,20.0,22.467,23.6,2.072,1.0,7.933,8.0,39.533,38.0,38.0,38.4,22.417,20.5,340.43,257.74181354863634,,252.65528515370417,1065.1408333333334,1006.6991666666668,1118.5016666666668,886.4533333333334,550.0483333333333,358.0016666666667,98.9,96.1,93.6,90.9,202.9311125080399,210.8814210480249,227.35667942069057,239.28356572010304,1000.0,360.0,680.0,680.0,679.978,135100.0,1281.578947368421,0.7802874743326489,429.9716666666666,315.2375,231.56548795,76415.66666666667,3.0,100887.5,2.0,89104.5,12.0,107152.0,1.0,106317.0,2.0,,-0.05106897297704038,
2024,Костанайская область,Пшеница,Амангельдинский,149017.0,143995.4,970.0,stat_gov_kz_real,Амангельдинский,Wheat,0,0,0,0,0,49.9428,65.2544,18.0011,147.5087,1384.6474,3639.024,101.6488,20.4322,22.9421,830.4911,0.2582,0.254,0.1665,0.1856,0.1639,15.0861,33.3883,2383.8629,148.5068,-10.8442,0.1065,0.129,-1237.1387,0.0,1.342,1.45,20.833,20.0,22.467,23.6,2.072,1.0,7.933,8.0,39.533,38.0,38.0,38.4,22.417,20.5,268.67333333333335,230.878850445,,190.60477617365,1089.3890968508615,1059.975,1021.9542980012442,963.3648258333332,563.665,338.26916666666665,98.1,96.4,96.8,92.5,199.07542137038712,203.289689890296,220.0812656792285,221.3372982910953,540.0,1000.0,360.0,633.3333333333334,654.812,155901.9,1027.3684210526317,0.5256147540983606,340.43,429.9716666666666,315.2375,78894.33333333333,3.0,70263.0,2.0,90459.0,12.0,76415.66666666667,3.0,100887.5,2.0,0.03243662948697246,-0.30355098500805355,2.0334101874386237
2025,Костанайская область,Пшеница,Амангельдинский,152282.9,165727.63,1090.0,stat_gov_kz_real,Амангельдинский,Wheat,0,0,0,0,0,49.9428,65.2544,19.5642,165.0344,1480.0289,3676.1956,78.8662,22.4319,23.2773,862.2605,0.1831,0.198,0.1677,0.1635,0.1594,35.5254,22.9428,2672.164,192.2114,-7.8136,0.1115,0.0913,-1314.9945,0.0,1.342,1.45,20.833,20.0,22.467,23.6,2.072,1.0,7.933,8.0,39.533,38.0,38.0,38.4,22.417,20.5,243.3325,219.61538460375,,203.19753726864084,1226.4814225569482,1262.8893305316649,1139.8729249670616,1006.980403811544,685.2199999999999,422.655,99.9,101.1,95.5,114.4,198.87634594901675,205.52587647908928,210.1776087236632,253.20986924501307,970.0,540.0,1000.0,836.6666666666666,710.0,149017.0,1274.2105263157894,0.7612556794712929,268.67333333333335,340.43,429.9716666666666,85951.0,3.0,77750.5,2.0,79580.66666666667,12.0,78894.33333333333,3.0,70263.0,2.0,0.08944453129291086,0.10656390988144548,2.14084153799654
2022,Костанайская область,Ячмень,Амангельдинский,5052.0,5132.900000000001,1020.0,stat_gov_kz_real,Амангельдинский,Barley,0,0,0,0,0,49.9428,65.2544,19.0915,76.704,1492.139,3678.8628,50.9962,21.4271,23.2903,924.7059,0.1694,0.2034,0.1393,0.1686,0.1621,7.3312,31.8007,2585.6089,185.7043,-8.7224,0.0514,0.0561,-1415.4351,0.0,1.342,1.45,20.833,20.0,22.467,23.6,2.072,1.0,7.933,8.0,39.533,38.0,38.0,38.4,22.417,20.5,429.9716666666666,381.91843016614285,,318.80665693333333,1756.7299999999998,1650.8083333333334,1666.7975,1275.9916666666666,772.1583333333333,700.015,117.2,119.8,120.3,119.5,205.1881825157127,219.4395640458116,242.9024352785156,263.238246116725,140.0,655.32,400.93,398.75,625.572,5327.0,558.421052631579,0.25070688030160226,315.2375,231.56548795,201.692128575,84995.0,1.0,82460.5,2.0,83305.33333333333,3.0,,,,,,,1.5184495424062003
2023,Костанайская область,Ячмень,Амангельдинский,8709.0,5035.700000000001,580.0,stat_gov_kz_real,Амангельдинский,Barley,0,0,0,0,0,49.9428,65.2544,19.001,112.6758,925.2576,2664.7111,28.708,22.8885,24.2401,575.6104,0.1742,0.2006,0.1467,0.1604,0.1538,7.2444,14.1544,2573.1247,89.943,-11.8989,0.1218,0.0485,-812.5819,0.0,1.342,1.45,20.833,20.0,22.467,23.6,2.072,1.0,7.933,8.0,39.533,38.0,38.0,38.4,22.417,20.5,340.43,257.74181354863634,,252.65528515370417,1065.1408333333334,1006.6991666666668,1118.5016666666668,886.4533333333334,550.0483333333333,358.0016666666667,98.9,96.1,93.6,90.9,202.9311125080399,210.8814210480249,227.35667942069057,239.28356572010304,1020.0,140.0,655.32,605.1066666666667,666.434,5052.0,1342.5,0.7597765363128491,429.9716666666666,315.2375,231.56548795,49107.0,1.0,49107.0,1.0,58035.66666666666,3.0,84995.0,1.0,82460.5,2.0,,,
2024,Костанайская область,Ячмень,Амангельдинский,9609.0,18358.3,1910.0,stat_gov_kz_real,Амангельдинский,Barley,0,0,0,0,0,49.9428,65.2544,18.0011,147.5087,1384.6474,3639.024,101.6488,20.4322,22.9421,830.4911,0.2582,0.254,0.1665,0.1856,0.1639,15.0861,33.3883,2383.8629,148.5068,-10.8442,0.1065,0.129,-1237.1387,0.0,1.342,1.45,20.833,20.0,22.467,23.6,2.072,1.0,7.933,8.0,39.533,38.0,38.0,38.4,22.417,20.5,268.67333333333335,230.878850445,,190.60477617365,1089.3890968508615,1059.975,1021.9542980012442,963.3648258333332,563.665,338.26916666666665,98.1,96.4,96.8,92.5,199.07542137038712,203.289689890296,220.0812656792285,221.3372982910953,580.0,1020.0,140.0,580.0,559.25,8709.0,1081.578947368421,0.5362530413625304,340.43,429.9716666666666,315.2375,45220.0,1.0,43750.0,2.0,44240.0,3.0,49107.0,1.0,49107.0,1.0,,,2.0334101874386237
2025,Костанайская область,Ячмень,Амангельдинский,11029.0,6817.5,620.0,stat_gov_kz_real,Амангельдинский,Barley,0,0,0,0,0,49.9428,65.2544,19.5642,165.0344,1480.0289,3676.1956,78.8662,22.4319,23.2773,862.2605,0.1831,0.198,0.1677,0.1635,0.1594,35.5254,22.9428,2672.164,192.2114,-7.8136,0.1115,0.0913,-1314.9945,0.0,1.342,1.45,20.833,20.0,22.467,23.6,2.072,1.0,7.933,8.0,39.533,38.0,38.0,38.4,22.417,20.5,243.3325,219.61538460375,,203.19753726864084,1226.4814225569482,1262.8893305316649,1139.8729249670616,1006.980403811544,685.2199999999999,422.655,99.9,101.1,95.5,114.4,198.87634594901675,205.52587647908928,210.1776087236632,253.20986924501307,1910.0,580.0,1020.0,1170.0,861.064,9609.0,1527.0588235294117,1.2507704160246533,268.67333333333335,340.43,429.9716666666666,70394.0,2.0,,,65418.4,5.0,45220.0,1.0,43750.0,2.0,,,2.14084153799654
2022,Костанайская область,Кукуруза,Аркалык г.а.,,0.09,4600.0,stat_gov_kz_real,Аркалык,Maize,0,1,0,0,0,50.2533,66.915,17.5373,110.4391,1556.9833,3643.3184,82.2602,19.9164,21.3124,926.5877,0.1814,0.2268,0.1631,0.1845,0.1913,22.8768,45.4787,2300.6206,212.5261,-8.7535,0.0709,0.0862,-1446.5442,0.0,1.242,1.44,22.35,21.6,32.217,34.3,3.51,2.21,7.583,7.8,42.75,41.4,25.033,24.3,34.233,19.6,429.9716666666666,381.91843016614285,,318.80665693333333,1756.7299999999998,1650.8083333333334,1666.7975,1275.9916666666666,772.1583333333333,700.015,117.2,119.8,120.3,119.5,205.1881825157127,219.4395640458116,242.9024352785156,263.238246116725,4550.0,4900.0,4400.0,4616.666666666667,4340.0,0.02,1640.0,2.774390243902439,315.2375,231.56548795,201.692128575,,,,,,,,,,,,,1.5184495424062003
2025,Костанайская область,Кукуруза,Аркалык г.а.,256.0,258.5,1010.0,stat_gov_kz_real,Аркалык,Maize,0,1,0,1,0,50.2533,66.915,17.811,220.4904,1496.374,3574.4731,124.9537,20.6619,21.1961,847.203,0.2154,0.2421,0.1963,0.1871,0.1919,52.3871,42.0207,2350.9386,228.7855,-8.476,0.1473,0.1431,-1275.8836,0.0,1.242,1.44,22.35,21.6,32.217,34.3,3.51,2.21,7.583,7.8,42.75,41.4,25.033,24.3,34.233,19.6,243.3325,219.61538460375,,203.19753726864084,1226.4814225569482,1262.8893305316649,1139.8729249670616,1006.980403811544,685.2199999999999,422.655,99.9,101.1,95.5,114.4,198.87634594901675,205.52587647908928,210.1776087236632,253.20986924501307,,,4600.0,4600.0,4683.333333333333,,2293.3333333333335,,268.67333333333335,340.43,429.9716666666666,,,,,,,,,,,,,2.14084153799654
2022,Костанайская область,Подсолнечник,Аркалык г.а.,0.0,0.0,1300.0,stat_gov_kz_real,Аркалык,Sunflower seed,0,1,0,1,0,50.2533,66.915,17.5373,110.4391,1556.9833,3643.3184,82.2602,19.9164,21.3124,926.5877,0.1814,0.2268,0.1631,0.1845,0.1913,22.8768,45.4787,2300.6206,212.5261,-8.7535,0.0709,0.0862,-1446.5442,0.0,1.242,1.44,22.35,21.6,32.217,34.3,3.51,2.21,7.583,7.8,42.75,41.4,25.033,24.3,34.233,19.6,429.9716666666666,381.91843016614285,,318.80665693333333,1756.7299999999998,1650.8083333333334,1666.7975,1275.9916666666666,772.1583333333333,700.015,117.2,119.8,120.3,119.5,205.1881825157127,219.4395640458116,242.9024352785156,263.238246116725,1300.0,1400.0,1300.0,1333.3333333333333,1064.0,0.0,722.1428571428571,1.8001978239366965,315.2375,231.56548795,201.692128575,,,161437.0,2.0,161437.0,2.0,,,,,,,1.5184495424062003
2025,Костанайская область,Подсолнечник,Аркалык г.а.,1350.0,600.0,520.0,stat_gov_kz_real,Аркалык,Sunflower seed,0,1,0,0,0,50.2533,66.915,17.811,220.4904,1496.374,3574.4731,124.9537,20.6619,21.1961,847.203,0.2154,0.2421,0.1963,0.1871,0.1919,52.3871,42.0207,2350.9386,228.7855,-8.476,0.1473,0.1431,-1275.8836,0.0,1.242,1.44,22.35,21.6,32.217,34.3,3.51,2.21,7.583,7.8,42.75,41.4,25.033,24.3,34.233,19.6,243.3325,219.61538460375,,203.19753726864084,1226.4814225569482,1262.8893305316649,1139.8729249670616,1006.980403811544,685.2199999999999,422.655,99.9,101.1,95.5,114.4,198.87634594901675,205.52587647908928,210.1776087236632,253.20986924501307,,,1300.0,1300.0,1333.3333333333333,,1380.0,,268.67333333333335,340.43,429.9716666666666,,,166451.5,2.0,154674.5,6.0,,,142873.5,2.0,,0.16502710439654655,2.14084153799654
2022,Костанайская область,Пшеница,Аркалык г.а.,257900.0,220310.0,860.0,stat_gov_kz_real,Аркалык,Wheat,0,1,0,0,0,50.2533,66.915,17.5373,110.4391,1556.9833,3643.3184,82.2602,19.9164,21.3124,926.5877,0.1814,0.2268,0.1631,0.1845,0.1913,22.8768,45.4787,2300.6206,212.5261,-8.7535,0.0709,0.0862,-1446.5442,0.0,1.242,1.44,22.35,21.6,32.217,34.3,3.51,2.21,7.583,7.8,42.75,41.4,25.033,24.3,34.233,19.6,429.9716666666666,381.91843016614285,,318.80665693333333,1756.7299999999998,1650.8083333333334,1666.7975,1275.9916666666666,772.1583333333333,700.015,117.2,119.8,120.3,119.5,205.1881825157127,219.4395640458116,242.9024352785156,263.238246116725,410.0,950.0,710.13,690.0433333333334,667.2120000000001,253700.0,673.3333333333334,0.6089108910891089,315.2375,231.56548795,201.692128575,107152.0,1.0,106317.0,2.0,106595.33333333331,3.0,,,,,,,1.5184495424062003
2023,Костанайская область,Пшеница,Аркалык г.а.,280131.5,113014.3,410.0,stat_gov_kz_real,Аркалык,Wheat,0,1,0,0,0,50.2533,66.915,17.2706,121.9737,977.2922,2651.3699,36.2271,21.1208,22.5434,609.6228,0.1979,0.2346,0.1592,0.1529,0.164,16.0361,10.5883,2256.3909,109.3212,-12.3845,0.1248,0.0572,-855.3185,0.0,1.242,1.44,22.35,21.6,32.217,34.3,3.51,2.21,7.583,7.8,42.75,41.4,25.033,24.3,34.233,19.6,340.43,257.74181354863634,,252.65528515370417,1065.1408333333334,1006.6991666666668,1118.5016666666668,886.4533333333334,550.0483333333333,358.0016666666667,98.9,96.1,93.6,90.9,202.9311125080399,210.8814210480249,227.35667942069057,239.28356572010304,860.0,410.0,950.0,740.0,733.2120000000001,257900.0,1281.578947368421,0.6710472279260781,429.9716666666666,315.2375,231.56548795,76415.66666666667,3.0,100887.5,2.0,89104.5,12.0,107152.0,1.0,106317.0,2.0,,-0.05106897297704038,
2024,Костанайская область,Пшеница,Аркалык г.а.,263460.4,250686.99,950.0,stat_gov_kz_real,Аркалык,Wheat,0,1,0,0,0,50.2533,66.915,16.0908,213.6084,1366.8001,3524.536,142.813,18.5267,20.8885,819.5737,0.3058,0.307,0.2145,0.2134,0.2,20.1887,46.7395,2034.3252,178.1549,-11.2515,0.1563,0.1815,-1153.1918,0.0,1.242,1.44,22.35,21.6,32.217,34.3,3.51,2.21,7.583,7.8,42.75,41.4,25.033,24.3,34.233,19.6,268.67333333333335,230.878850445,,190.60477617365,1089.3890968508615,1059.975,1021.9542980012442,963.3648258333332,563.665,338.26916666666665,98.1,96.4,96.8,92.5,199.07542137038712,203.289689890296,220.0812656792285,221.3372982910953,410.0,860.0,410.0,560.0,668.0260000000001,280131.5,1027.3684210526317,0.399077868852459,340.43,429.9716666666666,315.2375,78894.33333333333,3.0,70263.0,2.0,90459.0,12.0,76415.66666666667,3.0,100887.5,2.0,0.03243662948697246,-0.30355098500805355,2.0334101874386237
2025,Костанайская область,Пшеница,Аркалык г.а.,274629.4,293264.09,1070.0,stat_gov_kz_real,Аркалык,Wheat,0,1,0,0,0,50.2533,66.915,17.811,220.4904,1496.374,3574.4731,124.9537,20.6619,21.1961,847.203,0.2154,0.2421,0.1963,0.1871,0.1919,52.3871,42.0207,2350.9386,228.7855,-8.476,0.1473,0.1431,-1275.8836,0.0,1.242,1.44,22.35,21.6,32.217,34.3,3.51,2.21,7.583,7.8,42.75,41.4,25.033,24.3,34.233,19.6,243.3325,219.61538460375,,203.19753726864084,1226.4814225569482,1262.8893305316649,1139.8729249670616,1006.980403811544,685.2199999999999,422.655,99.9,101.1,95.5,114.4,198.87634594901675,205.52587647908928,210.1776087236632,253.20986924501307,950.0,410.0,860.0,740.0,716.0,263460.4,1274.2105263157894,0.7455596860801322,268.67333333333335,340.43,429.9716666666666,85951.0,3.0,77750.5,2.0,79580.66666666667,12.0,78894.33333333333,3.0,70263.0,2.0,0.08944453129291086,0.10656390988144548,2.14084153799654
2022,Костанайская область,Ячмень,Аркалык г.а.,16067.0,13397.4,830.0000000000001,stat_gov_kz_real,Аркалык,Barley,0,1,0,0,0,50.2533,66.915,17.5373,110.4391,1556.9833,3643.3184,82.2602,19.9164,21.3124,926.5877,0.1814,0.2268,0.1631,0.1845,0.1913,22.8768,45.4787,2300.6206,212.5261,-8.7535,0.0709,0.0862,-1446.5442,0.0,1.242,1.44,22.35,21.6,32.217,34.3,3.51,2.21,7.583,7.8,42.75,41.4,25.033,24.3,34.233,19.6,429.9716666666666,381.91843016614285,,318.80665693333333,1756.7299999999998,1650.8083333333334,1666.7975,1275.9916666666666,772.1583333333333,700.015,117.2,119.8,120.3,119.5,205.1881825157127,219.4395640458116,242.9024352785156,263.238246116725,240.0,1014.8,740.0,664.9333333333333,690.8979999999999,27897.0,558.421052631579,0.4297832233741753,315.2375,231.56548795,201.692128575,84995.0,1.0,82460.5,2.0,83305.33333333333,3.0,,,,,,,1.5184495424062003
2023,Костанайская область,Ячмень,Аркалык г.а.,18450.0,7647.760000000001,430.0,stat_gov_kz_real,Аркалык,Barley,0,1,0,0,0,50.2533,66.915,17.2706,121.9737,977.2922,2651.3699,36.2271,21.1208,22.5434,609.6228,0.1979,0.2346,0.1592,0.1529,0.164,16.0361,10.5883,2256.3909,109.3212,-12.3845,0.1248,0.0572,-855.3185,0.0,1.242,1.44,22.35,21.6,32.217,34.3,3.51,2.21,7.583,7.8,42.75,41.4,25.033,24.3,34.233,19.6,340.43,257.74181354863634,,252.65528515370417,1065.1408333333334,1006.6991666666668,1118.5016666666668,886.4533333333334,550.0483333333333,358.0016666666667,98.9,96.1,93.6,90.9,202.9311125080399,210.8814210480249,227.35667942069057,239.28356572010304,830.0000000000001,240.0,1014.8,694.9333333333334,764.374,16067.0,1342.5,0.6182495344506519,429.9716666666666,315.2375,231.56548795,49107.0,1.0,49107.0,1.0,58035.66666666666,3.0,84995.0,1.0,82460.5,2.0,,,
2024,Костанайская область,Ячмень,Аркалык г.а.,24023.8,28484.32,1190.0,stat_gov_kz_real,Аркалык,Barley,0,1,0,0,0,50.2533,66.915,16.0908,213.6084,1366.8001,3524.536,142.813,18.5267,20.8885,819.5737,0.3058,0.307,0.2145,0.2134,0.2,20.1887,46.7395,2034.3252,178.1549,-11.2515,0.1563,0.1815,-1153.1918,0.0,1.242,1.44,22.35,21.6,32.217,34.3,3.51,2.21,7.583,7.8,42.75,41.4,25.033,24.3,34.233,19.6,268.67333333333335,230.878850445,,190.60477617365,1089.3890968508615,1059.975,1021.9542980012442,963.3648258333332,563.665,338.26916666666665,98.1,96.4,96.8,92.5,199.07542137038712,203.289689890296,220.0812656792285,221.3372982910953,430.0,830.0000000000001,240.0,500.0,650.96,18450.0,1081.578947368421,0.3975669099756691,340.43,429.9716666666666,315.2375,45220.0,1.0,43750.0,2.0,44240.0,3.0,49107.0,1.0,49107.0,1.0,,,2.0334101874386237
2025,Костанайская область,Ячмень,Аркалык г.а.,24204.0,30300.5,1250.0,stat_gov_kz_real,Аркалык,Barley,0,1,0,0,0,50.2533,66.915,17.811,220.4904,1496.374,3574.4731,124.9537,20.6619,21.1961,847.203,0.2154,0.2421,0.1963,0.1871,0.1919,52.3871,42.0207,2350.9386,228.7855,-8.476,0.1473,0.1431,-1275.8836,0.0,1.242,1.44,22.35,21.6,32.217,34.3,3.51,2.21,7.583,7.8,42.75,41.4,25.033,24.3,34.233,19.6,243.3325,219.61538460375,,203.19753726864084,1226.4814225569482,1262.8893305316649,1139.8729249670616,1006.980403811544,685.2199999999999,422.655,99.9,101.1,95.5,114.4,198.87634594901675,205.52587647908928,210.1776087236632,253.20986924501307,1190.0,430.0,830.0000000000001,816.6666666666666,740.96,24023.8,1527.0588235294117,0.7792758089368259,268.67333333333335,340.43,429.9716666666666,70394.0,2.0,,,65418.4,5.0,45220.0,1.0,43750.0,2.0,,,2.14084153799654
2022,Костанайская область,Подсолнечник,Аулиекольский,2000.0,2100.0,1040.0,stat_gov_kz_real,Аулиекольский,Sunflower seed,0,0,0,0,0,52.2668,63.9887,16.9494,139.3847,1388.0826,3397.0677,114.4827,18.7948,21.2453,861.0533,0.2314,0.2159,0.2052,0.169,0.1605,37.643,30.0157,2193.9933,174.2157,-10.6539,0.1004,0.1386,-1248.6979,0.0,1.233,1.4,24.567,21.9,32.683,32.0,2.768,1.79,7.3,7.7,41.633,41.5,25.65,26.5,35.633,29.4,429.9716666666666,381.91843016614285,,318.80665693333333,1756.7299999999998,1650.8083333333334,1666.7975,1275.9916666666666,772.1583333333333,700.015,117.2,119.8,120.3,119.5,205.1881825157127,219.4395640458116,242.9024352785156,263.238246116725,310.0,,,310.0,456.57666666666665,1300.0,722.1428571428571,0.4292779426310584,315.2375,231.56548795,201.692128575,,,161437.0,2.0,161437.0,2.0,,,,,,,1.5184495424062003
2023,Костанайская область,Подсолнечник,Аулиекольский,2141.0,959.5,450.0,stat_gov_kz_real,Аулиекольский,Sunflower seed,0,0,0,0,0,52.2668,63.9887,16.6629,152.8162,845.4232,2476.4057,82.9432,19.8994,21.4653,513.4545,0.2255,0.2316,0.1978,0.215,0.202,40.7874,28.6937,2143.981,117.8471,-13.3816,0.1808,0.1573,-692.607,0.0,1.233,1.4,24.567,21.9,32.683,32.0,2.768,1.79,7.3,7.7,41.633,41.5,25.65,26.5,35.633,29.4,340.43,257.74181354863634,,252.65528515370417,1065.1408333333334,1006.6991666666668,1118.5016666666668,886.4533333333334,550.0483333333333,358.0016666666667,98.9,96.1,93.6,90.9,202.9311125080399,210.8814210480249,227.35667942069057,239.28356572010304,1040.0,310.0,,675.0,599.91,2000.0,1036.4285714285713,1.0034458993797382,429.9716666666666,315.2375,231.56548795,,,,,169268.33333333334,3.0,,,161437.0,2.0,,,
2024,Костанайская область,Подсолнечник,Аулиекольский,675.0,600.0,810.0,stat_gov_kz_real,Аулиекольский,Sunflower seed,0,0,0,0,0,52.2668,63.9887,15.6725,289.123,1204.8178,3361.8188,170.194,17.9965,20.325,708.6017,0.2917,0.296,0.215,0.2735,0.2446,54.1518,83.7471,1956.1247,161.2065,-13.5445,0.24,0.2349,-915.6949,0.0,1.233,1.4,24.567,21.9,32.683,32.0,2.768,1.79,7.3,7.7,41.633,41.5,25.65,26.5,35.633,29.4,268.67333333333335,230.878850445,,190.60477617365,1089.3890968508615,1059.975,1021.9542980012442,963.3648258333332,563.665,338.26916666666665,98.1,96.4,96.8,92.5,199.07542137038712,203.289689890296,220.0812656792285,221.3372982910953,450.0,1040.0,310.0,600.0,600.0,2141.0,1050.7142857142858,0.42828008157715836,340.43,429.9716666666666,315.2375,,,142873.5,2.0,119686.125,8.0,,,,,,,2.0334101874386237
2025,Костанайская область,Подсолнечник,Аулиекольский,1227.0,715.7,1130.0,stat_gov_kz_real,Аулиекольский,Sunflower seed,0,0,0,0,0,52.2668,63.9887,17.4044,219.8521,1366.2352,3344.0623,125.8747,19.8262,20.7838,757.8652,0.2321,0.2147,0.1987,0.1844,0.1666,49.1459,40.3748,2275.7306,154.1046,-8.268,0.1609,0.162,-1146.3831,0.0,1.233,1.4,24.567,21.9,32.683,32.0,2.768,1.79,7.3,7.7,41.633,41.5,25.65,26.5,35.633,29.4,243.3325,219.61538460375,,203.19753726864084,1226.4814225569482,1262.8893305316649,1139.8729249670616,1006.980403811544,685.2199999999999,422.655,99.9,101.1,95.5,114.4,198.87634594901675,205.52587647908928,210.1776087236632,253.20986924501307,810.0,450.0,1040.0,766.6666666666666,652.5,675.0,1380.0,0.5869565217391305,268.67333333333335,340.43,429.9716666666666,,,166451.5,2.0,154674.5,6.0,,,142873.5,2.0,,0.16502710439654655,2.14084153799654
2022,Костанайская область,Пшеница,Аулиекольский,198600.0,258830.00000000003,1300.0,stat_gov_kz_real,Аулиекольский,Wheat,0,0,0,0,0,52.2668,63.9887,16.9494,139.3847,1388.0826,3397.0677,114.4827,18.7948,21.2453,861.0533,0.2314,0.2159,0.2052,0.169,0.1605,37.643,30.0157,2193.9933,174.2157,-10.6539,0.1004,0.1386,-1248.6979,0.0,1.233,1.4,24.567,21.9,32.683,32.0,2.768,1.79,7.3,7.7,41.633,41.5,25.65,26.5,35.633,29.4,429.9716666666666,381.91843016614285,,318.80665693333333,1756.7299999999998,1650.8083333333334,1666.7975,1275.9916666666666,772.1583333333333,700.015,117.2,119.8,120.3,119.5,205.1881825157127,219.4395640458116,242.9024352785156,263.238246116725,420.0,950.0,303.42,557.8066666666667,703.854,200500.0,673.3333333333334,0.6237623762376238,315.2375,231.56548795,201.692128575,107152.0,1.0,106317.0,2.0,106595.33333333331,3.0,,,,,,,1.5184495424062003
2023,Костанайская область,Пшеница,Аулиекольский,197049.0,152915.8,790.0,stat_gov_kz_real,Аулиекольский,Wheat,0,0,0,0,0,52.2668,63.9887,16.6629,152.8162,845.4232,2476.4057,82.9432,19.8994,21.4653,513.4545,0.2255,0.2316,0.1978,0.215,0.202,40.7874,28.6937,2143.981,117.8471,-13.3816,0.1808,0.1573,-692.607,0.0,1.233,1.4,24.567,21.9,32.683,32.0,2.768,1.79,7.3,7.7,41.633,41.5,25.65,26.5,35.633,29.4,340.43,257.74181354863634,,252.65528515370417,1065.1408333333334,1006.6991666666668,1118.5016666666668,886.4533333333334,550.0483333333333,358.0016666666667,98.9,96.1,93.6,90.9,202.9311125080399,210.8814210480249,227.35667942069057,239.28356572010304,1300.0,420.0,950.0,890.0,765.854,198600.0,1281.578947368421,1.0143737166324436,429.9716666666666,315.2375,231.56548795,76415.66666666667,3.0,100887.5,2.0,89104.5,12.0,107152.0,1.0,106317.0,2.0,,-0.05106897297704038,
2024,Костанайская область,Пшеница,Аулиекольский,203472.8,220322.0,1080.0,stat_gov_kz_real,Аулиекольский,Wheat,0,0,0,0,0,52.2668,63.9887,15.6725,289.123,1204.8178,3361.8188,170.194,17.9965,20.325,708.6017,0.2917,0.296,0.215,0.2735,0.2446,54.1518,83.7471,1956.1247,161.2065,-13.5445,0.24,0.2349,-915.6949,0.0,1.233,1.4,24.567,21.9,32.683,32.0,2.768,1.79,7.3,7.7,41.633,41.5,25.65,26.5,35.633,29.4,268.67333333333335,230.878850445,,190.60477617365,1089.3890968508615,1059.975,1021.9542980012442,963.3648258333332,563.665,338.26916666666665,98.1,96.4,96.8,92.5,199.07542137038712,203.289689890296,220.0812656792285,221.3372982910953,790.0,1300.0,420.0,836.6666666666666,752.684,197049.0,1027.3684210526317,0.7689549180327868,340.43,429.9716666666666,315.2375,78894.33333333333,3.0,70263.0,2.0,90459.0,12.0,76415.66666666667,3.0,100887.5,2.0,0.03243662948697246,-0.30355098500805355,2.0334101874386237
2025,Костанайская область,Пшеница,Аулиекольский,187100.8,259895.89,1390.0,stat_gov_kz_real,Аулиекольский,Wheat,0,0,0,0,0,52.2668,63.9887,17.4044,219.8521,1366.2352,3344.0623,125.8747,19.8262,20.7838,757.8652,0.2321,0.2147,0.1987,0.1844,0.1666,49.1459,40.3748,2275.7306,154.1046,-8.268,0.1609,0.162,-1146.3831,0.0,1.233,1.4,24.567,21.9,32.683,32.0,2.768,1.79,7.3,7.7,41.633,41.5,25.65,26.5,35.633,29.4,243.3325,219.61538460375,,203.19753726864084,1226.4814225569482,1262.8893305316649,1139.8729249670616,1006.980403811544,685.2199999999999,422.655,99.9,101.1,95.5,114.4,198.87634594901675,205.52587647908928,210.1776087236632,253.20986924501307,1080.0,790.0,1300.0,1056.6666666666667,908.0,203472.8,1274.2105263157894,0.8475836431226766,268.67333333333335,340.43,429.9716666666666,85951.0,3.0,77750.5,2.0,79580.66666666667,12.0,78894.33333333333,3.0,70263.0,2.0,0.08944453129291086,0.10656390988144548,2.14084153799654
2022,Костанайская область,Ячмень,Аулиекольский,13301.0,17335.28,1320.0,stat_gov_kz_real,Аулиекольский,Barley,0,0,0,0,0,52.2668,63.9887,16.9494,139.3847,1388.0826,3397.0677,114.4827,18.7948,21.2453,861.0533,0.2314,0.2159,0.2052,0.169,0.1605,37.643,30.0157,2193.9933,174.2157,-10.6539,0.1004,0.1386,-1248.6979,0.0,1.233,1.4,24.567,21.9,32.683,32.0,2.768,1.79,7.3,7.7,41.633,41.5,25.65,26.5,35.633,29.4,429.9716666666666,381.91843016614285,,318.80665693333333,1756.7299999999998,1650.8083333333334,1666.7975,1275.9916666666666,772.1583333333333,700.015,117.2,119.8,120.3,119.5,205.1881825157127,219.4395640458116,242.9024352785156,263.238246116725,320.0,867.0799999999999,386.91,524.6633333333333,762.6200000000001,19269.25,558.421052631579,0.5730442978322338,315.2375,231.56548795,201.692128575,84995.0,1.0,82460.5,2.0,83305.33333333333,3.0,,,,,,,1.5184495424062003
2023,Костанайская область,Ячмень,Аулиекольский,18125.0,15537.0,910.0,stat_gov_kz_real,Аулиекольский,Barley,0,0,0,0,0,52.2668,63.9887,16.6629,152.8162,845.4232,2476.4057,82.9432,19.8994,21.4653,513.4545,0.2255,0.2316,0.1978,0.215,0.202,40.7874,28.6937,2143.981,117.8471,-13.3816,0.1808,0.1573,-692.607,0.0,1.233,1.4,24.567,21.9,32.683,32.0,2.768,1.79,7.3,7.7,41.633,41.5,25.65,26.5,35.633,29.4,340.43,257.74181354863634,,252.65528515370417,1065.1408333333334,1006.6991666666668,1118.5016666666668,886.4533333333334,550.0483333333333,358.0016666666667,98.9,96.1,93.6,90.9,202.9311125080399,210.8814210480249,227.35667942069057,239.28356572010304,1320.0,320.0,867.0799999999999,835.6933333333333,768.8019999999999,13301.0,1342.5,0.9832402234636871,429.9716666666666,315.2375,231.56548795,49107.0,1.0,49107.0,1.0,58035.66666666666,3.0,84995.0,1.0,82460.5,2.0,,,
2024,Костанайская область,Ячмень,Аулиекольский,16636.8,19976.6,1200.0,stat_gov_kz_real,Аулиекольский,Barley,0,0,0,0,0,52.2668,63.9887,15.6725,289.123,1204.8178,3361.8188,170.194,17.9965,20.325,708.6017,0.2917,0.296,0.215,0.2735,0.2446,54.1518,83.7471,1956.1247,161.2065,-13.5445,0.24,0.2349,-915.6949,0.0,1.233,1.4,24.567,21.9,32.683,32.0,2.768,1.79,7.3,7.7,41.633,41.5,25.65,26.5,35.633,29.4,268.67333333333335,230.878850445,,190.60477617365,1089.3890968508615,1059.975,1021.9542980012442,963.3648258333332,563.665,338.26916666666665,98.1,96.4,96.8,92.5,199.07542137038712,203.289689890296,220.0812656792285,221.3372982910953,910.0,1320.0,320.0,850.0,760.798,18125.0,1081.578947368421,0.8413625304136253,340.43,429.9716666666666,315.2375,45220.0,1.0,43750.0,2.0,44240.0,3.0,49107.0,1.0,49107.0,1.0,,,2.0334101874386237
2025,Костанайская область,Ячмень,Аулиекольский,16149.0,24649.68,1530.0,stat_gov_kz_real,Аулиекольский,Barley,0,0,0,0,0,52.2668,63.9887,17.4044,219.8521,1366.2352,3344.0623,125.8747,19.8262,20.7838,757.8652,0.2321,0.2147,0.1987,0.1844,0.1666,49.1459,40.3748,2275.7306,154.1046,-8.268,0.1609,0.162,-1146.3831,0.0,1.233,1.4,24.567,21.9,32.683,32.0,2.768,1.79,7.3,7.7,41.633,41.5,25.65,26.5,35.633,29.4,243.3325,219.61538460375,,203.19753726864084,1226.4814225569482,1262.8893305316649,1139.8729249670616,1006.980403811544,685.2199999999999,422.655,99.9,101.1,95.5,114.4,198.87634594901675,205.52587647908928,210.1776087236632,253.20986924501307,1200.0,910.0,1320.0,1143.3333333333333,923.4159999999999,16636.8,1527.0588235294117,0.7858243451463791,268.67333333333335,340.43,429.9716666666666,70394.0,2.0,,,65418.4,5.0,45220.0,1.0,43750.0,2.0,,,2.14084153799654
2023,Костанайская область,Кукуруза,Беимбета Майлина,3.0,,,stat_gov_kz_real,Беимбета Майлина,Maize,0,0,0,0,0,52.698,62.5603,16.4594,142.7899,855.2944,2414.78,64.9215,19.5571,20.9326,505.9024,0.3107,0.3213,0.3211,0.3227,0.3171,32.8818,20.4813,2106.4067,108.6737,-12.7841,0.1669,0.122,-712.5045,0.0,1.272,1.4,19.2,16.0,34.217,34.6,3.368,2.52,7.367,7.7,36.25,35.0,29.55,30.4,36.717,28.0,340.43,257.74181354863634,,252.65528515370417,1065.1408333333334,1006.6991666666668,1118.5016666666668,886.4533333333334,550.0483333333333,358.0016666666667,98.9,96.1,93.6,90.9,202.9311125080399,210.8814210480249,227.35667942069057,239.28356572010304,,200.0,500.0,350.0,800.0,,1681.775,,429.9716666666666,315.2375,231.56548795,,,,,,,,,,,,,
2024,Костанайская область,Кукуруза,Беимбета Майлина,2.0,0.0,1250.0,stat_gov_kz_real,Беимбета Майлина,Maize,0,0,0,1,0,52.698,62.5603,15.399,322.2016,1166.7475,3284.4624,221.2542,17.6194,19.8715,673.9179,0.4098,0.4069,0.3296,0.4111,0.4146,73.8309,112.3481,1905.5311,150.2113,-13.0744,0.2762,0.3151,-844.5459,0.0,1.272,1.4,19.2,16.0,34.217,34.6,3.368,2.52,7.367,7.7,36.25,35.0,29.55,30.4,36.717,28.0,268.67333333333335,230.878850445,,190.60477617365,1089.3890968508615,1059.975,1021.9542980012442,963.3648258333332,563.665,338.26916666666665,98.1,96.4,96.8,92.5,199.07542137038712,203.289689890296,220.0812656792285,221.3372982910953,,,200.0,200.0,370.0,3.0,1046.0,,340.43,429.9716666666666,315.2375,,,,,,,,,,,,,2.0334101874386237
2022,Костанайская область,Подсолнечник,Беимбета Майлина,20600.0,17550.0,850.0,stat_gov_kz_real,Беимбета Майлина,Sunflower seed,0,0,0,0,0,52.698,62.5603,16.7626,133.0299,1435.2821,3349.3506,98.2427,18.3152,21.0763,881.3064,0.3426,0.3215,0.3215,0.2767,0.2805,30.1478,21.3831,2159.8027,136.4434,-9.6623,0.0927,0.1171,-1302.2522,0.0,1.272,1.4,19.2,16.0,34.217,34.6,3.368,2.52,7.367,7.7,36.25,35.0,29.55,30.4,36.717,28.0,429.9716666666666,381.91843016614285,,318.80665693333333,1756.7299999999998,1650.8083333333334,1666.7975,1275.9916666666666,772.1583333333333,700.015,117.2,119.8,120.3,119.5,205.1881825157127,219.4395640458116,242.9024352785156,263.238246116725,780.0,1370.0,514.31,888.1033333333334,976.734,10000.0,722.1428571428571,1.0801186943620178,315.2375,231.56548795,201.692128575,,,161437.0,2.0,161437.0,2.0,,,,,,,1.5184495424062003
2023,Костанайская область,Подсолнечник,Беимбета Майлина,21212.0,22393.42,1220.0,stat_gov_kz_real,Беимбета Майлина,Sunflower seed,0,0,0,0,0,52.698,62.5603,16.4594,142.7899,855.2944,2414.78,64.9215,19.5571,20.9326,505.9024,0.3107,0.3213,0.3211,0.3227,0.3171,32.8818,20.4813,2106.4067,108.6737,-12.7841,0.1669,0.122,-712.5045,0.0,1.272,1.4,19.2,16.0,34.217,34.6,3.368,2.52,7.367,7.7,36.25,35.0,29.55,30.4,36.717,28.0,340.43,257.74181354863634,,252.65528515370417,1065.1408333333334,1006.6991666666668,1118.5016666666668,886.4533333333334,550.0483333333333,358.0016666666667,98.9,96.1,93.6,90.9,202.9311125080399,210.8814210480249,227.35667942069057,239.28356572010304,850.0,780.0,1370.0,1000.0,894.734,20600.0,1036.4285714285713,0.8201240523776706,429.9716666666666,315.2375,231.56548795,,,,,169268.33333333334,3.0,,,161437.0,2.0,,,
2024,Костанайская область,Подсолнечник,Беимбета Майлина,23599.0,38566.97000000001,1650.0,stat_gov_kz_real,Беимбета Майлина,Sunflower seed,0,0,0,0,0,52.698,62.5603,15.399,322.2016,1166.7475,3284.4624,221.2542,17.6194,19.8715,673.9179,0.4098,0.4069,0.3296,0.4111,0.4146,73.8309,112.3481,1905.5311,150.2113,-13.0744,0.2762,0.3151,-844.5459,0.0,1.272,1.4,19.2,16.0,34.217,34.6,3.368,2.52,7.367,7.7,36.25,35.0,29.55,30.4,36.717,28.0,268.67333333333335,230.878850445,,190.60477617365,1089.3890968508615,1059.975,1021.9542980012442,963.3648258333332,563.665,338.26916666666665,98.1,96.4,96.8,92.5,199.07542137038712,203.289689890296,220.0812656792285,221.3372982910953,1220.0,850.0,780.0,950.0,946.8619999999999,21212.0,1050.7142857142858,1.161114887831407,340.43,429.9716666666666,315.2375,,,142873.5,2.0,119686.125,8.0,,,,,,,2.0334101874386237
2025,Костанайская область,Подсолнечник,Беимбета Майлина,35182.0,47134.990000000005,1380.0,stat_gov_kz_real,Беимбета Майлина,Sunflower seed,0,0,0,1,0,52.698,62.5603,16.8606,287.1297,1342.2924,3318.0289,158.9471,19.0347,20.3319,754.1902,0.3969,0.3963,0.3274,0.3212,0.3317,59.3837,45.1972,2175.9013,127.2383,-7.8588,0.2139,0.2125,-1055.1626,0.0,1.272,1.4,19.2,16.0,34.217,34.6,3.368,2.52,7.367,7.7,36.25,35.0,29.55,30.4,36.717,28.0,243.3325,219.61538460375,,203.19753726864084,1226.4814225569482,1262.8893305316649,1139.8729249670616,1006.980403811544,685.2199999999999,422.655,99.9,101.1,95.5,114.4,198.87634594901675,205.52587647908928,210.1776087236632,253.20986924501307,1650.0,1220.0,850.0,1240.0,1174.0,23599.0,1380.0,1.1956521739130435,268.67333333333335,340.43,429.9716666666666,,,166451.5,2.0,154674.5,6.0,,,142873.5,2.0,,0.16502710439654655,2.14084153799654
2022,Костанайская область,Пшеница,Беимбета Майлина,109500.0,141220.0,1290.0,stat_gov_kz_real,Беимбета Майлина,Wheat,0,0,0,0,0,52.698,62.5603,16.7626,133.0299,1435.2821,3349.3506,98.2427,18.3152,21.0763,881.3064,0.3426,0.3215,0.3215,0.2767,0.2805,30.1478,21.3831,2159.8027,136.4434,-9.6623,0.0927,0.1171,-1302.2522,0.0,1.272,1.4,19.2,16.0,34.217,34.6,3.368,2.52,7.367,7.7,36.25,35.0,29.55,30.4,36.717,28.0,429.9716666666666,381.91843016614285,,318.80665693333333,1756.7299999999998,1650.8083333333334,1666.7975,1275.9916666666666,772.1583333333333,700.015,117.2,119.8,120.3,119.5,205.1881825157127,219.4395640458116,242.9024352785156,263.238246116725,500.0,780.0,569.96,616.6533333333333,833.164,110500.0,673.3333333333334,0.7425742574257426,315.2375,231.56548795,201.692128575,107152.0,1.0,106317.0,2.0,106595.33333333331,3.0,,,,,,,1.5184495424062003
2023,Костанайская область,Пшеница,Беимбета Майлина,127284.9,154103.23,1380.0,stat_gov_kz_real,Беимбета Майлина,Wheat,0,0,0,0,0,52.698,62.5603,16.4594,142.7899,855.2944,2414.78,64.9215,19.5571,20.9326,505.9024,0.3107,0.3213,0.3211,0.3227,0.3171,32.8818,20.4813,2106.4067,108.6737,-12.7841,0.1669,0.122,-712.5045,0.0,1.272,1.4,19.2,16.0,34.217,34.6,3.368,2.52,7.367,7.7,36.25,35.0,29.55,30.4,36.717,28.0,340.43,257.74181354863634,,252.65528515370417,1065.1408333333334,1006.6991666666668,1118.5016666666668,886.4533333333334,550.0483333333333,358.0016666666667,98.9,96.1,93.6,90.9,202.9311125080399,210.8814210480249,227.35667942069057,239.28356572010304,1290.0,500.0,780.0,856.6666666666666,849.164,109500.0,1281.578947368421,1.006570841889117,429.9716666666666,315.2375,231.56548795,76415.66666666667,3.0,100887.5,2.0,89104.5,12.0,107152.0,1.0,106317.0,2.0,,-0.05106897297704038,
2024,Костанайская область,Пшеница,Беимбета Майлина,114245.41,133588.59999999998,1170.0,stat_gov_kz_real,Беимбета Майлина,Wheat,0,0,0,0,0,52.698,62.5603,15.399,322.2016,1166.7475,3284.4624,221.2542,17.6194,19.8715,673.9179,0.4098,0.4069,0.3296,0.4111,0.4146,73.8309,112.3481,1905.5311,150.2113,-13.0744,0.2762,0.3151,-844.5459,0.0,1.272,1.4,19.2,16.0,34.217,34.6,3.368,2.52,7.367,7.7,36.25,35.0,29.55,30.4,36.717,28.0,268.67333333333335,230.878850445,,190.60477617365,1089.3890968508615,1059.975,1021.9542980012442,963.3648258333332,563.665,338.26916666666665,98.1,96.4,96.8,92.5,199.07542137038712,203.289689890296,220.0812656792285,221.3372982910953,1380.0,1290.0,500.0,1056.6666666666667,903.992,127284.9,1027.3684210526317,1.3432377049180326,340.43,429.9716666666666,315.2375,78894.33333333333,3.0,70263.0,2.0,90459.0,12.0,76415.66666666667,3.0,100887.5,2.0,0.03243662948697246,-0.30355098500805355,2.0334101874386237
2025,Костанайская область,Пшеница,Беимбета Майлина,101721.95,154280.07,1520.0,stat_gov_kz_real,Беимбета Майлина,Wheat,0,0,0,0,0,52.698,62.5603,16.8606,287.1297,1342.2924,3318.0289,158.9471,19.0347,20.3319,754.1902,0.3969,0.3963,0.3274,0.3212,0.3317,59.3837,45.1972,2175.9013,127.2383,-7.8588,0.2139,0.2125,-1055.1626,0.0,1.272,1.4,19.2,16.0,34.217,34.6,3.368,2.52,7.367,7.7,36.25,35.0,29.55,30.4,36.717,28.0,243.3325,219.61538460375,,203.19753726864084,1226.4814225569482,1262.8893305316649,1139.8729249670616,1006.980403811544,685.2199999999999,422.655,99.9,101.1,95.5,114.4,198.87634594901675,205.52587647908928,210.1776087236632,253.20986924501307,1170.0,1380.0,1290.0,1280.0,1024.0,114245.41,1274.2105263157894,0.9182156133828997,268.67333333333335,340.43,429.9716666666666,85951.0,3.0,77750.5,2.0,79580.66666666667,12.0,78894.33333333333,3.0,70263.0,2.0,0.08944453129291086,0.10656390988144548,2.14084153799654
2022,Костанайская область,Ячмень,Беимбета Майлина,11167.1,19013.62,1700.0,stat_gov_kz_real,Беимбета Майлина,Barley,0,0,0,0,0,52.698,62.5603,16.7626,133.0299,1435.2821,3349.3506,98.2427,18.3152,21.0763,881.3064,0.3426,0.3215,0.3215,0.2767,0.2805,30.1478,21.3831,2159.8027,136.4434,-9.6623,0.0927,0.1171,-1302.2522,0.0,1.272,1.4,19.2,16.0,34.217,34.6,3.368,2.52,7.367,7.7,36.25,35.0,29.55,30.4,36.717,28.0,429.9716666666666,381.91843016614285,,318.80665693333333,1756.7299999999998,1650.8083333333334,1666.7975,1275.9916666666666,772.1583333333333,700.015,117.2,119.8,120.3,119.5,205.1881825157127,219.4395640458116,242.9024352785156,263.238246116725,520.0,686.13,369.13,525.0866666666667,846.1720000000001,12967.1,558.421052631579,0.9311969839773798,315.2375,231.56548795,201.692128575,84995.0,1.0,82460.5,2.0,83305.33333333333,3.0,,,,,,,1.5184495424062003
2023,Костанайская область,Ячмень,Беимбета Майлина,20623.2,18950.6,1200.0,stat_gov_kz_real,Беимбета Майлина,Barley,0,0,0,0,0,52.698,62.5603,16.4594,142.7899,855.2944,2414.78,64.9215,19.5571,20.9326,505.9024,0.3107,0.3213,0.3211,0.3227,0.3171,32.8818,20.4813,2106.4067,108.6737,-12.7841,0.1669,0.122,-712.5045,0.0,1.272,1.4,19.2,16.0,34.217,34.6,3.368,2.52,7.367,7.7,36.25,35.0,29.55,30.4,36.717,28.0,340.43,257.74181354863634,,252.65528515370417,1065.1408333333334,1006.6991666666668,1118.5016666666668,886.4533333333334,550.0483333333333,358.0016666666667,98.9,96.1,93.6,90.9,202.9311125080399,210.8814210480249,227.35667942069057,239.28356572010304,1700.0,520.0,686.13,968.71,885.1700000000001,11167.1,1342.5,1.266294227188082,429.9716666666666,315.2375,231.56548795,49107.0,1.0,49107.0,1.0,58035.66666666666,3.0,84995.0,1.0,82460.5,2.0,,,
2024,Костанайская область,Ячмень,Беимбета Майлина,20537.1,26765.43,1350.0,stat_gov_kz_real,Беимбета Майлина,Barley,0,0,0,0,0,52.698,62.5603,15.399,322.2016,1166.7475,3284.4624,221.2542,17.6194,19.8715,673.9179,0.4098,0.4069,0.3296,0.4111,0.4146,73.8309,112.3481,1905.5311,150.2113,-13.0744,0.2762,0.3151,-844.5459,0.0,1.272,1.4,19.2,16.0,34.217,34.6,3.368,2.52,7.367,7.7,36.25,35.0,29.55,30.4,36.717,28.0,268.67333333333335,230.878850445,,190.60477617365,1089.3890968508615,1059.975,1021.9542980012442,963.3648258333332,563.665,338.26916666666665,98.1,96.4,96.8,92.5,199.07542137038712,203.289689890296,220.0812656792285,221.3372982910953,1200.0,1700.0,520.0,1140.0,895.052,20623.2,1081.578947368421,1.1094890510948905,340.43,429.9716666666666,315.2375,45220.0,1.0,43750.0,2.0,44240.0,3.0,49107.0,1.0,49107.0,1.0,,,2.0334101874386237
2025,Костанайская область,Ячмень,Беимбета Майлина,21200.0,30544.390000000003,1470.0,stat_gov_kz_real,Беимбета Майлина,Barley,0,0,0,0,0,52.698,62.5603,16.8606,287.1297,1342.2924,3318.0289,158.9471,19.0347,20.3319,754.1902,0.3969,0.3963,0.3274,0.3212,0.3317,59.3837,45.1972,2175.9013,127.2383,-7.8588,0.2139,0.2125,-1055.1626,0.0,1.272,1.4,19.2,16.0,34.217,34.6,3.368,2.52,7.367,7.7,36.25,35.0,29.55,30.4,36.717,28.0,243.3325,219.61538460375,,203.19753726864084,1226.4814225569482,1262.8893305316649,1139.8729249670616,1006.980403811544,685.2199999999999,422.655,99.9,101.1,95.5,114.4,198.87634594901675,205.52587647908928,210.1776087236632,253.20986924501307,1350.0,1200.0,1700.0,1416.6666666666667,1091.226,20537.1,1527.0588235294117,0.8840523882896765,268.67333333333335,340.43,429.9716666666666,70394.0,2.0,,,65418.4,5.0,45220.0,1.0,43750.0,2.0,,,2.14084153799654
2022,Костанайская область,Подсолнечник,Денисовский,21400.0,14450.0,670.0,stat_gov_kz_real,Денисовский,Sunflower seed,0,0,0,0,0,52.5937,61.5559,16.3432,157.3692,1420.2246,3316.8366,112.6819,17.7238,20.7207,878.3465,0.3598,0.3368,0.3395,0.2828,0.2834,35.6635,23.0683,2083.0576,130.7791,-9.5779,0.1108,0.1368,-1262.8554,0.0,1.203,1.39,21.6,21.1,27.633,28.2,4.637,3.73,7.25,7.5,46.15,45.2,26.217,26.6,45.417,35.3,429.9716666666666,381.91843016614285,,318.80665693333333,1756.7299999999998,1650.8083333333334,1666.7975,1275.9916666666666,772.1583333333333,700.015,117.2,119.8,120.3,119.5,205.1881825157127,219.4395640458116,242.9024352785156,263.238246116725,500.0,1030.0,366.19,632.0633333333334,752.96,19900.0,722.1428571428571,0.6923837784371909,315.2375,231.56548795,201.692128575,,,161437.0,2.0,161437.0,2.0,,,,,,,1.5184495424062003
2023,Костанайская область,Подсолнечник,Денисовский,30459.3,28764.8,1320.0,stat_gov_kz_real,Денисовский,Sunflower seed,0,0,0,0,0,52.5937,61.5559,16.1417,152.6613,855.5462,2405.9278,65.1067,19.2054,20.6079,512.3298,0.3244,0.3265,0.3176,0.3348,0.3155,22.9795,27.4449,2048.113,102.8987,-12.8244,0.1784,0.121,-702.8849,0.0,1.203,1.39,21.6,21.1,27.633,28.2,4.637,3.73,7.25,7.5,46.15,45.2,26.217,26.6,45.417,35.3,340.43,257.74181354863634,,252.65528515370417,1065.1408333333334,1006.6991666666668,1118.5016666666668,886.4533333333334,550.0483333333333,358.0016666666667,98.9,96.1,93.6,90.9,202.9311125080399,210.8814210480249,227.35667942069057,239.28356572010304,670.0,500.0,1030.0,733.3333333333334,736.96,21400.0,1036.4285714285713,0.6464507236388698,429.9716666666666,315.2375,231.56548795,,,,,169268.33333333334,3.0,,,161437.0,2.0,,,
2024,Костанайская область,Подсолнечник,Денисовский,17540.27,28370.1,1620.0,stat_gov_kz_real,Денисовский,Sunflower seed,0,0,0,0,0,52.5937,61.5559,15.1141,340.5543,1163.6358,3286.4637,225.1405,17.2893,19.4969,665.9922,0.4258,0.427,0.3495,0.4122,0.4004,66.5979,115.4169,1853.2921,141.9293,-12.8198,0.2927,0.3219,-823.0815,0.0,1.203,1.39,21.6,21.1,27.633,28.2,4.637,3.73,7.25,7.5,46.15,45.2,26.217,26.6,45.417,35.3,268.67333333333335,230.878850445,,190.60477617365,1089.3890968508615,1059.975,1021.9542980012442,963.3648258333332,563.665,338.26916666666665,98.1,96.4,96.8,92.5,199.07542137038712,203.289689890296,220.0812656792285,221.3372982910953,1320.0,670.0,500.0,830.0,777.238,30459.3,1050.7142857142858,1.256288239292998,340.43,429.9716666666666,315.2375,,,142873.5,2.0,119686.125,8.0,,,,,,,2.0334101874386237
2025,Костанайская область,Подсолнечник,Денисовский,50773.2,64801.0,1320.0,stat_gov_kz_real,Денисовский,Sunflower seed,0,0,0,1,0,52.5937,61.5559,16.6574,295.1213,1384.9322,3324.2991,170.0527,18.7117,20.1624,788.1089,0.4088,0.4119,0.3225,0.3194,0.3299,52.7182,45.3359,2138.8161,118.5143,-7.7494,0.2131,0.223,-1089.811,0.0,1.203,1.39,21.6,21.1,27.633,28.2,4.637,3.73,7.25,7.5,46.15,45.2,26.217,26.6,45.417,35.3,243.3325,219.61538460375,,203.19753726864084,1226.4814225569482,1262.8893305316649,1139.8729249670616,1006.980403811544,685.2199999999999,422.655,99.9,101.1,95.5,114.4,198.87634594901675,205.52587647908928,210.1776087236632,253.20986924501307,1620.0,1320.0,670.0,1203.3333333333333,1028.0,17540.27,1380.0,1.173913043478261,268.67333333333335,340.43,429.9716666666666,,,166451.5,2.0,154674.5,6.0,,,142873.5,2.0,,0.16502710439654655,2.14084153799654
2022,Костанайская область,Пшеница,Денисовский,199800.0,222070.0,1110.0,stat_gov_kz_real,Денисовский,Wheat,0,0,0,0,0,52.5937,61.5559,16.3432,157.3692,1420.2246,3316.8366,112.6819,17.7238,20.7207,878.3465,0.3598,0.3368,0.3395,0.2828,0.2834,35.6635,23.0683,2083.0576,130.7791,-9.5779,0.1108,0.1368,-1262.8554,0.0,1.203,1.39,21.6,21.1,27.633,28.2,4.637,3.73,7.25,7.5,46.15,45.2,26.217,26.6,45.417,35.3,429.9716666666666,381.91843016614285,,318.80665693333333,1756.7299999999998,1650.8083333333334,1666.7975,1275.9916666666666,772.1583333333333,700.015,117.2,119.8,120.3,119.5,205.1881825157127,219.4395640458116,242.9024352785156,263.238246116725,460.0,610.0,418.99,496.33,763.528,217400.0,673.3333333333334,0.6831683168316831,315.2375,231.56548795,201.692128575,107152.0,1.0,106317.0,2.0,106595.33333333331,3.0,,,,,,,1.5184495424062003
2023,Костанайская область,Пшеница,Денисовский,226134.7,239320.7,1270.0,stat_gov_kz_real,Денисовский,Wheat,0,0,0,0,0,52.5937,61.5559,16.1417,152.6613,855.5462,2405.9278,65.1067,19.2054,20.6079,512.3298,0.3244,0.3265,0.3176,0.3348,0.3155,22.9795,27.4449,2048.113,102.8987,-12.8244,0.1784,0.121,-702.8849,0.0,1.203,1.39,21.6,21.1,27.633,28.2,4.637,3.73,7.25,7.5,46.15,45.2,26.217,26.6,45.417,35.3,340.43,257.74181354863634,,252.65528515370417,1065.1408333333334,1006.6991666666668,1118.5016666666668,886.4533333333334,550.0483333333333,358.0016666666667,98.9,96.1,93.6,90.9,202.9311125080399,210.8814210480249,227.35667942069057,239.28356572010304,1110.0,460.0,610.0,726.6666666666666,739.528,199800.0,1281.578947368421,0.8661190965092402,429.9716666666666,315.2375,231.56548795,76415.66666666667,3.0,100887.5,2.0,89104.5,12.0,107152.0,1.0,106317.0,2.0,,-0.05106897297704038,
2024,Костанайская область,Пшеница,Денисовский,223244.87,221825.9,1000.0,stat_gov_kz_real,Денисовский,Wheat,0,0,0,0,0,52.5937,61.5559,15.1141,340.5543,1163.6358,3286.4637,225.1405,17.2893,19.4969,665.9922,0.4258,0.427,0.3495,0.4122,0.4004,66.5979,115.4169,1853.2921,141.9293,-12.8198,0.2927,0.3219,-823.0815,0.0,1.203,1.39,21.6,21.1,27.633,28.2,4.637,3.73,7.25,7.5,46.15,45.2,26.217,26.6,45.417,35.3,268.67333333333335,230.878850445,,190.60477617365,1089.3890968508615,1059.975,1021.9542980012442,963.3648258333332,563.665,338.26916666666665,98.1,96.4,96.8,92.5,199.07542137038712,203.289689890296,220.0812656792285,221.3372982910953,1270.0,1110.0,460.0,946.6666666666666,773.798,226134.7,1027.3684210526317,1.2361680327868851,340.43,429.9716666666666,315.2375,78894.33333333333,3.0,70263.0,2.0,90459.0,12.0,76415.66666666667,3.0,100887.5,2.0,0.03243662948697246,-0.30355098500805355,2.0334101874386237
2025,Костанайская область,Пшеница,Денисовский,186547.81,304220.2,1639.9999999999998,stat_gov_kz_real,Денисовский,Wheat,0,0,0,0,0,52.5937,61.5559,16.6574,295.1213,1384.9322,3324.2991,170.0527,18.7117,20.1624,788.1089,0.4088,0.4119,0.3225,0.3194,0.3299,52.7182,45.3359,2138.8161,118.5143,-7.7494,0.2131,0.223,-1089.811,0.0,1.203,1.39,21.6,21.1,27.633,28.2,4.637,3.73,7.25,7.5,46.15,45.2,26.217,26.6,45.417,35.3,243.3325,219.61538460375,,203.19753726864084,1226.4814225569482,1262.8893305316649,1139.8729249670616,1006.980403811544,685.2199999999999,422.655,99.9,101.1,95.5,114.4,198.87634594901675,205.52587647908928,210.1776087236632,253.20986924501307,1000.0,1270.0,1110.0,1126.6666666666667,890.0,223244.87,1274.2105263157894,0.7847996695580339,268.67333333333335,340.43,429.9716666666666,85951.0,3.0,77750.5,2.0,79580.66666666667,12.0,78894.33333333333,3.0,70263.0,2.0,0.08944453129291086,0.10656390988144548,2.14084153799654
2022,Костанайская область,Ячмень,Денисовский,21047.2,23850.1,1130.0,stat_gov_kz_real,Денисовский,Barley,0,0,0,0,0,52.5937,61.5559,16.3432,157.3692,1420.2246,3316.8366,112.6819,17.7238,20.7207,878.3465,0.3598,0.3368,0.3395,0.2828,0.2834,35.6635,23.0683,2083.0576,130.7791,-9.5779,0.1108,0.1368,-1262.8554,0.0,1.203,1.39,21.6,21.1,27.633,28.2,4.637,3.73,7.25,7.5,46.15,45.2,26.217,26.6,45.417,35.3,429.9716666666666,381.91843016614285,,318.80665693333333,1756.7299999999998,1650.8083333333334,1666.7975,1275.9916666666666,772.1583333333333,700.015,117.2,119.8,120.3,119.5,205.1881825157127,219.4395640458116,242.9024352785156,263.238246116725,380.0,618.68,337.57,445.4166666666667,822.0259999999998,29239.8,558.421052631579,0.6804901036757776,315.2375,231.56548795,201.692128575,84995.0,1.0,82460.5,2.0,83305.33333333333,3.0,,,,,,,1.5184495424062003
2023,Костанайская область,Ячмень,Денисовский,29757.7,36294.9,1430.0,stat_gov_kz_real,Денисовский,Barley,0,0,0,0,0,52.5937,61.5559,16.1417,152.6613,855.5462,2405.9278,65.1067,19.2054,20.6079,512.3298,0.3244,0.3265,0.3176,0.3348,0.3155,22.9795,27.4449,2048.113,102.8987,-12.8244,0.1784,0.121,-702.8849,0.0,1.203,1.39,21.6,21.1,27.633,28.2,4.637,3.73,7.25,7.5,46.15,45.2,26.217,26.6,45.417,35.3,340.43,257.74181354863634,,252.65528515370417,1065.1408333333334,1006.6991666666668,1118.5016666666668,886.4533333333334,550.0483333333333,358.0016666666667,98.9,96.1,93.6,90.9,202.9311125080399,210.8814210480249,227.35667942069057,239.28356572010304,1130.0,380.0,618.68,709.56,727.982,21047.2,1342.5,0.8417132216014898,429.9716666666666,315.2375,231.56548795,49107.0,1.0,49107.0,1.0,58035.66666666666,3.0,84995.0,1.0,82460.5,2.0,,,
2024,Костанайская область,Ячмень,Денисовский,30426.0,37172.1,1220.0,stat_gov_kz_real,Денисовский,Barley,0,0,0,0,0,52.5937,61.5559,15.1141,340.5543,1163.6358,3286.4637,225.1405,17.2893,19.4969,665.9922,0.4258,0.427,0.3495,0.4122,0.4004,66.5979,115.4169,1853.2921,141.9293,-12.8198,0.2927,0.3219,-823.0815,0.0,1.203,1.39,21.6,21.1,27.633,28.2,4.637,3.73,7.25,7.5,46.15,45.2,26.217,26.6,45.417,35.3,268.67333333333335,230.878850445,,190.60477617365,1089.3890968508615,1059.975,1021.9542980012442,963.3648258333332,563.665,338.26916666666665,98.1,96.4,96.8,92.5,199.07542137038712,203.289689890296,220.0812656792285,221.3372982910953,1430.0,1130.0,380.0,980.0,779.25,29757.7,1081.578947368421,1.3221411192214112,340.43,429.9716666666666,315.2375,45220.0,1.0,43750.0,2.0,44240.0,3.0,49107.0,1.0,49107.0,1.0,,,2.0334101874386237
2025,Костанайская область,Ячмень,Денисовский,24700.0,33726.6,1380.0,stat_gov_kz_real,Денисовский,Barley,0,0,0,0,0,52.5937,61.5559,16.6574,295.1213,1384.9322,3324.2991,170.0527,18.7117,20.1624,788.1089,0.4088,0.4119,0.3225,0.3194,0.3299,52.7182,45.3359,2138.8161,118.5143,-7.7494,0.2131,0.223,-1089.811,0.0,1.203,1.39,21.6,21.1,27.633,28.2,4.637,3.73,7.25,7.5,46.15,45.2,26.217,26.6,45.417,35.3,243.3325,219.61538460375,,203.19753726864084,1226.4814225569482,1262.8893305316649,1139.8729249670616,1006.980403811544,685.2199999999999,422.655,99.9,101.1,95.5,114.4,198.87634594901675,205.52587647908928,210.1776087236632,253.20986924501307,1220.0,1430.0,1130.0,1260.0,955.7360000000001,30426.0,1527.0588235294117,0.7989214175654854,268.67333333333335,340.43,429.9716666666666,70394.0,2.0,,,65418.4,5.0,45220.0,1.0,43750.0,2.0,,,2.14084153799654
2025,Костанайская область,Подсолнечник,Джангельдинский,5.0,9.4,1880.0,stat_gov_kz_real,Джангельдинский,Sunflower seed,0,0,0,0,0,49.5699,63.682,20.296,114.137,1424.7456,3723.343,50.2584,23.0652,24.1538,831.4063,0.1588,0.1885,0.1604,0.1464,0.1534,27.3487,13.6297,2806.6086,155.3109,-7.495,0.0801,0.061,-1310.6086,0.0,1.365,1.46,23.467,23.4,23.133,25.1,3.397,3.25,7.983,8.1,38.167,37.0,38.7,37.9,48.05,47.7,243.3325,219.61538460375,,203.19753726864084,1226.4814225569482,1262.8893305316649,1139.8729249670616,1006.980403811544,685.2199999999999,422.655,99.9,101.1,95.5,114.4,198.87634594901675,205.52587647908928,210.1776087236632,253.20986924501307,,,,,,,1380.0,,268.67333333333335,340.43,429.9716666666666,,,166451.5,2.0,154674.5,6.0,,,142873.5,2.0,,0.16502710439654655,2.14084153799654
2022,Костанайская область,Пшеница,Джангельдинский,15300.0,12940.000000000002,850.0,stat_gov_kz_real,Джангельдинский,Wheat,0,0,0,0,0,49.5699,63.682,19.6528,73.3659,1398.2779,3678.6784,54.1474,21.7718,23.9643,882.8408,0.1701,0.1972,0.137,0.1696,0.1554,6.7724,32.7418,2688.102,161.6198,-8.8064,0.0525,0.0644,-1324.9121,0.0,1.365,1.46,23.467,23.4,23.133,25.1,3.397,3.25,7.983,8.1,38.167,37.0,38.7,37.9,48.05,47.7,429.9716666666666,381.91843016614285,,318.80665693333333,1756.7299999999998,1650.8083333333334,1666.7975,1275.9916666666666,772.1583333333333,700.015,117.2,119.8,120.3,119.5,205.1881825157127,219.4395640458116,242.9024352785156,263.238246116725,280.0,830.0000000000001,256.34000000000003,455.4466666666667,582.068,23800.0,673.3333333333334,0.4158415841584158,315.2375,231.56548795,201.692128575,107152.0,1.0,106317.0,2.0,106595.33333333331,3.0,,,,,,,1.5184495424062003
2023,Костанайская область,Пшеница,Джангельдинский,27706.4,12215.3,460.0,stat_gov_kz_real,Джангельдинский,Wheat,0,0,0,0,0,49.5699,63.682,19.6276,96.9738,880.8919,2672.7792,24.1715,23.3826,24.8359,547.4267,0.1631,0.1967,0.1429,0.1568,0.1561,5.23,12.7071,2687.5784,77.5621,-11.2391,0.1101,0.0435,-783.9181,0.0,1.365,1.46,23.467,23.4,23.133,25.1,3.397,3.25,7.983,8.1,38.167,37.0,38.7,37.9,48.05,47.7,340.43,257.74181354863634,,252.65528515370417,1065.1408333333334,1006.6991666666668,1118.5016666666668,886.4533333333334,550.0483333333333,358.0016666666667,98.9,96.1,93.6,90.9,202.9311125080399,210.8814210480249,227.35667942069057,239.28356572010304,850.0,280.0,830.0000000000001,653.3333333333334,590.068,15300.0,1281.578947368421,0.6632443531827515,429.9716666666666,315.2375,231.56548795,76415.66666666667,3.0,100887.5,2.0,89104.5,12.0,107152.0,1.0,106317.0,2.0,,-0.05106897297704038,
2024,Костанайская область,Пшеница,Джангельдинский,28389.0,20691.7,770.0,stat_gov_kz_real,Джангельдинский,Wheat,0,0,0,0,0,49.5699,63.682,18.6506,111.9956,1333.4862,3680.2494,72.8067,21.0059,23.565,791.5036,0.2345,0.2324,0.1531,0.1668,0.1588,16.1791,22.4533,2502.6564,131.8466,-10.5949,0.084,0.0962,-1221.4906,0.0,1.365,1.46,23.467,23.4,23.133,25.1,3.397,3.25,7.983,8.1,38.167,37.0,38.7,37.9,48.05,47.7,268.67333333333335,230.878850445,,190.60477617365,1089.3890968508615,1059.975,1021.9542980012442,963.3648258333332,563.665,338.26916666666665,98.1,96.4,96.8,92.5,199.07542137038712,203.289689890296,220.0812656792285,221.3372982910953,460.0,850.0,280.0,530.0,535.268,27706.4,1027.3684210526317,0.44774590163934425,340.43,429.9716666666666,315.2375,78894.33333333333,3.0,70263.0,2.0,90459.0,12.0,76415.66666666667,3.0,100887.5,2.0,0.03243662948697246,-0.30355098500805355,2.0334101874386237
2025,Костанайская область,Пшеница,Джангельдинский,26025.4,17296.8,660.0,stat_gov_kz_real,Джангельдинский,Wheat,0,0,0,0,0,49.5699,63.682,20.296,114.137,1424.7456,3723.343,50.2584,23.0652,24.1538,831.4063,0.1588,0.1885,0.1604,0.1464,0.1534,27.3487,13.6297,2806.6086,155.3109,-7.495,0.0801,0.061,-1310.6086,0.0,1.365,1.46,23.467,23.4,23.133,25.1,3.397,3.25,7.983,8.1,38.167,37.0,38.7,37.9,48.05,47.7,243.3325,219.61538460375,,203.19753726864084,1226.4814225569482,1262.8893305316649,1139.8729249670616,1006.980403811544,685.2199999999999,422.655,99.9,101.1,95.5,114.4,198.87634594901675,205.52587647908928,210.1776087236632,253.20986924501307,770.0,460.0,850.0,693.3333333333334,638.0,28389.0,1274.2105263157894,0.6042957455596861,268.67333333333335,340.43,429.9716666666666,85951.0,3.0,77750.5,2.0,79580.66666666667,12.0,78894.33333333333,3.0,70263.0,2.0,0.08944453129291086,0.10656390988144548,2.14084153799654
2022,Костанайская область,Ячмень,Джангельдинский,300.0,195.0,650.0,stat_gov_kz_real,Джангельдинский,Barley,0,0,0,0,0,49.5699,63.682,19.6528,73.3659,1398.2779,3678.6784,54.1474,21.7718,23.9643,882.8408,0.1701,0.1972,0.137,0.1696,0.1554,6.7724,32.7418,2688.102,161.6198,-8.8064,0.0525,0.0644,-1324.9121,0.0,1.365,1.46,23.467,23.4,23.133,25.1,3.397,3.25,7.983,8.1,38.167,37.0,38.7,37.9,48.05,47.7,429.9716666666666,381.91843016614285,,318.80665693333333,1756.7299999999998,1650.8083333333334,1666.7975,1275.9916666666666,772.1583333333333,700.015,117.2,119.8,120.3,119.5,205.1881825157127,219.4395640458116,242.9024352785156,263.238246116725,190.0,740.1099999999999,161.45000000000002,363.8533333333333,429.166,1000.0,558.421052631579,0.3402450518378888,315.2375,231.56548795,201.692128575,84995.0,1.0,82460.5,2.0,83305.33333333333,3.0,,,,,,,1.5184495424062003
2023,Костанайская область,Ячмень,Джангельдинский,790.0,275.0,350.0,stat_gov_kz_real,Джангельдинский,Barley,0,0,0,0,0,49.5699,63.682,19.6276,96.9738,880.8919,2672.7792,24.1715,23.3826,24.8359,547.4267,0.1631,0.1967,0.1429,0.1568,0.1561,5.23,12.7071,2687.5784,77.5621,-11.2391,0.1101,0.0435,-783.9181,0.0,1.365,1.46,23.467,23.4,23.133,25.1,3.397,3.25,7.983,8.1,38.167,37.0,38.7,37.9,48.05,47.7,340.43,257.74181354863634,,252.65528515370417,1065.1408333333334,1006.6991666666668,1118.5016666666668,886.4533333333334,550.0483333333333,358.0016666666667,98.9,96.1,93.6,90.9,202.9311125080399,210.8814210480249,227.35667942069057,239.28356572010304,650.0,190.0,740.1099999999999,526.7033333333333,441.19399999999996,300.0,1342.5,0.48417132216014896,429.9716666666666,315.2375,231.56548795,49107.0,1.0,49107.0,1.0,58035.66666666666,3.0,84995.0,1.0,82460.5,2.0,,,
2024,Костанайская область,Ячмень,Джангельдинский,1290.0,1900.0,1470.0,stat_gov_kz_real,Джангельдинский,Barley,0,0,0,0,0,49.5699,63.682,18.6506,111.9956,1333.4862,3680.2494,72.8067,21.0059,23.565,791.5036,0.2345,0.2324,0.1531,0.1668,0.1588,16.1791,22.4533,2502.6564,131.8466,-10.5949,0.084,0.0962,-1221.4906,0.0,1.365,1.46,23.467,23.4,23.133,25.1,3.397,3.25,7.983,8.1,38.167,37.0,38.7,37.9,48.05,47.7,268.67333333333335,230.878850445,,190.60477617365,1089.3890968508615,1059.975,1021.9542980012442,963.3648258333332,563.665,338.26916666666665,98.1,96.4,96.8,92.5,199.07542137038712,203.289689890296,220.0812656792285,221.3372982910953,350.0,650.0,190.0,396.6666666666667,418.312,790.0,1081.578947368421,0.3236009732360097,340.43,429.9716666666666,315.2375,45220.0,1.0,43750.0,2.0,44240.0,3.0,49107.0,1.0,49107.0,1.0,,,2.0334101874386237
2025,Костанайская область,Ячмень,Джангельдинский,3190.0,2509.13,790.0,stat_gov_kz_real,Джангельдинский,Barley,0,0,0,0,0,49.5699,63.682,20.296,114.137,1424.7456,3723.343,50.2584,23.0652,24.1538,831.4063,0.1588,0.1885,0.1604,0.1464,0.1534,27.3487,13.6297,2806.6086,155.3109,-7.495,0.0801,0.061,-1310.6086,0.0,1.365,1.46,23.467,23.4,23.133,25.1,3.397,3.25,7.983,8.1,38.167,37.0,38.7,37.9,48.05,47.7,243.3325,219.61538460375,,203.19753726864084,1226.4814225569482,1262.8893305316649,1139.8729249670616,1006.980403811544,685.2199999999999,422.655,99.9,101.1,95.5,114.4,198.87634594901675,205.52587647908928,210.1776087236632,253.20986924501307,1470.0,350.0,650.0,823.3333333333334,680.0219999999999,1290.0,1527.0588235294117,0.9626348228043143,268.67333333333335,340.43,429.9716666666666,70394.0,2.0,,,65418.4,5.0,45220.0,1.0,43750.0,2.0,,,2.14084153799654
2022,Костанайская область,Подсолнечник,Житикаринский,700.0,720.0,980.0,stat_gov_kz_real,Житикаринский,Sunflower seed,0,0,0,0,0,51.9633,60.7472,16.1295,198.9612,1444.4341,3353.6484,143.6566,17.3274,20.498,906.1169,0.3832,0.3606,0.3504,0.2913,0.2953,40.9669,36.9847,2043.6649,140.3246,-9.4722,0.1377,0.1735,-1245.4729,0.0,1.173,1.4,26.85,23.1,32.05,33.2,4.487,3.92,7.267,7.5,41.033,41.0,26.933,25.8,66.25,54.1,429.9716666666666,381.91843016614285,,318.80665693333333,1756.7299999999998,1650.8083333333334,1666.7975,1275.9916666666666,772.1583333333333,700.015,117.2,119.8,120.3,119.5,205.1881825157127,219.4395640458116,242.9024352785156,263.238246116725,150.0,1350.0,100.0,533.3333333333334,457.5,2400.0,722.1428571428571,0.20771513353115728,315.2375,231.56548795,201.692128575,,,161437.0,2.0,161437.0,2.0,,,,,,,1.5184495424062003
2023,Костанайская область,Подсолнечник,Житикаринский,200.0,65.0,330.0,stat_gov_kz_real,Житикаринский,Sunflower seed,0,0,0,0,0,51.9633,60.7472,16.3058,146.1889,908.7958,2409.4416,51.7242,19.4836,21.0161,561.4069,0.3356,0.3417,0.297,0.3195,0.2914,12.5628,23.9688,2078.3295,101.4642,-12.6469,0.1609,0.0895,-762.607,0.0,1.173,1.4,26.85,23.1,32.05,33.2,4.487,3.92,7.267,7.5,41.033,41.0,26.933,25.8,66.25,54.1,340.43,257.74181354863634,,252.65528515370417,1065.1408333333334,1006.6991666666668,1118.5016666666668,886.4533333333334,550.0483333333333,358.0016666666667,98.9,96.1,93.6,90.9,202.9311125080399,210.8814210480249,227.35667942069057,239.28356572010304,980.0,150.0,1350.0,826.6666666666666,645.0,700.0,1036.4285714285713,0.945554789800138,429.9716666666666,315.2375,231.56548795,,,,,169268.33333333334,3.0,,,161437.0,2.0,,,
2024,Костанайская область,Подсолнечник,Житикаринский,2251.0,4311.9800000000005,1920.0,stat_gov_kz_real,Житикаринский,Sunflower seed,0,0,0,0,0,51.9633,60.7472,15.1096,341.3084,1227.4944,3328.5693,233.6393,17.2469,19.4236,701.4487,0.4161,0.4156,0.3399,0.4095,0.4037,57.7616,138.2166,1852.3802,150.0309,-12.3605,0.2781,0.3197,-886.186,0.0,1.173,1.4,26.85,23.1,32.05,33.2,4.487,3.92,7.267,7.5,41.033,41.0,26.933,25.8,66.25,54.1,268.67333333333335,230.878850445,,190.60477617365,1089.3890968508615,1059.975,1021.9542980012442,963.3648258333332,563.665,338.26916666666665,98.1,96.4,96.8,92.5,199.07542137038712,203.289689890296,220.0812656792285,221.3372982910953,330.0,980.0,150.0,486.6666666666667,582.0,200.0,1050.7142857142858,0.3140720598232495,340.43,429.9716666666666,315.2375,,,142873.5,2.0,119686.125,8.0,,,,,,,2.0334101874386237
2025,Костанайская область,Подсолнечник,Житикаринский,10652.0,14678.0,1380.0,stat_gov_kz_real,Житикаринский,Sunflower seed,0,0,0,0,0,51.9633,60.7472,16.6008,257.2643,1447.8429,3392.7747,152.5589,18.6489,20.1645,834.894,0.4043,0.4054,0.3349,0.3103,0.318,53.5937,36.3791,2129.0387,124.2081,-8.315,0.1777,0.1932,-1190.5787,0.0,1.173,1.4,26.85,23.1,32.05,33.2,4.487,3.92,7.267,7.5,41.033,41.0,26.933,25.8,66.25,54.1,243.3325,219.61538460375,,203.19753726864084,1226.4814225569482,1262.8893305316649,1139.8729249670616,1006.980403811544,685.2199999999999,422.655,99.9,101.1,95.5,114.4,198.87634594901675,205.52587647908928,210.1776087236632,253.20986924501307,1920.0,330.0,980.0,1076.6666666666667,946.0,2251.0,1380.0,1.391304347826087,268.67333333333335,340.43,429.9716666666666,,,166451.5,2.0,154674.5,6.0,,,142873.5,2.0,,0.16502710439654655,2.14084153799654
2022,Костанайская область,Пшеница,Житикаринский,149800.0,120390.0,810.0,stat_gov_kz_real,Житикаринский,Wheat,0,0,0,0,0,51.9633,60.7472,16.1295,198.9612,1444.4341,3353.6484,143.6566,17.3274,20.498,906.1169,0.3832,0.3606,0.3504,0.2913,0.2953,40.9669,36.9847,2043.6649,140.3246,-9.4722,0.1377,0.1735,-1245.4729,0.0,1.173,1.4,26.85,23.1,32.05,33.2,4.487,3.92,7.267,7.5,41.033,41.0,26.933,25.8,66.25,54.1,429.9716666666666,381.91843016614285,,318.80665693333333,1756.7299999999998,1650.8083333333334,1666.7975,1275.9916666666666,772.1583333333333,700.015,117.2,119.8,120.3,119.5,205.1881825157127,219.4395640458116,242.9024352785156,263.238246116725,280.0,440.00000000000006,263.97,327.99,517.262,177300.0,673.3333333333334,0.4158415841584158,315.2375,231.56548795,201.692128575,107152.0,1.0,106317.0,2.0,106595.33333333331,3.0,,,,,,,1.5184495424062003
2023,Костанайская область,Пшеница,Житикаринский,179831.2,126802.13,810.0,stat_gov_kz_real,Житикаринский,Wheat,0,0,0,0,0,51.9633,60.7472,16.3058,146.1889,908.7958,2409.4416,51.7242,19.4836,21.0161,561.4069,0.3356,0.3417,0.297,0.3195,0.2914,12.5628,23.9688,2078.3295,101.4642,-12.6469,0.1609,0.0895,-762.607,0.0,1.173,1.4,26.85,23.1,32.05,33.2,4.487,3.92,7.267,7.5,41.033,41.0,26.933,25.8,66.25,54.1,340.43,257.74181354863634,,252.65528515370417,1065.1408333333334,1006.6991666666668,1118.5016666666668,886.4533333333334,550.0483333333333,358.0016666666667,98.9,96.1,93.6,90.9,202.9311125080399,210.8814210480249,227.35667942069057,239.28356572010304,810.0,280.0,440.00000000000006,510.0,491.262,149800.0,1281.578947368421,0.6320328542094455,429.9716666666666,315.2375,231.56548795,76415.66666666667,3.0,100887.5,2.0,89104.5,12.0,107152.0,1.0,106317.0,2.0,,-0.05106897297704038,
2024,Костанайская область,Пшеница,Житикаринский,175779.7,158980.63,910.0,stat_gov_kz_real,Житикаринский,Wheat,0,0,0,0,0,51.9633,60.7472,15.1096,341.3084,1227.4944,3328.5693,233.6393,17.2469,19.4236,701.4487,0.4161,0.4156,0.3399,0.4095,0.4037,57.7616,138.2166,1852.3802,150.0309,-12.3605,0.2781,0.3197,-886.186,0.0,1.173,1.4,26.85,23.1,32.05,33.2,4.487,3.92,7.267,7.5,41.033,41.0,26.933,25.8,66.25,54.1,268.67333333333335,230.878850445,,190.60477617365,1089.3890968508615,1059.975,1021.9542980012442,963.3648258333332,563.665,338.26916666666665,98.1,96.4,96.8,92.5,199.07542137038712,203.289689890296,220.0812656792285,221.3372982910953,810.0,810.0,280.0,633.3333333333334,520.7940000000001,179831.2,1027.3684210526317,0.7884221311475409,340.43,429.9716666666666,315.2375,78894.33333333333,3.0,70263.0,2.0,90459.0,12.0,76415.66666666667,3.0,100887.5,2.0,0.03243662948697246,-0.30355098500805355,2.0334101874386237
2025,Костанайская область,Пшеница,Житикаринский,170408.99,217460.92000000004,1280.0,stat_gov_kz_real,Житикаринский,Wheat,0,0,0,0,0,51.9633,60.7472,16.6008,257.2643,1447.8429,3392.7747,152.5589,18.6489,20.1645,834.894,0.4043,0.4054,0.3349,0.3103,0.318,53.5937,36.3791,2129.0387,124.2081,-8.315,0.1777,0.1932,-1190.5787,0.0,1.173,1.4,26.85,23.1,32.05,33.2,4.487,3.92,7.267,7.5,41.033,41.0,26.933,25.8,66.25,54.1,243.3325,219.61538460375,,203.19753726864084,1226.4814225569482,1262.8893305316649,1139.8729249670616,1006.980403811544,685.2199999999999,422.655,99.9,101.1,95.5,114.4,198.87634594901675,205.52587647908928,210.1776087236632,253.20986924501307,910.0,810.0,810.0,843.3333333333334,650.0,175779.7,1274.2105263157894,0.7141676992978109,268.67333333333335,340.43,429.9716666666666,85951.0,3.0,77750.5,2.0,79580.66666666667,12.0,78894.33333333333,3.0,70263.0,2.0,0.08944453129291086,0.10656390988144548,2.14084153799654
2022,Костанайская область,Ячмень,Житикаринский,12760.2,10270.36,810.0,stat_gov_kz_real,Житикаринский,Barley,0,0,0,0,0,51.9633,60.7472,16.1295,198.9612,1444.4341,3353.6484,143.6566,17.3274,20.498,906.1169,0.3832,0.3606,0.3504,0.2913,0.2953,40.9669,36.9847,2043.6649,140.3246,-9.4722,0.1377,0.1735,-1245.4729,0.0,1.173,1.4,26.85,23.1,32.05,33.2,4.487,3.92,7.267,7.5,41.033,41.0,26.933,25.8,66.25,54.1,429.9716666666666,381.91843016614285,,318.80665693333333,1756.7299999999998,1650.8083333333334,1666.7975,1275.9916666666666,772.1583333333333,700.015,117.2,119.8,120.3,119.5,205.1881825157127,219.4395640458116,242.9024352785156,263.238246116725,270.0,521.33,337.78000000000003,376.37000000000006,673.5020000000001,10722.0,558.421052631579,0.4835061262959472,315.2375,231.56548795,201.692128575,84995.0,1.0,82460.5,2.0,83305.33333333333,3.0,,,,,,,1.5184495424062003
2023,Костанайская область,Ячмень,Житикаринский,16658.7,11136.2,790.0,stat_gov_kz_real,Житикаринский,Barley,0,0,0,0,0,51.9633,60.7472,16.3058,146.1889,908.7958,2409.4416,51.7242,19.4836,21.0161,561.4069,0.3356,0.3417,0.297,0.3195,0.2914,12.5628,23.9688,2078.3295,101.4642,-12.6469,0.1609,0.0895,-762.607,0.0,1.173,1.4,26.85,23.1,32.05,33.2,4.487,3.92,7.267,7.5,41.033,41.0,26.933,25.8,66.25,54.1,340.43,257.74181354863634,,252.65528515370417,1065.1408333333334,1006.6991666666668,1118.5016666666668,886.4533333333334,550.0483333333333,358.0016666666667,98.9,96.1,93.6,90.9,202.9311125080399,210.8814210480249,227.35667942069057,239.28356572010304,810.0,270.0,521.33,533.7766666666666,595.372,12760.2,1342.5,0.6033519553072626,429.9716666666666,315.2375,231.56548795,49107.0,1.0,49107.0,1.0,58035.66666666666,3.0,84995.0,1.0,82460.5,2.0,,,
2024,Костанайская область,Ячмень,Житикаринский,20844.5,23504.4,1150.0,stat_gov_kz_real,Житикаринский,Barley,0,0,0,0,0,51.9633,60.7472,15.1096,341.3084,1227.4944,3328.5693,233.6393,17.2469,19.4236,701.4487,0.4161,0.4156,0.3399,0.4095,0.4037,57.7616,138.2166,1852.3802,150.0309,-12.3605,0.2781,0.3197,-886.186,0.0,1.173,1.4,26.85,23.1,32.05,33.2,4.487,3.92,7.267,7.5,41.033,41.0,26.933,25.8,66.25,54.1,268.67333333333335,230.878850445,,190.60477617365,1089.3890968508615,1059.975,1021.9542980012442,963.3648258333332,563.665,338.26916666666665,98.1,96.4,96.8,92.5,199.07542137038712,203.289689890296,220.0812656792285,221.3372982910953,790.0,810.0,270.0,623.3333333333334,545.822,16658.7,1081.578947368421,0.7304136253041362,340.43,429.9716666666666,315.2375,45220.0,1.0,43750.0,2.0,44240.0,3.0,49107.0,1.0,49107.0,1.0,,,2.0334101874386237
2025,Костанайская область,Ячмень,Житикаринский,19112.0,21982.07,1150.0,stat_gov_kz_real,Житикаринский,Barley,0,0,0,0,0,51.9633,60.7472,16.6008,257.2643,1447.8429,3392.7747,152.5589,18.6489,20.1645,834.894,0.4043,0.4054,0.3349,0.3103,0.318,53.5937,36.3791,2129.0387,124.2081,-8.315,0.1777,0.1932,-1190.5787,0.0,1.173,1.4,26.85,23.1,32.05,33.2,4.487,3.92,7.267,7.5,41.033,41.0,26.933,25.8,66.25,54.1,243.3325,219.61538460375,,203.19753726864084,1226.4814225569482,1262.8893305316649,1139.8729249670616,1006.980403811544,685.2199999999999,422.655,99.9,101.1,95.5,114.4,198.87634594901675,205.52587647908928,210.1776087236632,253.20986924501307,1150.0,790.0,810.0,916.6666666666666,708.266,20844.5,1527.0588235294117,0.7530816640986133,268.67333333333335,340.43,429.9716666666666,70394.0,2.0,,,65418.4,5.0,45220.0,1.0,43750.0,2.0,,,2.14084153799654
2022,Костанайская область,Подсолнечник,Камыстинский,500.0,510.0,1120.0,stat_gov_kz_real,Камыстинский,Sunflower seed,0,0,0,0,0,51.5637,62.2231,17.083,148.2112,1388.7881,3431.7733,111.6159,18.7143,21.47,866.7312,0.2332,0.2196,0.1812,0.172,0.1597,27.3173,37.9456,2218.1779,160.014,-9.7184,0.1067,0.1357,-1240.5769,0.0,1.24,1.4,24.967,23.5,34.05,35.9,4.908,4.26,7.333,7.5,36.583,35.0,29.383,29.1,34.617,19.4,429.9716666666666,381.91843016614285,,318.80665693333333,1756.7299999999998,1650.8083333333334,1666.7975,1275.9916666666666,772.1583333333333,700.015,117.2,119.8,120.3,119.5,205.1881825157127,219.4395640458116,242.9024352785156,263.238246116725,270.0,100.0,156.76000000000002,175.58666666666667,410.34799999999996,1200.0,722.1428571428571,0.3738872403560831,315.2375,231.56548795,201.692128575,,,161437.0,2.0,161437.0,2.0,,,,,,,1.5184495424062003
2023,Костанайская область,Подсолнечник,Камыстинский,908.0,805.7,1010.0,stat_gov_kz_real,Камыстинский,Sunflower seed,0,0,0,0,0,51.5637,62.2231,16.7347,147.7709,832.939,2480.7769,58.5411,20.0215,21.5982,517.3146,0.2256,0.2327,0.1752,0.1859,0.1656,18.2453,24.3995,2156.9515,103.1236,-13.0597,0.1774,0.1114,-685.1681,0.0,1.24,1.4,24.967,23.5,34.05,35.9,4.908,4.26,7.333,7.5,36.583,35.0,29.383,29.1,34.617,19.4,340.43,257.74181354863634,,252.65528515370417,1065.1408333333334,1006.6991666666668,1118.5016666666668,886.4533333333334,550.0483333333333,358.0016666666667,98.9,96.1,93.6,90.9,202.9311125080399,210.8814210480249,227.35667942069057,239.28356572010304,1120.0,270.0,100.0,496.6666666666667,490.34799999999996,500.0,1036.4285714285713,1.0806340454858718,429.9716666666666,315.2375,231.56548795,,,,,169268.33333333334,3.0,,,161437.0,2.0,,,
2024,Костанайская область,Подсолнечник,Камыстинский,919.0,1710.6999999999998,1860.0,stat_gov_kz_real,Камыстинский,Sunflower seed,0,0,0,0,0,51.5637,62.2231,15.6507,281.2626,1164.932,3372.5868,209.7992,17.8482,20.133,676.2811,0.2833,0.2837,0.2262,0.2868,0.2697,62.8634,103.8172,1952.1737,149.4992,-12.973,0.2414,0.3049,-883.6694,0.0,1.24,1.4,24.967,23.5,34.05,35.9,4.908,4.26,7.333,7.5,36.583,35.0,29.383,29.1,34.617,19.4,268.67333333333335,230.878850445,,190.60477617365,1089.3890968508615,1059.975,1021.9542980012442,963.3648258333332,563.665,338.26916666666665,98.1,96.4,96.8,92.5,199.07542137038712,203.289689890296,220.0812656792285,221.3372982910953,1010.0,1120.0,270.0,800.0,531.3520000000001,908.0,1050.7142857142858,0.9612508497620665,340.43,429.9716666666666,315.2375,,,142873.5,2.0,119686.125,8.0,,,,,,,2.0334101874386237
2025,Костанайская область,Подсолнечник,Камыстинский,3466.0,2216.9,800.0,stat_gov_kz_real,Камыстинский,Sunflower seed,0,0,0,0,0,51.5637,62.2231,17.5016,207.8759,1373.7031,3469.4672,123.5226,19.7937,20.9963,781.2108,0.2276,0.2179,0.1905,0.1848,0.1776,53.0704,34.7175,2294.0192,148.5059,-8.2962,0.1513,0.1604,-1165.8272,0.0,1.24,1.4,24.967,23.5,34.05,35.9,4.908,4.26,7.333,7.5,36.583,35.0,29.383,29.1,34.617,19.4,243.3325,219.61538460375,,203.19753726864084,1226.4814225569482,1262.8893305316649,1139.8729249670616,1006.980403811544,685.2199999999999,422.655,99.9,101.1,95.5,114.4,198.87634594901675,205.52587647908928,210.1776087236632,253.20986924501307,1860.0,1010.0,1120.0,1330.0,872.0,919.0,1380.0,1.3478260869565217,268.67333333333335,340.43,429.9716666666666,,,166451.5,2.0,154674.5,6.0,,,142873.5,2.0,,0.16502710439654655,2.14084153799654
2022,Костанайская область,Пшеница,Камыстинский,265600.0,301510.0,1140.0,stat_gov_kz_real,Камыстинский,Wheat,0,0,0,0,0,51.5637,62.2231,17.083,148.2112,1388.7881,3431.7733,111.6159,18.7143,21.47,866.7312,0.2332,0.2196,0.1812,0.172,0.1597,27.3173,37.9456,2218.1779,160.014,-9.7184,0.1067,0.1357,-1240.5769,0.0,1.24,1.4,24.967,23.5,34.05,35.9,4.908,4.26,7.333,7.5,36.583,35.0,29.383,29.1,34.617,19.4,429.9716666666666,381.91843016614285,,318.80665693333333,1756.7299999999998,1650.8083333333334,1666.7975,1275.9916666666666,772.1583333333333,700.015,117.2,119.8,120.3,119.5,205.1881825157127,219.4395640458116,242.9024352785156,263.238246116725,420.0,930.0,254.54,534.8466666666667,747.424,272900.0,673.3333333333334,0.6237623762376238,315.2375,231.56548795,201.692128575,107152.0,1.0,106317.0,2.0,106595.33333333331,3.0,,,,,,,1.5184495424062003
2023,Костанайская область,Пшеница,Камыстинский,278680.3,203390.86000000004,830.0000000000001,stat_gov_kz_real,Камыстинский,Wheat,0,0,0,0,0,51.5637,62.2231,16.7347,147.7709,832.939,2480.7769,58.5411,20.0215,21.5982,517.3146,0.2256,0.2327,0.1752,0.1859,0.1656,18.2453,24.3995,2156.9515,103.1236,-13.0597,0.1774,0.1114,-685.1681,0.0,1.24,1.4,24.967,23.5,34.05,35.9,4.908,4.26,7.333,7.5,36.583,35.0,29.383,29.1,34.617,19.4,340.43,257.74181354863634,,252.65528515370417,1065.1408333333334,1006.6991666666668,1118.5016666666668,886.4533333333334,550.0483333333333,358.0016666666667,98.9,96.1,93.6,90.9,202.9311125080399,210.8814210480249,227.35667942069057,239.28356572010304,1140.0,420.0,930.0,830.0,759.424,265600.0,1281.578947368421,0.8895277207392197,429.9716666666666,315.2375,231.56548795,76415.66666666667,3.0,100887.5,2.0,89104.5,12.0,107152.0,1.0,106317.0,2.0,,-0.05106897297704038,
2024,Костанайская область,Пшеница,Камыстинский,260271.7,254071.8,1000.0,stat_gov_kz_real,Камыстинский,Wheat,0,0,0,0,0,51.5637,62.2231,15.6507,281.2626,1164.932,3372.5868,209.7992,17.8482,20.133,676.2811,0.2833,0.2837,0.2262,0.2868,0.2697,62.8634,103.8172,1952.1737,149.4992,-12.973,0.2414,0.3049,-883.6694,0.0,1.24,1.4,24.967,23.5,34.05,35.9,4.908,4.26,7.333,7.5,36.583,35.0,29.383,29.1,34.617,19.4,268.67333333333335,230.878850445,,190.60477617365,1089.3890968508615,1059.975,1021.9542980012442,963.3648258333332,563.665,338.26916666666665,98.1,96.4,96.8,92.5,199.07542137038712,203.289689890296,220.0812656792285,221.3372982910953,830.0000000000001,1140.0,420.0,796.6666666666666,714.908,278680.3,1027.3684210526317,0.8078893442622951,340.43,429.9716666666666,315.2375,78894.33333333333,3.0,70263.0,2.0,90459.0,12.0,76415.66666666667,3.0,100887.5,2.0,0.03243662948697246,-0.30355098500805355,2.0334101874386237
2025,Костанайская область,Пшеница,Камыстинский,237578.0,327192.81,1460.0,stat_gov_kz_real,Камыстинский,Wheat,0,0,0,0,0,51.5637,62.2231,17.5016,207.8759,1373.7031,3469.4672,123.5226,19.7937,20.9963,781.2108,0.2276,0.2179,0.1905,0.1848,0.1776,53.0704,34.7175,2294.0192,148.5059,-8.2962,0.1513,0.1604,-1165.8272,0.0,1.24,1.4,24.967,23.5,34.05,35.9,4.908,4.26,7.333,7.5,36.583,35.0,29.383,29.1,34.617,19.4,243.3325,219.61538460375,,203.19753726864084,1226.4814225569482,1262.8893305316649,1139.8729249670616,1006.980403811544,685.2199999999999,422.655,99.9,101.1,95.5,114.4,198.87634594901675,205.52587647908928,210.1776087236632,253.20986924501307,1000.0,830.0000000000001,1140.0,990.0,864.0,260271.7,1274.2105263157894,0.7847996695580339,268.67333333333335,340.43,429.9716666666666,85951.0,3.0,77750.5,2.0,79580.66666666667,12.0,78894.33333333333,3.0,70263.0,2.0,0.08944453129291086,0.10656390988144548,2.14084153799654
2022,Костанайская область,Ячмень,Камыстинский,10803.0,14365.3,1330.0,stat_gov_kz_real,Камыстинский,Barley,0,0,0,0,0,51.5637,62.2231,17.083,148.2112,1388.7881,3431.7733,111.6159,18.7143,21.47,866.7312,0.2332,0.2196,0.1812,0.172,0.1597,27.3173,37.9456,2218.1779,160.014,-9.7184,0.1067,0.1357,-1240.5769,0.0,1.24,1.4,24.967,23.5,34.05,35.9,4.908,4.26,7.333,7.5,36.583,35.0,29.383,29.1,34.617,19.4,429.9716666666666,381.91843016614285,,318.80665693333333,1756.7299999999998,1650.8083333333334,1666.7975,1275.9916666666666,772.1583333333333,700.015,117.2,119.8,120.3,119.5,205.1881825157127,219.4395640458116,242.9024352785156,263.238246116725,280.0,790.79,305.71000000000004,458.8333333333333,936.4619999999999,10575.0,558.421052631579,0.5014137606032045,315.2375,231.56548795,201.692128575,84995.0,1.0,82460.5,2.0,83305.33333333333,3.0,,,,,,,1.5184495424062003
2023,Костанайская область,Ячмень,Камыстинский,15503.5,12986.4,1000.0,stat_gov_kz_real,Камыстинский,Barley,0,0,0,0,0,51.5637,62.2231,16.7347,147.7709,832.939,2480.7769,58.5411,20.0215,21.5982,517.3146,0.2256,0.2327,0.1752,0.1859,0.1656,18.2453,24.3995,2156.9515,103.1236,-13.0597,0.1774,0.1114,-685.1681,0.0,1.24,1.4,24.967,23.5,34.05,35.9,4.908,4.26,7.333,7.5,36.583,35.0,29.383,29.1,34.617,19.4,340.43,257.74181354863634,,252.65528515370417,1065.1408333333334,1006.6991666666668,1118.5016666666668,886.4533333333334,550.0483333333333,358.0016666666667,98.9,96.1,93.6,90.9,202.9311125080399,210.8814210480249,227.35667942069057,239.28356572010304,1330.0,280.0,790.79,800.2633333333333,882.156,10803.0,1342.5,0.9906890130353817,429.9716666666666,315.2375,231.56548795,49107.0,1.0,49107.0,1.0,58035.66666666666,3.0,84995.0,1.0,82460.5,2.0,,,
2024,Костанайская область,Ячмень,Камыстинский,16792.5,24172.1,1510.0,stat_gov_kz_real,Камыстинский,Barley,0,0,0,0,0,51.5637,62.2231,15.6507,281.2626,1164.932,3372.5868,209.7992,17.8482,20.133,676.2811,0.2833,0.2837,0.2262,0.2868,0.2697,62.8634,103.8172,1952.1737,149.4992,-12.973,0.2414,0.3049,-883.6694,0.0,1.24,1.4,24.967,23.5,34.05,35.9,4.908,4.26,7.333,7.5,36.583,35.0,29.383,29.1,34.617,19.4,268.67333333333335,230.878850445,,190.60477617365,1089.3890968508615,1059.975,1021.9542980012442,963.3648258333332,563.665,338.26916666666665,98.1,96.4,96.8,92.5,199.07542137038712,203.289689890296,220.0812656792285,221.3372982910953,1000.0,1330.0,280.0,870.0,741.3,15503.5,1081.578947368421,0.9245742092457421,340.43,429.9716666666666,315.2375,45220.0,1.0,43750.0,2.0,44240.0,3.0,49107.0,1.0,49107.0,1.0,,,2.0334101874386237
2025,Костанайская область,Ячмень,Камыстинский,20900.0,26173.75,1330.0,stat_gov_kz_real,Камыстинский,Barley,0,0,0,0,0,51.5637,62.2231,17.5016,207.8759,1373.7031,3469.4672,123.5226,19.7937,20.9963,781.2108,0.2276,0.2179,0.1905,0.1848,0.1776,53.0704,34.7175,2294.0192,148.5059,-8.2962,0.1513,0.1604,-1165.8272,0.0,1.24,1.4,24.967,23.5,34.05,35.9,4.908,4.26,7.333,7.5,36.583,35.0,29.383,29.1,34.617,19.4,243.3325,219.61538460375,,203.19753726864084,1226.4814225569482,1262.8893305316649,1139.8729249670616,1006.980403811544,685.2199999999999,422.655,99.9,101.1,95.5,114.4,198.87634594901675,205.52587647908928,210.1776087236632,253.20986924501307,1510.0,1000.0,1330.0,1280.0,982.158,16792.5,1527.0588235294117,0.988828967642527,268.67333333333335,340.43,429.9716666666666,70394.0,2.0,,,65418.4,5.0,45220.0,1.0,43750.0,2.0,,,2.14084153799654
2022,Костанайская область,Кукуруза,Карабалыкский,1329.0,995.9,750.0,stat_gov_kz_real,Карабалыкский,Maize,0,0,0,0,0,53.5678,61.9735,15.811,174.7165,1334.2695,3236.5844,128.5791,17.1518,20.0776,808.0493,0.3723,0.3606,0.3615,0.2929,0.2902,30.1481,24.0084,1986.058,138.6122,-9.9416,0.1309,0.1673,-1159.553,0.0,1.245,1.39,31.417,28.8,29.383,29.3,2.905,2.23,7.083,7.4,34.267,34.7,36.383,36.0,29.267,12.2,429.9716666666666,381.91843016614285,,318.80665693333333,1756.7299999999998,1650.8083333333334,1666.7975,1275.9916666666666,772.1583333333333,700.015,117.2,119.8,120.3,119.5,205.1881825157127,219.4395640458116,242.9024352785156,263.238246116725,,,,,,,1640.0,,315.2375,231.56548795,201.692128575,,,,,,,,,,,,,1.5184495424062003
2023,Костанайская область,Кукуруза,Карабалыкский,10.0,0.0,450.0,stat_gov_kz_real,Карабалыкский,Maize,0,0,0,1,0,53.5678,61.9735,15.9615,147.0446,844.296,2373.725,62.0327,19.1375,20.0846,481.895,0.3023,0.316,0.3199,0.3346,0.3206,35.0567,18.5112,2015.2081,91.2317,-12.332,0.1742,0.1149,-697.2514,0.0,1.245,1.39,31.417,28.8,29.383,29.3,2.905,2.23,7.083,7.4,34.267,34.7,36.383,36.0,29.267,12.2,340.43,257.74181354863634,,252.65528515370417,1065.1408333333334,1006.6991666666668,1118.5016666666668,886.4533333333334,550.0483333333333,358.0016666666667,98.9,96.1,93.6,90.9,202.9311125080399,210.8814210480249,227.35667942069057,239.28356572010304,750.0,,,750.0,750.0,1329.0,1681.775,0.445957396203416,429.9716666666666,315.2375,231.56548795,,,,,,,,,,,,,
2022,Костанайская область,Подсолнечник,Карабалыкский,22700.0,19580.000000000004,860.0,stat_gov_kz_real,Карабалыкский,Sunflower seed,0,0,0,0,0,53.5678,61.9735,15.811,174.7165,1334.2695,3236.5844,128.5791,17.1518,20.0776,808.0493,0.3723,0.3606,0.3615,0.2929,0.2902,30.1481,24.0084,1986.058,138.6122,-9.9416,0.1309,0.1673,-1159.553,0.0,1.245,1.39,31.417,28.8,29.383,29.3,2.905,2.23,7.083,7.4,34.267,34.7,36.383,36.0,29.267,12.2,429.9716666666666,381.91843016614285,,318.80665693333333,1756.7299999999998,1650.8083333333334,1666.7975,1275.9916666666666,772.1583333333333,700.015,117.2,119.8,120.3,119.5,205.1881825157127,219.4395640458116,242.9024352785156,263.238246116725,890.0,850.0,465.36,735.12,682.362,6900.0,722.1428571428571,1.2324431256181998,315.2375,231.56548795,201.692128575,,,161437.0,2.0,161437.0,2.0,,,,,,,1.5184495424062003
2023,Костанайская область,Подсолнечник,Карабалыкский,20298.4,21906.26,1090.0,stat_gov_kz_real,Карабалыкский,Sunflower seed,0,0,0,0,0,53.5678,61.9735,15.9615,147.0446,844.296,2373.725,62.0327,19.1375,20.0846,481.895,0.3023,0.316,0.3199,0.3346,0.3206,35.0567,18.5112,2015.2081,91.2317,-12.332,0.1742,0.1149,-697.2514,0.0,1.245,1.39,31.417,28.8,29.383,29.3,2.905,2.23,7.083,7.4,34.267,34.7,36.383,36.0,29.267,12.2,340.43,257.74181354863634,,252.65528515370417,1065.1408333333334,1006.6991666666668,1118.5016666666668,886.4533333333334,550.0483333333333,358.0016666666667,98.9,96.1,93.6,90.9,202.9311125080399,210.8814210480249,227.35667942069057,239.28356572010304,860.0,890.0,850.0,866.6666666666666,760.362,22700.0,1036.4285714285713,0.8297725706409373,429.9716666666666,315.2375,231.56548795,,,,,169268.33333333334,3.0,,,161437.0,2.0,,,
2024,Костанайская область,Подсолнечник,Карабалыкский,24681.4,33300.75,1470.0,stat_gov_kz_real,Карабалыкский,Sunflower seed,0,0,0,0,0,53.5678,61.9735,14.8176,380.355,1138.3476,3197.7609,259.6525,16.9416,19.2118,642.559,0.4332,0.4298,0.3625,0.4194,0.4132,85.5291,113.1601,1799.1138,138.7782,-13.4785,0.3341,0.3796,-757.9926,0.0,1.245,1.39,31.417,28.8,29.383,29.3,2.905,2.23,7.083,7.4,34.267,34.7,36.383,36.0,29.267,12.2,268.67333333333335,230.878850445,,190.60477617365,1089.3890968508615,1059.975,1021.9542980012442,963.3648258333332,563.665,338.26916666666665,98.1,96.4,96.8,92.5,199.07542137038712,203.289689890296,220.0812656792285,221.3372982910953,1090.0,860.0,890.0,946.6666666666666,831.0719999999999,20298.4,1050.7142857142858,1.0373895309313392,340.43,429.9716666666666,315.2375,,,142873.5,2.0,119686.125,8.0,,,,,,,2.0334101874386237
2025,Костанайская область,Подсолнечник,Карабалыкский,33427.5,50935.19,1520.0,stat_gov_kz_real,Карабалыкский,Sunflower seed,0,0,0,0,0,53.5678,61.9735,16.1442,331.2796,1302.9797,3202.4921,169.5871,18.3519,19.5891,728.3267,0.4101,0.4136,0.3272,0.3334,0.3101,50.8917,43.4859,2044.7169,121.2966,-8.028,0.2542,0.2281,-971.7002,0.0,1.245,1.39,31.417,28.8,29.383,29.3,2.905,2.23,7.083,7.4,34.267,34.7,36.383,36.0,29.267,12.2,243.3325,219.61538460375,,203.19753726864084,1226.4814225569482,1262.8893305316649,1139.8729249670616,1006.980403811544,685.2199999999999,422.655,99.9,101.1,95.5,114.4,198.87634594901675,205.52587647908928,210.1776087236632,253.20986924501307,1470.0,1090.0,860.0,1140.0,1032.0,24681.4,1380.0,1.065217391304348,268.67333333333335,340.43,429.9716666666666,,,166451.5,2.0,154674.5,6.0,,,142873.5,2.0,,0.16502710439654655,2.14084153799654
2022,Костанайская область,Пшеница,Карабалыкский,158000.0,224750.0,1420.0,stat_gov_kz_real,Карабалыкский,Wheat,0,0,0,0,0,53.5678,61.9735,15.811,174.7165,1334.2695,3236.5844,128.5791,17.1518,20.0776,808.0493,0.3723,0.3606,0.3615,0.2929,0.2902,30.1481,24.0084,1986.058,138.6122,-9.9416,0.1309,0.1673,-1159.553,0.0,1.245,1.39,31.417,28.8,29.383,29.3,2.905,2.23,7.083,7.4,34.267,34.7,36.383,36.0,29.267,12.2,429.9716666666666,381.91843016614285,,318.80665693333333,1756.7299999999998,1650.8083333333334,1666.7975,1275.9916666666666,772.1583333333333,700.015,117.2,119.8,120.3,119.5,205.1881825157127,219.4395640458116,242.9024352785156,263.238246116725,770.0,860.0,1131.9,920.6333333333333,1001.942,173300.0,673.3333333333334,1.1435643564356435,315.2375,231.56548795,201.692128575,107152.0,1.0,106317.0,2.0,106595.33333333331,3.0,,,,,,,1.5184495424062003
2023,Костанайская область,Пшеница,Карабалыкский,185150.6,246449.77,1380.0,stat_gov_kz_real,Карабалыкский,Wheat,0,0,0,0,0,53.5678,61.9735,15.9615,147.0446,844.296,2373.725,62.0327,19.1375,20.0846,481.895,0.3023,0.316,0.3199,0.3346,0.3206,35.0567,18.5112,2015.2081,91.2317,-12.332,0.1742,0.1149,-697.2514,0.0,1.245,1.39,31.417,28.8,29.383,29.3,2.905,2.23,7.083,7.4,34.267,34.7,36.383,36.0,29.267,12.2,340.43,257.74181354863634,,252.65528515370417,1065.1408333333334,1006.6991666666668,1118.5016666666668,886.4533333333334,550.0483333333333,358.0016666666667,98.9,96.1,93.6,90.9,202.9311125080399,210.8814210480249,227.35667942069057,239.28356572010304,1420.0,770.0,860.0,1016.6666666666666,1077.9419999999998,158000.0,1281.578947368421,1.1080082135523615,429.9716666666666,315.2375,231.56548795,76415.66666666667,3.0,100887.5,2.0,89104.5,12.0,107152.0,1.0,106317.0,2.0,,-0.05106897297704038,
2024,Костанайская область,Пшеница,Карабалыкский,177212.9,289108.98,1639.9999999999998,stat_gov_kz_real,Карабалыкский,Wheat,0,0,0,0,0,53.5678,61.9735,14.8176,380.355,1138.3476,3197.7609,259.6525,16.9416,19.2118,642.559,0.4332,0.4298,0.3625,0.4194,0.4132,85.5291,113.1601,1799.1138,138.7782,-13.4785,0.3341,0.3796,-757.9926,0.0,1.245,1.39,31.417,28.8,29.383,29.3,2.905,2.23,7.083,7.4,34.267,34.7,36.383,36.0,29.267,12.2,268.67333333333335,230.878850445,,190.60477617365,1089.3890968508615,1059.975,1021.9542980012442,963.3648258333332,563.665,338.26916666666665,98.1,96.4,96.8,92.5,199.07542137038712,203.289689890296,220.0812656792285,221.3372982910953,1380.0,1420.0,770.0,1190.0,1112.3799999999999,185150.6,1027.3684210526317,1.3432377049180326,340.43,429.9716666666666,315.2375,78894.33333333333,3.0,70263.0,2.0,90459.0,12.0,76415.66666666667,3.0,100887.5,2.0,0.03243662948697246,-0.30355098500805355,2.0334101874386237
2025,Костанайская область,Пшеница,Карабалыкский,151810.2,262629.63,1730.0,stat_gov_kz_real,Карабалыкский,Wheat,0,0,0,0,0,53.5678,61.9735,16.1442,331.2796,1302.9797,3202.4921,169.5871,18.3519,19.5891,728.3267,0.4101,0.4136,0.3272,0.3334,0.3101,50.8917,43.4859,2044.7169,121.2966,-8.028,0.2542,0.2281,-971.7002,0.0,1.245,1.39,31.417,28.8,29.383,29.3,2.905,2.23,7.083,7.4,34.267,34.7,36.383,36.0,29.267,12.2,243.3325,219.61538460375,,203.19753726864084,1226.4814225569482,1262.8893305316649,1139.8729249670616,1006.980403811544,685.2199999999999,422.655,99.9,101.1,95.5,114.4,198.87634594901675,205.52587647908928,210.1776087236632,253.20986924501307,1639.9999999999998,1380.0,1420.0,1480.0,1214.0,177212.9,1274.2105263157894,1.2870714580751754,268.67333333333335,340.43,429.9716666666666,85951.0,3.0,77750.5,2.0,79580.66666666667,12.0,78894.33333333333,3.0,70263.0,2.0,0.08944453129291086,0.10656390988144548,2.14084153799654
2022,Костанайская область,Ячмень,Карабалыкский,13077.0,20285.69,1550.0,stat_gov_kz_real,Карабалыкский,Barley,0,0,0,0,0,53.5678,61.9735,15.811,174.7165,1334.2695,3236.5844,128.5791,17.1518,20.0776,808.0493,0.3723,0.3606,0.3615,0.2929,0.2902,30.1481,24.0084,1986.058,138.6122,-9.9416,0.1309,0.1673,-1159.553,0.0,1.245,1.39,31.417,28.8,29.383,29.3,2.905,2.23,7.083,7.4,34.267,34.7,36.383,36.0,29.267,12.2,429.9716666666666,381.91843016614285,,318.80665693333333,1756.7299999999998,1650.8083333333334,1666.7975,1275.9916666666666,772.1583333333333,700.015,117.2,119.8,120.3,119.5,205.1881825157127,219.4395640458116,242.9024352785156,263.238246116725,610.0,877.8600000000001,1292.7199999999998,926.86,1092.038,15966.3,558.421052631579,1.0923656927426955,315.2375,231.56548795,201.692128575,84995.0,1.0,82460.5,2.0,83305.33333333333,3.0,,,,,,,1.5184495424062003
2023,Костанайская область,Ячмень,Карабалыкский,22976.2,35782.97,1610.0000000000002,stat_gov_kz_real,Карабалыкский,Barley,0,0,0,0,0,53.5678,61.9735,15.9615,147.0446,844.296,2373.725,62.0327,19.1375,20.0846,481.895,0.3023,0.316,0.3199,0.3346,0.3206,35.0567,18.5112,2015.2081,91.2317,-12.332,0.1742,0.1149,-697.2514,0.0,1.245,1.39,31.417,28.8,29.383,29.3,2.905,2.23,7.083,7.4,34.267,34.7,36.383,36.0,29.267,12.2,340.43,257.74181354863634,,252.65528515370417,1065.1408333333334,1006.6991666666668,1118.5016666666668,886.4533333333334,550.0483333333333,358.0016666666667,98.9,96.1,93.6,90.9,202.9311125080399,210.8814210480249,227.35667942069057,239.28356572010304,1550.0,610.0,877.8600000000001,1012.62,1119.768,13077.0,1342.5,1.1545623836126628,429.9716666666666,315.2375,231.56548795,49107.0,1.0,49107.0,1.0,58035.66666666666,3.0,84995.0,1.0,82460.5,2.0,,,
2024,Костанайская область,Ячмень,Карабалыкский,27379.3,46648.19,1700.0,stat_gov_kz_real,Карабалыкский,Barley,0,0,0,0,0,53.5678,61.9735,14.8176,380.355,1138.3476,3197.7609,259.6525,16.9416,19.2118,642.559,0.4332,0.4298,0.3625,0.4194,0.4132,85.5291,113.1601,1799.1138,138.7782,-13.4785,0.3341,0.3796,-757.9926,0.0,1.245,1.39,31.417,28.8,29.383,29.3,2.905,2.23,7.083,7.4,34.267,34.7,36.383,36.0,29.267,12.2,268.67333333333335,230.878850445,,190.60477617365,1089.3890968508615,1059.975,1021.9542980012442,963.3648258333332,563.665,338.26916666666665,98.1,96.4,96.8,92.5,199.07542137038712,203.289689890296,220.0812656792285,221.3372982910953,1610.0000000000002,1550.0,610.0,1256.6666666666667,1188.116,22976.2,1081.578947368421,1.488564476885645,340.43,429.9716666666666,315.2375,45220.0,1.0,43750.0,2.0,44240.0,3.0,49107.0,1.0,49107.0,1.0,,,2.0334101874386237
2025,Костанайская область,Ячмень,Карабалыкский,25552.0,39855.96,1560.0,stat_gov_kz_real,Карабалыкский,Barley,0,0,0,0,0,53.5678,61.9735,16.1442,331.2796,1302.9797,3202.4921,169.5871,18.3519,19.5891,728.3267,0.4101,0.4136,0.3272,0.3334,0.3101,50.8917,43.4859,2044.7169,121.2966,-8.028,0.2542,0.2281,-971.7002,0.0,1.245,1.39,31.417,28.8,29.383,29.3,2.905,2.23,7.083,7.4,34.267,34.7,36.383,36.0,29.267,12.2,243.3325,219.61538460375,,203.19753726864084,1226.4814225569482,1262.8893305316649,1139.8729249670616,1006.980403811544,685.2199999999999,422.655,99.9,101.1,95.5,114.4,198.87634594901675,205.52587647908928,210.1776087236632,253.20986924501307,1700.0,1610.0000000000002,1550.0,1620.0,1269.5720000000001,27379.3,1527.0588235294117,1.113251155624037,268.67333333333335,340.43,429.9716666666666,70394.0,2.0,,,65418.4,5.0,45220.0,1.0,43750.0,2.0,,,2.14084153799654
2022,Костанайская область,Подсолнечник,Карасуский,6800.0,6010.0,890.0,stat_gov_kz_real,Карасуский,Sunflower seed,0,0,0,0,0,52.2271,65.3437,16.492,155.1781,1393.6765,3465.534,132.1715,18.5188,20.4222,833.1127,0.2329,0.2358,0.212,0.201,0.196,35.4591,59.6916,2109.5183,184.875,-9.9618,0.1113,0.1567,-1238.4984,0.0,1.21,1.38,21.917,20.4,33.167,34.1,5.042,4.9,7.383,7.6,40.333,38.8,26.5,27.1,48.95,46.2,429.9716666666666,381.91843016614285,,318.80665693333333,1756.7299999999998,1650.8083333333334,1666.7975,1275.9916666666666,772.1583333333333,700.015,117.2,119.8,120.3,119.5,205.1881825157127,219.4395640458116,242.9024352785156,263.238246116725,380.0,500.0,206.74,362.24666666666667,474.185,1300.0,722.1428571428571,0.5262116716122651,315.2375,231.56548795,201.692128575,,,161437.0,2.0,161437.0,2.0,,,,,,,1.5184495424062003
2023,Костанайская область,Подсолнечник,Карасуский,6799.0,1569.9999999999998,1340.0,stat_gov_kz_real,Карасуский,Sunflower seed,0,0,0,1,0,52.2271,65.3437,16.2342,144.2052,866.8807,2512.7339,63.7599,19.6046,21.1634,532.3853,0.2506,0.2705,0.1968,0.2202,0.2058,24.5786,24.0204,2065.9379,142.9658,-13.3622,0.1663,0.1157,-722.6755,0.0,1.21,1.38,21.917,20.4,33.167,34.1,5.042,4.9,7.383,7.6,40.333,38.8,26.5,27.1,48.95,46.2,340.43,257.74181354863634,,252.65528515370417,1065.1408333333334,1006.6991666666668,1118.5016666666668,886.4533333333334,550.0483333333333,358.0016666666667,98.9,96.1,93.6,90.9,202.9311125080399,210.8814210480249,227.35667942069057,239.28356572010304,890.0,380.0,500.0,590.0,494.185,6800.0,1036.4285714285713,0.8587181254307376,429.9716666666666,315.2375,231.56548795,,,,,169268.33333333334,3.0,,,161437.0,2.0,,,
2024,Костанайская область,Подсолнечник,Карасуский,5383.0,7818.4,1450.0,stat_gov_kz_real,Карасуский,Sunflower seed,0,0,0,0,0,52.2271,65.3437,15.2045,271.539,1228.5236,3418.6036,154.3258,17.7193,20.0249,734.9786,0.3168,0.3222,0.2473,0.2691,0.2385,51.9411,71.5717,1871.2994,187.1816,-13.0138,0.221,0.2057,-956.9846,0.0,1.21,1.38,21.917,20.4,33.167,34.1,5.042,4.9,7.383,7.6,40.333,38.8,26.5,27.1,48.95,46.2,268.67333333333335,230.878850445,,190.60477617365,1089.3890968508615,1059.975,1021.9542980012442,963.3648258333332,563.665,338.26916666666665,98.1,96.4,96.8,92.5,199.07542137038712,203.289689890296,220.0812656792285,221.3372982910953,1340.0,890.0,380.0,870.0,663.348,6799.0,1050.7142857142858,1.275322909585316,340.43,429.9716666666666,315.2375,,,142873.5,2.0,119686.125,8.0,,,,,,,2.0334101874386237
2025,Костанайская область,Подсолнечник,Карасуский,9654.0,10661.27,1100.0,stat_gov_kz_real,Карасуский,Sunflower seed,0,0,0,0,0,52.2271,65.3437,16.8971,282.3267,1341.9839,3319.9076,173.4175,19.4878,20.1427,738.4928,0.2688,0.2596,0.2545,0.2131,0.2028,69.5058,58.3449,2182.8336,195.7014,-8.6026,0.2104,0.2242,-1059.6572,0.0,1.21,1.38,21.917,20.4,33.167,34.1,5.042,4.9,7.383,7.6,40.333,38.8,26.5,27.1,48.95,46.2,243.3325,219.61538460375,,203.19753726864084,1226.4814225569482,1262.8893305316649,1139.8729249670616,1006.980403811544,685.2199999999999,422.655,99.9,101.1,95.5,114.4,198.87634594901675,205.52587647908928,210.1776087236632,253.20986924501307,1450.0,1340.0,890.0,1226.6666666666667,912.0,5383.0,1380.0,1.0507246376811594,268.67333333333335,340.43,429.9716666666666,,,166451.5,2.0,154674.5,6.0,,,142873.5,2.0,,0.16502710439654655,2.14084153799654
2022,Костанайская область,Пшеница,Карасуский,574500.0,890390.0,1550.0,stat_gov_kz_real,Карасуский,Wheat,0,0,0,0,0,52.2271,65.3437,16.492,155.1781,1393.6765,3465.534,132.1715,18.5188,20.4222,833.1127,0.2329,0.2358,0.212,0.201,0.196,35.4591,59.6916,2109.5183,184.875,-9.9618,0.1113,0.1567,-1238.4984,0.0,1.21,1.38,21.917,20.4,33.167,34.1,5.042,4.9,7.383,7.6,40.333,38.8,26.5,27.1,48.95,46.2,429.9716666666666,381.91843016614285,,318.80665693333333,1756.7299999999998,1650.8083333333334,1666.7975,1275.9916666666666,772.1583333333333,700.015,117.2,119.8,120.3,119.5,205.1881825157127,219.4395640458116,242.9024352785156,263.238246116725,770.0,1190.0,694.17,884.7233333333334,1043.7040000000002,568400.0,673.3333333333334,1.1435643564356435,315.2375,231.56548795,201.692128575,107152.0,1.0,106317.0,2.0,106595.33333333331,3.0,,,,,,,1.5184495424062003
2023,Костанайская область,Пшеница,Карасуский,596096.0,652232.1900000001,1130.0,stat_gov_kz_real,Карасуский,Wheat,0,0,0,0,0,52.2271,65.3437,16.2342,144.2052,866.8807,2512.7339,63.7599,19.6046,21.1634,532.3853,0.2506,0.2705,0.1968,0.2202,0.2058,24.5786,24.0204,2065.9379,142.9658,-13.3622,0.1663,0.1157,-722.6755,0.0,1.21,1.38,21.917,20.4,33.167,34.1,5.042,4.9,7.383,7.6,40.333,38.8,26.5,27.1,48.95,46.2,340.43,257.74181354863634,,252.65528515370417,1065.1408333333334,1006.6991666666668,1118.5016666666668,886.4533333333334,550.0483333333333,358.0016666666667,98.9,96.1,93.6,90.9,202.9311125080399,210.8814210480249,227.35667942069057,239.28356572010304,1550.0,770.0,1190.0,1170.0,1107.7040000000002,574500.0,1281.578947368421,1.2094455852156059,429.9716666666666,315.2375,231.56548795,76415.66666666667,3.0,100887.5,2.0,89104.5,12.0,107152.0,1.0,106317.0,2.0,,-0.05106897297704038,
2024,Костанайская область,Пшеница,Карасуский,574821.09,817092.0,1430.0,stat_gov_kz_real,Карасуский,Wheat,0,0,0,0,0,52.2271,65.3437,15.2045,271.539,1228.5236,3418.6036,154.3258,17.7193,20.0249,734.9786,0.3168,0.3222,0.2473,0.2691,0.2385,51.9411,71.5717,1871.2994,187.1816,-13.0138,0.221,0.2057,-956.9846,0.0,1.21,1.38,21.917,20.4,33.167,34.1,5.042,4.9,7.383,7.6,40.333,38.8,26.5,27.1,48.95,46.2,268.67333333333335,230.878850445,,190.60477617365,1089.3890968508615,1059.975,1021.9542980012442,963.3648258333332,563.665,338.26916666666665,98.1,96.4,96.8,92.5,199.07542137038712,203.289689890296,220.0812656792285,221.3372982910953,1130.0,1550.0,770.0,1150.0,1066.834,596096.0,1027.3684210526317,1.0998975409836065,340.43,429.9716666666666,315.2375,78894.33333333333,3.0,70263.0,2.0,90459.0,12.0,76415.66666666667,3.0,100887.5,2.0,0.03243662948697246,-0.30355098500805355,2.0334101874386237
2025,Костанайская область,Пшеница,Карасуский,545626.36,924855.49,1700.0,stat_gov_kz_real,Карасуский,Wheat,0,0,0,0,0,52.2271,65.3437,16.8971,282.3267,1341.9839,3319.9076,173.4175,19.4878,20.1427,738.4928,0.2688,0.2596,0.2545,0.2131,0.2028,69.5058,58.3449,2182.8336,195.7014,-8.6026,0.2104,0.2242,-1059.6572,0.0,1.21,1.38,21.917,20.4,33.167,34.1,5.042,4.9,7.383,7.6,40.333,38.8,26.5,27.1,48.95,46.2,243.3325,219.61538460375,,203.19753726864084,1226.4814225569482,1262.8893305316649,1139.8729249670616,1006.980403811544,685.2199999999999,422.655,99.9,101.1,95.5,114.4,198.87634594901675,205.52587647908928,210.1776087236632,253.20986924501307,1430.0,1130.0,1550.0,1370.0,1214.0,574821.09,1274.2105263157894,1.1222635274679886,268.67333333333335,340.43,429.9716666666666,85951.0,3.0,77750.5,2.0,79580.66666666667,12.0,78894.33333333333,3.0,70263.0,2.0,0.08944453129291086,0.10656390988144548,2.14084153799654
2022,Костанайская область,Ячмень,Карасуский,59349.6,99746.77,1680.0,stat_gov_kz_real,Карасуский,Barley,0,0,0,0,0,52.2271,65.3437,16.492,155.1781,1393.6765,3465.534,132.1715,18.5188,20.4222,833.1127,0.2329,0.2358,0.212,0.201,0.196,35.4591,59.6916,2109.5183,184.875,-9.9618,0.1113,0.1567,-1238.4984,0.0,1.21,1.38,21.917,20.4,33.167,34.1,5.042,4.9,7.383,7.6,40.333,38.8,26.5,27.1,48.95,46.2,429.9716666666666,381.91843016614285,,318.80665693333333,1756.7299999999998,1650.8083333333334,1666.7975,1275.9916666666666,772.1583333333333,700.015,117.2,119.8,120.3,119.5,205.1881825157127,219.4395640458116,242.9024352785156,263.238246116725,530.0,1145.96,880.0000000000001,851.9866666666667,1136.254,58965.6,558.421052631579,0.9491046182846371,315.2375,231.56548795,201.692128575,84995.0,1.0,82460.5,2.0,83305.33333333333,3.0,,,,,,,1.5184495424062003
2023,Костанайская область,Ячмень,Карасуский,70111.7,83096.14,1260.0,stat_gov_kz_real,Карасуский,Barley,0,0,0,0,0,52.2271,65.3437,16.2342,144.2052,866.8807,2512.7339,63.7599,19.6046,21.1634,532.3853,0.2506,0.2705,0.1968,0.2202,0.2058,24.5786,24.0204,2065.9379,142.9658,-13.3622,0.1663,0.1157,-722.6755,0.0,1.21,1.38,21.917,20.4,33.167,34.1,5.042,4.9,7.383,7.6,40.333,38.8,26.5,27.1,48.95,46.2,340.43,257.74181354863634,,252.65528515370417,1065.1408333333334,1006.6991666666668,1118.5016666666668,886.4533333333334,550.0483333333333,358.0016666666667,98.9,96.1,93.6,90.9,202.9311125080399,210.8814210480249,227.35667942069057,239.28356572010304,1680.0,530.0,1145.96,1118.6533333333334,1149.1399999999999,59349.6,1342.5,1.2513966480446927,429.9716666666666,315.2375,231.56548795,49107.0,1.0,49107.0,1.0,58035.66666666666,3.0,84995.0,1.0,82460.5,2.0,,,
2024,Костанайская область,Ячмень,Карасуский,74646.2,133201.2,1800.0,stat_gov_kz_real,Карасуский,Barley,0,0,0,0,0,52.2271,65.3437,15.2045,271.539,1228.5236,3418.6036,154.3258,17.7193,20.0249,734.9786,0.3168,0.3222,0.2473,0.2691,0.2385,51.9411,71.5717,1871.2994,187.1816,-13.0138,0.221,0.2057,-956.9846,0.0,1.21,1.38,21.917,20.4,33.167,34.1,5.042,4.9,7.383,7.6,40.333,38.8,26.5,27.1,48.95,46.2,268.67333333333335,230.878850445,,190.60477617365,1089.3890968508615,1059.975,1021.9542980012442,963.3648258333332,563.665,338.26916666666665,98.1,96.4,96.8,92.5,199.07542137038712,203.289689890296,220.0812656792285,221.3372982910953,1260.0,1680.0,530.0,1156.6666666666667,1099.192,70111.7,1081.578947368421,1.164963503649635,340.43,429.9716666666666,315.2375,45220.0,1.0,43750.0,2.0,44240.0,3.0,49107.0,1.0,49107.0,1.0,,,2.0334101874386237
2025,Костанайская область,Ячмень,Карасуский,89318.4,163625.12,1830.0,stat_gov_kz_real,Карасуский,Barley,0,0,0,0,0,52.2271,65.3437,16.8971,282.3267,1341.9839,3319.9076,173.4175,19.4878,20.1427,738.4928,0.2688,0.2596,0.2545,0.2131,0.2028,69.5058,58.3449,2182.8336,195.7014,-8.6026,0.2104,0.2242,-1059.6572,0.0,1.21,1.38,21.917,20.4,33.167,34.1,5.042,4.9,7.383,7.6,40.333,38.8,26.5,27.1,48.95,46.2,243.3325,219.61538460375,,203.19753726864084,1226.4814225569482,1262.8893305316649,1139.8729249670616,1006.980403811544,685.2199999999999,422.655,99.9,101.1,95.5,114.4,198.87634594901675,205.52587647908928,210.1776087236632,253.20986924501307,1800.0,1260.0,1680.0,1580.0,1283.192,74646.2,1527.0588235294117,1.1787365177195686,268.67333333333335,340.43,429.9716666666666,70394.0,2.0,,,65418.4,5.0,45220.0,1.0,43750.0,2.0,,,2.14084153799654
2022,Костанайская область,Пшеница,г.Костанай,1300.0,1660.0000000000002,1330.0,stat_gov_kz_real,Костанай,Wheat,0,1,0,0,0,53.2147,63.6326,16.147,161.0452,1278.7585,3348.3583,124.3419,17.7866,20.1757,764.2305,0.3227,0.3003,0.2907,0.251,0.2473,30.0794,33.5217,2046.8825,143.0426,-10.401,0.1259,0.1658,-1117.7134,0.0,1.237,1.39,32.383,30.0,29.883,29.9,2.972,1.88,7.017,7.5,39.433,38.3,30.683,31.8,30.233,14.5,429.9716666666666,381.91843016614285,,318.80665693333333,1756.7299999999998,1650.8083333333334,1666.7975,1275.9916666666666,772.1583333333333,700.015,117.2,119.8,120.3,119.5,205.1881825157127,219.4395640458116,242.9024352785156,263.238246116725,630.0,850.0,721.52,733.84,1005.3799999999999,1200.0,673.3333333333334,0.9356435643564356,315.2375,231.56548795,201.692128575,107152.0,1.0,106317.0,2.0,106595.33333333331,3.0,,,,,,,1.5184495424062003
2023,Костанайская область,Пшеница,г.Костанай,2015.0,2744.1,1360.0,stat_gov_kz_real,Костанай,Wheat,0,1,0,0,0,53.2147,63.6326,16.2595,150.7878,822.6964,2426.7015,87.4271,19.4864,20.6626,478.3047,0.2742,0.2815,0.2943,0.2969,0.2923,49.784,25.0335,2069.9723,99.8937,-12.8297,0.1833,0.1695,-671.9086,0.0,1.237,1.39,32.383,30.0,29.883,29.9,2.972,1.88,7.017,7.5,39.433,38.3,30.683,31.8,30.233,14.5,340.43,257.74181354863634,,252.65528515370417,1065.1408333333334,1006.6991666666668,1118.5016666666668,886.4533333333334,550.0483333333333,358.0016666666667,98.9,96.1,93.6,90.9,202.9311125080399,210.8814210480249,227.35667942069057,239.28356572010304,1330.0,630.0,850.0,936.6666666666666,965.3799999999999,1300.0,1281.578947368421,1.037782340862423,429.9716666666666,315.2375,231.56548795,76415.66666666667,3.0,100887.5,2.0,89104.5,12.0,107152.0,1.0,106317.0,2.0,,-0.05106897297704038,
2024,Костанайская область,Пшеница,г.Костанай,1855.0,2158.2,1160.0,stat_gov_kz_real,Костанай,Wheat,0,1,0,0,0,53.2147,63.6326,14.9968,296.4015,1079.7971,3240.6394,205.2259,17.2761,19.6097,628.1901,0.3649,0.3572,0.2847,0.3733,0.3661,69.882,95.5048,1832.1986,149.7884,-13.8244,0.2745,0.3123,-783.3956,0.0,1.237,1.39,32.383,30.0,29.883,29.9,2.972,1.88,7.017,7.5,39.433,38.3,30.683,31.8,30.233,14.5,268.67333333333335,230.878850445,,190.60477617365,1089.3890968508615,1059.975,1021.9542980012442,963.3648258333332,563.665,338.26916666666665,98.1,96.4,96.8,92.5,199.07542137038712,203.289689890296,220.0812656792285,221.3372982910953,1360.0,1330.0,630.0,1106.6666666666667,978.3040000000001,2015.0,1027.3684210526317,1.3237704918032787,340.43,429.9716666666666,315.2375,78894.33333333333,3.0,70263.0,2.0,90459.0,12.0,76415.66666666667,3.0,100887.5,2.0,0.03243662948697246,-0.30355098500805355,2.0334101874386237
2025,Костанайская область,Пшеница,г.Костанай,1285.33,1892.7,1470.0,stat_gov_kz_real,Костанай,Wheat,0,1,0,0,0,53.2147,63.6326,16.4098,319.9511,1202.2663,3251.0519,186.4463,18.6351,19.7439,660.0502,0.3651,0.3619,0.3002,0.3124,0.3081,65.2748,60.3399,2093.1098,141.1206,-8.2293,0.2661,0.2756,-882.3152,0.0,1.237,1.39,32.383,30.0,29.883,29.9,2.972,1.88,7.017,7.5,39.433,38.3,30.683,31.8,30.233,14.5,243.3325,219.61538460375,,203.19753726864084,1226.4814225569482,1262.8893305316649,1139.8729249670616,1006.980403811544,685.2199999999999,422.655,99.9,101.1,95.5,114.4,198.87634594901675,205.52587647908928,210.1776087236632,253.20986924501307,1160.0,1360.0,1330.0,1283.3333333333333,1066.0,1855.0,1274.2105263157894,0.9103676166873194,268.67333333333335,340.43,429.9716666666666,85951.0,3.0,77750.5,2.0,79580.66666666667,12.0,78894.33333333333,3.0,70263.0,2.0,0.08944453129291086,0.10656390988144548,2.14084153799654
2022,Костанайская область,Ячмень,г.Костанай,141.0,183.3,1300.0,stat_gov_kz_real,Костанай,Barley,0,1,0,0,0,53.2147,63.6326,16.147,161.0452,1278.7585,3348.3583,124.3419,17.7866,20.1757,764.2305,0.3227,0.3003,0.2907,0.251,0.2473,30.0794,33.5217,2046.8825,143.0426,-10.401,0.1259,0.1658,-1117.7134,0.0,1.237,1.39,32.383,30.0,29.883,29.9,2.972,1.88,7.017,7.5,39.433,38.3,30.683,31.8,30.233,14.5,429.9716666666666,381.91843016614285,,318.80665693333333,1756.7299999999998,1650.8083333333334,1666.7975,1275.9916666666666,772.1583333333333,700.015,117.2,119.8,120.3,119.5,205.1881825157127,219.4395640458116,242.9024352785156,263.238246116725,1000.0,,750.0,875.0,1290.3999999999999,134.0,558.421052631579,1.7907634307257303,315.2375,231.56548795,201.692128575,84995.0,1.0,82460.5,2.0,83305.33333333333,3.0,,,,,,,1.5184495424062003
2023,Костанайская область,Ячмень,г.Костанай,226.0,338.1,1500.0,stat_gov_kz_real,Костанай,Barley,0,1,0,0,0,53.2147,63.6326,16.2595,150.7878,822.6964,2426.7015,87.4271,19.4864,20.6626,478.3047,0.2742,0.2815,0.2943,0.2969,0.2923,49.784,25.0335,2069.9723,99.8937,-12.8297,0.1833,0.1695,-671.9086,0.0,1.237,1.39,32.383,30.0,29.883,29.9,2.972,1.88,7.017,7.5,39.433,38.3,30.683,31.8,30.233,14.5,340.43,257.74181354863634,,252.65528515370417,1065.1408333333334,1006.6991666666668,1118.5016666666668,886.4533333333334,550.0483333333333,358.0016666666667,98.9,96.1,93.6,90.9,202.9311125080399,210.8814210480249,227.35667942069057,239.28356572010304,1300.0,1000.0,,1150.0,1438.975,141.0,1342.5,0.9683426443202979,429.9716666666666,315.2375,231.56548795,49107.0,1.0,49107.0,1.0,58035.66666666666,3.0,84995.0,1.0,82460.5,2.0,,,
2024,Костанайская область,Ячмень,г.Костанай,100.0,,,stat_gov_kz_real,Костанай,Barley,0,1,0,0,0,53.2147,63.6326,14.9968,296.4015,1079.7971,3240.6394,205.2259,17.2761,19.6097,628.1901,0.3649,0.3572,0.2847,0.3733,0.3661,69.882,95.5048,1832.1986,149.7884,-13.8244,0.2745,0.3123,-783.3956,0.0,1.237,1.39,32.383,30.0,29.883,29.9,2.972,1.88,7.017,7.5,39.433,38.3,30.683,31.8,30.233,14.5,268.67333333333335,230.878850445,,190.60477617365,1089.3890968508615,1059.975,1021.9542980012442,963.3648258333332,563.665,338.26916666666665,98.1,96.4,96.8,92.5,199.07542137038712,203.289689890296,220.0812656792285,221.3372982910953,1500.0,1300.0,1000.0,1266.6666666666667,1137.5,226.0,1081.578947368421,1.3868613138686132,340.43,429.9716666666666,315.2375,45220.0,1.0,43750.0,2.0,44240.0,3.0,49107.0,1.0,49107.0,1.0,,,2.0334101874386237
2025,Костанайская область,Ячмень,г.Костанай,503.0,831.5,1650.0,stat_gov_kz_real,Костанай,Barley,0,1,0,0,0,53.2147,63.6326,16.4098,319.9511,1202.2663,3251.0519,186.4463,18.6351,19.7439,660.0502,0.3651,0.3619,0.3002,0.3124,0.3081,65.2748,60.3399,2093.1098,141.1206,-8.2293,0.2661,0.2756,-882.3152,0.0,1.237,1.39,32.383,30.0,29.883,29.9,2.972,1.88,7.017,7.5,39.433,38.3,30.683,31.8,30.233,14.5,243.3325,219.61538460375,,203.19753726864084,1226.4814225569482,1262.8893305316649,1139.8729249670616,1006.980403811544,685.2199999999999,422.655,99.9,101.1,95.5,114.4,198.87634594901675,205.52587647908928,210.1776087236632,253.20986924501307,,1500.0,1300.0,1400.0,1266.6666666666667,100.0,1527.0588235294117,,268.67333333333335,340.43,429.9716666666666,70394.0,2.0,,,65418.4,5.0,45220.0,1.0,43750.0,2.0,,,2.14084153799654
2022,Костанайская область,Кукуруза,Костанайский,1676.8,5006.880000000001,2990.0,stat_gov_kz_real,Костанайский,Maize,0,0,0,0,0,53.2355,63.2291,16.1221,161.7447,1253.743,3333.1853,124.7058,17.7128,20.2013,756.453,0.3635,0.3437,0.3354,0.2896,0.2873,28.6019,34.323,2042.4507,143.4492,-10.2856,0.129,0.1692,-1091.9983,0.0,1.202,1.39,31.417,27.7,31.2,32.3,2.87,1.23,7.017,7.4,35.25,34.0,33.583,33.7,35.35,23.2,429.9716666666666,381.91843016614285,,318.80665693333333,1756.7299999999998,1650.8083333333334,1666.7975,1275.9916666666666,772.1583333333333,700.015,117.2,119.8,120.3,119.5,205.1881825157127,219.4395640458116,242.9024352785156,263.238246116725,1280.0,2410.0,5750.0,3146.6666666666665,2376.0,2376.2,1640.0,0.7804878048780488,315.2375,231.56548795,201.692128575,,,,,,,,,,,,,1.5184495424062003
2023,Костанайская область,Кукуруза,Костанайский,1537.3,3000.0,1950.0,stat_gov_kz_real,Костанайский,Maize,0,0,0,0,0,53.2355,63.2291,16.208,142.4934,799.7901,2413.1842,79.7749,19.4009,20.5784,467.6468,0.3117,0.3224,0.3283,0.3359,0.3314,46.6999,21.4085,2060.4803,99.5969,-12.7757,0.1782,0.1588,-657.2967,0.0,1.202,1.39,31.417,27.7,31.2,32.3,2.87,1.23,7.017,7.4,35.25,34.0,33.583,33.7,35.35,23.2,340.43,257.74181354863634,,252.65528515370417,1065.1408333333334,1006.6991666666668,1118.5016666666668,886.4533333333334,550.0483333333333,358.0016666666667,98.9,96.1,93.6,90.9,202.9311125080399,210.8814210480249,227.35667942069057,239.28356572010304,2990.0,1280.0,2410.0,2226.6666666666665,2738.0,1676.8,1681.775,1.7778834861976185,429.9716666666666,315.2375,231.56548795,,,,,,,,,,,,,
2024,Костанайская область,Кукуруза,Костанайский,500.3,1174.1,2350.0,stat_gov_kz_real,Костанайский,Maize,0,0,0,0,0,53.2355,63.2291,14.9833,307.9669,1055.0653,3229.7359,211.203,17.2351,19.5473,614.1937,0.4114,0.4028,0.3303,0.4126,0.4063,70.5297,97.379,1829.6618,146.7679,-13.8083,0.2919,0.3292,-747.0984,0.0,1.202,1.39,31.417,27.7,31.2,32.3,2.87,1.23,7.017,7.4,35.25,34.0,33.583,33.7,35.35,23.2,268.67333333333335,230.878850445,,190.60477617365,1089.3890968508615,1059.975,1021.9542980012442,963.3648258333332,563.665,338.26916666666665,98.1,96.4,96.8,92.5,199.07542137038712,203.289689890296,220.0812656792285,221.3372982910953,1950.0,2990.0,1280.0,2073.3333333333335,2876.0,1537.3,1046.0,1.864244741873805,340.43,429.9716666666666,315.2375,,,,,,,,,,,,,2.0334101874386237
2025,Костанайская область,Кукуруза,Костанайский,904.1,1700.0,1840.0,stat_gov_kz_real,Костанайский,Maize,0,0,0,0,0,53.2355,63.2291,16.3433,334.8315,1181.2125,3237.5859,186.3852,18.5648,19.7151,654.5568,0.4036,0.4088,0.3377,0.3516,0.3519,65.6367,55.6173,2081.0,131.6241,-8.1567,0.2835,0.2791,-846.381,0.0,1.202,1.39,31.417,27.7,31.2,32.3,2.87,1.23,7.017,7.4,35.25,34.0,33.583,33.7,35.35,23.2,243.3325,219.61538460375,,203.19753726864084,1226.4814225569482,1262.8893305316649,1139.8729249670616,1006.980403811544,685.2199999999999,422.655,99.9,101.1,95.5,114.4,198.87634594901675,205.52587647908928,210.1776087236632,253.20986924501307,2350.0,1950.0,2990.0,2430.0,2196.0,500.3,2293.3333333333335,1.0247093023255813,268.67333333333335,340.43,429.9716666666666,,,,,,,,,,,,,2.14084153799654
2022,Костанайская область,Подсолнечник,Костанайский,13200.0,11340.0,880.0000000000001,stat_gov_kz_real,Костанайский,Sunflower seed,0,0,0,0,0,53.2355,63.2291,16.1221,161.7447,1253.743,3333.1853,124.7058,17.7128,20.2013,756.453,0.3635,0.3437,0.3354,0.2896,0.2873,28.6019,34.323,2042.4507,143.4492,-10.2856,0.129,0.1692,-1091.9983,0.0,1.202,1.39,31.417,27.7,31.2,32.3,2.87,1.23,7.017,7.4,35.25,34.0,33.583,33.7,35.35,23.2,429.9716666666666,381.91843016614285,,318.80665693333333,1756.7299999999998,1650.8083333333334,1666.7975,1275.9916666666666,772.1583333333333,700.015,117.2,119.8,120.3,119.5,205.1881825157127,219.4395640458116,242.9024352785156,263.238246116725,1030.0,930.0,564.82,841.6066666666667,833.2620000000001,7100.0,722.1428571428571,1.4263105835806134,315.2375,231.56548795,201.692128575,,,161437.0,2.0,161437.0,2.0,,,,,,,1.5184495424062003
2023,Костанайская область,Подсолнечник,Костанайский,7183.9,8704.17,1270.0,stat_gov_kz_real,Костанайский,Sunflower seed,0,0,0,0,0,53.2355,63.2291,16.208,142.4934,799.7901,2413.1842,79.7749,19.4009,20.5784,467.6468,0.3117,0.3224,0.3283,0.3359,0.3314,46.6999,21.4085,2060.4803,99.5969,-12.7757,0.1782,0.1588,-657.2967,0.0,1.202,1.39,31.417,27.7,31.2,32.3,2.87,1.23,7.017,7.4,35.25,34.0,33.583,33.7,35.35,23.2,340.43,257.74181354863634,,252.65528515370417,1065.1408333333334,1006.6991666666668,1118.5016666666668,886.4533333333334,550.0483333333333,358.0016666666667,98.9,96.1,93.6,90.9,202.9311125080399,210.8814210480249,227.35667942069057,239.28356572010304,880.0000000000001,1030.0,930.0,946.6666666666666,843.2620000000001,13200.0,1036.4285714285713,0.8490696071674709,429.9716666666666,315.2375,231.56548795,,,,,169268.33333333334,3.0,,,161437.0,2.0,,,
2024,Костанайская область,Подсолнечник,Костанайский,12101.7,16031.659999999998,1330.0,stat_gov_kz_real,Костанайский,Sunflower seed,0,0,0,0,0,53.2355,63.2291,14.9833,307.9669,1055.0653,3229.7359,211.203,17.2351,19.5473,614.1937,0.4114,0.4028,0.3303,0.4126,0.4063,70.5297,97.379,1829.6618,146.7679,-13.8083,0.2919,0.3292,-747.0984,0.0,1.202,1.39,31.417,27.7,31.2,32.3,2.87,1.23,7.017,7.4,35.25,34.0,33.583,33.7,35.35,23.2,268.67333333333335,230.878850445,,190.60477617365,1089.3890968508615,1059.975,1021.9542980012442,963.3648258333332,563.665,338.26916666666665,98.1,96.4,96.8,92.5,199.07542137038712,203.289689890296,220.0812656792285,221.3372982910953,1270.0,880.0000000000001,1030.0,1060.0,934.9639999999999,7183.9,1050.7142857142858,1.2087015635622025,340.43,429.9716666666666,315.2375,,,142873.5,2.0,119686.125,8.0,,,,,,,2.0334101874386237
2025,Костанайская область,Подсолнечник,Костанайский,21638.5,29304.870000000003,1350.0,stat_gov_kz_real,Костанайский,Sunflower seed,0,0,0,0,0,53.2355,63.2291,16.3433,334.8315,1181.2125,3237.5859,186.3852,18.5648,19.7151,654.5568,0.4036,0.4088,0.3377,0.3516,0.3519,65.6367,55.6173,2081.0,131.6241,-8.1567,0.2835,0.2791,-846.381,0.0,1.202,1.39,31.417,27.7,31.2,32.3,2.87,1.23,7.017,7.4,35.25,34.0,33.583,33.7,35.35,23.2,243.3325,219.61538460375,,203.19753726864084,1226.4814225569482,1262.8893305316649,1139.8729249670616,1006.980403811544,685.2199999999999,422.655,99.9,101.1,95.5,114.4,198.87634594901675,205.52587647908928,210.1776087236632,253.20986924501307,1330.0,1270.0,880.0000000000001,1160.0,1088.0,12101.7,1380.0,0.9637681159420289,268.67333333333335,340.43,429.9716666666666,,,166451.5,2.0,154674.5,6.0,,,142873.5,2.0,,0.16502710439654655,2.14084153799654
2022,Костанайская область,Пшеница,Костанайский,209900.0,298320.0,1420.0,stat_gov_kz_real,Костанайский,Wheat,0,0,0,0,0,53.2355,63.2291,16.1221,161.7447,1253.743,3333.1853,124.7058,17.7128,20.2013,756.453,0.3635,0.3437,0.3354,0.2896,0.2873,28.6019,34.323,2042.4507,143.4492,-10.2856,0.129,0.1692,-1091.9983,0.0,1.202,1.39,31.417,27.7,31.2,32.3,2.87,1.23,7.017,7.4,35.25,34.0,33.583,33.7,35.35,23.2,429.9716666666666,381.91843016614285,,318.80665693333333,1756.7299999999998,1650.8083333333334,1666.7975,1275.9916666666666,772.1583333333333,700.015,117.2,119.8,120.3,119.5,205.1881825157127,219.4395640458116,242.9024352785156,263.238246116725,1070.0,1200.0,941.01,1070.3366666666668,1186.074,214000.0,673.3333333333334,1.589108910891089,315.2375,231.56548795,201.692128575,107152.0,1.0,106317.0,2.0,106595.33333333331,3.0,,,,,,,1.5184495424062003
2023,Костанайская область,Пшеница,Костанайский,236482.6,325666.42000000004,1410.0,stat_gov_kz_real,Костанайский,Wheat,0,0,0,0,0,53.2355,63.2291,16.208,142.4934,799.7901,2413.1842,79.7749,19.4009,20.5784,467.6468,0.3117,0.3224,0.3283,0.3359,0.3314,46.6999,21.4085,2060.4803,99.5969,-12.7757,0.1782,0.1588,-657.2967,0.0,1.202,1.39,31.417,27.7,31.2,32.3,2.87,1.23,7.017,7.4,35.25,34.0,33.583,33.7,35.35,23.2,340.43,257.74181354863634,,252.65528515370417,1065.1408333333334,1006.6991666666668,1118.5016666666668,886.4533333333334,550.0483333333333,358.0016666666667,98.9,96.1,93.6,90.9,202.9311125080399,210.8814210480249,227.35667942069057,239.28356572010304,1420.0,1070.0,1200.0,1230.0,1196.074,209900.0,1281.578947368421,1.1080082135523615,429.9716666666666,315.2375,231.56548795,76415.66666666667,3.0,100887.5,2.0,89104.5,12.0,107152.0,1.0,106317.0,2.0,,-0.05106897297704038,
2024,Костанайская область,Пшеница,Костанайский,238114.6,310615.61,1320.0,stat_gov_kz_real,Костанайский,Wheat,0,0,0,0,0,53.2355,63.2291,14.9833,307.9669,1055.0653,3229.7359,211.203,17.2351,19.5473,614.1937,0.4114,0.4028,0.3303,0.4126,0.4063,70.5297,97.379,1829.6618,146.7679,-13.8083,0.2919,0.3292,-747.0984,0.0,1.202,1.39,31.417,27.7,31.2,32.3,2.87,1.23,7.017,7.4,35.25,34.0,33.583,33.7,35.35,23.2,268.67333333333335,230.878850445,,190.60477617365,1089.3890968508615,1059.975,1021.9542980012442,963.3648258333332,563.665,338.26916666666665,98.1,96.4,96.8,92.5,199.07542137038712,203.289689890296,220.0812656792285,221.3372982910953,1410.0,1420.0,1070.0,1300.0,1208.202,236482.6,1027.3684210526317,1.3724385245901638,340.43,429.9716666666666,315.2375,78894.33333333333,3.0,70263.0,2.0,90459.0,12.0,76415.66666666667,3.0,100887.5,2.0,0.03243662948697246,-0.30355098500805355,2.0334101874386237
2025,Костанайская область,Пшеница,Костанайский,216947.0,348305.94,1610.0000000000002,stat_gov_kz_real,Костанайский,Wheat,0,0,0,0,0,53.2355,63.2291,16.3433,334.8315,1181.2125,3237.5859,186.3852,18.5648,19.7151,654.5568,0.4036,0.4088,0.3377,0.3516,0.3519,65.6367,55.6173,2081.0,131.6241,-8.1567,0.2835,0.2791,-846.381,0.0,1.202,1.39,31.417,27.7,31.2,32.3,2.87,1.23,7.017,7.4,35.25,34.0,33.583,33.7,35.35,23.2,243.3325,219.61538460375,,203.19753726864084,1226.4814225569482,1262.8893305316649,1139.8729249670616,1006.980403811544,685.2199999999999,422.655,99.9,101.1,95.5,114.4,198.87634594901675,205.52587647908928,210.1776087236632,253.20986924501307,1320.0,1410.0,1420.0,1383.3333333333333,1284.0,238114.6,1274.2105263157894,1.0359355638166048,268.67333333333335,340.43,429.9716666666666,85951.0,3.0,77750.5,2.0,79580.66666666667,12.0,78894.33333333333,3.0,70263.0,2.0,0.08944453129291086,0.10656390988144548,2.14084153799654
2022,Костанайская область,Ячмень,Костанайский,23271.55,34398.78,1490.0,stat_gov_kz_real,Костанайский,Barley,0,0,0,0,0,53.2355,63.2291,16.1221,161.7447,1253.743,3333.1853,124.7058,17.7128,20.2013,756.453,0.3635,0.3437,0.3354,0.2896,0.2873,28.6019,34.323,2042.4507,143.4492,-10.2856,0.129,0.1692,-1091.9983,0.0,1.202,1.39,31.417,27.7,31.2,32.3,2.87,1.23,7.017,7.4,35.25,34.0,33.583,33.7,35.35,23.2,429.9716666666666,381.91843016614285,,318.80665693333333,1756.7299999999998,1650.8083333333334,1666.7975,1275.9916666666666,772.1583333333333,700.015,117.2,119.8,120.3,119.5,205.1881825157127,219.4395640458116,242.9024352785156,263.238246116725,950.0,951.22,886.37,929.1966666666667,1204.1419999999998,23652.72,558.421052631579,1.701225259189444,315.2375,231.56548795,201.692128575,84995.0,1.0,82460.5,2.0,83305.33333333333,3.0,,,,,,,1.5184495424062003
2023,Костанайская область,Ячмень,Костанайский,31950.0,42844.39000000001,1490.0,stat_gov_kz_real,Костанайский,Barley,0,0,0,0,0,53.2355,63.2291,16.208,142.4934,799.7901,2413.1842,79.7749,19.4009,20.5784,467.6468,0.3117,0.3224,0.3283,0.3359,0.3314,46.6999,21.4085,2060.4803,99.5969,-12.7757,0.1782,0.1588,-657.2967,0.0,1.202,1.39,31.417,27.7,31.2,32.3,2.87,1.23,7.017,7.4,35.25,34.0,33.583,33.7,35.35,23.2,340.43,257.74181354863634,,252.65528515370417,1065.1408333333334,1006.6991666666668,1118.5016666666668,886.4533333333334,550.0483333333333,358.0016666666667,98.9,96.1,93.6,90.9,202.9311125080399,210.8814210480249,227.35667942069057,239.28356572010304,1490.0,950.0,951.22,1130.4066666666668,1164.598,23271.55,1342.5,1.1098696461824953,429.9716666666666,315.2375,231.56548795,49107.0,1.0,49107.0,1.0,58035.66666666666,3.0,84995.0,1.0,82460.5,2.0,,,
2024,Костанайская область,Ячмень,Костанайский,23531.4,33852.70999999999,1530.0,stat_gov_kz_real,Костанайский,Barley,0,0,0,0,0,53.2355,63.2291,14.9833,307.9669,1055.0653,3229.7359,211.203,17.2351,19.5473,614.1937,0.4114,0.4028,0.3303,0.4126,0.4063,70.5297,97.379,1829.6618,146.7679,-13.8083,0.2919,0.3292,-747.0984,0.0,1.202,1.39,31.417,27.7,31.2,32.3,2.87,1.23,7.017,7.4,35.25,34.0,33.583,33.7,35.35,23.2,268.67333333333335,230.878850445,,190.60477617365,1089.3890968508615,1059.975,1021.9542980012442,963.3648258333332,563.665,338.26916666666665,98.1,96.4,96.8,92.5,199.07542137038712,203.289689890296,220.0812656792285,221.3372982910953,1490.0,1490.0,950.0,1310.0,1153.518,31950.0,1081.578947368421,1.3776155717761558,340.43,429.9716666666666,315.2375,45220.0,1.0,43750.0,2.0,44240.0,3.0,49107.0,1.0,49107.0,1.0,,,2.0334101874386237
2025,Костанайская область,Ячмень,Костанайский,24700.0,45713.42,1870.0,stat_gov_kz_real,Костанайский,Barley,0,0,0,0,0,53.2355,63.2291,16.3433,334.8315,1181.2125,3237.5859,186.3852,18.5648,19.7151,654.5568,0.4036,0.4088,0.3377,0.3516,0.3519,65.6367,55.6173,2081.0,131.6241,-8.1567,0.2835,0.2791,-846.381,0.0,1.202,1.39,31.417,27.7,31.2,32.3,2.87,1.23,7.017,7.4,35.25,34.0,33.583,33.7,35.35,23.2,243.3325,219.61538460375,,203.19753726864084,1226.4814225569482,1262.8893305316649,1139.8729249670616,1006.980403811544,685.2199999999999,422.655,99.9,101.1,95.5,114.4,198.87634594901675,205.52587647908928,210.1776087236632,253.20986924501307,1530.0,1490.0,1490.0,1503.3333333333333,1282.2440000000001,23531.4,1527.0588235294117,1.0019260400616332,268.67333333333335,340.43,429.9716666666666,70394.0,2.0,,,65418.4,5.0,45220.0,1.0,43750.0,2.0,,,2.14084153799654
2022,Костанайская область,Пшеница,Лисаковск г.а.,400.0,260.0,660.0,stat_gov_kz_real,Лисаковск,Wheat,0,1,0,0,0,52.5459,62.4892,16.7902,130.9767,1420.2517,3350.898,96.5501,18.3423,21.1346,876.5878,0.3337,0.3142,0.3125,0.2705,0.2716,30.0883,22.5266,2164.8478,135.5968,-9.6208,0.0922,0.1162,-1289.275,0.0,1.252,1.39,20.067,18.0,32.617,32.5,3.007,2.43,7.333,7.7,41.5,40.7,25.85,26.8,34.317,32.7,429.9716666666666,381.91843016614285,,318.80665693333333,1756.7299999999998,1650.8083333333334,1666.7975,1275.9916666666666,772.1583333333333,700.015,117.2,119.8,120.3,119.5,205.1881825157127,219.4395640458116,242.9024352785156,263.238246116725,,,,,,,673.3333333333334,,315.2375,231.56548795,201.692128575,107152.0,1.0,106317.0,2.0,106595.33333333331,3.0,,,,,,,1.5184495424062003
2023,Костанайская область,Пшеница,Лисаковск г.а.,839.0,440.3,700.0,stat_gov_kz_real,Лисаковск,Wheat,0,1,0,0,0,52.5459,62.4892,16.4598,141.6973,840.5041,2417.1011,61.1991,19.5461,20.9712,501.5555,0.3082,0.3168,0.3107,0.313,0.3059,29.6074,19.731,2106.4604,108.584,-12.8177,0.1686,0.1171,-698.8068,0.0,1.252,1.39,20.067,18.0,32.617,32.5,3.007,2.43,7.333,7.7,41.5,40.7,25.85,26.8,34.317,32.7,340.43,257.74181354863634,,252.65528515370417,1065.1408333333334,1006.6991666666668,1118.5016666666668,886.4533333333334,550.0483333333333,358.0016666666667,98.9,96.1,93.6,90.9,202.9311125080399,210.8814210480249,227.35667942069057,239.28356572010304,660.0,,,660.0,660.0,400.0,1281.578947368421,0.5149897330595482,429.9716666666666,315.2375,231.56548795,76415.66666666667,3.0,100887.5,2.0,89104.5,12.0,107152.0,1.0,106317.0,2.0,,-0.05106897297704038,
2024,Костанайская область,Пшеница,Лисаковск г.а.,793.0,1386.1,1750.0,stat_gov_kz_real,Лисаковск,Wheat,0,1,0,0,0,52.5459,62.4892,15.4088,326.1793,1152.0254,3289.0024,222.4709,17.6257,19.8686,667.2726,0.4054,0.4049,0.3243,0.4069,0.4096,72.0074,115.9212,1907.3373,148.3984,-13.0527,0.2831,0.3209,-825.8461,0.0,1.252,1.39,20.067,18.0,32.617,32.5,3.007,2.43,7.333,7.7,41.5,40.7,25.85,26.8,34.317,32.7,268.67333333333335,230.878850445,,190.60477617365,1089.3890968508615,1059.975,1021.9542980012442,963.3648258333332,563.665,338.26916666666665,98.1,96.4,96.8,92.5,199.07542137038712,203.289689890296,220.0812656792285,221.3372982910953,700.0,660.0,,680.0,680.0,839.0,1027.3684210526317,0.6813524590163934,340.43,429.9716666666666,315.2375,78894.33333333333,3.0,70263.0,2.0,90459.0,12.0,76415.66666666667,3.0,100887.5,2.0,0.03243662948697246,-0.30355098500805355,2.0334101874386237
2025,Костанайская область,Пшеница,Лисаковск г.а.,138.0,157.29999999999998,1140.0,stat_gov_kz_real,Лисаковск,Wheat,0,1,0,0,0,52.5459,62.4892,16.9012,277.8251,1332.3055,3331.6877,156.8541,19.0607,20.3754,751.9403,0.39,0.3889,0.3199,0.3138,0.3229,58.5506,45.0734,2183.386,126.5464,-7.8771,0.2085,0.2117,-1054.4804,0.0,1.252,1.39,20.067,18.0,32.617,32.5,3.007,2.43,7.333,7.7,41.5,40.7,25.85,26.8,34.317,32.7,243.3325,219.61538460375,,203.19753726864084,1226.4814225569482,1262.8893305316649,1139.8729249670616,1006.980403811544,685.2199999999999,422.655,99.9,101.1,95.5,114.4,198.87634594901675,205.52587647908928,210.1776087236632,253.20986924501307,1750.0,700.0,660.0,1036.6666666666667,1036.6666666666667,793.0,1274.2105263157894,1.3733994217265595,268.67333333333335,340.43,429.9716666666666,85951.0,3.0,77750.5,2.0,79580.66666666667,12.0,78894.33333333333,3.0,70263.0,2.0,0.08944453129291086,0.10656390988144548,2.14084153799654
2022,Костанайская область,Ячмень,Лисаковск г.а.,94.0,98.8,1050.0,stat_gov_kz_real,Лисаковск,Barley,0,1,0,0,0,52.5459,62.4892,16.7902,130.9767,1420.2517,3350.898,96.5501,18.3423,21.1346,876.5878,0.3337,0.3142,0.3125,0.2705,0.2716,30.0883,22.5266,2164.8478,135.5968,-9.6208,0.0922,0.1162,-1289.275,0.0,1.252,1.39,20.067,18.0,32.617,32.5,3.007,2.43,7.333,7.7,41.5,40.7,25.85,26.8,34.317,32.7,429.9716666666666,381.91843016614285,,318.80665693333333,1756.7299999999998,1650.8083333333334,1666.7975,1275.9916666666666,772.1583333333333,700.015,117.2,119.8,120.3,119.5,205.1881825157127,219.4395640458116,242.9024352785156,263.238246116725,570.0,,,570.0,570.0,265.0,558.421052631579,1.0207351555136663,315.2375,231.56548795,201.692128575,84995.0,1.0,82460.5,2.0,83305.33333333333,3.0,,,,,,,1.5184495424062003
2023,Костанайская область,Ячмень,Лисаковск г.а.,94.0,13.0,500.0,stat_gov_kz_real,Лисаковск,Barley,0,1,0,1,0,52.5459,62.4892,16.4598,141.6973,840.5041,2417.1011,61.1991,19.5461,20.9712,501.5555,0.3082,0.3168,0.3107,0.313,0.3059,29.6074,19.731,2106.4604,108.584,-12.8177,0.1686,0.1171,-698.8068,0.0,1.252,1.39,20.067,18.0,32.617,32.5,3.007,2.43,7.333,7.7,41.5,40.7,25.85,26.8,34.317,32.7,340.43,257.74181354863634,,252.65528515370417,1065.1408333333334,1006.6991666666668,1118.5016666666668,886.4533333333334,550.0483333333333,358.0016666666667,98.9,96.1,93.6,90.9,202.9311125080399,210.8814210480249,227.35667942069057,239.28356572010304,1050.0,570.0,,810.0,810.0,94.0,1342.5,0.7821229050279329,429.9716666666666,315.2375,231.56548795,49107.0,1.0,49107.0,1.0,58035.66666666666,3.0,84995.0,1.0,82460.5,2.0,,,
2022,Костанайская область,Кукуруза,Мендыкаринский,2456.0,1876.8,764.2,stat_gov_kz_real,Мендыкаринский,Maize,0,0,1,0,0,53.9331,64.1542,15.5358,204.2356,1317.4182,3300.0223,155.6375,17.1217,19.4963,770.1426,0.3651,0.341,0.3417,0.3064,0.2812,37.4958,49.4781,1935.1086,141.6882,-10.4174,0.155,0.2039,-1113.1827,0.0,1.187,1.39,39.1,37.2,32.717,31.9,4.745,3.61,7.017,7.2,33.133,33.3,34.133,34.8,49.033,37.2,429.9716666666666,381.91843016614285,,318.80665693333333,1756.7299999999998,1650.8083333333334,1666.7975,1275.9916666666666,772.1583333333333,700.015,117.2,119.8,120.3,119.5,205.1881825157127,219.4395640458116,242.9024352785156,263.238246116725,1689.9999999999998,1440.0,,1565.0,1565.0,2349.0,1640.0,1.0304878048780486,315.2375,231.56548795,201.692128575,,,,,,,,,,,,,1.5184495424062003
2023,Костанайская область,Кукуруза,Мендыкаринский,902.0,600.0,640.0,stat_gov_kz_real,Мендыкаринский,Maize,0,0,0,0,0,53.9331,64.1542,16.153,132.8703,920.8459,2442.8671,66.8404,19.4475,20.5407,526.5953,0.275,0.2916,0.2994,0.3083,0.3028,33.9212,25.2082,2050.7265,85.9496,-12.2281,0.1443,0.115,-787.9757,0.0,1.187,1.39,39.1,37.2,32.717,31.9,4.745,3.61,7.017,7.2,33.133,33.3,34.133,34.8,49.033,37.2,340.43,257.74181354863634,,252.65528515370417,1065.1408333333334,1006.6991666666668,1118.5016666666668,886.4533333333334,550.0483333333333,358.0016666666667,98.9,96.1,93.6,90.9,202.9311125080399,210.8814210480249,227.35667942069057,239.28356572010304,764.2,1689.9999999999998,1440.0,1298.0666666666666,1298.0666666666666,2456.0,1681.775,0.4544008562382007,429.9716666666666,315.2375,231.56548795,,,,,,,,,,,,,
2022,Костанайская область,Подсолнечник,Мендыкаринский,15000.0,15080.000000000002,1010.0,stat_gov_kz_real,Мендыкаринский,Sunflower seed,0,0,0,0,0,53.9331,64.1542,15.5358,204.2356,1317.4182,3300.0223,155.6375,17.1217,19.4963,770.1426,0.3651,0.341,0.3417,0.3064,0.2812,37.4958,49.4781,1935.1086,141.6882,-10.4174,0.155,0.2039,-1113.1827,0.0,1.187,1.39,39.1,37.2,32.717,31.9,4.745,3.61,7.017,7.2,33.133,33.3,34.133,34.8,49.033,37.2,429.9716666666666,381.91843016614285,,318.80665693333333,1756.7299999999998,1650.8083333333334,1666.7975,1275.9916666666666,772.1583333333333,700.015,117.2,119.8,120.3,119.5,205.1881825157127,219.4395640458116,242.9024352785156,263.238246116725,920.0,660.0,740.63,773.5433333333334,740.9280000000001,10100.0,722.1428571428571,1.2739861523244314,315.2375,231.56548795,201.692128575,,,161437.0,2.0,161437.0,2.0,,,,,,,1.5184495424062003
2023,Костанайская область,Подсолнечник,Мендыкаринский,19506.4,25367.68,1300.0,stat_gov_kz_real,Мендыкаринский,Sunflower seed,0,0,0,0,0,53.9331,64.1542,16.153,132.8703,920.8459,2442.8671,66.8404,19.4475,20.5407,526.5953,0.275,0.2916,0.2994,0.3083,0.3028,33.9212,25.2082,2050.7265,85.9496,-12.2281,0.1443,0.115,-787.9757,0.0,1.187,1.39,39.1,37.2,32.717,31.9,4.745,3.61,7.017,7.2,33.133,33.3,34.133,34.8,49.033,37.2,340.43,257.74181354863634,,252.65528515370417,1065.1408333333334,1006.6991666666668,1118.5016666666668,886.4533333333334,550.0483333333333,358.0016666666667,98.9,96.1,93.6,90.9,202.9311125080399,210.8814210480249,227.35667942069057,239.28356572010304,1010.0,920.0,660.0,863.3333333333334,814.9280000000001,15000.0,1036.4285714285713,0.9745003445899381,429.9716666666666,315.2375,231.56548795,,,,,169268.33333333334,3.0,,,161437.0,2.0,,,
2024,Костанайская область,Подсолнечник,Мендыкаринский,20937.4,31383.25,1500.0,stat_gov_kz_real,Мендыкаринский,Sunflower seed,0,0,0,0,0,53.9331,64.1542,14.6492,363.801,1161.5467,3180.4798,262.9776,16.851,19.2814,663.5381,0.4017,0.3939,0.3586,0.398,0.3943,94.9811,110.5608,1768.4732,138.1472,-13.6734,0.3132,0.3759,-797.7458,0.0,1.187,1.39,39.1,37.2,32.717,31.9,4.745,3.61,7.017,7.2,33.133,33.3,34.133,34.8,49.033,37.2,268.67333333333335,230.878850445,,190.60477617365,1089.3890968508615,1059.975,1021.9542980012442,963.3648258333332,563.665,338.26916666666665,98.1,96.4,96.8,92.5,199.07542137038712,203.289689890296,220.0812656792285,221.3372982910953,1300.0,1010.0,920.0,1076.6666666666667,926.126,19506.4,1050.7142857142858,1.2372535690006798,340.43,429.9716666666666,315.2375,,,142873.5,2.0,119686.125,8.0,,,,,,,2.0334101874386237
2025,Костанайская область,Подсолнечник,Мендыкаринский,27781.5,48095.27,1730.0,stat_gov_kz_real,Мендыкаринский,Sunflower seed,0,0,0,0,0,53.9331,64.1542,15.9591,324.21,1268.2048,3174.6918,216.8676,18.2174,19.3197,686.3985,0.4042,0.4088,0.3414,0.3452,0.3228,63.6555,65.7473,2010.555,140.6444,-8.2478,0.2556,0.3035,-943.9948,0.0,1.187,1.39,39.1,37.2,32.717,31.9,4.745,3.61,7.017,7.2,33.133,33.3,34.133,34.8,49.033,37.2,243.3325,219.61538460375,,203.19753726864084,1226.4814225569482,1262.8893305316649,1139.8729249670616,1006.980403811544,685.2199999999999,422.655,99.9,101.1,95.5,114.4,198.87634594901675,205.52587647908928,210.1776087236632,253.20986924501307,1500.0,1300.0,1010.0,1270.0,1078.0,20937.4,1380.0,1.0869565217391304,268.67333333333335,340.43,429.9716666666666,,,166451.5,2.0,154674.5,6.0,,,142873.5,2.0,,0.16502710439654655,2.14084153799654
2022,Костанайская область,Пшеница,Мендыкаринский,201200.0,291230.0,1470.0,stat_gov_kz_real,Мендыкаринский,Wheat,0,0,0,0,0,53.9331,64.1542,15.5358,204.2356,1317.4182,3300.0223,155.6375,17.1217,19.4963,770.1426,0.3651,0.341,0.3417,0.3064,0.2812,37.4958,49.4781,1935.1086,141.6882,-10.4174,0.155,0.2039,-1113.1827,0.0,1.187,1.39,39.1,37.2,32.717,31.9,4.745,3.61,7.017,7.2,33.133,33.3,34.133,34.8,49.033,37.2,429.9716666666666,381.91843016614285,,318.80665693333333,1756.7299999999998,1650.8083333333334,1666.7975,1275.9916666666666,772.1583333333333,700.015,117.2,119.8,120.3,119.5,205.1881825157127,219.4395640458116,242.9024352785156,263.238246116725,1120.0,1310.0,1186.44,1205.48,1284.634,204800.0,673.3333333333334,1.6633663366336633,315.2375,231.56548795,201.692128575,107152.0,1.0,106317.0,2.0,106595.33333333331,3.0,,,,,,,1.5184495424062003
2023,Костанайская область,Пшеница,Мендыкаринский,197765.8,226995.56,1180.0,stat_gov_kz_real,Мендыкаринский,Wheat,0,0,0,0,0,53.9331,64.1542,16.153,132.8703,920.8459,2442.8671,66.8404,19.4475,20.5407,526.5953,0.275,0.2916,0.2994,0.3083,0.3028,33.9212,25.2082,2050.7265,85.9496,-12.2281,0.1443,0.115,-787.9757,0.0,1.187,1.39,39.1,37.2,32.717,31.9,4.745,3.61,7.017,7.2,33.133,33.3,34.133,34.8,49.033,37.2,340.43,257.74181354863634,,252.65528515370417,1065.1408333333334,1006.6991666666668,1118.5016666666668,886.4533333333334,550.0483333333333,358.0016666666667,98.9,96.1,93.6,90.9,202.9311125080399,210.8814210480249,227.35667942069057,239.28356572010304,1470.0,1120.0,1310.0,1300.0,1298.634,201200.0,1281.578947368421,1.1470225872689939,429.9716666666666,315.2375,231.56548795,76415.66666666667,3.0,100887.5,2.0,89104.5,12.0,107152.0,1.0,106317.0,2.0,,-0.05106897297704038,
2024,Костанайская область,Пшеница,Мендыкаринский,189968.2,320796.07,1689.9999999999998,stat_gov_kz_real,Мендыкаринский,Wheat,0,0,0,0,0,53.9331,64.1542,14.6492,363.801,1161.5467,3180.4798,262.9776,16.851,19.2814,663.5381,0.4017,0.3939,0.3586,0.398,0.3943,94.9811,110.5608,1768.4732,138.1472,-13.6734,0.3132,0.3759,-797.7458,0.0,1.187,1.39,39.1,37.2,32.717,31.9,4.745,3.61,7.017,7.2,33.133,33.3,34.133,34.8,49.033,37.2,268.67333333333335,230.878850445,,190.60477617365,1089.3890968508615,1059.975,1021.9542980012442,963.3648258333332,563.665,338.26916666666665,98.1,96.4,96.8,92.5,199.07542137038712,203.289689890296,220.0812656792285,221.3372982910953,1180.0,1470.0,1120.0,1256.6666666666667,1253.288,197765.8,1027.3684210526317,1.1485655737704916,340.43,429.9716666666666,315.2375,78894.33333333333,3.0,70263.0,2.0,90459.0,12.0,76415.66666666667,3.0,100887.5,2.0,0.03243662948697246,-0.30355098500805355,2.0334101874386237
2025,Костанайская область,Пшеница,Мендыкаринский,182982.7,389546.0500000001,2130.0,stat_gov_kz_real,Мендыкаринский,Wheat,0,0,0,0,0,53.9331,64.1542,15.9591,324.21,1268.2048,3174.6918,216.8676,18.2174,19.3197,686.3985,0.4042,0.4088,0.3414,0.3452,0.3228,63.6555,65.7473,2010.555,140.6444,-8.2478,0.2556,0.3035,-943.9948,0.0,1.187,1.39,39.1,37.2,32.717,31.9,4.745,3.61,7.017,7.2,33.133,33.3,34.133,34.8,49.033,37.2,243.3325,219.61538460375,,203.19753726864084,1226.4814225569482,1262.8893305316649,1139.8729249670616,1006.980403811544,685.2199999999999,422.655,99.9,101.1,95.5,114.4,198.87634594901675,205.52587647908928,210.1776087236632,253.20986924501307,1689.9999999999998,1180.0,1470.0,1446.6666666666667,1354.0,189968.2,1274.2105263157894,1.3263114415530772,268.67333333333335,340.43,429.9716666666666,85951.0,3.0,77750.5,2.0,79580.66666666667,12.0,78894.33333333333,3.0,70263.0,2.0,0.08944453129291086,0.10656390988144548,2.14084153799654
2022,Костанайская область,Ячмень,Мендыкаринский,18671.34,24505.8,1310.0,stat_gov_kz_real,Мендыкаринский,Barley,0,0,0,0,0,53.9331,64.1542,15.5358,204.2356,1317.4182,3300.0223,155.6375,17.1217,19.4963,770.1426,0.3651,0.341,0.3417,0.3064,0.2812,37.4958,49.4781,1935.1086,141.6882,-10.4174,0.155,0.2039,-1113.1827,0.0,1.187,1.39,39.1,37.2,32.717,31.9,4.745,3.61,7.017,7.2,33.133,33.3,34.133,34.8,49.033,37.2,429.9716666666666,381.91843016614285,,318.80665693333333,1756.7299999999998,1650.8083333333334,1666.7975,1275.9916666666666,772.1583333333333,700.015,117.2,119.8,120.3,119.5,205.1881825157127,219.4395640458116,242.9024352785156,263.238246116725,780.0,879.12,1041.28,900.1333333333332,1092.084,17117.5,558.421052631579,1.3967954759660697,315.2375,231.56548795,201.692128575,84995.0,1.0,82460.5,2.0,83305.33333333333,3.0,,,,,,,1.5184495424062003
2023,Костанайская область,Ячмень,Мендыкаринский,26596.4,24483.41,930.0,stat_gov_kz_real,Мендыкаринский,Barley,0,0,0,0,0,53.9331,64.1542,16.153,132.8703,920.8459,2442.8671,66.8404,19.4475,20.5407,526.5953,0.275,0.2916,0.2994,0.3083,0.3028,33.9212,25.2082,2050.7265,85.9496,-12.2281,0.1443,0.115,-787.9757,0.0,1.187,1.39,39.1,37.2,32.717,31.9,4.745,3.61,7.017,7.2,33.133,33.3,34.133,34.8,49.033,37.2,340.43,257.74181354863634,,252.65528515370417,1065.1408333333334,1006.6991666666668,1118.5016666666668,886.4533333333334,550.0483333333333,358.0016666666667,98.9,96.1,93.6,90.9,202.9311125080399,210.8814210480249,227.35667942069057,239.28356572010304,1310.0,780.0,879.12,989.7066666666666,1066.034,18671.34,1342.5,0.9757914338919925,429.9716666666666,315.2375,231.56548795,49107.0,1.0,49107.0,1.0,58035.66666666666,3.0,84995.0,1.0,82460.5,2.0,,,
2024,Костанайская область,Ячмень,Мендыкаринский,19407.2,25161.58,1300.0,stat_gov_kz_real,Мендыкаринский,Barley,0,0,0,0,0,53.9331,64.1542,14.6492,363.801,1161.5467,3180.4798,262.9776,16.851,19.2814,663.5381,0.4017,0.3939,0.3586,0.398,0.3943,94.9811,110.5608,1768.4732,138.1472,-13.6734,0.3132,0.3759,-797.7458,0.0,1.187,1.39,39.1,37.2,32.717,31.9,4.745,3.61,7.017,7.2,33.133,33.3,34.133,34.8,49.033,37.2,268.67333333333335,230.878850445,,190.60477617365,1089.3890968508615,1059.975,1021.9542980012442,963.3648258333332,563.665,338.26916666666665,98.1,96.4,96.8,92.5,199.07542137038712,203.289689890296,220.0812656792285,221.3372982910953,930.0,1310.0,780.0,1006.6666666666666,988.0799999999999,26596.4,1081.578947368421,0.8598540145985402,340.43,429.9716666666666,315.2375,45220.0,1.0,43750.0,2.0,44240.0,3.0,49107.0,1.0,49107.0,1.0,,,2.0334101874386237
2025,Костанайская область,Ячмень,Мендыкаринский,15557.6,27450.540000000005,1760.0000000000002,stat_gov_kz_real,Мендыкаринский,Barley,0,0,0,0,0,53.9331,64.1542,15.9591,324.21,1268.2048,3174.6918,216.8676,18.2174,19.3197,686.3985,0.4042,0.4088,0.3414,0.3452,0.3228,63.6555,65.7473,2010.555,140.6444,-8.2478,0.2556,0.3035,-943.9948,0.0,1.187,1.39,39.1,37.2,32.717,31.9,4.745,3.61,7.017,7.2,33.133,33.3,34.133,34.8,49.033,37.2,243.3325,219.61538460375,,203.19753726864084,1226.4814225569482,1262.8893305316649,1139.8729249670616,1006.980403811544,685.2199999999999,422.655,99.9,101.1,95.5,114.4,198.87634594901675,205.52587647908928,210.1776087236632,253.20986924501307,1300.0,930.0,1310.0,1180.0,1039.824,19407.2,1527.0588235294117,0.8513097072419107,268.67333333333335,340.43,429.9716666666666,70394.0,2.0,,,65418.4,5.0,45220.0,1.0,43750.0,2.0,,,2.14084153799654
2022,Костанайская область,Кукуруза,Наурзумский,,,900.0,stat_gov_kz_real,Наурзумский,Maize,0,0,0,0,0,51.2759,64.2406,17.6318,92.6321,1258.0129,3508.5594,69.016,19.7114,22.0439,796.744,0.2161,0.2255,0.1651,0.1653,0.1577,16.4467,27.0122,2318.9953,194.1515,-10.8319,0.0736,0.0902,-1165.3809,0.0,1.292,1.41,25.1,25.9,28.1,28.8,3.795,3.52,7.583,7.8,40.833,39.3,31.067,31.9,42.217,40.0,429.9716666666666,381.91843016614285,,318.80665693333333,1756.7299999999998,1650.8083333333334,1666.7975,1275.9916666666666,772.1583333333333,700.015,117.2,119.8,120.3,119.5,205.1881825157127,219.4395640458116,242.9024352785156,263.238246116725,,,,,,,1640.0,,315.2375,231.56548795,201.692128575,,,,,,,,,,,,,1.5184495424062003
2023,Костанайская область,Подсолнечник,Наурзумский,2034.0,1607.2,790.0,stat_gov_kz_real,Наурзумский,Sunflower seed,0,0,0,0,0,51.2759,64.2406,17.6186,131.0897,801.6481,2548.8288,51.9084,21.0902,22.7294,500.1295,0.2035,0.224,0.164,0.1976,0.1768,12.9187,29.8431,2319.5004,106.5369,-13.7849,0.1635,0.1031,-670.5584,0.0,1.292,1.41,25.1,25.9,28.1,28.8,3.795,3.52,7.583,7.8,40.833,39.3,31.067,31.9,42.217,40.0,340.43,257.74181354863634,,252.65528515370417,1065.1408333333334,1006.6991666666668,1118.5016666666668,886.4533333333334,550.0483333333333,358.0016666666667,98.9,96.1,93.6,90.9,202.9311125080399,210.8814210480249,227.35667942069057,239.28356572010304,,,,,,,1036.4285714285713,,429.9716666666666,315.2375,231.56548795,,,,,169268.33333333334,3.0,,,161437.0,2.0,,,
2024,Костанайская область,Подсолнечник,Наурзумский,449.0,208.00000000000003,460.0,stat_gov_kz_real,Наурзумский,Sunflower seed,0,0,0,0,0,51.2759,64.2406,16.6004,211.2207,1180.13,3506.1536,143.8238,19.023,21.5248,718.0337,0.2961,0.2963,0.2186,0.2319,0.2031,38.9687,53.9732,2127.0922,164.9914,-12.9701,0.179,0.2068,-968.9094,0.0,1.292,1.41,25.1,25.9,28.1,28.8,3.795,3.52,7.583,7.8,40.833,39.3,31.067,31.9,42.217,40.0,268.67333333333335,230.878850445,,190.60477617365,1089.3890968508615,1059.975,1021.9542980012442,963.3648258333332,563.665,338.26916666666665,98.1,96.4,96.8,92.5,199.07542137038712,203.289689890296,220.0812656792285,221.3372982910953,790.0,,,790.0,790.0,2034.0,1050.7142857142858,0.7518694765465669,340.43,429.9716666666666,315.2375,,,142873.5,2.0,119686.125,8.0,,,,,,,2.0334101874386237
2025,Костанайская область,Подсолнечник,Наурзумский,950.0,710.0,1000.0,stat_gov_kz_real,Наурзумский,Sunflower seed,0,0,0,0,0,51.2759,64.2406,18.5444,171.2763,1323.398,3493.0235,103.2991,21.1295,22.0184,743.9623,0.1917,0.2044,0.1976,0.1748,0.1728,53.179,27.508,2485.0264,158.3713,-8.2349,0.1294,0.1364,-1152.1217,0.0,1.292,1.41,25.1,25.9,28.1,28.8,3.795,3.52,7.583,7.8,40.833,39.3,31.067,31.9,42.217,40.0,243.3325,219.61538460375,,203.19753726864084,1226.4814225569482,1262.8893305316649,1139.8729249670616,1006.980403811544,685.2199999999999,422.655,99.9,101.1,95.5,114.4,198.87634594901675,205.52587647908928,210.1776087236632,253.20986924501307,460.0,790.0,,625.0,625.0,449.0,1380.0,0.3333333333333333,268.67333333333335,340.43,429.9716666666666,,,166451.5,2.0,154674.5,6.0,,,142873.5,2.0,,0.16502710439654655,2.14084153799654
2022,Костанайская область,Пшеница,Наурзумский,212500.0,205110.0,970.0,stat_gov_kz_real,Наурзумский,Wheat,0,0,0,0,0,51.2759,64.2406,17.6318,92.6321,1258.0129,3508.5594,69.016,19.7114,22.0439,796.744,0.2161,0.2255,0.1651,0.1653,0.1577,16.4467,27.0122,2318.9953,194.1515,-10.8319,0.0736,0.0902,-1165.3809,0.0,1.292,1.41,25.1,25.9,28.1,28.8,3.795,3.52,7.583,7.8,40.833,39.3,31.067,31.9,42.217,40.0,429.9716666666666,381.91843016614285,,318.80665693333333,1756.7299999999998,1650.8083333333334,1666.7975,1275.9916666666666,772.1583333333333,700.015,117.2,119.8,120.3,119.5,205.1881825157127,219.4395640458116,242.9024352785156,263.238246116725,350.0,800.0,289.54,479.84666666666664,607.22,221300.0,673.3333333333334,0.5198019801980198,315.2375,231.56548795,201.692128575,107152.0,1.0,106317.0,2.0,106595.33333333331,3.0,,,,,,,1.5184495424062003
2023,Костанайская область,Пшеница,Наурзумский,231717.0,164389.6,710.0,stat_gov_kz_real,Наурзумский,Wheat,0,0,0,0,0,51.2759,64.2406,17.6186,131.0897,801.6481,2548.8288,51.9084,21.0902,22.7294,500.1295,0.2035,0.224,0.164,0.1976,0.1768,12.9187,29.8431,2319.5004,106.5369,-13.7849,0.1635,0.1031,-670.5584,0.0,1.292,1.41,25.1,25.9,28.1,28.8,3.795,3.52,7.583,7.8,40.833,39.3,31.067,31.9,42.217,40.0,340.43,257.74181354863634,,252.65528515370417,1065.1408333333334,1006.6991666666668,1118.5016666666668,886.4533333333334,550.0483333333333,358.0016666666667,98.9,96.1,93.6,90.9,202.9311125080399,210.8814210480249,227.35667942069057,239.28356572010304,970.0,350.0,800.0,706.6666666666666,631.22,212500.0,1281.578947368421,0.7568788501026694,429.9716666666666,315.2375,231.56548795,76415.66666666667,3.0,100887.5,2.0,89104.5,12.0,107152.0,1.0,106317.0,2.0,,-0.05106897297704038,
2024,Костанайская область,Пшеница,Наурзумский,217520.0,183254.62,840.0,stat_gov_kz_real,Наурзумский,Wheat,0,0,0,0,0,51.2759,64.2406,16.6004,211.2207,1180.13,3506.1536,143.8238,19.023,21.5248,718.0337,0.2961,0.2963,0.2186,0.2319,0.2031,38.9687,53.9732,2127.0922,164.9914,-12.9701,0.179,0.2068,-968.9094,0.0,1.292,1.41,25.1,25.9,28.1,28.8,3.795,3.52,7.583,7.8,40.833,39.3,31.067,31.9,42.217,40.0,268.67333333333335,230.878850445,,190.60477617365,1089.3890968508615,1059.975,1021.9542980012442,963.3648258333332,563.665,338.26916666666665,98.1,96.4,96.8,92.5,199.07542137038712,203.289689890296,220.0812656792285,221.3372982910953,710.0,970.0,350.0,676.6666666666666,623.908,231717.0,1027.3684210526317,0.6910860655737704,340.43,429.9716666666666,315.2375,78894.33333333333,3.0,70263.0,2.0,90459.0,12.0,76415.66666666667,3.0,100887.5,2.0,0.03243662948697246,-0.30355098500805355,2.0334101874386237
2025,Костанайская область,Пшеница,Наурзумский,209840.0,185398.7,910.0,stat_gov_kz_real,Наурзумский,Wheat,0,0,0,0,0,51.2759,64.2406,18.5444,171.2763,1323.398,3493.0235,103.2991,21.1295,22.0184,743.9623,0.1917,0.2044,0.1976,0.1748,0.1728,53.179,27.508,2485.0264,158.3713,-8.2349,0.1294,0.1364,-1152.1217,0.0,1.292,1.41,25.1,25.9,28.1,28.8,3.795,3.52,7.583,7.8,40.833,39.3,31.067,31.9,42.217,40.0,243.3325,219.61538460375,,203.19753726864084,1226.4814225569482,1262.8893305316649,1139.8729249670616,1006.980403811544,685.2199999999999,422.655,99.9,101.1,95.5,114.4,198.87634594901675,205.52587647908928,210.1776087236632,253.20986924501307,840.0,710.0,970.0,840.0,734.0,217520.0,1274.2105263157894,0.6592317224287485,268.67333333333335,340.43,429.9716666666666,85951.0,3.0,77750.5,2.0,79580.66666666667,12.0,78894.33333333333,3.0,70263.0,2.0,0.08944453129291086,0.10656390988144548,2.14084153799654
2022,Костанайская область,Ячмень,Наурзумский,8041.0,9412.4,1170.0,stat_gov_kz_real,Наурзумский,Barley,0,0,0,0,0,51.2759,64.2406,17.6318,92.6321,1258.0129,3508.5594,69.016,19.7114,22.0439,796.744,0.2161,0.2255,0.1651,0.1653,0.1577,16.4467,27.0122,2318.9953,194.1515,-10.8319,0.0736,0.0902,-1165.3809,0.0,1.292,1.41,25.1,25.9,28.1,28.8,3.795,3.52,7.583,7.8,40.833,39.3,31.067,31.9,42.217,40.0,429.9716666666666,381.91843016614285,,318.80665693333333,1756.7299999999998,1650.8083333333334,1666.7975,1275.9916666666666,772.1583333333333,700.015,117.2,119.8,120.3,119.5,205.1881825157127,219.4395640458116,242.9024352785156,263.238246116725,310.0,996.04,443.13,583.0566666666667,763.656,10267.0,558.421052631579,0.5551366635249764,315.2375,231.56548795,201.692128575,84995.0,1.0,82460.5,2.0,83305.33333333333,3.0,,,,,,,1.5184495424062003
2023,Костанайская область,Ячмень,Наурзумский,12499.0,9544.9,760.0,stat_gov_kz_real,Наурзумский,Barley,0,0,0,0,0,51.2759,64.2406,17.6186,131.0897,801.6481,2548.8288,51.9084,21.0902,22.7294,500.1295,0.2035,0.224,0.164,0.1976,0.1768,12.9187,29.8431,2319.5004,106.5369,-13.7849,0.1635,0.1031,-670.5584,0.0,1.292,1.41,25.1,25.9,28.1,28.8,3.795,3.52,7.583,7.8,40.833,39.3,31.067,31.9,42.217,40.0,340.43,257.74181354863634,,252.65528515370417,1065.1408333333334,1006.6991666666668,1118.5016666666668,886.4533333333334,550.0483333333333,358.0016666666667,98.9,96.1,93.6,90.9,202.9311125080399,210.8814210480249,227.35667942069057,239.28356572010304,1170.0,310.0,996.04,825.3466666666667,805.9399999999999,8041.0,1342.5,0.8715083798882681,429.9716666666666,315.2375,231.56548795,49107.0,1.0,49107.0,1.0,58035.66666666666,3.0,84995.0,1.0,82460.5,2.0,,,
2024,Костанайская область,Ячмень,Наурзумский,12351.0,17190.100000000002,1440.0,stat_gov_kz_real,Наурзумский,Barley,0,0,0,0,0,51.2759,64.2406,16.6004,211.2207,1180.13,3506.1536,143.8238,19.023,21.5248,718.0337,0.2961,0.2963,0.2186,0.2319,0.2031,38.9687,53.9732,2127.0922,164.9914,-12.9701,0.179,0.2068,-968.9094,0.0,1.292,1.41,25.1,25.9,28.1,28.8,3.795,3.52,7.583,7.8,40.833,39.3,31.067,31.9,42.217,40.0,268.67333333333335,230.878850445,,190.60477617365,1089.3890968508615,1059.975,1021.9542980012442,963.3648258333332,563.665,338.26916666666665,98.1,96.4,96.8,92.5,199.07542137038712,203.289689890296,220.0812656792285,221.3372982910953,760.0,1170.0,310.0,746.6666666666666,735.8340000000001,12499.0,1081.578947368421,0.702676399026764,340.43,429.9716666666666,315.2375,45220.0,1.0,43750.0,2.0,44240.0,3.0,49107.0,1.0,49107.0,1.0,,,2.0334101874386237
2025,Костанайская область,Ячмень,Наурзумский,19400.0,17542.4,950.0,stat_gov_kz_real,Наурзумский,Barley,0,0,0,0,0,51.2759,64.2406,18.5444,171.2763,1323.398,3493.0235,103.2991,21.1295,22.0184,743.9623,0.1917,0.2044,0.1976,0.1748,0.1728,53.179,27.508,2485.0264,158.3713,-8.2349,0.1294,0.1364,-1152.1217,0.0,1.292,1.41,25.1,25.9,28.1,28.8,3.795,3.52,7.583,7.8,40.833,39.3,31.067,31.9,42.217,40.0,243.3325,219.61538460375,,203.19753726864084,1226.4814225569482,1262.8893305316649,1139.8729249670616,1006.980403811544,685.2199999999999,422.655,99.9,101.1,95.5,114.4,198.87634594901675,205.52587647908928,210.1776087236632,253.20986924501307,1440.0,760.0,1170.0,1123.3333333333333,935.208,12351.0,1527.0588235294117,0.9429892141756548,268.67333333333335,340.43,429.9716666666666,70394.0,2.0,,,65418.4,5.0,45220.0,1.0,43750.0,2.0,,,2.14084153799654
2022,Костанайская область,Ячмень,Рудный г.а.,50.0,41.2,819.9999999999999,stat_gov_kz_real,Рудный,Barley,0,1,0,0,0,52.9645,63.1335,16.4611,145.8625,1326.9734,3349.859,111.5506,18.0798,20.6261,808.429,0.3416,0.3237,0.3201,0.2745,0.2798,29.7387,29.2388,2104.5157,142.564,-10.0504,0.1099,0.1427,-1181.1109,0.0,1.27,1.39,33.417,32.5,32.583,31.9,2.757,2.44,7.217,7.6,36.2,37.0,31.217,31.1,43.15,31.8,429.9716666666666,381.91843016614285,,318.80665693333333,1756.7299999999998,1650.8083333333334,1666.7975,1275.9916666666666,772.1583333333333,700.015,117.2,119.8,120.3,119.5,205.1881825157127,219.4395640458116,242.9024352785156,263.238246116725,,,500.0,500.0,916.665,,558.421052631579,,315.2375,231.56548795,201.692128575,84995.0,1.0,82460.5,2.0,83305.33333333333,3.0,,,,,,,1.5184495424062003
2022,Костанайская область,Кукуруза,Сарыкольский,2911.0,2642.7000000000003,910.0,stat_gov_kz_real,Сарыкольский,Maize,0,0,0,0,0,53.5094,65.5674,15.8953,153.534,1401.0537,3326.3925,115.3465,17.6929,19.8172,816.3145,0.3551,0.3293,0.3176,0.3056,0.2849,29.5999,38.4875,2000.6118,139.5633,-10.3867,0.1096,0.14,-1247.5197,0.0,1.218,1.35,42.317,38.6,33.367,33.6,3.46,3.12,6.7,7.0,28.317,28.1,38.383,38.3,57.117,25.6,429.9716666666666,381.91843016614285,,318.80665693333333,1756.7299999999998,1650.8083333333334,1666.7975,1275.9916666666666,772.1583333333333,700.015,117.2,119.8,120.3,119.5,205.1881825157127,219.4395640458116,242.9024352785156,263.238246116725,,,,,,,1640.0,,315.2375,231.56548795,201.692128575,,,,,,,,,,,,,1.5184495424062003
2023,Костанайская область,Кукуруза,Сарыкольский,199.0,200.0,990.0,stat_gov_kz_real,Сарыкольский,Maize,0,0,0,0,0,53.5094,65.5674,15.9892,144.2954,911.6227,2478.8627,82.4157,19.322,20.547,527.0663,0.3166,0.3323,0.3281,0.3243,0.3282,42.5808,24.6469,2020.8041,109.615,-12.6216,0.1583,0.1437,-767.3273,0.0,1.218,1.35,42.317,38.6,33.367,33.6,3.46,3.12,6.7,7.0,28.317,28.1,38.383,38.3,57.117,25.6,340.43,257.74181354863634,,252.65528515370417,1065.1408333333334,1006.6991666666668,1118.5016666666668,886.4533333333334,550.0483333333333,358.0016666666667,98.9,96.1,93.6,90.9,202.9311125080399,210.8814210480249,227.35667942069057,239.28356572010304,910.0,,,910.0,910.0,2911.0,1681.775,0.5410949740601447,429.9716666666666,315.2375,231.56548795,,,,,,,,,,,,,
2022,Костанайская область,Подсолнечник,Сарыкольский,10700.0,12930.000000000002,1210.0,stat_gov_kz_real,Сарыкольский,Sunflower seed,0,0,0,0,0,53.5094,65.5674,15.8953,153.534,1401.0537,3326.3925,115.3465,17.6929,19.8172,816.3145,0.3551,0.3293,0.3176,0.3056,0.2849,29.5999,38.4875,2000.6118,139.5633,-10.3867,0.1096,0.14,-1247.5197,0.0,1.218,1.35,42.317,38.6,33.367,33.6,3.46,3.12,6.7,7.0,28.317,28.1,38.383,38.3,57.117,25.6,429.9716666666666,381.91843016614285,,318.80665693333333,1756.7299999999998,1650.8083333333334,1666.7975,1275.9916666666666,772.1583333333333,700.015,117.2,119.8,120.3,119.5,205.1881825157127,219.4395640458116,242.9024352785156,263.238246116725,980.0,1630.0,880.9100000000001,1163.6366666666665,1081.932,6300.0,722.1428571428571,1.3570722057368942,315.2375,231.56548795,201.692128575,,,161437.0,2.0,161437.0,2.0,,,,,,,1.5184495424062003
2023,Костанайская область,Подсолнечник,Сарыкольский,10420.0,12067.44,1200.0,stat_gov_kz_real,Сарыкольский,Sunflower seed,0,0,0,0,0,53.5094,65.5674,15.9892,144.2954,911.6227,2478.8627,82.4157,19.322,20.547,527.0663,0.3166,0.3323,0.3281,0.3243,0.3282,42.5808,24.6469,2020.8041,109.615,-12.6216,0.1583,0.1437,-767.3273,0.0,1.218,1.35,42.317,38.6,33.367,33.6,3.46,3.12,6.7,7.0,28.317,28.1,38.383,38.3,57.117,25.6,340.43,257.74181354863634,,252.65528515370417,1065.1408333333334,1006.6991666666668,1118.5016666666668,886.4533333333334,550.0483333333333,358.0016666666667,98.9,96.1,93.6,90.9,202.9311125080399,210.8814210480249,227.35667942069057,239.28356572010304,1210.0,980.0,1630.0,1273.3333333333333,1163.932,10700.0,1036.4285714285713,1.1674707098552723,429.9716666666666,315.2375,231.56548795,,,,,169268.33333333334,3.0,,,161437.0,2.0,,,
2024,Костанайская область,Подсолнечник,Сарыкольский,12303.0,16909.529999999995,1370.0,stat_gov_kz_real,Сарыкольский,Sunflower seed,0,0,0,0,0,53.5094,65.5674,14.5464,346.1869,1159.1731,3226.523,234.0689,17.0291,19.3362,672.0385,0.4097,0.4002,0.3816,0.3962,0.3725,85.2734,90.9044,1750.5028,158.423,-13.7133,0.2986,0.3281,-812.9862,0.0,1.218,1.35,42.317,38.6,33.367,33.6,3.46,3.12,6.7,7.0,28.317,28.1,38.383,38.3,57.117,25.6,268.67333333333335,230.878850445,,190.60477617365,1089.3890968508615,1059.975,1021.9542980012442,963.3648258333332,563.665,338.26916666666665,98.1,96.4,96.8,92.5,199.07542137038712,203.289689890296,220.0812656792285,221.3372982910953,1200.0,1210.0,980.0,1130.0,1180.182,10420.0,1050.7142857142858,1.142080217539089,340.43,429.9716666666666,315.2375,,,142873.5,2.0,119686.125,8.0,,,,,,,2.0334101874386237
2025,Костанайская область,Подсолнечник,Сарыкольский,13545.0,24776.03,1830.0,stat_gov_kz_real,Сарыкольский,Sunflower seed,0,0,0,0,0,53.5094,65.5674,16.0394,323.2492,1266.5307,3190.34,230.0402,18.4131,19.3229,688.4272,0.4226,0.4253,0.3693,0.3474,0.336,63.7427,64.5617,2025.348,165.739,-8.4453,0.2552,0.3222,-943.2815,0.0,1.218,1.35,42.317,38.6,33.367,33.6,3.46,3.12,6.7,7.0,28.317,28.1,38.383,38.3,57.117,25.6,243.3325,219.61538460375,,203.19753726864084,1226.4814225569482,1262.8893305316649,1139.8729249670616,1006.980403811544,685.2199999999999,422.655,99.9,101.1,95.5,114.4,198.87634594901675,205.52587647908928,210.1776087236632,253.20986924501307,1370.0,1200.0,1210.0,1260.0,1278.0,12303.0,1380.0,0.9927536231884058,268.67333333333335,340.43,429.9716666666666,,,166451.5,2.0,154674.5,6.0,,,142873.5,2.0,,0.16502710439654655,2.14084153799654
2022,Костанайская область,Пшеница,Сарыкольский,257300.0,552740.0,2150.0,stat_gov_kz_real,Сарыкольский,Wheat,0,0,0,0,0,53.5094,65.5674,15.8953,153.534,1401.0537,3326.3925,115.3465,17.6929,19.8172,816.3145,0.3551,0.3293,0.3176,0.3056,0.2849,29.5999,38.4875,2000.6118,139.5633,-10.3867,0.1096,0.14,-1247.5197,0.0,1.218,1.35,42.317,38.6,33.367,33.6,3.46,3.12,6.7,7.0,28.317,28.1,38.383,38.3,57.117,25.6,429.9716666666666,381.91843016614285,,318.80665693333333,1756.7299999999998,1650.8083333333334,1666.7975,1275.9916666666666,772.1583333333333,700.015,117.2,119.8,120.3,119.5,205.1881825157127,219.4395640458116,242.9024352785156,263.238246116725,1210.0,1420.0,1212.06,1280.6866666666667,1302.706,266500.0,673.3333333333334,1.7970297029702968,315.2375,231.56548795,201.692128575,107152.0,1.0,106317.0,2.0,106595.33333333331,3.0,,,,,,,1.5184495424062003
2023,Костанайская область,Пшеница,Сарыкольский,259781.4,341427.26000000007,1330.0,stat_gov_kz_real,Сарыкольский,Wheat,0,0,0,0,0,53.5094,65.5674,15.9892,144.2954,911.6227,2478.8627,82.4157,19.322,20.547,527.0663,0.3166,0.3323,0.3281,0.3243,0.3282,42.5808,24.6469,2020.8041,109.615,-12.6216,0.1583,0.1437,-767.3273,0.0,1.218,1.35,42.317,38.6,33.367,33.6,3.46,3.12,6.7,7.0,28.317,28.1,38.383,38.3,57.117,25.6,340.43,257.74181354863634,,252.65528515370417,1065.1408333333334,1006.6991666666668,1118.5016666666668,886.4533333333334,550.0483333333333,358.0016666666667,98.9,96.1,93.6,90.9,202.9311125080399,210.8814210480249,227.35667942069057,239.28356572010304,2150.0,1210.0,1420.0,1593.3333333333333,1464.706,257300.0,1281.578947368421,1.677618069815195,429.9716666666666,315.2375,231.56548795,76415.66666666667,3.0,100887.5,2.0,89104.5,12.0,107152.0,1.0,106317.0,2.0,,-0.05106897297704038,
2024,Костанайская область,Пшеница,Сарыкольский,259149.0,482498.67,1860.0,stat_gov_kz_real,Сарыкольский,Wheat,0,0,0,0,0,53.5094,65.5674,14.5464,346.1869,1159.1731,3226.523,234.0689,17.0291,19.3362,672.0385,0.4097,0.4002,0.3816,0.3962,0.3725,85.2734,90.9044,1750.5028,158.423,-13.7133,0.2986,0.3281,-812.9862,0.0,1.218,1.35,42.317,38.6,33.367,33.6,3.46,3.12,6.7,7.0,28.317,28.1,38.383,38.3,57.117,25.6,268.67333333333335,230.878850445,,190.60477617365,1089.3890968508615,1059.975,1021.9542980012442,963.3648258333332,563.665,338.26916666666665,98.1,96.4,96.8,92.5,199.07542137038712,203.289689890296,220.0812656792285,221.3372982910953,1330.0,2150.0,1210.0,1563.3333333333333,1464.4119999999998,259781.4,1027.3684210526317,1.2945696721311475,340.43,429.9716666666666,315.2375,78894.33333333333,3.0,70263.0,2.0,90459.0,12.0,76415.66666666667,3.0,100887.5,2.0,0.03243662948697246,-0.30355098500805355,2.0334101874386237
2025,Костанайская область,Пшеница,Сарыкольский,220106.4,475362.0,2160.0,stat_gov_kz_real,Сарыкольский,Wheat,0,0,0,0,0,53.5094,65.5674,16.0394,323.2492,1266.5307,3190.34,230.0402,18.4131,19.3229,688.4272,0.4226,0.4253,0.3693,0.3474,0.336,63.7427,64.5617,2025.348,165.739,-8.4453,0.2552,0.3222,-943.2815,0.0,1.218,1.35,42.317,38.6,33.367,33.6,3.46,3.12,6.7,7.0,28.317,28.1,38.383,38.3,57.117,25.6,243.3325,219.61538460375,,203.19753726864084,1226.4814225569482,1262.8893305316649,1139.8729249670616,1006.980403811544,685.2199999999999,422.655,99.9,101.1,95.5,114.4,198.87634594901675,205.52587647908928,210.1776087236632,253.20986924501307,1860.0,1330.0,2150.0,1780.0,1594.0,259149.0,1274.2105263157894,1.459727385377943,268.67333333333335,340.43,429.9716666666666,85951.0,3.0,77750.5,2.0,79580.66666666667,12.0,78894.33333333333,3.0,70263.0,2.0,0.08944453129291086,0.10656390988144548,2.14084153799654
2022,Костанайская область,Ячмень,Сарыкольский,22004.1,50104.53,2280.0,stat_gov_kz_real,Сарыкольский,Barley,0,0,0,0,0,53.5094,65.5674,15.8953,153.534,1401.0537,3326.3925,115.3465,17.6929,19.8172,816.3145,0.3551,0.3293,0.3176,0.3056,0.2849,29.5999,38.4875,2000.6118,139.5633,-10.3867,0.1096,0.14,-1247.5197,0.0,1.218,1.35,42.317,38.6,33.367,33.6,3.46,3.12,6.7,7.0,28.317,28.1,38.383,38.3,57.117,25.6,429.9716666666666,381.91843016614285,,318.80665693333333,1756.7299999999998,1650.8083333333334,1666.7975,1275.9916666666666,772.1583333333333,700.015,117.2,119.8,120.3,119.5,205.1881825157127,219.4395640458116,242.9024352785156,263.238246116725,880.0000000000001,1241.91,1190.0,1103.97,1343.782,15692.9,558.421052631579,1.575871819038643,315.2375,231.56548795,201.692128575,84995.0,1.0,82460.5,2.0,83305.33333333333,3.0,,,,,,,1.5184495424062003
2023,Костанайская область,Ячмень,Сарыкольский,25239.8,38413.52,1570.0,stat_gov_kz_real,Сарыкольский,Barley,0,0,0,0,0,53.5094,65.5674,15.9892,144.2954,911.6227,2478.8627,82.4157,19.322,20.547,527.0663,0.3166,0.3323,0.3281,0.3243,0.3282,42.5808,24.6469,2020.8041,109.615,-12.6216,0.1583,0.1437,-767.3273,0.0,1.218,1.35,42.317,38.6,33.367,33.6,3.46,3.12,6.7,7.0,28.317,28.1,38.383,38.3,57.117,25.6,340.43,257.74181354863634,,252.65528515370417,1065.1408333333334,1006.6991666666668,1118.5016666666668,886.4533333333334,550.0483333333333,358.0016666666667,98.9,96.1,93.6,90.9,202.9311125080399,210.8814210480249,227.35667942069057,239.28356572010304,2280.0,880.0000000000001,1241.91,1467.3033333333333,1458.3619999999999,22004.1,1342.5,1.6983240223463687,429.9716666666666,315.2375,231.56548795,49107.0,1.0,49107.0,1.0,58035.66666666666,3.0,84995.0,1.0,82460.5,2.0,,,
2024,Костанайская область,Ячмень,Сарыкольский,21517.9,43185.69,2010.0,stat_gov_kz_real,Сарыкольский,Barley,0,0,0,0,0,53.5094,65.5674,14.5464,346.1869,1159.1731,3226.523,234.0689,17.0291,19.3362,672.0385,0.4097,0.4002,0.3816,0.3962,0.3725,85.2734,90.9044,1750.5028,158.423,-13.7133,0.2986,0.3281,-812.9862,0.0,1.218,1.35,42.317,38.6,33.367,33.6,3.46,3.12,6.7,7.0,28.317,28.1,38.383,38.3,57.117,25.6,268.67333333333335,230.878850445,,190.60477617365,1089.3890968508615,1059.975,1021.9542980012442,963.3648258333332,563.665,338.26916666666665,98.1,96.4,96.8,92.5,199.07542137038712,203.289689890296,220.0812656792285,221.3372982910953,1570.0,2280.0,880.0000000000001,1576.6666666666667,1432.382,25239.8,1081.578947368421,1.451581508515815,340.43,429.9716666666666,315.2375,45220.0,1.0,43750.0,2.0,44240.0,3.0,49107.0,1.0,49107.0,1.0,,,2.0334101874386237
2025,Костанайская область,Ячмень,Сарыкольский,21563.7,40169.63,1860.0,stat_gov_kz_real,Сарыкольский,Barley,0,0,0,0,0,53.5094,65.5674,16.0394,323.2492,1266.5307,3190.34,230.0402,18.4131,19.3229,688.4272,0.4226,0.4253,0.3693,0.3474,0.336,63.7427,64.5617,2025.348,165.739,-8.4453,0.2552,0.3222,-943.2815,0.0,1.218,1.35,42.317,38.6,33.367,33.6,3.46,3.12,6.7,7.0,28.317,28.1,38.383,38.3,57.117,25.6,243.3325,219.61538460375,,203.19753726864084,1226.4814225569482,1262.8893305316649,1139.8729249670616,1006.980403811544,685.2199999999999,422.655,99.9,101.1,95.5,114.4,198.87634594901675,205.52587647908928,210.1776087236632,253.20986924501307,2010.0,1570.0,2280.0,1953.3333333333333,1596.382,21517.9,1527.0588235294117,1.316255778120185,268.67333333333335,340.43,429.9716666666666,70394.0,2.0,,,65418.4,5.0,45220.0,1.0,43750.0,2.0,,,2.14084153799654
2022,Костанайская область,Подсолнечник,Узункольский,14400.0,17290.0,1200.0,stat_gov_kz_real,Узункольский,Sunflower seed,0,0,0,0,0,54.1597,65.6105,15.4012,210.7613,1221.5183,3270.1184,156.3221,17.214,19.3327,711.3802,0.3893,0.3691,0.3706,0.3495,0.3225,49.2492,47.8376,1910.5797,136.6671,-10.5452,0.1725,0.2166,-1010.757,0.0,1.162,1.41,43.0,40.5,28.7,29.7,3.903,2.68,6.8,7.2,36.783,35.8,34.517,34.5,40.6,22.3,429.9716666666666,381.91843016614285,,318.80665693333333,1756.7299999999998,1650.8083333333334,1666.7975,1275.9916666666666,772.1583333333333,700.015,117.2,119.8,120.3,119.5,205.1881825157127,219.4395640458116,242.9024352785156,263.238246116725,950.0,710.0,742.4699999999999,800.8233333333333,848.458,5100.0,722.1428571428571,1.3155291790306627,315.2375,231.56548795,201.692128575,,,161437.0,2.0,161437.0,2.0,,,,,,,1.5184495424062003
2023,Костанайская область,Подсолнечник,Узункольский,16000.4,19233.28,1200.0,stat_gov_kz_real,Узункольский,Sunflower seed,0,0,0,0,0,54.1597,65.6105,15.8776,136.8366,841.037,2465.5852,77.5278,19.1722,20.3961,488.0545,0.3192,0.3385,0.3303,0.3403,0.3444,37.5084,28.6449,2000.3681,96.5232,-12.1942,0.1627,0.1465,-704.2005,0.0,1.162,1.41,43.0,40.5,28.7,29.7,3.903,2.68,6.8,7.2,36.783,35.8,34.517,34.5,40.6,22.3,340.43,257.74181354863634,,252.65528515370417,1065.1408333333334,1006.6991666666668,1118.5016666666668,886.4533333333334,550.0483333333333,358.0016666666667,98.9,96.1,93.6,90.9,202.9311125080399,210.8814210480249,227.35667942069057,239.28356572010304,1200.0,950.0,710.0,953.3333333333334,880.458,14400.0,1036.4285714285713,1.1578221915920057,429.9716666666666,315.2375,231.56548795,,,,,169268.33333333334,3.0,,,161437.0,2.0,,,
2024,Костанайская область,Подсолнечник,Узункольский,10925.0,15803.72,1450.0,stat_gov_kz_real,Узункольский,Sunflower seed,0,0,0,0,0,54.1597,65.6105,14.4405,377.5659,1064.4969,3177.6998,262.3499,16.8604,19.2368,610.63,0.4248,0.4169,0.4135,0.4075,0.3994,103.8361,95.4199,1731.1125,139.8886,-13.8896,0.3547,0.4036,-686.931,0.0,1.162,1.41,43.0,40.5,28.7,29.7,3.903,2.68,6.8,7.2,36.783,35.8,34.517,34.5,40.6,22.3,268.67333333333335,230.878850445,,190.60477617365,1089.3890968508615,1059.975,1021.9542980012442,963.3648258333332,563.665,338.26916666666665,98.1,96.4,96.8,92.5,199.07542137038712,203.289689890296,220.0812656792285,221.3372982910953,1200.0,1200.0,950.0,1116.6666666666667,960.494,16000.4,1050.7142857142858,1.142080217539089,340.43,429.9716666666666,315.2375,,,142873.5,2.0,119686.125,8.0,,,,,,,2.0334101874386237
2025,Костанайская область,Подсолнечник,Узункольский,14930.0,27625.9,1850.0,stat_gov_kz_real,Узункольский,Sunflower seed,0,0,0,0,0,54.1597,65.6105,15.7835,311.593,1143.9283,3137.9938,213.9701,18.1712,19.2273,637.6182,0.44,0.4444,0.3618,0.3706,0.3636,44.4645,70.7733,1978.5109,154.3747,-8.4253,0.2724,0.3263,-832.3353,0.0,1.162,1.41,43.0,40.5,28.7,29.7,3.903,2.68,6.8,7.2,36.783,35.8,34.517,34.5,40.6,22.3,243.3325,219.61538460375,,203.19753726864084,1226.4814225569482,1262.8893305316649,1139.8729249670616,1006.980403811544,685.2199999999999,422.655,99.9,101.1,95.5,114.4,198.87634594901675,205.52587647908928,210.1776087236632,253.20986924501307,1450.0,1200.0,1200.0,1283.3333333333333,1102.0,10925.0,1380.0,1.0507246376811594,268.67333333333335,340.43,429.9716666666666,,,166451.5,2.0,154674.5,6.0,,,142873.5,2.0,,0.16502710439654655,2.14084153799654
2022,Костанайская область,Пшеница,Узункольский,194900.0,358060.0,1880.0,stat_gov_kz_real,Узункольский,Wheat,0,0,0,0,0,54.1597,65.6105,15.4012,210.7613,1221.5183,3270.1184,156.3221,17.214,19.3327,711.3802,0.3893,0.3691,0.3706,0.3495,0.3225,49.2492,47.8376,1910.5797,136.6671,-10.5452,0.1725,0.2166,-1010.757,0.0,1.162,1.41,43.0,40.5,28.7,29.7,3.903,2.68,6.8,7.2,36.783,35.8,34.517,34.5,40.6,22.3,429.9716666666666,381.91843016614285,,318.80665693333333,1756.7299999999998,1650.8083333333334,1666.7975,1275.9916666666666,772.1583333333333,700.015,117.2,119.8,120.3,119.5,205.1881825157127,219.4395640458116,242.9024352785156,263.238246116725,1180.0,1150.0,1220.51,1183.5033333333333,1240.296,205800.0,673.3333333333334,1.7524752475247525,315.2375,231.56548795,201.692128575,107152.0,1.0,106317.0,2.0,106595.33333333331,3.0,,,,,,,1.5184495424062003
2023,Костанайская область,Пшеница,Узункольский,219055.7,292688.73,1340.0,stat_gov_kz_real,Узункольский,Wheat,0,0,0,0,0,54.1597,65.6105,15.8776,136.8366,841.037,2465.5852,77.5278,19.1722,20.3961,488.0545,0.3192,0.3385,0.3303,0.3403,0.3444,37.5084,28.6449,2000.3681,96.5232,-12.1942,0.1627,0.1465,-704.2005,0.0,1.162,1.41,43.0,40.5,28.7,29.7,3.903,2.68,6.8,7.2,36.783,35.8,34.517,34.5,40.6,22.3,340.43,257.74181354863634,,252.65528515370417,1065.1408333333334,1006.6991666666668,1118.5016666666668,886.4533333333334,550.0483333333333,358.0016666666667,98.9,96.1,93.6,90.9,202.9311125080399,210.8814210480249,227.35667942069057,239.28356572010304,1880.0,1180.0,1150.0,1403.3333333333333,1374.296,194900.0,1281.578947368421,1.46694045174538,429.9716666666666,315.2375,231.56548795,76415.66666666667,3.0,100887.5,2.0,89104.5,12.0,107152.0,1.0,106317.0,2.0,,-0.05106897297704038,
2024,Костанайская область,Пшеница,Узункольский,220192.98,395716.78,1800.0,stat_gov_kz_real,Узункольский,Wheat,0,0,0,0,0,54.1597,65.6105,14.4405,377.5659,1064.4969,3177.6998,262.3499,16.8604,19.2368,610.63,0.4248,0.4169,0.4135,0.4075,0.3994,103.8361,95.4199,1731.1125,139.8886,-13.8896,0.3547,0.4036,-686.931,0.0,1.162,1.41,43.0,40.5,28.7,29.7,3.903,2.68,6.8,7.2,36.783,35.8,34.517,34.5,40.6,22.3,268.67333333333335,230.878850445,,190.60477617365,1089.3890968508615,1059.975,1021.9542980012442,963.3648258333332,563.665,338.26916666666665,98.1,96.4,96.8,92.5,199.07542137038712,203.289689890296,220.0812656792285,221.3372982910953,1340.0,1880.0,1180.0,1466.6666666666667,1354.102,219055.7,1027.3684210526317,1.3043032786885245,340.43,429.9716666666666,315.2375,78894.33333333333,3.0,70263.0,2.0,90459.0,12.0,76415.66666666667,3.0,100887.5,2.0,0.03243662948697246,-0.30355098500805355,2.0334101874386237
2025,Костанайская область,Пшеница,Узункольский,190804.82,434794.2099999999,2280.0,stat_gov_kz_real,Узункольский,Wheat,0,0,0,0,0,54.1597,65.6105,15.7835,311.593,1143.9283,3137.9938,213.9701,18.1712,19.2273,637.6182,0.44,0.4444,0.3618,0.3706,0.3636,44.4645,70.7733,1978.5109,154.3747,-8.4253,0.2724,0.3263,-832.3353,0.0,1.162,1.41,43.0,40.5,28.7,29.7,3.903,2.68,6.8,7.2,36.783,35.8,34.517,34.5,40.6,22.3,243.3325,219.61538460375,,203.19753726864084,1226.4814225569482,1262.8893305316649,1139.8729249670616,1006.980403811544,685.2199999999999,422.655,99.9,101.1,95.5,114.4,198.87634594901675,205.52587647908928,210.1776087236632,253.20986924501307,1800.0,1340.0,1880.0,1673.3333333333333,1470.0,220192.98,1274.2105263157894,1.412639405204461,268.67333333333335,340.43,429.9716666666666,85951.0,3.0,77750.5,2.0,79580.66666666667,12.0,78894.33333333333,3.0,70263.0,2.0,0.08944453129291086,0.10656390988144548,2.14084153799654
2022,Костанайская область,Ячмень,Узункольский,14147.02,26774.16,1890.0,stat_gov_kz_real,Узункольский,Barley,0,0,0,0,0,54.1597,65.6105,15.4012,210.7613,1221.5183,3270.1184,156.3221,17.214,19.3327,711.3802,0.3893,0.3691,0.3706,0.3495,0.3225,49.2492,47.8376,1910.5797,136.6671,-10.5452,0.1725,0.2166,-1010.757,0.0,1.162,1.41,43.0,40.5,28.7,29.7,3.903,2.68,6.8,7.2,36.783,35.8,34.517,34.5,40.6,22.3,429.9716666666666,381.91843016614285,,318.80665693333333,1756.7299999999998,1650.8083333333334,1666.7975,1275.9916666666666,772.1583333333333,700.015,117.2,119.8,120.3,119.5,205.1881825157127,219.4395640458116,242.9024352785156,263.238246116725,1320.0,1106.0600000000002,1050.0,1158.6866666666667,1259.0240000000001,10941.1,558.421052631579,2.363807728557964,315.2375,231.56548795,201.692128575,84995.0,1.0,82460.5,2.0,83305.33333333333,3.0,,,,,,,1.5184495424062003
2023,Костанайская область,Ячмень,Узункольский,18931.0,27393.040000000005,1450.0,stat_gov_kz_real,Узункольский,Barley,0,0,0,0,0,54.1597,65.6105,15.8776,136.8366,841.037,2465.5852,77.5278,19.1722,20.3961,488.0545,0.3192,0.3385,0.3303,0.3403,0.3444,37.5084,28.6449,2000.3681,96.5232,-12.1942,0.1627,0.1465,-704.2005,0.0,1.162,1.41,43.0,40.5,28.7,29.7,3.903,2.68,6.8,7.2,36.783,35.8,34.517,34.5,40.6,22.3,340.43,257.74181354863634,,252.65528515370417,1065.1408333333334,1006.6991666666668,1118.5016666666668,886.4533333333334,550.0483333333333,358.0016666666667,98.9,96.1,93.6,90.9,202.9311125080399,210.8814210480249,227.35667942069057,239.28356572010304,1890.0,1320.0,1106.0600000000002,1438.6866666666667,1364.8740000000003,14147.02,1342.5,1.4078212290502794,429.9716666666666,315.2375,231.56548795,49107.0,1.0,49107.0,1.0,58035.66666666666,3.0,84995.0,1.0,82460.5,2.0,,,
2024,Костанайская область,Ячмень,Узункольский,11303.9,24105.34,2130.0,stat_gov_kz_real,Узункольский,Barley,0,0,0,0,0,54.1597,65.6105,14.4405,377.5659,1064.4969,3177.6998,262.3499,16.8604,19.2368,610.63,0.4248,0.4169,0.4135,0.4075,0.3994,103.8361,95.4199,1731.1125,139.8886,-13.8896,0.3547,0.4036,-686.931,0.0,1.162,1.41,43.0,40.5,28.7,29.7,3.903,2.68,6.8,7.2,36.783,35.8,34.517,34.5,40.6,22.3,268.67333333333335,230.878850445,,190.60477617365,1089.3890968508615,1059.975,1021.9542980012442,963.3648258333332,563.665,338.26916666666665,98.1,96.4,96.8,92.5,199.07542137038712,203.289689890296,220.0812656792285,221.3372982910953,1450.0,1890.0,1320.0,1553.3333333333333,1363.212,18931.0,1081.578947368421,1.340632603406326,340.43,429.9716666666666,315.2375,45220.0,1.0,43750.0,2.0,44240.0,3.0,49107.0,1.0,49107.0,1.0,,,2.0334101874386237
2025,Костанайская область,Ячмень,Узункольский,15554.4,17402.550000000003,1120.0,stat_gov_kz_real,Узункольский,Barley,0,0,0,0,0,54.1597,65.6105,15.7835,311.593,1143.9283,3137.9938,213.9701,18.1712,19.2273,637.6182,0.44,0.4444,0.3618,0.3706,0.3636,44.4645,70.7733,1978.5109,154.3747,-8.4253,0.2724,0.3263,-832.3353,0.0,1.162,1.41,43.0,40.5,28.7,29.7,3.903,2.68,6.8,7.2,36.783,35.8,34.517,34.5,40.6,22.3,243.3325,219.61538460375,,203.19753726864084,1226.4814225569482,1262.8893305316649,1139.8729249670616,1006.980403811544,685.2199999999999,422.655,99.9,101.1,95.5,114.4,198.87634594901675,205.52587647908928,210.1776087236632,253.20986924501307,2130.0,1450.0,1890.0,1823.3333333333333,1579.212,11303.9,1527.0588235294117,1.3948382126348229,268.67333333333335,340.43,429.9716666666666,70394.0,2.0,,,65418.4,5.0,45220.0,1.0,43750.0,2.0,,,2.14084153799654
2022,Костанайская область,Кукуруза,Федоровский,1866.0,1281.0,690.0,stat_gov_kz_real,Федоровский,Maize,0,0,0,0,0,53.5753,62.8365,15.9335,175.2596,1275.3012,3289.2837,135.2699,17.4346,20.0309,760.4417,0.3673,0.3472,0.3451,0.2973,0.2864,30.1814,37.2111,2008.1026,141.9112,-10.2977,0.1374,0.1819,-1100.0417,0.0,1.24,1.4,33.317,30.0,36.0,36.0,2.94,1.94,7.033,7.4,29.367,29.4,34.633,34.6,35.783,19.5,429.9716666666666,381.91843016614285,,318.80665693333333,1756.7299999999998,1650.8083333333334,1666.7975,1275.9916666666666,772.1583333333333,700.015,117.2,119.8,120.3,119.5,205.1881825157127,219.4395640458116,242.9024352785156,263.238246116725,660.0,,,660.0,660.0,1996.2,1640.0,0.4024390243902439,315.2375,231.56548795,201.692128575,,,,,,,,,,,,,1.5184495424062003
2022,Костанайская область,Подсолнечник,Федоровский,20600.0,18940.0,930.0,stat_gov_kz_real,Федоровский,Sunflower seed,0,0,0,0,0,53.5753,62.8365,15.9335,175.2596,1275.3012,3289.2837,135.2699,17.4346,20.0309,760.4417,0.3673,0.3472,0.3451,0.2973,0.2864,30.1814,37.2111,2008.1026,141.9112,-10.2977,0.1374,0.1819,-1100.0417,0.0,1.24,1.4,33.317,30.0,36.0,36.0,2.94,1.94,7.033,7.4,29.367,29.4,34.633,34.6,35.783,19.5,429.9716666666666,381.91843016614285,,318.80665693333333,1756.7299999999998,1650.8083333333334,1666.7975,1275.9916666666666,772.1583333333333,700.015,117.2,119.8,120.3,119.5,205.1881825157127,219.4395640458116,242.9024352785156,263.238246116725,1000.0,1250.0,1022.62,1090.8733333333332,1120.154,6100.0,722.1428571428571,1.3847675568743818,315.2375,231.56548795,201.692128575,,,161437.0,2.0,161437.0,2.0,,,,,,,1.5184495424062003
2023,Костанайская область,Подсолнечник,Федоровский,17567.2,15683.75,1070.0,stat_gov_kz_real,Федоровский,Sunflower seed,0,0,0,0,0,53.5753,62.8365,16.1801,126.1058,836.1292,2400.119,61.9293,19.4118,20.4311,479.0121,0.2987,0.3109,0.3186,0.3239,0.3114,35.1403,18.0082,2055.4562,91.7934,-12.5549,0.1508,0.1166,-710.0234,0.0,1.24,1.4,33.317,30.0,36.0,36.0,2.94,1.94,7.033,7.4,29.367,29.4,34.633,34.6,35.783,19.5,340.43,257.74181354863634,,252.65528515370417,1065.1408333333334,1006.6991666666668,1118.5016666666668,886.4533333333334,550.0483333333333,358.0016666666667,98.9,96.1,93.6,90.9,202.9311125080399,210.8814210480249,227.35667942069057,239.28356572010304,930.0,1000.0,1250.0,1060.0,1096.154,20600.0,1036.4285714285713,0.8973121984838044,429.9716666666666,315.2375,231.56548795,,,,,169268.33333333334,3.0,,,161437.0,2.0,,,
2024,Костанайская область,Подсолнечник,Федоровский,15371.7,18478.21,1250.0,stat_gov_kz_real,Федоровский,Sunflower seed,0,0,0,0,0,53.5753,62.8365,14.9012,341.9287,1087.0192,3195.9537,233.9487,17.0905,19.4065,621.7012,0.4194,0.409,0.3443,0.4081,0.3921,67.2209,113.8099,1814.5224,143.3144,-13.9194,0.3146,0.356,-745.0905,0.0,1.24,1.4,33.317,30.0,36.0,36.0,2.94,1.94,7.033,7.4,29.367,29.4,34.633,34.6,35.783,19.5,268.67333333333335,230.878850445,,190.60477617365,1089.3890968508615,1059.975,1021.9542980012442,963.3648258333332,563.665,338.26916666666665,98.1,96.4,96.8,92.5,199.07542137038712,203.289689890296,220.0812656792285,221.3372982910953,1070.0,930.0,1000.0,1000.0,1054.524,17567.2,1050.7142857142858,1.018354860639021,340.43,429.9716666666666,315.2375,,,142873.5,2.0,119686.125,8.0,,,,,,,2.0334101874386237
2025,Костанайская область,Подсолнечник,Федоровский,20439.2,29269.259999999995,1440.0,stat_gov_kz_real,Федоровский,Sunflower seed,0,0,0,0,0,53.5753,62.8365,16.2016,344.9925,1219.9103,3200.1748,197.3822,18.4303,19.5895,672.5689,0.4099,0.4135,0.3321,0.3405,0.3286,63.8764,54.0935,2055.0372,124.0017,-8.1841,0.2828,0.2847,-874.9178,0.0,1.24,1.4,33.317,30.0,36.0,36.0,2.94,1.94,7.033,7.4,29.367,29.4,34.633,34.6,35.783,19.5,243.3325,219.61538460375,,203.19753726864084,1226.4814225569482,1262.8893305316649,1139.8729249670616,1006.980403811544,685.2199999999999,422.655,99.9,101.1,95.5,114.4,198.87634594901675,205.52587647908928,210.1776087236632,253.20986924501307,1250.0,1070.0,930.0,1083.3333333333333,1100.0,15371.7,1380.0,0.9057971014492754,268.67333333333335,340.43,429.9716666666666,,,166451.5,2.0,154674.5,6.0,,,142873.5,2.0,,0.16502710439654655,2.14084153799654
2022,Костанайская область,Пшеница,Федоровский,244000.0,306100.0,1250.0,stat_gov_kz_real,Федоровский,Wheat,0,0,0,0,0,53.5753,62.8365,15.9335,175.2596,1275.3012,3289.2837,135.2699,17.4346,20.0309,760.4417,0.3673,0.3472,0.3451,0.2973,0.2864,30.1814,37.2111,2008.1026,141.9112,-10.2977,0.1374,0.1819,-1100.0417,0.0,1.24,1.4,33.317,30.0,36.0,36.0,2.94,1.94,7.033,7.4,29.367,29.4,34.633,34.6,35.783,19.5,429.9716666666666,381.91843016614285,,318.80665693333333,1756.7299999999998,1650.8083333333334,1666.7975,1275.9916666666666,772.1583333333333,700.015,117.2,119.8,120.3,119.5,205.1881825157127,219.4395640458116,242.9024352785156,263.238246116725,1000.0,1310.0,1319.63,1209.8766666666668,1305.576,249000.0,673.3333333333334,1.4851485148514851,315.2375,231.56548795,201.692128575,107152.0,1.0,106317.0,2.0,106595.33333333331,3.0,,,,,,,1.5184495424062003
2023,Костанайская область,Пшеница,Федоровский,266695.0,309130.82,1330.0,stat_gov_kz_real,Федоровский,Wheat,0,0,0,0,0,53.5753,62.8365,16.1801,126.1058,836.1292,2400.119,61.9293,19.4118,20.4311,479.0121,0.2987,0.3109,0.3186,0.3239,0.3114,35.1403,18.0082,2055.4562,91.7934,-12.5549,0.1508,0.1166,-710.0234,0.0,1.24,1.4,33.317,30.0,36.0,36.0,2.94,1.94,7.033,7.4,29.367,29.4,34.633,34.6,35.783,19.5,340.43,257.74181354863634,,252.65528515370417,1065.1408333333334,1006.6991666666668,1118.5016666666668,886.4533333333334,550.0483333333333,358.0016666666667,98.9,96.1,93.6,90.9,202.9311125080399,210.8814210480249,227.35667942069057,239.28356572010304,1250.0,1000.0,1310.0,1186.6666666666667,1279.576,244000.0,1281.578947368421,0.9753593429158111,429.9716666666666,315.2375,231.56548795,76415.66666666667,3.0,100887.5,2.0,89104.5,12.0,107152.0,1.0,106317.0,2.0,,-0.05106897297704038,
2024,Костанайская область,Пшеница,Федоровский,250913.0,383796.42,1540.0,stat_gov_kz_real,Федоровский,Wheat,0,0,0,0,0,53.5753,62.8365,14.9012,341.9287,1087.0192,3195.9537,233.9487,17.0905,19.4065,621.7012,0.4194,0.409,0.3443,0.4081,0.3921,67.2209,113.8099,1814.5224,143.3144,-13.9194,0.3146,0.356,-745.0905,0.0,1.24,1.4,33.317,30.0,36.0,36.0,2.94,1.94,7.033,7.4,29.367,29.4,34.633,34.6,35.783,19.5,268.67333333333335,230.878850445,,190.60477617365,1089.3890968508615,1059.975,1021.9542980012442,963.3648258333332,563.665,338.26916666666665,98.1,96.4,96.8,92.5,199.07542137038712,203.289689890296,220.0812656792285,221.3372982910953,1330.0,1250.0,1000.0,1193.3333333333333,1241.926,266695.0,1027.3684210526317,1.2945696721311475,340.43,429.9716666666666,315.2375,78894.33333333333,3.0,70263.0,2.0,90459.0,12.0,76415.66666666667,3.0,100887.5,2.0,0.03243662948697246,-0.30355098500805355,2.0334101874386237
2025,Костанайская область,Пшеница,Федоровский,226423.29,449525.0500000001,2000.0,stat_gov_kz_real,Федоровский,Wheat,0,0,0,0,0,53.5753,62.8365,16.2016,344.9925,1219.9103,3200.1748,197.3822,18.4303,19.5895,672.5689,0.4099,0.4135,0.3321,0.3405,0.3286,63.8764,54.0935,2055.0372,124.0017,-8.1841,0.2828,0.2847,-874.9178,0.0,1.24,1.4,33.317,30.0,36.0,36.0,2.94,1.94,7.033,7.4,29.367,29.4,34.633,34.6,35.783,19.5,243.3325,219.61538460375,,203.19753726864084,1226.4814225569482,1262.8893305316649,1139.8729249670616,1006.980403811544,685.2199999999999,422.655,99.9,101.1,95.5,114.4,198.87634594901675,205.52587647908928,210.1776087236632,253.20986924501307,1540.0,1330.0,1250.0,1373.3333333333333,1286.0,250913.0,1274.2105263157894,1.2085914911193723,268.67333333333335,340.43,429.9716666666666,85951.0,3.0,77750.5,2.0,79580.66666666667,12.0,78894.33333333333,3.0,70263.0,2.0,0.08944453129291086,0.10656390988144548,2.14084153799654
2022,Костанайская область,Ячмень,Федоровский,22803.1,31842.93,1400.0,stat_gov_kz_real,Федоровский,Barley,0,0,0,0,0,53.5753,62.8365,15.9335,175.2596,1275.3012,3289.2837,135.2699,17.4346,20.0309,760.4417,0.3673,0.3472,0.3451,0.2973,0.2864,30.1814,37.2111,2008.1026,141.9112,-10.2977,0.1374,0.1819,-1100.0417,0.0,1.24,1.4,33.317,30.0,36.0,36.0,2.94,1.94,7.033,7.4,29.367,29.4,34.633,34.6,35.783,19.5,429.9716666666666,381.91843016614285,,318.80665693333333,1756.7299999999998,1650.8083333333334,1666.7975,1275.9916666666666,772.1583333333333,700.015,117.2,119.8,120.3,119.5,205.1881825157127,219.4395640458116,242.9024352785156,263.238246116725,869.9999999999999,1195.96,1299.17,1121.71,1339.962,23096.6,558.421052631579,1.5579641847313852,315.2375,231.56548795,201.692128575,84995.0,1.0,82460.5,2.0,83305.33333333333,3.0,,,,,,,1.5184495424062003
2023,Костанайская область,Ячмень,Федоровский,27376.7,35146.19,1500.0,stat_gov_kz_real,Федоровский,Barley,0,0,0,0,0,53.5753,62.8365,16.1801,126.1058,836.1292,2400.119,61.9293,19.4118,20.4311,479.0121,0.2987,0.3109,0.3186,0.3239,0.3114,35.1403,18.0082,2055.4562,91.7934,-12.5549,0.1508,0.1166,-710.0234,0.0,1.24,1.4,33.317,30.0,36.0,36.0,2.94,1.94,7.033,7.4,29.367,29.4,34.633,34.6,35.783,19.5,340.43,257.74181354863634,,252.65528515370417,1065.1408333333334,1006.6991666666668,1118.5016666666668,886.4533333333334,550.0483333333333,358.0016666666667,98.9,96.1,93.6,90.9,202.9311125080399,210.8814210480249,227.35667942069057,239.28356572010304,1400.0,869.9999999999999,1195.96,1155.32,1258.15,22803.1,1342.5,1.042830540037244,429.9716666666666,315.2375,231.56548795,49107.0,1.0,49107.0,1.0,58035.66666666666,3.0,84995.0,1.0,82460.5,2.0,,,
2024,Костанайская область,Ячмень,Федоровский,26503.0,45891.61,1739.9999999999998,stat_gov_kz_real,Федоровский,Barley,0,0,0,0,0,53.5753,62.8365,14.9012,341.9287,1087.0192,3195.9537,233.9487,17.0905,19.4065,621.7012,0.4194,0.409,0.3443,0.4081,0.3921,67.2209,113.8099,1814.5224,143.3144,-13.9194,0.3146,0.356,-745.0905,0.0,1.24,1.4,33.317,30.0,36.0,36.0,2.94,1.94,7.033,7.4,29.367,29.4,34.633,34.6,35.783,19.5,268.67333333333335,230.878850445,,190.60477617365,1089.3890968508615,1059.975,1021.9542980012442,963.3648258333332,563.665,338.26916666666665,98.1,96.4,96.8,92.5,199.07542137038712,203.289689890296,220.0812656792285,221.3372982910953,1500.0,1400.0,869.9999999999999,1256.6666666666667,1253.026,27376.7,1081.578947368421,1.3868613138686132,340.43,429.9716666666666,315.2375,45220.0,1.0,43750.0,2.0,44240.0,3.0,49107.0,1.0,49107.0,1.0,,,2.0334101874386237
2025,Костанайская область,Ячмень,Федоровский,29000.0,48950.95,1920.0,stat_gov_kz_real,Федоровский,Barley,0,0,0,0,0,53.5753,62.8365,16.2016,344.9925,1219.9103,3200.1748,197.3822,18.4303,19.5895,672.5689,0.4099,0.4135,0.3321,0.3405,0.3286,63.8764,54.0935,2055.0372,124.0017,-8.1841,0.2828,0.2847,-874.9178,0.0,1.24,1.4,33.317,30.0,36.0,36.0,2.94,1.94,7.033,7.4,29.367,29.4,34.633,34.6,35.783,19.5,243.3325,219.61538460375,,203.19753726864084,1226.4814225569482,1262.8893305316649,1139.8729249670616,1006.980403811544,685.2199999999999,422.655,99.9,101.1,95.5,114.4,198.87634594901675,205.52587647908928,210.1776087236632,253.20986924501307,1739.9999999999998,1500.0,1400.0,1546.6666666666667,1341.192,26503.0,1527.0588235294117,1.1394453004622496,268.67333333333335,340.43,429.9716666666666,70394.0,2.0,,,65418.4,5.0,45220.0,1.0,43750.0,2.0,,,2.14084153799654
2022,Северо-Казахстанская область,Подсолнечник,Айыртауский район,5661.0,7802.99,1380.0,stat_gov_kz_real,Айыртауский,Sunflower seed,0,0,0,0,0,53.1934,68.0653,15.4645,180.7359,1359.9259,3352.4997,142.578,17.5725,18.8551,754.7121,0.3148,0.3281,0.3374,0.3508,0.3064,49.8189,67.1863,1921.1393,152.5935,-9.5964,0.1329,0.1729,-1179.19,0.0,1.173,1.4,37.033,32.7,27.383,28.9,3.653,3.18,6.833,7.2,39.15,38.9,33.483,32.2,34.85,22.9,429.9716666666666,381.91843016614285,,318.80665693333333,1756.7299999999998,1650.8083333333334,1666.7975,1275.9916666666666,772.1583333333333,700.015,117.2,119.8,120.3,119.5,205.1881825157127,219.4395640458116,242.9024352785156,263.238246116725,819.9999999999999,1000.0,869.9999999999999,896.6666666666666,886.0,5731.0,1212.7272727272727,0.6761619190404796,315.2375,231.56548795,201.692128575,,,172380.0,1.0,172380.0,1.0,,,,,,,1.6456560237139435
2023,Северо-Казахстанская область,Подсолнечник,Айыртауский район,6222.0,9706.0,1689.9999999999998,stat_gov_kz_real,Айыртауский,Sunflower seed,0,0,0,0,0,53.1934,68.0653,15.2421,135.8892,866.9935,2484.1056,68.7219,18.5797,20.1124,522.2757,0.3263,0.3481,0.3214,0.316,0.3184,39.4395,15.6176,1886.7866,115.9037,-12.7922,0.1567,0.1253,-731.1043,0.0,1.173,1.4,37.033,32.7,27.383,28.9,3.653,3.18,6.833,7.2,39.15,38.9,33.483,32.2,34.85,22.9,340.43,257.74181354863634,,252.65528515370417,1065.1408333333334,1006.6991666666668,1118.5016666666668,886.4533333333334,550.0483333333333,358.0016666666667,98.9,96.1,93.6,90.9,202.9311125080399,210.8814210480249,227.35667942069057,239.28356572010304,1380.0,819.9999999999999,1000.0,1066.6666666666667,982.0,5661.0,1323.3333333333333,1.0428211586901763,429.9716666666666,315.2375,231.56548795,131584.0,1.0,138408.0,1.0,155876.25,4.0,,,172380.0,1.0,,,1.45557799091368
2024,Северо-Казахстанская область,Подсолнечник,Айыртауский район,14298.0,21736.78,1670.0,stat_gov_kz_real,Айыртауский,Sunflower seed,0,0,0,0,0,53.1934,68.0653,13.8422,411.2659,1048.416,3149.6115,276.0955,16.3,18.5192,603.0814,0.442,0.4366,0.4291,0.4413,0.4347,88.0077,104.172,1621.9288,155.8293,-13.3048,0.3923,0.4329,-637.1501,0.0,1.173,1.4,37.033,32.7,27.383,28.9,3.653,3.18,6.833,7.2,39.15,38.9,33.483,32.2,34.85,22.9,268.67333333333335,230.878850445,,190.60477617365,1089.3890968508615,1059.975,1021.9542980012442,963.3648258333332,563.665,338.26916666666665,98.1,96.4,96.8,92.5,199.07542137038712,203.289689890296,220.0812656792285,221.3372982910953,1689.9999999999998,1380.0,819.9999999999999,1296.6666666666667,1152.0,6222.0,1060.7692307692307,1.593183466279913,340.43,429.9716666666666,315.2375,,,143193.0,2.0,135499.7142857143,7.0,131584.0,1.0,138408.0,1.0,,,2.1505616965036647
2025,Северо-Казахстанская область,Подсолнечник,Айыртауский район,14858.0,24371.370000000003,1639.9999999999998,stat_gov_kz_real,Айыртауский,Sunflower seed,0,0,0,0,0,53.1934,68.0653,15.2383,369.7837,1142.6665,3172.2123,221.5697,17.8119,18.4121,632.0724,0.4304,0.4294,0.3885,0.3551,0.3322,54.3617,81.382,1878.8458,188.7895,-8.7656,0.3236,0.3358,-772.8828,0.0,1.173,1.4,37.033,32.7,27.383,28.9,3.653,3.18,6.833,7.2,39.15,38.9,33.483,32.2,34.85,22.9,243.3325,219.61538460375,,203.19753726864084,1226.4814225569482,1262.8893305316649,1139.8729249670616,1006.980403811544,685.2199999999999,422.655,99.9,101.1,95.5,114.4,198.87634594901675,205.52587647908928,210.1776087236632,253.20986924501307,1670.0,1689.9999999999998,1380.0,1580.0,1312.0,14298.0,1796.923076923077,0.9293664383561644,268.67333333333335,340.43,429.9716666666666,,,172103.5,2.0,173035.11111111112,9.0,,,143193.0,2.0,,0.20189883583694734,2.2891430851594454
2022,Северо-Казахстанская область,Пшеница,Айыртауский район,200499.5,314014.99,1570.0,stat_gov_kz_real,Айыртауский,Wheat,0,0,0,0,0,53.1934,68.0653,15.4645,180.7359,1359.9259,3352.4997,142.578,17.5725,18.8551,754.7121,0.3148,0.3281,0.3374,0.3508,0.3064,49.8189,67.1863,1921.1393,152.5935,-9.5964,0.1329,0.1729,-1179.19,0.0,1.173,1.4,37.033,32.7,27.383,28.9,3.653,3.18,6.833,7.2,39.15,38.9,33.483,32.2,34.85,22.9,429.9716666666666,381.91843016614285,,318.80665693333333,1756.7299999999998,1650.8083333333334,1666.7975,1275.9916666666666,772.1583333333333,700.015,117.2,119.8,120.3,119.5,205.1881825157127,219.4395640458116,242.9024352785156,263.238246116725,1004.8190211590068,1346.8160427862276,1270.5706496133478,1207.4019045195273,1322.62754575601,200482.0,1203.990434755327,0.8345739236401861,315.2375,231.56548795,201.692128575,106756.0,1.0,104748.5,2.0,105417.66666666669,3.0,,,,,,,1.6456560237139435
2023,Северо-Казахстанская область,Пшеница,Айыртауский район,208293.7,250415.902,1212.98,stat_gov_kz_real,Айыртауский,Wheat,0,0,0,0,0,53.1934,68.0653,15.2421,135.8892,866.9935,2484.1056,68.7219,18.5797,20.1124,522.2757,0.3263,0.3481,0.3214,0.316,0.3184,39.4395,15.6176,1886.7866,115.9037,-12.7922,0.1567,0.1253,-731.1043,0.0,1.173,1.4,37.033,32.7,27.383,28.9,3.653,3.18,6.833,7.2,39.15,38.9,33.483,32.2,34.85,22.9,340.43,257.74181354863634,,252.65528515370417,1065.1408333333334,1006.6991666666668,1118.5016666666668,886.4533333333334,550.0483333333333,358.0016666666667,98.9,96.1,93.6,90.9,202.9311125080399,210.8814210480249,227.35667942069057,239.28356572010304,1570.0,1004.8190211590068,1346.8160427862276,1307.2116879817447,1301.238480107479,200499.5,1547.6923076923076,1.01441351888668,429.9716666666666,315.2375,231.56548795,88034.0,3.0,95088.0,2.0,91444.83333333331,12.0,106756.0,1.0,104748.5,2.0,,-0.09222566432932211,1.45557799091368
2024,Северо-Казахстанская область,Пшеница,Айыртауский район,199238.0,355408.66000000003,1789.9999999999998,stat_gov_kz_real,Айыртауский,Wheat,0,0,0,0,0,53.1934,68.0653,13.8422,411.2659,1048.416,3149.6115,276.0955,16.3,18.5192,603.0814,0.442,0.4366,0.4291,0.4413,0.4347,88.0077,104.172,1621.9288,155.8293,-13.3048,0.3923,0.4329,-637.1501,0.0,1.173,1.4,37.033,32.7,27.383,28.9,3.653,3.18,6.833,7.2,39.15,38.9,33.483,32.2,34.85,22.9,268.67333333333335,230.878850445,,190.60477617365,1089.3890968508615,1059.975,1021.9542980012442,963.3648258333332,563.665,338.26916666666665,98.1,96.4,96.8,92.5,199.07542137038712,203.289689890296,220.0812656792285,221.3372982910953,1212.98,1570.0,1004.8190211590068,1262.599673719669,1281.0371427117166,208293.7,1317.8771428571429,0.9204044599865151,340.43,429.9716666666666,315.2375,84151.33333333333,3.0,66584.0,2.0,87334.08333333333,12.0,88034.0,3.0,95088.0,2.0,-0.04410417187298854,-0.2997644287396938,2.1505616965036647
2025,Северо-Казахстанская область,Пшеница,Айыртауский район,150080.5,326056.24,2170.0,stat_gov_kz_real,Айыртауский,Wheat,0,0,0,0,0,53.1934,68.0653,15.2383,369.7837,1142.6665,3172.2123,221.5697,17.8119,18.4121,632.0724,0.4304,0.4294,0.3885,0.3551,0.3322,54.3617,81.382,1878.8458,188.7895,-8.7656,0.3236,0.3358,-772.8828,0.0,1.173,1.4,37.033,32.7,27.383,28.9,3.653,3.18,6.833,7.2,39.15,38.9,33.483,32.2,34.85,22.9,243.3325,219.61538460375,,203.19753726864084,1226.4814225569482,1262.8893305316649,1139.8729249670616,1006.980403811544,685.2199999999999,422.655,99.9,101.1,95.5,114.4,198.87634594901675,205.52587647908928,210.1776087236632,253.20986924501307,1789.9999999999998,1212.98,1570.0,1524.3266666666666,1384.9230127890467,199238.0,1921.4285714285713,0.9315985130111524,268.67333333333335,340.43,429.9716666666666,80415.66666666667,3.0,75182.5,2.0,76329.41666666667,12.0,84151.33333333333,3.0,66584.0,2.0,-0.04439224571605116,0.12913763066202089,2.2891430851594454
2022,Северо-Казахстанская область,Ячмень,Айыртауский район,47765.0,89061.04000000001,1860.0,stat_gov_kz_real,Айыртауский,Barley,0,0,0,0,0,53.1934,68.0653,15.4645,180.7359,1359.9259,3352.4997,142.578,17.5725,18.8551,754.7121,0.3148,0.3281,0.3374,0.3508,0.3064,49.8189,67.1863,1921.1393,152.5935,-9.5964,0.1329,0.1729,-1179.19,0.0,1.173,1.4,37.033,32.7,27.383,28.9,3.653,3.18,6.833,7.2,39.15,38.9,33.483,32.2,34.85,22.9,429.9716666666666,381.91843016614285,,318.80665693333333,1756.7299999999998,1650.8083333333334,1666.7975,1275.9916666666666,772.1583333333333,700.015,117.2,119.8,120.3,119.5,205.1881825157127,219.4395640458116,242.9024352785156,263.238246116725,1000.0,1450.0,1430.0,1293.3333333333333,1464.0,57058.0,1226.1538461538462,0.8155583437892095,315.2375,231.56548795,201.692128575,84106.0,1.0,81595.0,2.0,82432.0,3.0,,,,,,,1.6456560237139435
2023,Северо-Казахстанская область,Ячмень,Айыртауский район,76187.0,96845.433,1284.44,stat_gov_kz_real,Айыртауский,Barley,0,0,0,0,0,53.1934,68.0653,15.2421,135.8892,866.9935,2484.1056,68.7219,18.5797,20.1124,522.2757,0.3263,0.3481,0.3214,0.316,0.3184,39.4395,15.6176,1886.7866,115.9037,-12.7922,0.1567,0.1253,-731.1043,0.0,1.173,1.4,37.033,32.7,27.383,28.9,3.653,3.18,6.833,7.2,39.15,38.9,33.483,32.2,34.85,22.9,340.43,257.74181354863634,,252.65528515370417,1065.1408333333334,1006.6991666666668,1118.5016666666668,886.4533333333334,550.0483333333333,358.0016666666667,98.9,96.1,93.6,90.9,202.9311125080399,210.8814210480249,227.35667942069057,239.28356572010304,1860.0,1000.0,1450.0,1436.6666666666667,1478.0,47765.0,1700.7692307692307,1.0936227951153326,429.9716666666666,315.2375,231.56548795,66140.0,3.0,60873.0,2.0,70694.9,10.0,84106.0,1.0,81595.0,2.0,,-0.25396163980636066,1.45557799091368
2024,Северо-Казахстанская область,Ячмень,Айыртауский район,70763.7,123123.72,1750.0,stat_gov_kz_real,Айыртауский,Barley,0,0,0,0,0,53.1934,68.0653,13.8422,411.2659,1048.416,3149.6115,276.0955,16.3,18.5192,603.0814,0.442,0.4366,0.4291,0.4413,0.4347,88.0077,104.172,1621.9288,155.8293,-13.3048,0.3923,0.4329,-637.1501,0.0,1.173,1.4,37.033,32.7,27.383,28.9,3.653,3.18,6.833,7.2,39.15,38.9,33.483,32.2,34.85,22.9,268.67333333333335,230.878850445,,190.60477617365,1089.3890968508615,1059.975,1021.9542980012442,963.3648258333332,563.665,338.26916666666665,98.1,96.4,96.8,92.5,199.07542137038712,203.289689890296,220.0812656792285,221.3372982910953,1284.44,1860.0,1000.0,1381.4800000000002,1404.8880000000001,76187.0,1212.3807692307691,1.059436138050054,340.43,429.9716666666666,315.2375,61969.0,3.0,45889.0,2.0,58712.181818181816,11.0,66140.0,3.0,60873.0,2.0,-0.06306319927426673,-0.2461518242899151,2.1505616965036647
2025,Северо-Казахстанская область,Ячмень,Айыртауский район,68213.5,144514.72,2130.0,stat_gov_kz_real,Айыртауский,Barley,0,0,0,0,0,53.1934,68.0653,15.2383,369.7837,1142.6665,3172.2123,221.5697,17.8119,18.4121,632.0724,0.4304,0.4294,0.3885,0.3551,0.3322,54.3617,81.382,1878.8458,188.7895,-8.7656,0.3236,0.3358,-772.8828,0.0,1.173,1.4,37.033,32.7,27.383,28.9,3.653,3.18,6.833,7.2,39.15,38.9,33.483,32.2,34.85,22.9,243.3325,219.61538460375,,203.19753726864084,1226.4814225569482,1262.8893305316649,1139.8729249670616,1006.980403811544,685.2199999999999,422.655,99.9,101.1,95.5,114.4,198.87634594901675,205.52587647908928,210.1776087236632,253.20986924501307,1750.0,1284.44,1860.0,1631.4800000000002,1468.8880000000001,70763.7,1873.076923076923,0.9342915811088296,268.67333333333335,340.43,429.9716666666666,67897.66666666667,3.0,67157.5,2.0,60953.36363636364,11.0,61969.0,3.0,45889.0,2.0,0.09567149165980848,0.4634770860118982,2.2891430851594454
2023,Северо-Казахстанская область,Подсолнечник,Акжарский район,62.0,28.0,450.0,stat_gov_kz_real,Акжарский,Sunflower seed,0,0,0,0,0,53.789,71.738,16.163,87.2648,896.7142,2555.4635,29.0007,19.8448,21.5709,542.5174,0.2847,0.3149,0.2759,0.2649,0.2758,17.3849,7.0951,2068.7894,89.3868,-13.4029,0.0973,0.0508,-809.4494,0.0,1.22,1.38,40.883,38.0,32.567,33.5,3.157,2.36,6.833,7.3,31.4,31.0,36.05,35.5,40.833,21.1,340.43,257.74181354863634,,252.65528515370417,1065.1408333333334,1006.6991666666668,1118.5016666666668,886.4533333333334,550.0483333333333,358.0016666666667,98.9,96.1,93.6,90.9,202.9311125080399,210.8814210480249,227.35667942069057,239.28356572010304,,,,,,,1323.3333333333333,,429.9716666666666,315.2375,231.56548795,131584.0,1.0,138408.0,1.0,155876.25,4.0,,,172380.0,1.0,,,1.45557799091368
2024,Северо-Казахстанская область,Подсолнечник,Акжарский район,2454.0,4334.3,1770.0,stat_gov_kz_real,Акжарский,Sunflower seed,0,0,0,1,0,53.789,71.738,14.8831,328.8118,1078.5088,3167.2996,222.9707,17.5172,19.8919,617.3631,0.4134,0.4062,0.3875,0.3914,0.3782,56.8912,91.9888,1813.4636,124.0785,-14.0121,0.3049,0.3509,-749.697,0.0,1.22,1.38,40.883,38.0,32.567,33.5,3.157,2.36,6.833,7.3,31.4,31.0,36.05,35.5,40.833,21.1,268.67333333333335,230.878850445,,190.60477617365,1089.3890968508615,1059.975,1021.9542980012442,963.3648258333332,563.665,338.26916666666665,98.1,96.4,96.8,92.5,199.07542137038712,203.289689890296,220.0812656792285,221.3372982910953,450.0,,,450.0,450.0,62.0,1060.7692307692307,0.4242204496011603,340.43,429.9716666666666,315.2375,,,143193.0,2.0,135499.7142857143,7.0,131584.0,1.0,138408.0,1.0,,,2.1505616965036647
2025,Северо-Казахстанская область,Подсолнечник,Акжарский район,5299.0,7428.5,1400.0,stat_gov_kz_real,Акжарский,Sunflower seed,0,0,0,1,0,53.789,71.738,16.4728,302.7539,1222.3207,3211.8416,157.1175,19.3062,19.9535,680.3201,0.365,0.3616,0.3287,0.3324,0.2972,61.0337,54.547,2104.4227,149.8883,-8.6027,0.2477,0.2162,-919.5668,0.0,1.22,1.38,40.883,38.0,32.567,33.5,3.157,2.36,6.833,7.3,31.4,31.0,36.05,35.5,40.833,21.1,243.3325,219.61538460375,,203.19753726864084,1226.4814225569482,1262.8893305316649,1139.8729249670616,1006.980403811544,685.2199999999999,422.655,99.9,101.1,95.5,114.4,198.87634594901675,205.52587647908928,210.1776087236632,253.20986924501307,1770.0,450.0,,1110.0,1110.0,2454.0,1796.923076923077,0.9850171232876712,268.67333333333335,340.43,429.9716666666666,,,172103.5,2.0,173035.11111111112,9.0,,,143193.0,2.0,,0.20189883583694734,2.2891430851594454
2022,Северо-Казахстанская область,Пшеница,Акжарский район,178338.5,174334.90000000002,980.0,stat_gov_kz_real,Акжарский,Wheat,0,0,0,0,0,53.789,71.738,16.4435,167.0848,1397.4922,3373.2219,112.1107,19.2729,20.0462,788.4331,0.2738,0.3051,0.2972,0.3241,0.2872,36.7606,57.727,2101.5686,119.6853,-10.6482,0.1196,0.1279,-1230.4074,0.0,1.22,1.38,40.883,38.0,32.567,33.5,3.157,2.36,6.833,7.3,31.4,31.0,36.05,35.5,40.833,21.1,429.9716666666666,381.91843016614285,,318.80665693333333,1756.7299999999998,1650.8083333333334,1666.7975,1275.9916666666666,772.1583333333333,700.015,117.2,119.8,120.3,119.5,205.1881825157127,219.4395640458116,242.9024352785156,263.238246116725,1182.9760928821136,1315.4975273414095,1241.7520529587516,1246.7418910607582,1281.8838513674661,165164.2,1203.990434755327,0.982546089016493,315.2375,231.56548795,201.692128575,106756.0,1.0,104748.5,2.0,105417.66666666669,3.0,,,,,,,1.6456560237139435
2023,Северо-Казахстанская область,Пшеница,Акжарский район,199149.9,108676.784,567.3199999999999,stat_gov_kz_real,Акжарский,Wheat,0,0,0,0,0,53.789,71.738,16.163,87.2648,896.7142,2555.4635,29.0007,19.8448,21.5709,542.5174,0.2847,0.3149,0.2759,0.2649,0.2758,17.3849,7.0951,2068.7894,89.3868,-13.4029,0.0973,0.0508,-809.4494,0.0,1.22,1.38,40.883,38.0,32.567,33.5,3.157,2.36,6.833,7.3,31.4,31.0,36.05,35.5,40.833,21.1,340.43,257.74181354863634,,252.65528515370417,1065.1408333333334,1006.6991666666668,1118.5016666666668,886.4533333333334,550.0483333333333,358.0016666666667,98.9,96.1,93.6,90.9,202.9311125080399,210.8814210480249,227.35667942069057,239.28356572010304,980.0,1182.9760928821136,1315.4975273414095,1159.4912067411742,1225.789082793705,178338.5,1547.6923076923076,0.6332007952286283,429.9716666666666,315.2375,231.56548795,88034.0,3.0,95088.0,2.0,91444.83333333331,12.0,106756.0,1.0,104748.5,2.0,,-0.09222566432932211,1.45557799091368
2024,Северо-Казахстанская область,Пшеница,Акжарский район,179048.5,284074.32,1590.0,stat_gov_kz_real,Акжарский,Wheat,0,0,0,0,0,53.789,71.738,14.8831,328.8118,1078.5088,3167.2996,222.9707,17.5172,19.8919,617.3631,0.4134,0.4062,0.3875,0.3914,0.3782,56.8912,91.9888,1813.4636,124.0785,-14.0121,0.3049,0.3509,-749.697,0.0,1.22,1.38,40.883,38.0,32.567,33.5,3.157,2.36,6.833,7.3,31.4,31.0,36.05,35.5,40.833,21.1,268.67333333333335,230.878850445,,190.60477617365,1089.3890968508615,1059.975,1021.9542980012442,963.3648258333332,563.665,338.26916666666665,98.1,96.4,96.8,92.5,199.07542137038712,203.289689890296,220.0812656792285,221.3372982910953,567.3199999999999,980.0,1182.9760928821136,910.0986976273712,1057.509134636455,199149.9,1317.8771428571429,0.4304801878345477,340.43,429.9716666666666,315.2375,84151.33333333333,3.0,66584.0,2.0,87334.08333333333,12.0,88034.0,3.0,95088.0,2.0,-0.04410417187298854,-0.2997644287396938,2.1505616965036647
2025,Северо-Казахстанская область,Пшеница,Акжарский район,160238.1,247736.49,1550.0,stat_gov_kz_real,Акжарский,Wheat,0,0,0,0,0,53.789,71.738,16.4728,302.7539,1222.3207,3211.8416,157.1175,19.3062,19.9535,680.3201,0.365,0.3616,0.3287,0.3324,0.2972,61.0337,54.547,2104.4227,149.8883,-8.6027,0.2477,0.2162,-919.5668,0.0,1.22,1.38,40.883,38.0,32.567,33.5,3.157,2.36,6.833,7.3,31.4,31.0,36.05,35.5,40.833,21.1,243.3325,219.61538460375,,203.19753726864084,1226.4814225569482,1262.8893305316649,1139.8729249670616,1006.980403811544,685.2199999999999,422.655,99.9,101.1,95.5,114.4,198.87634594901675,205.52587647908928,210.1776087236632,253.20986924501307,1590.0,567.3199999999999,980.0,1045.7733333333333,1127.1587240447045,179048.5,1921.4285714285713,0.8275092936802975,268.67333333333335,340.43,429.9716666666666,80415.66666666667,3.0,75182.5,2.0,76329.41666666667,12.0,84151.33333333333,3.0,66584.0,2.0,-0.04439224571605116,0.12913763066202089,2.2891430851594454
2022,Северо-Казахстанская область,Ячмень,Акжарский район,26437.0,28020.1,1060.0,stat_gov_kz_real,Акжарский,Barley,0,0,0,0,0,53.789,71.738,16.4435,167.0848,1397.4922,3373.2219,112.1107,19.2729,20.0462,788.4331,0.2738,0.3051,0.2972,0.3241,0.2872,36.7606,57.727,2101.5686,119.6853,-10.6482,0.1196,0.1279,-1230.4074,0.0,1.22,1.38,40.883,38.0,32.567,33.5,3.157,2.36,6.833,7.3,31.4,31.0,36.05,35.5,40.833,21.1,429.9716666666666,381.91843016614285,,318.80665693333333,1756.7299999999998,1650.8083333333334,1666.7975,1275.9916666666666,772.1583333333333,700.015,117.2,119.8,120.3,119.5,205.1881825157127,219.4395640458116,242.9024352785156,263.238246116725,1200.0,1260.0,1360.0,1273.3333333333333,1422.0,24065.0,1226.1538461538462,0.9786700125470514,315.2375,231.56548795,201.692128575,84106.0,1.0,81595.0,2.0,82432.0,3.0,,,,,,,1.6456560237139435
2023,Северо-Казахстанская область,Ячмень,Акжарский район,38194.0,25606.870000000003,756.28,stat_gov_kz_real,Акжарский,Barley,0,0,0,0,0,53.789,71.738,16.163,87.2648,896.7142,2555.4635,29.0007,19.8448,21.5709,542.5174,0.2847,0.3149,0.2759,0.2649,0.2758,17.3849,7.0951,2068.7894,89.3868,-13.4029,0.0973,0.0508,-809.4494,0.0,1.22,1.38,40.883,38.0,32.567,33.5,3.157,2.36,6.833,7.3,31.4,31.0,36.05,35.5,40.833,21.1,340.43,257.74181354863634,,252.65528515370417,1065.1408333333334,1006.6991666666668,1118.5016666666668,886.4533333333334,550.0483333333333,358.0016666666667,98.9,96.1,93.6,90.9,202.9311125080399,210.8814210480249,227.35667942069057,239.28356572010304,1060.0,1200.0,1260.0,1173.3333333333333,1278.0,26437.0,1700.7692307692307,0.6232473993668024,429.9716666666666,315.2375,231.56548795,66140.0,3.0,60873.0,2.0,70694.9,10.0,84106.0,1.0,81595.0,2.0,,-0.25396163980636066,1.45557799091368
2024,Северо-Казахстанская область,Ячмень,Акжарский район,32804.8,50680.94,1540.0,stat_gov_kz_real,Акжарский,Barley,0,0,0,0,0,53.789,71.738,14.8831,328.8118,1078.5088,3167.2996,222.9707,17.5172,19.8919,617.3631,0.4134,0.4062,0.3875,0.3914,0.3782,56.8912,91.9888,1813.4636,124.0785,-14.0121,0.3049,0.3509,-749.697,0.0,1.22,1.38,40.883,38.0,32.567,33.5,3.157,2.36,6.833,7.3,31.4,31.0,36.05,35.5,40.833,21.1,268.67333333333335,230.878850445,,190.60477617365,1089.3890968508615,1059.975,1021.9542980012442,963.3648258333332,563.665,338.26916666666665,98.1,96.4,96.8,92.5,199.07542137038712,203.289689890296,220.0812656792285,221.3372982910953,756.28,1060.0,1200.0,1005.4266666666666,1127.2559999999999,38194.0,1212.3807692307691,0.623797423378667,340.43,429.9716666666666,315.2375,61969.0,3.0,45889.0,2.0,58712.181818181816,11.0,66140.0,3.0,60873.0,2.0,-0.06306319927426673,-0.2461518242899151,2.1505616965036647
2025,Северо-Казахстанская область,Ячмень,Акжарский район,28423.0,40205.83,1410.0,stat_gov_kz_real,Акжарский,Barley,0,0,0,0,0,53.789,71.738,16.4728,302.7539,1222.3207,3211.8416,157.1175,19.3062,19.9535,680.3201,0.365,0.3616,0.3287,0.3324,0.2972,61.0337,54.547,2104.4227,149.8883,-8.6027,0.2477,0.2162,-919.5668,0.0,1.22,1.38,40.883,38.0,32.567,33.5,3.157,2.36,6.833,7.3,31.4,31.0,36.05,35.5,40.833,21.1,243.3325,219.61538460375,,203.19753726864084,1226.4814225569482,1262.8893305316649,1139.8729249670616,1006.980403811544,685.2199999999999,422.655,99.9,101.1,95.5,114.4,198.87634594901675,205.52587647908928,210.1776087236632,253.20986924501307,1540.0,756.28,1060.0,1118.76,1163.2559999999999,32804.8,1873.076923076923,0.82217659137577,268.67333333333335,340.43,429.9716666666666,67897.66666666667,3.0,67157.5,2.0,60953.36363636364,11.0,61969.0,3.0,45889.0,2.0,0.09567149165980848,0.4634770860118982,2.2891430851594454
2023,Северо-Казахстанская область,Кукуруза,Аккайынский район,150.0,39.92,270.0,stat_gov_kz_real,Аккайынский,Maize,0,0,0,0,0,54.4586,69.5574,15.6913,106.2779,924.7547,2509.3969,54.202,19.1534,20.6033,540.0452,0.3176,0.3323,0.3245,0.2954,0.2973,30.7757,11.865,1966.3152,95.3503,-12.2642,0.1149,0.093,-818.4768,0.0,1.165,1.37,41.417,38.2,28.2,28.5,3.275,2.32,6.75,7.1,39.783,39.4,32.017,32.2,46.633,26.9,340.43,257.74181354863634,,252.65528515370417,1065.1408333333334,1006.6991666666668,1118.5016666666668,886.4533333333334,550.0483333333333,358.0016666666667,98.9,96.1,93.6,90.9,202.9311125080399,210.8814210480249,227.35667942069057,239.28356572010304,,,,,,,2363.1,,429.9716666666666,315.2375,231.56548795,,,,,,,,,,,,,1.45557799091368
2022,Северо-Казахстанская область,Подсолнечник,Аккайынский район,610.0,981.8,1610.0000000000002,stat_gov_kz_real,Аккайынский,Sunflower seed,0,0,0,1,0,54.4586,69.5574,15.5876,208.0846,1372.7615,3252.7883,143.3987,18.0347,19.1831,760.4477,0.31,0.3199,0.3146,0.3645,0.3269,56.8756,60.5819,1944.6205,120.2689,-10.2709,0.1516,0.1712,-1164.6769,0.0,1.165,1.37,41.417,38.2,28.2,28.5,3.275,2.32,6.75,7.1,39.783,39.4,32.017,32.2,46.633,26.9,429.9716666666666,381.91843016614285,,318.80665693333333,1756.7299999999998,1650.8083333333334,1666.7975,1275.9916666666666,772.1583333333333,700.015,117.2,119.8,120.3,119.5,205.1881825157127,219.4395640458116,242.9024352785156,263.238246116725,,,,,,,1212.7272727272727,,315.2375,231.56548795,201.692128575,,,172380.0,1.0,172380.0,1.0,,,,,,,1.6456560237139435
2023,Северо-Казахстанская область,Подсолнечник,Аккайынский район,2032.0,2101.1,1030.0,stat_gov_kz_real,Аккайынский,Sunflower seed,0,0,0,1,0,54.4586,69.5574,15.6913,106.2779,924.7547,2509.3969,54.202,19.1534,20.6033,540.0452,0.3176,0.3323,0.3245,0.2954,0.2973,30.7757,11.865,1966.3152,95.3503,-12.2642,0.1149,0.093,-818.4768,0.0,1.165,1.37,41.417,38.2,28.2,28.5,3.275,2.32,6.75,7.1,39.783,39.4,32.017,32.2,46.633,26.9,340.43,257.74181354863634,,252.65528515370417,1065.1408333333334,1006.6991666666668,1118.5016666666668,886.4533333333334,550.0483333333333,358.0016666666667,98.9,96.1,93.6,90.9,202.9311125080399,210.8814210480249,227.35667942069057,239.28356572010304,1610.0000000000002,,,1610.0000000000002,1610.0000000000002,610.0,1323.3333333333333,1.2166246851385394,429.9716666666666,315.2375,231.56548795,131584.0,1.0,138408.0,1.0,155876.25,4.0,,,172380.0,1.0,,,1.45557799091368
2024,Северо-Казахстанская область,Подсолнечник,Аккайынский район,2468.52,4660.2,1890.0,stat_gov_kz_real,Аккайынский,Sunflower seed,0,0,0,1,0,54.4586,69.5574,14.1258,333.4389,1072.3823,3109.2883,214.2436,16.5954,19.0112,594.8034,0.4266,0.4205,0.4154,0.3999,0.3789,78.0846,67.195,1674.2248,148.3443,-14.0632,0.3109,0.3345,-738.9434,0.0,1.165,1.37,41.417,38.2,28.2,28.5,3.275,2.32,6.75,7.1,39.783,39.4,32.017,32.2,46.633,26.9,268.67333333333335,230.878850445,,190.60477617365,1089.3890968508615,1059.975,1021.9542980012442,963.3648258333332,563.665,338.26916666666665,98.1,96.4,96.8,92.5,199.07542137038712,203.289689890296,220.0812656792285,221.3372982910953,1030.0,1610.0000000000002,,1320.0,1320.0,2032.0,1060.7692307692307,0.9709934735315446,340.43,429.9716666666666,315.2375,,,143193.0,2.0,135499.7142857143,7.0,131584.0,1.0,138408.0,1.0,,,2.1505616965036647
2025,Северо-Казахстанская область,Подсолнечник,Аккайынский район,4296.0,7242.67,1689.9999999999998,stat_gov_kz_real,Аккайынский,Sunflower seed,0,0,0,1,0,54.4586,69.5574,15.576,360.3876,1146.3147,3111.9182,222.0187,18.129,18.9984,633.4443,0.4278,0.421,0.3696,0.3699,0.3482,66.8864,64.7461,1940.1351,171.0527,-8.1701,0.3144,0.3327,-785.9271,0.0,1.165,1.37,41.417,38.2,28.2,28.5,3.275,2.32,6.75,7.1,39.783,39.4,32.017,32.2,46.633,26.9,243.3325,219.61538460375,,203.19753726864084,1226.4814225569482,1262.8893305316649,1139.8729249670616,1006.980403811544,685.2199999999999,422.655,99.9,101.1,95.5,114.4,198.87634594901675,205.52587647908928,210.1776087236632,253.20986924501307,1890.0,1030.0,1610.0000000000002,1510.0,1510.0,2468.52,1796.923076923077,1.0517979452054795,268.67333333333335,340.43,429.9716666666666,,,172103.5,2.0,173035.11111111112,9.0,,,143193.0,2.0,,0.20189883583694734,2.2891430851594454
2022,Северо-Казахстанская область,Пшеница,Аккайынский район,124152.9,201679.76,1620.0,stat_gov_kz_real,Аккайынский,Wheat,0,0,0,0,0,54.4586,69.5574,15.5876,208.0846,1372.7615,3252.7883,143.3987,18.0347,19.1831,760.4477,0.31,0.3199,0.3146,0.3645,0.3269,56.8756,60.5819,1944.6205,120.2689,-10.2709,0.1516,0.1712,-1164.6769,0.0,1.165,1.37,41.417,38.2,28.2,28.5,3.275,2.32,6.75,7.1,39.783,39.4,32.017,32.2,46.633,26.9,429.9716666666666,381.91843016614285,,318.80665693333333,1756.7299999999998,1650.8083333333334,1666.7975,1275.9916666666666,772.1583333333333,700.015,117.2,119.8,120.3,119.5,205.1881825157127,219.4395640458116,242.9024352785156,263.238246116725,1563.5148948500298,1608.3414250934793,1634.816617796377,1602.224312579962,1694.6753709436605,119410.4,1203.990434755327,1.298610727889848,315.2375,231.56548795,201.692128575,106756.0,1.0,104748.5,2.0,105417.66666666669,3.0,,,,,,,1.6456560237139435
2023,Северо-Казахстанская область,Пшеница,Аккайынский район,138089.1,191174.31000000003,1384.43,stat_gov_kz_real,Аккайынский,Wheat,0,0,0,0,0,54.4586,69.5574,15.6913,106.2779,924.7547,2509.3969,54.202,19.1534,20.6033,540.0452,0.3176,0.3323,0.3245,0.2954,0.2973,30.7757,11.865,1966.3152,95.3503,-12.2642,0.1149,0.093,-818.4768,0.0,1.165,1.37,41.417,38.2,28.2,28.5,3.275,2.32,6.75,7.1,39.783,39.4,32.017,32.2,46.633,26.9,340.43,257.74181354863634,,252.65528515370417,1065.1408333333334,1006.6991666666668,1118.5016666666668,886.4533333333334,550.0483333333333,358.0016666666667,98.9,96.1,93.6,90.9,202.9311125080399,210.8814210480249,227.35667942069057,239.28356572010304,1620.0,1563.5148948500298,1608.3414250934793,1597.2854399811697,1624.1238809013798,124152.9,1547.6923076923076,1.0467196819085487,429.9716666666666,315.2375,231.56548795,88034.0,3.0,95088.0,2.0,91444.83333333331,12.0,106756.0,1.0,104748.5,2.0,,-0.09222566432932211,1.45557799091368
2024,Северо-Казахстанская область,Пшеница,Аккайынский район,133335.51,307857.82,2310.0,stat_gov_kz_real,Аккайынский,Wheat,0,0,0,0,0,54.4586,69.5574,14.1258,333.4389,1072.3823,3109.2883,214.2436,16.5954,19.0112,594.8034,0.4266,0.4205,0.4154,0.3999,0.3789,78.0846,67.195,1674.2248,148.3443,-14.0632,0.3109,0.3345,-738.9434,0.0,1.165,1.37,41.417,38.2,28.2,28.5,3.275,2.32,6.75,7.1,39.783,39.4,32.017,32.2,46.633,26.9,268.67333333333335,230.878850445,,190.60477617365,1089.3890968508615,1059.975,1021.9542980012442,963.3648258333332,563.665,338.26916666666665,98.1,96.4,96.8,92.5,199.07542137038712,203.289689890296,220.0812656792285,221.3372982910953,1384.43,1620.0,1563.5148948500298,1522.6482982833434,1562.2205875479772,138089.1,1317.8771428571429,1.0505000466117587,340.43,429.9716666666666,315.2375,84151.33333333333,3.0,66584.0,2.0,87334.08333333333,12.0,88034.0,3.0,95088.0,2.0,-0.04410417187298854,-0.2997644287396938,2.1505616965036647
2025,Северо-Казахстанская область,Пшеница,Аккайынский район,113587.5,294193.23,2590.0,stat_gov_kz_real,Аккайынский,Wheat,0,0,0,0,0,54.4586,69.5574,15.576,360.3876,1146.3147,3111.9182,222.0187,18.129,18.9984,633.4443,0.4278,0.421,0.3696,0.3699,0.3482,66.8864,64.7461,1940.1351,171.0527,-8.1701,0.3144,0.3327,-785.9271,0.0,1.165,1.37,41.417,38.2,28.2,28.5,3.275,2.32,6.75,7.1,39.783,39.4,32.017,32.2,46.633,26.9,243.3325,219.61538460375,,203.19753726864084,1226.4814225569482,1262.8893305316649,1139.8729249670616,1006.980403811544,685.2199999999999,422.655,99.9,101.1,95.5,114.4,198.87634594901675,205.52587647908928,210.1776087236632,253.20986924501307,2310.0,1384.43,1620.0,1771.4766666666667,1697.2572639887017,133335.51,1921.4285714285713,1.2022304832713755,268.67333333333335,340.43,429.9716666666666,80415.66666666667,3.0,75182.5,2.0,76329.41666666667,12.0,84151.33333333333,3.0,66584.0,2.0,-0.04439224571605116,0.12913763066202089,2.2891430851594454
2022,Северо-Казахстанская область,Ячмень,Аккайынский район,24278.5,44008.84,1810.0,stat_gov_kz_real,Аккайынский,Barley,0,0,0,0,0,54.4586,69.5574,15.5876,208.0846,1372.7615,3252.7883,143.3987,18.0347,19.1831,760.4477,0.31,0.3199,0.3146,0.3645,0.3269,56.8756,60.5819,1944.6205,120.2689,-10.2709,0.1516,0.1712,-1164.6769,0.0,1.165,1.37,41.417,38.2,28.2,28.5,3.275,2.32,6.75,7.1,39.783,39.4,32.017,32.2,46.633,26.9,429.9716666666666,381.91843016614285,,318.80665693333333,1756.7299999999998,1650.8083333333334,1666.7975,1275.9916666666666,772.1583333333333,700.015,117.2,119.8,120.3,119.5,205.1881825157127,219.4395640458116,242.9024352785156,263.238246116725,1550.0,1510.0,1789.9999999999998,1616.6666666666667,1776.0,22312.0,1226.1538461538462,1.2641154328732747,315.2375,231.56548795,201.692128575,84106.0,1.0,81595.0,2.0,82432.0,3.0,,,,,,,1.6456560237139435
2023,Северо-Казахстанская область,Ячмень,Аккайынский район,22109.82,29103.824,1316.33,stat_gov_kz_real,Аккайынский,Barley,0,0,0,0,0,54.4586,69.5574,15.6913,106.2779,924.7547,2509.3969,54.202,19.1534,20.6033,540.0452,0.3176,0.3323,0.3245,0.2954,0.2973,30.7757,11.865,1966.3152,95.3503,-12.2642,0.1149,0.093,-818.4768,0.0,1.165,1.37,41.417,38.2,28.2,28.5,3.275,2.32,6.75,7.1,39.783,39.4,32.017,32.2,46.633,26.9,340.43,257.74181354863634,,252.65528515370417,1065.1408333333334,1006.6991666666668,1118.5016666666668,886.4533333333334,550.0483333333333,358.0016666666667,98.9,96.1,93.6,90.9,202.9311125080399,210.8814210480249,227.35667942069057,239.28356572010304,1810.0,1550.0,1510.0,1623.3333333333333,1734.0,24278.5,1700.7692307692307,1.0642243328810492,429.9716666666666,315.2375,231.56548795,66140.0,3.0,60873.0,2.0,70694.9,10.0,84106.0,1.0,81595.0,2.0,,-0.25396163980636066,1.45557799091368
2024,Северо-Казахстанская область,Ячмень,Аккайынский район,39823.6,37409.1,2060.0,stat_gov_kz_real,Аккайынский,Barley,0,0,0,0,0,54.4586,69.5574,14.1258,333.4389,1072.3823,3109.2883,214.2436,16.5954,19.0112,594.8034,0.4266,0.4205,0.4154,0.3999,0.3789,78.0846,67.195,1674.2248,148.3443,-14.0632,0.3109,0.3345,-738.9434,0.0,1.165,1.37,41.417,38.2,28.2,28.5,3.275,2.32,6.75,7.1,39.783,39.4,32.017,32.2,46.633,26.9,268.67333333333335,230.878850445,,190.60477617365,1089.3890968508615,1059.975,1021.9542980012442,963.3648258333332,563.665,338.26916666666665,98.1,96.4,96.8,92.5,199.07542137038712,203.289689890296,220.0812656792285,221.3372982910953,1316.33,1810.0,1550.0,1558.7766666666666,1595.266,22109.82,1212.3807692307691,1.0857397555350408,340.43,429.9716666666666,315.2375,61969.0,3.0,45889.0,2.0,58712.181818181816,11.0,66140.0,3.0,60873.0,2.0,-0.06306319927426673,-0.2461518242899151,2.1505616965036647
2025,Северо-Казахстанская область,Ячмень,Аккайынский район,16438.6,43599.9,2650.0,stat_gov_kz_real,Аккайынский,Barley,0,0,0,0,0,54.4586,69.5574,15.576,360.3876,1146.3147,3111.9182,222.0187,18.129,18.9984,633.4443,0.4278,0.421,0.3696,0.3699,0.3482,66.8864,64.7461,1940.1351,171.0527,-8.1701,0.3144,0.3327,-785.9271,0.0,1.165,1.37,41.417,38.2,28.2,28.5,3.275,2.32,6.75,7.1,39.783,39.4,32.017,32.2,46.633,26.9,243.3325,219.61538460375,,203.19753726864084,1226.4814225569482,1262.8893305316649,1139.8729249670616,1006.980403811544,685.2199999999999,422.655,99.9,101.1,95.5,114.4,198.87634594901675,205.52587647908928,210.1776087236632,253.20986924501307,2060.0,1316.33,1810.0,1728.7766666666666,1649.266,39823.6,1873.076923076923,1.099794661190965,268.67333333333335,340.43,429.9716666666666,67897.66666666667,3.0,67157.5,2.0,60953.36363636364,11.0,61969.0,3.0,45889.0,2.0,0.09567149165980848,0.4634770860118982,2.2891430851594454
2022,Северо-Казахстанская область,Кукуруза,район им. Г.Мусрепова,424.0,854.3000000000001,2014.9,stat_gov_kz_real,Г.Мусрепова,Maize,0,0,1,0,0,53.048,66.0546,16.2494,135.6512,1422.2147,3375.4155,111.4353,18.21,20.1369,836.0611,0.3345,0.3252,0.3143,0.2932,0.2856,36.4044,36.4086,2065.3537,146.8653,-10.1129,0.0954,0.1314,-1286.5635,0.0,1.195,1.37,43.983,42.8,30.783,31.2,3.453,2.55,7.017,7.6,32.983,32.4,36.2,36.4,42.7,33.4,429.9716666666666,381.91843016614285,,318.80665693333333,1756.7299999999998,1650.8083333333334,1666.7975,1275.9916666666666,772.1583333333333,700.015,117.2,119.8,120.3,119.5,205.1881825157127,219.4395640458116,242.9024352785156,263.238246116725,,,,,,,1479.3,,315.2375,231.56548795,201.692128575,,,,,,,,,,,,,1.6456560237139435
2023,Северо-Казахстанская область,Кукуруза,район им. Г.Мусрепова,1482.0,2655.9,1789.9999999999998,stat_gov_kz_real,Г.Мусрепова,Maize,0,0,0,0,0,53.048,66.0546,16.0251,135.8456,894.1255,2497.8598,76.1481,19.3669,20.7608,529.6347,0.3232,0.3432,0.317,0.3276,0.3173,37.9392,22.5107,2027.5615,127.4284,-12.9624,0.1519,0.1356,-758.2799,0.0,1.195,1.37,43.983,42.8,30.783,31.2,3.453,2.55,7.017,7.6,32.983,32.4,36.2,36.4,42.7,33.4,340.43,257.74181354863634,,252.65528515370417,1065.1408333333334,1006.6991666666668,1118.5016666666668,886.4533333333334,550.0483333333333,358.0016666666667,98.9,96.1,93.6,90.9,202.9311125080399,210.8814210480249,227.35667942069057,239.28356572010304,2014.9,,,2014.9,2014.9,424.0,2363.1,0.852651178536668,429.9716666666666,315.2375,231.56548795,,,,,,,,,,,,,1.45557799091368
2022,Северо-Казахстанская область,Подсолнечник,район им. Г.Мусрепова,21238.0,21286.78,1000.0,stat_gov_kz_real,Г.Мусрепова,Sunflower seed,0,0,0,0,0,53.048,66.0546,16.2494,135.6512,1422.2147,3375.4155,111.4353,18.21,20.1369,836.0611,0.3345,0.3252,0.3143,0.2932,0.2856,36.4044,36.4086,2065.3537,146.8653,-10.1129,0.0954,0.1314,-1286.5635,0.0,1.195,1.37,43.983,42.8,30.783,31.2,3.453,2.55,7.017,7.6,32.983,32.4,36.2,36.4,42.7,33.4,429.9716666666666,381.91843016614285,,318.80665693333333,1756.7299999999998,1650.8083333333334,1666.7975,1275.9916666666666,772.1583333333333,700.015,117.2,119.8,120.3,119.5,205.1881825157127,219.4395640458116,242.9024352785156,263.238246116725,610.0,1400.0,700.0,903.3333333333334,884.0,16435.0,1212.7272727272727,0.5029985007496252,315.2375,231.56548795,201.692128575,,,172380.0,1.0,172380.0,1.0,,,,,,,1.6456560237139435
2023,Северо-Казахстанская область,Подсолнечник,район им. Г.Мусрепова,25442.0,20753.7,819.9999999999999,stat_gov_kz_real,Г.Мусрепова,Sunflower seed,0,0,0,0,0,53.048,66.0546,16.0251,135.8456,894.1255,2497.8598,76.1481,19.3669,20.7608,529.6347,0.3232,0.3432,0.317,0.3276,0.3173,37.9392,22.5107,2027.5615,127.4284,-12.9624,0.1519,0.1356,-758.2799,0.0,1.195,1.37,43.983,42.8,30.783,31.2,3.453,2.55,7.017,7.6,32.983,32.4,36.2,36.4,42.7,33.4,340.43,257.74181354863634,,252.65528515370417,1065.1408333333334,1006.6991666666668,1118.5016666666668,886.4533333333334,550.0483333333333,358.0016666666667,98.9,96.1,93.6,90.9,202.9311125080399,210.8814210480249,227.35667942069057,239.28356572010304,1000.0,610.0,1400.0,1003.3333333333334,924.0,21238.0,1323.3333333333333,0.7556675062972292,429.9716666666666,315.2375,231.56548795,131584.0,1.0,138408.0,1.0,155876.25,4.0,,,172380.0,1.0,,,1.45557799091368
2024,Северо-Казахстанская область,Подсолнечник,район им. Г.Мусрепова,23601.0,33618.71,1710.0000000000002,stat_gov_kz_real,Г.Мусрепова,Sunflower seed,0,0,0,0,0,53.048,66.0546,14.8507,309.019,1190.8759,3266.6559,199.2262,17.3773,19.6702,698.3468,0.4056,0.4022,0.3641,0.3943,0.3698,63.1697,89.6752,1806.3526,166.5019,-13.4431,0.2595,0.272,-881.8569,0.0,1.195,1.37,43.983,42.8,30.783,31.2,3.453,2.55,7.017,7.6,32.983,32.4,36.2,36.4,42.7,33.4,268.67333333333335,230.878850445,,190.60477617365,1089.3890968508615,1059.975,1021.9542980012442,963.3648258333332,563.665,338.26916666666665,98.1,96.4,96.8,92.5,199.07542137038712,203.289689890296,220.0812656792285,221.3372982910953,819.9999999999999,1000.0,610.0,810.0,906.0,25442.0,1060.7692307692307,0.7730239303843364,340.43,429.9716666666666,315.2375,,,143193.0,2.0,135499.7142857143,7.0,131584.0,1.0,138408.0,1.0,,,2.1505616965036647
2025,Северо-Казахстанская область,Подсолнечник,район им. Г.Мусрепова,34116.0,55109.780000000006,1620.0,stat_gov_kz_real,Г.Мусрепова,Sunflower seed,0,0,0,0,0,53.048,66.0546,16.1725,351.1136,1242.304,3213.9012,247.1812,18.6494,19.3647,677.1974,0.4104,0.4111,0.3734,0.3449,0.321,60.2813,89.0874,2049.7801,179.3314,-8.3988,0.2826,0.3482,-891.1903,0.0,1.195,1.37,43.983,42.8,30.783,31.2,3.453,2.55,7.017,7.6,32.983,32.4,36.2,36.4,42.7,33.4,243.3325,219.61538460375,,203.19753726864084,1226.4814225569482,1262.8893305316649,1139.8729249670616,1006.980403811544,685.2199999999999,422.655,99.9,101.1,95.5,114.4,198.87634594901675,205.52587647908928,210.1776087236632,253.20986924501307,1710.0000000000002,819.9999999999999,1000.0,1176.6666666666667,1108.0,23601.0,1796.923076923077,0.9516267123287673,268.67333333333335,340.43,429.9716666666666,,,172103.5,2.0,173035.11111111112,9.0,,,143193.0,2.0,,0.20189883583694734,2.2891430851594454
2022,Северо-Казахстанская область,Пшеница,район им. Г.Мусрепова,421186.6,604444.8099999999,1450.0,stat_gov_kz_real,Г.Мусрепова,Wheat,0,0,0,0,0,53.048,66.0546,16.2494,135.6512,1422.2147,3375.4155,111.4353,18.21,20.1369,836.0611,0.3345,0.3252,0.3143,0.2932,0.2856,36.4044,36.4086,2065.3537,146.8653,-10.1129,0.0954,0.1314,-1286.5635,0.0,1.195,1.37,43.983,42.8,30.783,31.2,3.453,2.55,7.017,7.6,32.983,32.4,36.2,36.4,42.7,33.4,429.9716666666666,381.91843016614285,,318.80665693333333,1756.7299999999998,1650.8083333333334,1666.7975,1275.9916666666666,772.1583333333333,700.015,117.2,119.8,120.3,119.5,205.1881825157127,219.4395640458116,242.9024352785156,263.238246116725,1014.7152100309952,1397.7106711381653,1322.1429599092494,1244.85628035947,1361.2132716847896,412258.2,1203.990434755327,0.842793414913802,315.2375,231.56548795,201.692128575,106756.0,1.0,104748.5,2.0,105417.66666666669,3.0,,,,,,,1.6456560237139435
2023,Северо-Казахстанская область,Пшеница,район им. Г.Мусрепова,457089.4,462775.16,1014.52,stat_gov_kz_real,Г.Мусрепова,Wheat,0,0,0,0,0,53.048,66.0546,16.0251,135.8456,894.1255,2497.8598,76.1481,19.3669,20.7608,529.6347,0.3232,0.3432,0.317,0.3276,0.3173,37.9392,22.5107,2027.5615,127.4284,-12.9624,0.1519,0.1356,-758.2799,0.0,1.195,1.37,43.983,42.8,30.783,31.2,3.453,2.55,7.017,7.6,32.983,32.4,36.2,36.4,42.7,33.4,340.43,257.74181354863634,,252.65528515370417,1065.1408333333334,1006.6991666666668,1118.5016666666668,886.4533333333334,550.0483333333333,358.0016666666667,98.9,96.1,93.6,90.9,202.9311125080399,210.8814210480249,227.35667942069057,239.28356572010304,1450.0,1014.7152100309952,1397.7106711381653,1287.4752937230535,1328.0899360752696,421186.6,1547.6923076923076,0.9368787276341949,429.9716666666666,315.2375,231.56548795,88034.0,3.0,95088.0,2.0,91444.83333333331,12.0,106756.0,1.0,104748.5,2.0,,-0.09222566432932211,1.45557799091368
2024,Северо-Казахстанская область,Пшеница,район им. Г.Мусрепова,457560.0,736562.38,1610.0000000000002,stat_gov_kz_real,Г.Мусрепова,Wheat,0,0,0,0,0,53.048,66.0546,14.8507,309.019,1190.8759,3266.6559,199.2262,17.3773,19.6702,698.3468,0.4056,0.4022,0.3641,0.3943,0.3698,63.1697,89.6752,1806.3526,166.5019,-13.4431,0.2595,0.272,-881.8569,0.0,1.195,1.37,43.983,42.8,30.783,31.2,3.453,2.55,7.017,7.6,32.983,32.4,36.2,36.4,42.7,33.4,268.67333333333335,230.878850445,,190.60477617365,1089.3890968508615,1059.975,1021.9542980012442,963.3648258333332,563.665,338.26916666666665,98.1,96.4,96.8,92.5,199.07542137038712,203.289689890296,220.0812656792285,221.3372982910953,1014.52,1450.0,1014.7152100309952,1159.7450700103318,1239.817768215682,457089.4,1317.8771428571429,0.7698137914438155,340.43,429.9716666666666,315.2375,84151.33333333333,3.0,66584.0,2.0,87334.08333333333,12.0,88034.0,3.0,95088.0,2.0,-0.04410417187298854,-0.2997644287396938,2.1505616965036647
2025,Северо-Казахстанская область,Пшеница,район им. Г.Мусрепова,383129.9,689276.9500000001,1800.0,stat_gov_kz_real,Г.Мусрепова,Wheat,0,0,0,0,0,53.048,66.0546,16.1725,351.1136,1242.304,3213.9012,247.1812,18.6494,19.3647,677.1974,0.4104,0.4111,0.3734,0.3449,0.321,60.2813,89.0874,2049.7801,179.3314,-8.3988,0.2826,0.3482,-891.1903,0.0,1.195,1.37,43.983,42.8,30.783,31.2,3.453,2.55,7.017,7.6,32.983,32.4,36.2,36.4,42.7,33.4,243.3325,219.61538460375,,203.19753726864084,1226.4814225569482,1262.8893305316649,1139.8729249670616,1006.980403811544,685.2199999999999,422.655,99.9,101.1,95.5,114.4,198.87634594901675,205.52587647908928,210.1776087236632,253.20986924501307,1610.0000000000002,1014.52,1450.0,1358.1733333333334,1297.3891762338321,457560.0,1921.4285714285713,0.8379182156133831,268.67333333333335,340.43,429.9716666666666,80415.66666666667,3.0,75182.5,2.0,76329.41666666667,12.0,84151.33333333333,3.0,66584.0,2.0,-0.04439224571605116,0.12913763066202089,2.2891430851594454
2022,Северо-Казахстанская область,Ячмень,район им. Г.Мусрепова,62473.9,95921.39,1540.0,stat_gov_kz_real,Г.Мусрепова,Barley,0,0,0,0,0,53.048,66.0546,16.2494,135.6512,1422.2147,3375.4155,111.4353,18.21,20.1369,836.0611,0.3345,0.3252,0.3143,0.2932,0.2856,36.4044,36.4086,2065.3537,146.8653,-10.1129,0.0954,0.1314,-1286.5635,0.0,1.195,1.37,43.983,42.8,30.783,31.2,3.453,2.55,7.017,7.6,32.983,32.4,36.2,36.4,42.7,33.4,429.9716666666666,381.91843016614285,,318.80665693333333,1756.7299999999998,1650.8083333333334,1666.7975,1275.9916666666666,772.1583333333333,700.015,117.2,119.8,120.3,119.5,205.1881825157127,219.4395640458116,242.9024352785156,263.238246116725,850.0,1310.0,1380.0,1180.0,1374.0,57822.0,1226.1538461538462,0.6932245922208281,315.2375,231.56548795,201.692128575,84106.0,1.0,81595.0,2.0,82432.0,3.0,,,,,,,1.6456560237139435
2023,Северо-Казахстанская область,Ячмень,район им. Г.Мусрепова,63826.4,60603.32,966.65,stat_gov_kz_real,Г.Мусрепова,Barley,0,0,0,0,0,53.048,66.0546,16.0251,135.8456,894.1255,2497.8598,76.1481,19.3669,20.7608,529.6347,0.3232,0.3432,0.317,0.3276,0.3173,37.9392,22.5107,2027.5615,127.4284,-12.9624,0.1519,0.1356,-758.2799,0.0,1.195,1.37,43.983,42.8,30.783,31.2,3.453,2.55,7.017,7.6,32.983,32.4,36.2,36.4,42.7,33.4,340.43,257.74181354863634,,252.65528515370417,1065.1408333333334,1006.6991666666668,1118.5016666666668,886.4533333333334,550.0483333333333,358.0016666666667,98.9,96.1,93.6,90.9,202.9311125080399,210.8814210480249,227.35667942069057,239.28356572010304,1540.0,850.0,1310.0,1233.3333333333333,1342.0,62473.9,1700.7692307692307,0.9054726368159204,429.9716666666666,315.2375,231.56548795,66140.0,3.0,60873.0,2.0,70694.9,10.0,84106.0,1.0,81595.0,2.0,,-0.25396163980636066,1.45557799091368
2024,Северо-Казахстанская область,Ячмень,район им. Г.Мусрепова,59794.6,113341.67,1900.0,stat_gov_kz_real,Г.Мусрепова,Barley,0,0,0,0,0,53.048,66.0546,14.8507,309.019,1190.8759,3266.6559,199.2262,17.3773,19.6702,698.3468,0.4056,0.4022,0.3641,0.3943,0.3698,63.1697,89.6752,1806.3526,166.5019,-13.4431,0.2595,0.272,-881.8569,0.0,1.195,1.37,43.983,42.8,30.783,31.2,3.453,2.55,7.017,7.6,32.983,32.4,36.2,36.4,42.7,33.4,268.67333333333335,230.878850445,,190.60477617365,1089.3890968508615,1059.975,1021.9542980012442,963.3648258333332,563.665,338.26916666666665,98.1,96.4,96.8,92.5,199.07542137038712,203.289689890296,220.0812656792285,221.3372982910953,966.65,1540.0,850.0,1118.8833333333334,1209.33,63826.4,1212.3807692307691,0.7973155171483953,340.43,429.9716666666666,315.2375,61969.0,3.0,45889.0,2.0,58712.181818181816,11.0,66140.0,3.0,60873.0,2.0,-0.06306319927426673,-0.2461518242899151,2.1505616965036647
2025,Северо-Казахстанская область,Ячмень,район им. Г.Мусрепова,65210.6,126260.32,1940.0,stat_gov_kz_real,Г.Мусрепова,Barley,0,0,0,0,0,53.048,66.0546,16.1725,351.1136,1242.304,3213.9012,247.1812,18.6494,19.3647,677.1974,0.4104,0.4111,0.3734,0.3449,0.321,60.2813,89.0874,2049.7801,179.3314,-8.3988,0.2826,0.3482,-891.1903,0.0,1.195,1.37,43.983,42.8,30.783,31.2,3.453,2.55,7.017,7.6,32.983,32.4,36.2,36.4,42.7,33.4,243.3325,219.61538460375,,203.19753726864084,1226.4814225569482,1262.8893305316649,1139.8729249670616,1006.980403811544,685.2199999999999,422.655,99.9,101.1,95.5,114.4,198.87634594901675,205.52587647908928,210.1776087236632,253.20986924501307,1900.0,966.65,1540.0,1468.8833333333332,1313.33,59794.6,1873.076923076923,1.0143737166324436,268.67333333333335,340.43,429.9716666666666,67897.66666666667,3.0,67157.5,2.0,60953.36363636364,11.0,61969.0,3.0,45889.0,2.0,0.09567149165980848,0.4634770860118982,2.2891430851594454
2023,Северо-Казахстанская область,Кукуруза,Есильский район,735.0,1387.0,1890.0,stat_gov_kz_real,Есильский,Maize,0,0,0,0,0,54.1104,68.2769,15.9075,109.4286,883.9729,2495.2989,58.6072,19.306,20.7862,518.1331,0.3021,0.3149,0.3186,0.2949,0.2916,32.8456,14.4774,2006.0274,94.5581,-12.2368,0.1238,0.1055,-774.5443,0.0,1.187,1.39,41.333,39.7,28.167,28.6,5.045,3.77,6.65,7.1,38.533,37.9,33.267,33.5,58.317,48.1,340.43,257.74181354863634,,252.65528515370417,1065.1408333333334,1006.6991666666668,1118.5016666666668,886.4533333333334,550.0483333333333,358.0016666666667,98.9,96.1,93.6,90.9,202.9311125080399,210.8814210480249,227.35667942069057,239.28356572010304,,,,,2110.3,,2363.1,,429.9716666666666,315.2375,231.56548795,,,,,,,,,,,,,1.45557799091368
2024,Северо-Казахстанская область,Кукуруза,Есильский район,674.0,1995.1,2960.0,stat_gov_kz_real,Есильский,Maize,0,0,0,0,0,54.1104,68.2769,14.3453,346.2661,1052.4027,3124.1718,230.1728,16.8527,19.183,595.0318,0.4003,0.3919,0.3917,0.3997,0.3791,74.2409,91.1394,1714.1585,146.7868,-13.5968,0.329,0.3617,-706.1365,0.0,1.187,1.39,41.333,39.7,28.167,28.6,5.045,3.77,6.65,7.1,38.533,37.9,33.267,33.5,58.317,48.1,268.67333333333335,230.878850445,,190.60477617365,1089.3890968508615,1059.975,1021.9542980012442,963.3648258333332,563.665,338.26916666666665,98.1,96.4,96.8,92.5,199.07542137038712,203.289689890296,220.0812656792285,221.3372982910953,1890.0,,,1890.0,1890.0,735.0,1098.0,1.721311475409836,340.43,429.9716666666666,315.2375,,,,,,,,,,,,,2.1505616965036647
2025,Северо-Казахстанская область,Кукуруза,Есильский район,40.0,65.7,1639.9999999999998,stat_gov_kz_real,Есильский,Maize,0,0,0,0,0,54.1104,68.2769,15.7165,361.3245,1116.6113,3114.2831,227.6071,18.2795,19.1308,623.1756,0.4143,0.4104,0.3537,0.3466,0.3245,52.5986,75.2555,1966.0814,163.5345,-8.1274,0.3236,0.3505,-755.2867,0.0,1.187,1.39,41.333,39.7,28.167,28.6,5.045,3.77,6.65,7.1,38.533,37.9,33.267,33.5,58.317,48.1,243.3325,219.61538460375,,203.19753726864084,1226.4814225569482,1262.8893305316649,1139.8729249670616,1006.980403811544,685.2199999999999,422.655,99.9,101.1,95.5,114.4,198.87634594901675,205.52587647908928,210.1776087236632,253.20986924501307,2960.0,1890.0,,2425.0,2425.0,674.0,2553.3333333333335,1.1592689295039165,268.67333333333335,340.43,429.9716666666666,,,,,,,,,,,,,2.2891430851594454
2022,Северо-Казахстанская область,Подсолнечник,Есильский район,9616.0,16749.100000000002,1739.9999999999998,stat_gov_kz_real,Есильский,Sunflower seed,0,0,0,1,0,54.1104,68.2769,15.6559,214.7048,1304.1548,3273.7119,153.3357,17.8905,19.2958,730.0664,0.3163,0.3093,0.3087,0.3357,0.3126,58.9793,61.0702,1956.7997,116.258,-9.8826,0.1646,0.194,-1089.45,0.0,1.187,1.39,41.333,39.7,28.167,28.6,5.045,3.77,6.65,7.1,38.533,37.9,33.267,33.5,58.317,48.1,429.9716666666666,381.91843016614285,,318.80665693333333,1756.7299999999998,1650.8083333333334,1666.7975,1275.9916666666666,772.1583333333333,700.015,117.2,119.8,120.3,119.5,205.1881825157127,219.4395640458116,242.9024352785156,263.238246116725,1850.0,1900.0,,1875.0,1875.0,5145.0,1212.7272727272727,1.525487256371814,315.2375,231.56548795,201.692128575,,,172380.0,1.0,172380.0,1.0,,,,,,,1.6456560237139435
2023,Северо-Казахстанская область,Подсолнечник,Есильский район,11095.62,13402.6,1230.0,stat_gov_kz_real,Есильский,Sunflower seed,0,0,0,1,0,54.1104,68.2769,15.9075,109.4286,883.9729,2495.2989,58.6072,19.306,20.7862,518.1331,0.3021,0.3149,0.3186,0.2949,0.2916,32.8456,14.4774,2006.0274,94.5581,-12.2368,0.1238,0.1055,-774.5443,0.0,1.187,1.39,41.333,39.7,28.167,28.6,5.045,3.77,6.65,7.1,38.533,37.9,33.267,33.5,58.317,48.1,340.43,257.74181354863634,,252.65528515370417,1065.1408333333334,1006.6991666666668,1118.5016666666668,886.4533333333334,550.0483333333333,358.0016666666667,98.9,96.1,93.6,90.9,202.9311125080399,210.8814210480249,227.35667942069057,239.28356572010304,1739.9999999999998,1850.0,1900.0,1830.0,1830.0,9616.0,1323.3333333333333,1.3148614609571787,429.9716666666666,315.2375,231.56548795,131584.0,1.0,138408.0,1.0,155876.25,4.0,,,172380.0,1.0,,,1.45557799091368
2024,Северо-Казахстанская область,Подсолнечник,Есильский район,13998.6,18139.7,1310.0,stat_gov_kz_real,Есильский,Sunflower seed,0,0,0,1,0,54.1104,68.2769,14.3453,346.2661,1052.4027,3124.1718,230.1728,16.8527,19.183,595.0318,0.4003,0.3919,0.3917,0.3997,0.3791,74.2409,91.1394,1714.1585,146.7868,-13.5968,0.329,0.3617,-706.1365,0.0,1.187,1.39,41.333,39.7,28.167,28.6,5.045,3.77,6.65,7.1,38.533,37.9,33.267,33.5,58.317,48.1,268.67333333333335,230.878850445,,190.60477617365,1089.3890968508615,1059.975,1021.9542980012442,963.3648258333332,563.665,338.26916666666665,98.1,96.4,96.8,92.5,199.07542137038712,203.289689890296,220.0812656792285,221.3372982910953,1230.0,1739.9999999999998,1850.0,1606.6666666666667,1680.0,11095.62,1060.7692307692307,1.1595358955765047,340.43,429.9716666666666,315.2375,,,143193.0,2.0,135499.7142857143,7.0,131584.0,1.0,138408.0,1.0,,,2.1505616965036647
2025,Северо-Казахстанская область,Подсолнечник,Есильский район,16142.0,20280.300000000003,1280.0,stat_gov_kz_real,Есильский,Sunflower seed,0,0,0,1,0,54.1104,68.2769,15.7165,361.3245,1116.6113,3114.2831,227.6071,18.2795,19.1308,623.1756,0.4143,0.4104,0.3537,0.3466,0.3245,52.5986,75.2555,1966.0814,163.5345,-8.1274,0.3236,0.3505,-755.2867,0.0,1.187,1.39,41.333,39.7,28.167,28.6,5.045,3.77,6.65,7.1,38.533,37.9,33.267,33.5,58.317,48.1,243.3325,219.61538460375,,203.19753726864084,1226.4814225569482,1262.8893305316649,1139.8729249670616,1006.980403811544,685.2199999999999,422.655,99.9,101.1,95.5,114.4,198.87634594901675,205.52587647908928,210.1776087236632,253.20986924501307,1310.0,1230.0,1739.9999999999998,1426.6666666666667,1606.0,13998.6,1796.923076923077,0.7290239726027398,268.67333333333335,340.43,429.9716666666666,,,172103.5,2.0,173035.11111111112,9.0,,,143193.0,2.0,,0.20189883583694734,2.2891430851594454
2022,Северо-Казахстанская область,Пшеница,Есильский район,159985.0,277573.31,1739.9999999999998,stat_gov_kz_real,Есильский,Wheat,0,0,0,0,0,54.1104,68.2769,15.6559,214.7048,1304.1548,3273.7119,153.3357,17.8905,19.2958,730.0664,0.3163,0.3093,0.3087,0.3357,0.3126,58.9793,61.0702,1956.7997,116.258,-9.8826,0.1646,0.194,-1089.45,0.0,1.187,1.39,41.333,39.7,28.167,28.6,5.045,3.77,6.65,7.1,38.533,37.9,33.267,33.5,58.317,48.1,429.9716666666666,381.91843016614285,,318.80665693333333,1756.7299999999998,1650.8083333333334,1666.7975,1275.9916666666666,772.1583333333333,700.015,117.2,119.8,120.3,119.5,205.1881825157127,219.4395640458116,242.9024352785156,263.238246116725,1331.5633568295202,1811.0085030629905,1726.6812855527842,1623.0843818150981,1675.8494388954082,158068.2,1203.990434755327,1.105958418266104,315.2375,231.56548795,201.692128575,106756.0,1.0,104748.5,2.0,105417.66666666669,3.0,,,,,,,1.6456560237139435
2023,Северо-Казахстанская область,Пшеница,Есильский район,176075.2,309702.108,1759.88,stat_gov_kz_real,Есильский,Wheat,0,0,0,0,0,54.1104,68.2769,15.9075,109.4286,883.9729,2495.2989,58.6072,19.306,20.7862,518.1331,0.3021,0.3149,0.3186,0.2949,0.2916,32.8456,14.4774,2006.0274,94.5581,-12.2368,0.1238,0.1055,-774.5443,0.0,1.187,1.39,41.333,39.7,28.167,28.6,5.045,3.77,6.65,7.1,38.533,37.9,33.267,33.5,58.317,48.1,340.43,257.74181354863634,,252.65528515370417,1065.1408333333334,1006.6991666666668,1118.5016666666668,886.4533333333334,550.0483333333333,358.0016666666667,98.9,96.1,93.6,90.9,202.9311125080399,210.8814210480249,227.35667942069057,239.28356572010304,1739.9999999999998,1331.5633568295202,1811.0085030629905,1627.5239532975036,1663.2661472432508,159985.0,1547.6923076923076,1.1242544731610338,429.9716666666666,315.2375,231.56548795,88034.0,3.0,95088.0,2.0,91444.83333333331,12.0,106756.0,1.0,104748.5,2.0,,-0.09222566432932211,1.45557799091368
2024,Северо-Казахстанская область,Пшеница,Есильский район,161435.55,304067.54,1890.0,stat_gov_kz_real,Есильский,Wheat,0,0,0,0,0,54.1104,68.2769,14.3453,346.2661,1052.4027,3124.1718,230.1728,16.8527,19.183,595.0318,0.4003,0.3919,0.3917,0.3997,0.3791,74.2409,91.1394,1714.1585,146.7868,-13.5968,0.329,0.3617,-706.1365,0.0,1.187,1.39,41.333,39.7,28.167,28.6,5.045,3.77,6.65,7.1,38.533,37.9,33.267,33.5,58.317,48.1,268.67333333333335,230.878850445,,190.60477617365,1089.3890968508615,1059.975,1021.9542980012442,963.3648258333332,563.665,338.26916666666665,98.1,96.4,96.8,92.5,199.07542137038712,203.289689890296,220.0812656792285,221.3372982910953,1759.88,1739.9999999999998,1331.5633568295202,1610.4811189431737,1673.8266290890592,176075.2,1317.8771428571429,1.3353900320211942,340.43,429.9716666666666,315.2375,84151.33333333333,3.0,66584.0,2.0,87334.08333333333,12.0,88034.0,3.0,95088.0,2.0,-0.04410417187298854,-0.2997644287396938,2.1505616965036647
2025,Северо-Казахстанская область,Пшеница,Есильский район,130315.2,328497.97000000003,2530.0,stat_gov_kz_real,Есильский,Wheat,0,0,0,0,0,54.1104,68.2769,15.7165,361.3245,1116.6113,3114.2831,227.6071,18.2795,19.1308,623.1756,0.4143,0.4104,0.3537,0.3466,0.3245,52.5986,75.2555,1966.0814,163.5345,-8.1274,0.3236,0.3505,-755.2867,0.0,1.187,1.39,41.333,39.7,28.167,28.6,5.045,3.77,6.65,7.1,38.533,37.9,33.267,33.5,58.317,48.1,243.3325,219.61538460375,,203.19753726864084,1226.4814225569482,1262.8893305316649,1139.8729249670616,1006.980403811544,685.2199999999999,422.655,99.9,101.1,95.5,114.4,198.87634594901675,205.52587647908928,210.1776087236632,253.20986924501307,1890.0,1759.88,1739.9999999999998,1796.6266666666668,1706.4903719785023,161435.55,1921.4285714285713,0.9836431226765799,268.67333333333335,340.43,429.9716666666666,80415.66666666667,3.0,75182.5,2.0,76329.41666666667,12.0,84151.33333333333,3.0,66584.0,2.0,-0.04439224571605116,0.12913763066202089,2.2891430851594454
2022,Северо-Казахстанская область,Ячмень,Есильский район,27755.5,51806.87,1870.0,stat_gov_kz_real,Есильский,Barley,0,0,0,0,0,54.1104,68.2769,15.6559,214.7048,1304.1548,3273.7119,153.3357,17.8905,19.2958,730.0664,0.3163,0.3093,0.3087,0.3357,0.3126,58.9793,61.0702,1956.7997,116.258,-9.8826,0.1646,0.194,-1089.45,0.0,1.187,1.39,41.333,39.7,28.167,28.6,5.045,3.77,6.65,7.1,38.533,37.9,33.267,33.5,58.317,48.1,429.9716666666666,381.91843016614285,,318.80665693333333,1756.7299999999998,1650.8083333333334,1666.7975,1275.9916666666666,772.1583333333333,700.015,117.2,119.8,120.3,119.5,205.1881825157127,219.4395640458116,242.9024352785156,263.238246116725,1660.0000000000002,1860.0,2010.0,1843.3333333333333,1930.0,25859.0,1226.1538461538462,1.353826850690088,315.2375,231.56548795,201.692128575,84106.0,1.0,81595.0,2.0,82432.0,3.0,,,,,,,1.6456560237139435
2023,Северо-Казахстанская область,Ячмень,Есильский район,24859.5,39936.57800000001,1612.7199999999998,stat_gov_kz_real,Есильский,Barley,0,0,0,0,0,54.1104,68.2769,15.9075,109.4286,883.9729,2495.2989,58.6072,19.306,20.7862,518.1331,0.3021,0.3149,0.3186,0.2949,0.2916,32.8456,14.4774,2006.0274,94.5581,-12.2368,0.1238,0.1055,-774.5443,0.0,1.187,1.39,41.333,39.7,28.167,28.6,5.045,3.77,6.65,7.1,38.533,37.9,33.267,33.5,58.317,48.1,340.43,257.74181354863634,,252.65528515370417,1065.1408333333334,1006.6991666666668,1118.5016666666668,886.4533333333334,550.0483333333333,358.0016666666667,98.9,96.1,93.6,90.9,202.9311125080399,210.8814210480249,227.35667942069057,239.28356572010304,1870.0,1660.0000000000002,1860.0,1796.6666666666667,1908.0,27755.5,1700.7692307692307,1.099502487562189,429.9716666666666,315.2375,231.56548795,66140.0,3.0,60873.0,2.0,70694.9,10.0,84106.0,1.0,81595.0,2.0,,-0.25396163980636066,1.45557799091368
2024,Северо-Казахстанская область,Ячмень,Есильский район,23857.9,55877.52,2340.0,stat_gov_kz_real,Есильский,Barley,0,0,0,0,0,54.1104,68.2769,14.3453,346.2661,1052.4027,3124.1718,230.1728,16.8527,19.183,595.0318,0.4003,0.3919,0.3917,0.3997,0.3791,74.2409,91.1394,1714.1585,146.7868,-13.5968,0.329,0.3617,-706.1365,0.0,1.187,1.39,41.333,39.7,28.167,28.6,5.045,3.77,6.65,7.1,38.533,37.9,33.267,33.5,58.317,48.1,268.67333333333335,230.878850445,,190.60477617365,1089.3890968508615,1059.975,1021.9542980012442,963.3648258333332,563.665,338.26916666666665,98.1,96.4,96.8,92.5,199.07542137038712,203.289689890296,220.0812656792285,221.3372982910953,1612.7199999999998,1870.0,1660.0000000000002,1714.24,1802.5440000000003,24859.5,1212.3807692307691,1.3302091561739615,340.43,429.9716666666666,315.2375,61969.0,3.0,45889.0,2.0,58712.181818181816,11.0,66140.0,3.0,60873.0,2.0,-0.06306319927426673,-0.2461518242899151,2.1505616965036647
2025,Северо-Казахстанская область,Ячмень,Есильский район,29266.4,87717.65000000001,3050.0,stat_gov_kz_real,Есильский,Barley,0,0,0,0,0,54.1104,68.2769,15.7165,361.3245,1116.6113,3114.2831,227.6071,18.2795,19.1308,623.1756,0.4143,0.4104,0.3537,0.3466,0.3245,52.5986,75.2555,1966.0814,163.5345,-8.1274,0.3236,0.3505,-755.2867,0.0,1.187,1.39,41.333,39.7,28.167,28.6,5.045,3.77,6.65,7.1,38.533,37.9,33.267,33.5,58.317,48.1,243.3325,219.61538460375,,203.19753726864084,1226.4814225569482,1262.8893305316649,1139.8729249670616,1006.980403811544,685.2199999999999,422.655,99.9,101.1,95.5,114.4,198.87634594901675,205.52587647908928,210.1776087236632,253.20986924501307,2340.0,1612.7199999999998,1870.0,1940.9066666666665,1868.5439999999999,23857.9,1873.076923076923,1.2492813141683778,268.67333333333335,340.43,429.9716666666666,67897.66666666667,3.0,67157.5,2.0,60953.36363636364,11.0,61969.0,3.0,45889.0,2.0,0.09567149165980848,0.4634770860118982,2.2891430851594454
2025,Северо-Казахстанская область,Кукуруза,Жамбылский район,120.0,711.8000000000001,5930.0,stat_gov_kz_real,Жамбылский,Maize,0,0,0,0,0,54.432,66.9115,15.5688,326.3829,1176.8355,3112.7283,223.4376,18.006,18.9992,651.8078,0.4497,0.4563,0.3829,0.3832,0.3807,44.4939,72.7848,1939.1867,156.0605,-8.3181,0.2773,0.3304,-850.4527,0.0,1.203,1.41,41.833,38.8,31.75,32.0,3.243,2.47,6.75,7.2,37.2,37.4,31.0,30.7,40.883,24.4,243.3325,219.61538460375,,203.19753726864084,1226.4814225569482,1262.8893305316649,1139.8729249670616,1006.980403811544,685.2199999999999,422.655,99.9,101.1,95.5,114.4,198.87634594901675,205.52587647908928,210.1776087236632,253.20986924501307,,,,,,,2553.3333333333335,,268.67333333333335,340.43,429.9716666666666,,,,,,,,,,,,,2.2891430851594454
2022,Северо-Казахстанская область,Подсолнечник,Жамбылский район,13478.0,20098.9,1490.0,stat_gov_kz_real,Жамбылский,Sunflower seed,0,0,0,1,0,54.432,66.9115,15.1873,241.8437,1307.7511,3256.258,186.8955,17.2183,18.9972,738.5317,0.3777,0.3627,0.3661,0.3956,0.3837,65.3713,78.7129,1871.4001,126.9902,-10.1878,0.1849,0.2392,-1065.9074,0.0,1.203,1.41,41.833,38.8,31.75,32.0,3.243,2.47,6.75,7.2,37.2,37.4,31.0,30.7,40.883,24.4,429.9716666666666,381.91843016614285,,318.80665693333333,1756.7299999999998,1650.8083333333334,1666.7975,1275.9916666666666,772.1583333333333,700.015,117.2,119.8,120.3,119.5,205.1881825157127,219.4395640458116,242.9024352785156,263.238246116725,1470.0,600.0,1980.0,1350.0,1142.0,2134.0,1212.7272727272727,1.212143928035982,315.2375,231.56548795,201.692128575,,,172380.0,1.0,172380.0,1.0,,,,,,,1.6456560237139435
2023,Северо-Казахстанская область,Подсолнечник,Жамбылский район,19382.0,19055.1,1040.0,stat_gov_kz_real,Жамбылский,Sunflower seed,0,0,0,1,0,54.432,66.9115,15.758,109.7875,923.7994,2490.1868,63.2488,19.0262,20.329,529.5038,0.334,0.3562,0.3375,0.3373,0.3309,33.1367,19.4176,1978.4134,97.4367,-11.8902,0.1188,0.1098,-814.0118,0.0,1.203,1.41,41.833,38.8,31.75,32.0,3.243,2.47,6.75,7.2,37.2,37.4,31.0,30.7,40.883,24.4,340.43,257.74181354863634,,252.65528515370417,1065.1408333333334,1006.6991666666668,1118.5016666666668,886.4533333333334,550.0483333333333,358.0016666666667,98.9,96.1,93.6,90.9,202.9311125080399,210.8814210480249,227.35667942069057,239.28356572010304,1490.0,1470.0,600.0,1186.6666666666667,1278.0,13478.0,1323.3333333333333,1.1259445843828717,429.9716666666666,315.2375,231.56548795,131584.0,1.0,138408.0,1.0,155876.25,4.0,,,172380.0,1.0,,,1.45557799091368
2024,Северо-Казахстанская область,Подсолнечник,Жамбылский район,9393.0,11158.6,1840.0,stat_gov_kz_real,Жамбылский,Sunflower seed,0,0,0,1,0,54.432,66.9115,14.3014,387.8039,1131.9719,3130.4892,269.7912,16.6816,19.0475,629.257,0.4347,0.4293,0.4351,0.4344,0.427,104.5118,99.5078,1705.876,141.6928,-13.7056,0.3426,0.3965,-744.168,0.0,1.203,1.41,41.833,38.8,31.75,32.0,3.243,2.47,6.75,7.2,37.2,37.4,31.0,30.7,40.883,24.4,268.67333333333335,230.878850445,,190.60477617365,1089.3890968508615,1059.975,1021.9542980012442,963.3648258333332,563.665,338.26916666666665,98.1,96.4,96.8,92.5,199.07542137038712,203.289689890296,220.0812656792285,221.3372982910953,1040.0,1490.0,1470.0,1333.3333333333333,1316.0,19382.0,1060.7692307692307,0.9804205946337926,340.43,429.9716666666666,315.2375,,,143193.0,2.0,135499.7142857143,7.0,131584.0,1.0,138408.0,1.0,,,2.1505616965036647
2025,Северо-Казахстанская область,Подсолнечник,Жамбылский район,15836.0,30321.6,1910.0,stat_gov_kz_real,Жамбылский,Sunflower seed,0,0,0,1,0,54.432,66.9115,15.5688,326.3829,1176.8355,3112.7283,223.4376,18.006,18.9992,651.8078,0.4497,0.4563,0.3829,0.3832,0.3807,44.4939,72.7848,1939.1867,156.0605,-8.3181,0.2773,0.3304,-850.4527,0.0,1.203,1.41,41.833,38.8,31.75,32.0,3.243,2.47,6.75,7.2,37.2,37.4,31.0,30.7,40.883,24.4,243.3325,219.61538460375,,203.19753726864084,1226.4814225569482,1262.8893305316649,1139.8729249670616,1006.980403811544,685.2199999999999,422.655,99.9,101.1,95.5,114.4,198.87634594901675,205.52587647908928,210.1776087236632,253.20986924501307,1840.0,1040.0,1490.0,1456.6666666666667,1288.0,9393.0,1796.923076923077,1.023972602739726,268.67333333333335,340.43,429.9716666666666,,,172103.5,2.0,173035.11111111112,9.0,,,143193.0,2.0,,0.20189883583694734,2.2891430851594454
2022,Северо-Казахстанская область,Пшеница,Жамбылский район,154659.0,280744.10000000003,1820.0,stat_gov_kz_real,Жамбылский,Wheat,0,0,0,0,0,54.432,66.9115,15.1873,241.8437,1307.7511,3256.258,186.8955,17.2183,18.9972,738.5317,0.3777,0.3627,0.3661,0.3956,0.3837,65.3713,78.7129,1871.4001,126.9902,-10.1878,0.1849,0.2392,-1065.9074,0.0,1.203,1.41,41.833,38.8,31.75,32.0,3.243,2.47,6.75,7.2,37.2,37.4,31.0,30.7,40.883,24.4,429.9716666666666,381.91843016614285,,318.80665693333333,1756.7299999999998,1650.8083333333334,1666.7975,1275.9916666666666,772.1583333333333,700.015,117.2,119.8,120.3,119.5,205.1881825157127,219.4395640458116,242.9024352785156,263.238246116725,1068.5422395447265,1429.458489322621,1543.73538616497,1347.2453716774392,1580.8185247227866,167284.0,1203.990434755327,0.8875006052368464,315.2375,231.56548795,201.692128575,106756.0,1.0,104748.5,2.0,105417.66666666669,3.0,,,,,,,1.6456560237139435
2023,Северо-Казахстанская область,Пшеница,Жамбылский район,174465.0,229927.4,1317.9,stat_gov_kz_real,Жамбылский,Wheat,0,0,0,0,0,54.432,66.9115,15.758,109.7875,923.7994,2490.1868,63.2488,19.0262,20.329,529.5038,0.334,0.3562,0.3375,0.3373,0.3309,33.1367,19.4176,1978.4134,97.4367,-11.8902,0.1188,0.1098,-814.0118,0.0,1.203,1.41,41.833,38.8,31.75,32.0,3.243,2.47,6.75,7.2,37.2,37.4,31.0,30.7,40.883,24.4,340.43,257.74181354863634,,252.65528515370417,1065.1408333333334,1006.6991666666668,1118.5016666666668,886.4533333333334,550.0483333333333,358.0016666666667,98.9,96.1,93.6,90.9,202.9311125080399,210.8814210480249,227.35667942069057,239.28356572010304,1820.0,1068.5422395447265,1429.458489322621,1439.3335762891159,1568.1166544664047,154659.0,1547.6923076923076,1.1759443339960238,429.9716666666666,315.2375,231.56548795,88034.0,3.0,95088.0,2.0,91444.83333333331,12.0,106756.0,1.0,104748.5,2.0,,-0.09222566432932211,1.45557799091368
2024,Северо-Казахстанская область,Пшеница,Жамбылский район,173830.0,327335.34,1910.0,stat_gov_kz_real,Жамбылский,Wheat,0,0,0,0,0,54.432,66.9115,14.3014,387.8039,1131.9719,3130.4892,269.7912,16.6816,19.0475,629.257,0.4347,0.4293,0.4351,0.4344,0.427,104.5118,99.5078,1705.876,141.6928,-13.7056,0.3426,0.3965,-744.168,0.0,1.203,1.41,41.833,38.8,31.75,32.0,3.243,2.47,6.75,7.2,37.2,37.4,31.0,30.7,40.883,24.4,268.67333333333335,230.878850445,,190.60477617365,1089.3890968508615,1059.975,1021.9542980012442,963.3648258333332,563.665,338.26916666666665,98.1,96.4,96.8,92.5,199.07542137038712,203.289689890296,220.0812656792285,221.3372982910953,1317.9,1820.0,1068.5422395447265,1402.1474131815755,1435.9272230064635,174465.0,1317.8771428571429,1.000017343910228,340.43,429.9716666666666,315.2375,84151.33333333333,3.0,66584.0,2.0,87334.08333333333,12.0,88034.0,3.0,95088.0,2.0,-0.04410417187298854,-0.2997644287396938,2.1505616965036647
2025,Северо-Казахстанская область,Пшеница,Жамбылский район,137501.0,292359.26,2130.0,stat_gov_kz_real,Жамбылский,Wheat,0,0,0,0,0,54.432,66.9115,15.5688,326.3829,1176.8355,3112.7283,223.4376,18.006,18.9992,651.8078,0.4497,0.4563,0.3829,0.3832,0.3807,44.4939,72.7848,1939.1867,156.0605,-8.3181,0.2773,0.3304,-850.4527,0.0,1.203,1.41,41.833,38.8,31.75,32.0,3.243,2.47,6.75,7.2,37.2,37.4,31.0,30.7,40.883,24.4,243.3325,219.61538460375,,203.19753726864084,1226.4814225569482,1262.8893305316649,1139.8729249670616,1006.980403811544,685.2199999999999,422.655,99.9,101.1,95.5,114.4,198.87634594901675,205.52587647908928,210.1776087236632,253.20986924501307,1910.0,1317.9,1820.0,1682.6333333333332,1509.1801457734696,173830.0,1921.4285714285713,0.9940520446096655,268.67333333333335,340.43,429.9716666666666,80415.66666666667,3.0,75182.5,2.0,76329.41666666667,12.0,84151.33333333333,3.0,66584.0,2.0,-0.04439224571605116,0.12913763066202089,2.2891430851594454
2022,Северо-Казахстанская область,Ячмень,Жамбылский район,21826.0,46010.4,2110.0,stat_gov_kz_real,Жамбылский,Barley,0,0,0,0,0,54.432,66.9115,15.1873,241.8437,1307.7511,3256.258,186.8955,17.2183,18.9972,738.5317,0.3777,0.3627,0.3661,0.3956,0.3837,65.3713,78.7129,1871.4001,126.9902,-10.1878,0.1849,0.2392,-1065.9074,0.0,1.203,1.41,41.833,38.8,31.75,32.0,3.243,2.47,6.75,7.2,37.2,37.4,31.0,30.7,40.883,24.4,429.9716666666666,381.91843016614285,,318.80665693333333,1756.7299999999998,1650.8083333333334,1666.7975,1275.9916666666666,772.1583333333333,700.015,117.2,119.8,120.3,119.5,205.1881825157127,219.4395640458116,242.9024352785156,263.238246116725,1180.0,1810.0,1780.0,1590.0,1820.0,18418.0,1226.1538461538462,0.9623588456712672,315.2375,231.56548795,201.692128575,84106.0,1.0,81595.0,2.0,82432.0,3.0,,,,,,,1.6456560237139435
2023,Северо-Казахстанская область,Ячмень,Жамбылский район,21037.5,28218.4,1348.13,stat_gov_kz_real,Жамбылский,Barley,0,0,0,0,0,54.432,66.9115,15.758,109.7875,923.7994,2490.1868,63.2488,19.0262,20.329,529.5038,0.334,0.3562,0.3375,0.3373,0.3309,33.1367,19.4176,1978.4134,97.4367,-11.8902,0.1188,0.1098,-814.0118,0.0,1.203,1.41,41.833,38.8,31.75,32.0,3.243,2.47,6.75,7.2,37.2,37.4,31.0,30.7,40.883,24.4,340.43,257.74181354863634,,252.65528515370417,1065.1408333333334,1006.6991666666668,1118.5016666666668,886.4533333333334,550.0483333333333,358.0016666666667,98.9,96.1,93.6,90.9,202.9311125080399,210.8814210480249,227.35667942069057,239.28356572010304,2110.0,1180.0,1810.0,1700.0,1792.0,21826.0,1700.7692307692307,1.240615106286748,429.9716666666666,315.2375,231.56548795,66140.0,3.0,60873.0,2.0,70694.9,10.0,84106.0,1.0,81595.0,2.0,,-0.25396163980636066,1.45557799091368
2024,Северо-Казахстанская область,Ячмень,Жамбылский район,16991.0,33635.05,1980.0,stat_gov_kz_real,Жамбылский,Barley,0,0,0,0,0,54.432,66.9115,14.3014,387.8039,1131.9719,3130.4892,269.7912,16.6816,19.0475,629.257,0.4347,0.4293,0.4351,0.4344,0.427,104.5118,99.5078,1705.876,141.6928,-13.7056,0.3426,0.3965,-744.168,0.0,1.203,1.41,41.833,38.8,31.75,32.0,3.243,2.47,6.75,7.2,37.2,37.4,31.0,30.7,40.883,24.4,268.67333333333335,230.878850445,,190.60477617365,1089.3890968508615,1059.975,1021.9542980012442,963.3648258333332,563.665,338.26916666666665,98.1,96.4,96.8,92.5,199.07542137038712,203.289689890296,220.0812656792285,221.3372982910953,1348.13,2110.0,1180.0,1546.0433333333333,1645.6260000000002,21037.5,1212.3807692307691,1.1119691389161188,340.43,429.9716666666666,315.2375,61969.0,3.0,45889.0,2.0,58712.181818181816,11.0,66140.0,3.0,60873.0,2.0,-0.06306319927426673,-0.2461518242899151,2.1505616965036647
2025,Северо-Казахстанская область,Ячмень,Жамбылский район,17406.0,38701.9,2220.0,stat_gov_kz_real,Жамбылский,Barley,0,0,0,0,0,54.432,66.9115,15.5688,326.3829,1176.8355,3112.7283,223.4376,18.006,18.9992,651.8078,0.4497,0.4563,0.3829,0.3832,0.3807,44.4939,72.7848,1939.1867,156.0605,-8.3181,0.2773,0.3304,-850.4527,0.0,1.203,1.41,41.833,38.8,31.75,32.0,3.243,2.47,6.75,7.2,37.2,37.4,31.0,30.7,40.883,24.4,243.3325,219.61538460375,,203.19753726864084,1226.4814225569482,1262.8893305316649,1139.8729249670616,1006.980403811544,685.2199999999999,422.655,99.9,101.1,95.5,114.4,198.87634594901675,205.52587647908928,210.1776087236632,253.20986924501307,1980.0,1348.13,2110.0,1812.71,1685.6260000000002,16991.0,1873.076923076923,1.0570841889117042,268.67333333333335,340.43,429.9716666666666,67897.66666666667,3.0,67157.5,2.0,60953.36363636364,11.0,61969.0,3.0,45889.0,2.0,0.09567149165980848,0.4634770860118982,2.2891430851594454
2025,Северо-Казахстанская область,Кукуруза,Кызылжарский район,250.0,364.8,1460.0,stat_gov_kz_real,Кызылжарский,Maize,0,0,0,0,0,54.8947,69.4513,15.1446,404.1015,1138.6692,3107.4217,259.3788,17.631,18.5903,618.4686,0.4065,0.4086,0.3477,0.373,0.3628,68.6852,94.5112,1861.1816,165.5188,-8.2941,0.3549,0.3941,-734.5677,0.0,1.125,1.36,41.983,40.7,29.8,29.9,5.147,4.57,6.583,6.9,38.533,38.9,31.667,31.2,71.883,45.9,243.3325,219.61538460375,,203.19753726864084,1226.4814225569482,1262.8893305316649,1139.8729249670616,1006.980403811544,685.2199999999999,422.655,99.9,101.1,95.5,114.4,198.87634594901675,205.52587647908928,210.1776087236632,253.20986924501307,,,,,,,2553.3333333333335,,268.67333333333335,340.43,429.9716666666666,,,,,,,,,,,,,2.2891430851594454
2022,Северо-Казахстанская область,Подсолнечник,Кызылжарский район,2980.0,4617.1,1550.0,stat_gov_kz_real,Кызылжарский,Sunflower seed,0,0,0,0,0,54.8947,69.4513,15.0241,220.488,1360.9674,3220.1318,152.9003,17.4009,18.7322,760.6327,0.3043,0.3028,0.2833,0.3219,0.2944,58.0864,58.1746,1841.8032,123.4819,-10.4278,0.162,0.1861,-1140.4794,0.0,1.125,1.36,41.983,40.7,29.8,29.9,5.147,4.57,6.583,6.9,38.533,38.9,31.667,31.2,71.883,45.9,429.9716666666666,381.91843016614285,,318.80665693333333,1756.7299999999998,1650.8083333333334,1666.7975,1275.9916666666666,772.1583333333333,700.015,117.2,119.8,120.3,119.5,205.1881825157127,219.4395640458116,242.9024352785156,263.238246116725,1540.0,1460.0,800.0,1266.6666666666667,1130.0,2287.0,1212.7272727272727,1.2698650674662668,315.2375,231.56548795,201.692128575,,,172380.0,1.0,172380.0,1.0,,,,,,,1.6456560237139435
2023,Северо-Казахстанская область,Подсолнечник,Кызылжарский район,3575.0,4811.2,1350.0,stat_gov_kz_real,Кызылжарский,Sunflower seed,0,0,0,0,0,54.8947,69.4513,15.2851,117.8644,937.2145,2514.4883,57.8907,18.6993,20.0644,539.7142,0.2921,0.3065,0.2838,0.2662,0.262,31.5155,15.2669,1901.3007,94.4991,-12.1102,0.1258,0.0981,-819.3501,0.0,1.125,1.36,41.983,40.7,29.8,29.9,5.147,4.57,6.583,6.9,38.533,38.9,31.667,31.2,71.883,45.9,340.43,257.74181354863634,,252.65528515370417,1065.1408333333334,1006.6991666666668,1118.5016666666668,886.4533333333334,550.0483333333333,358.0016666666667,98.9,96.1,93.6,90.9,202.9311125080399,210.8814210480249,227.35667942069057,239.28356572010304,1550.0,1540.0,1460.0,1516.6666666666667,1340.0,2980.0,1323.3333333333333,1.1712846347607053,429.9716666666666,315.2375,231.56548795,131584.0,1.0,138408.0,1.0,155876.25,4.0,,,172380.0,1.0,,,1.45557799091368
2024,Северо-Казахстанская область,Подсолнечник,Кызылжарский район,4584.0,7756.6,1689.9999999999998,stat_gov_kz_real,Кызылжарский,Sunflower seed,0,0,0,0,0,54.8947,69.4513,13.7979,343.2974,1087.7816,3094.8111,202.6241,16.2686,18.7174,594.5967,0.3821,0.3751,0.3634,0.3611,0.3415,75.6335,70.8854,1614.2835,148.6857,-14.2558,0.3156,0.31,-744.4842,0.0,1.125,1.36,41.983,40.7,29.8,29.9,5.147,4.57,6.583,6.9,38.533,38.9,31.667,31.2,71.883,45.9,268.67333333333335,230.878850445,,190.60477617365,1089.3890968508615,1059.975,1021.9542980012442,963.3648258333332,563.665,338.26916666666665,98.1,96.4,96.8,92.5,199.07542137038712,203.289689890296,220.0812656792285,221.3372982910953,1350.0,1550.0,1540.0,1480.0,1340.0,3575.0,1060.7692307692307,1.2726613488034808,340.43,429.9716666666666,315.2375,,,143193.0,2.0,135499.7142857143,7.0,131584.0,1.0,138408.0,1.0,,,2.1505616965036647
2025,Северо-Казахстанская область,Подсолнечник,Кызылжарский район,5034.0,5356.1,1060.0,stat_gov_kz_real,Кызылжарский,Sunflower seed,0,0,0,0,0,54.8947,69.4513,15.1446,404.1015,1138.6692,3107.4217,259.3788,17.631,18.5903,618.4686,0.4065,0.4086,0.3477,0.373,0.3628,68.6852,94.5112,1861.1816,165.5188,-8.2941,0.3549,0.3941,-734.5677,0.0,1.125,1.36,41.983,40.7,29.8,29.9,5.147,4.57,6.583,6.9,38.533,38.9,31.667,31.2,71.883,45.9,243.3325,219.61538460375,,203.19753726864084,1226.4814225569482,1262.8893305316649,1139.8729249670616,1006.980403811544,685.2199999999999,422.655,99.9,101.1,95.5,114.4,198.87634594901675,205.52587647908928,210.1776087236632,253.20986924501307,1689.9999999999998,1350.0,1550.0,1530.0,1518.0,4584.0,1796.923076923077,0.9404965753424657,268.67333333333335,340.43,429.9716666666666,,,172103.5,2.0,173035.11111111112,9.0,,,143193.0,2.0,,0.20189883583694734,2.2891430851594454
2022,Северо-Казахстанская область,Пшеница,Кызылжарский район,108898.0,233909.17000000004,2150.0,stat_gov_kz_real,Кызылжарский,Wheat,0,0,0,0,0,54.8947,69.4513,15.0241,220.488,1360.9674,3220.1318,152.9003,17.4009,18.7322,760.6327,0.3043,0.3028,0.2833,0.3219,0.2944,58.0864,58.1746,1841.8032,123.4819,-10.4278,0.162,0.1861,-1140.4794,0.0,1.125,1.36,41.983,40.7,29.8,29.9,5.147,4.57,6.583,6.9,38.533,38.9,31.667,31.2,71.883,45.9,429.9716666666666,381.91843016614285,,318.80665693333333,1756.7299999999998,1650.8083333333334,1666.7975,1275.9916666666666,772.1583333333333,700.015,117.2,119.8,120.3,119.5,205.1881825157127,219.4395640458116,242.9024352785156,263.238246116725,1558.2811355311355,1827.743171090304,1821.7318743770809,1735.918726999507,1727.1008705183897,109200.0,1203.990434755327,1.2942637171762972,315.2375,231.56548795,201.692128575,106756.0,1.0,104748.5,2.0,105417.66666666669,3.0,,,,,,,1.6456560237139435
2023,Северо-Казахстанская область,Пшеница,Кызылжарский район,110472.0,200784.6,1817.52,stat_gov_kz_real,Кызылжарский,Wheat,0,0,0,0,0,54.8947,69.4513,15.2851,117.8644,937.2145,2514.4883,57.8907,18.6993,20.0644,539.7142,0.2921,0.3065,0.2838,0.2662,0.262,31.5155,15.2669,1901.3007,94.4991,-12.1102,0.1258,0.0981,-819.3501,0.0,1.125,1.36,41.983,40.7,29.8,29.9,5.147,4.57,6.583,6.9,38.533,38.9,31.667,31.2,71.883,45.9,340.43,257.74181354863634,,252.65528515370417,1065.1408333333334,1006.6991666666668,1118.5016666666668,886.4533333333334,550.0483333333333,358.0016666666667,98.9,96.1,93.6,90.9,202.9311125080399,210.8814210480249,227.35667942069057,239.28356572010304,2150.0,1558.2811355311355,1827.743171090304,1845.34143554048,1810.0884628167355,108898.0,1547.6923076923076,1.3891650099403579,429.9716666666666,315.2375,231.56548795,88034.0,3.0,95088.0,2.0,91444.83333333331,12.0,106756.0,1.0,104748.5,2.0,,-0.09222566432932211,1.45557799091368
2024,Северо-Казахстанская область,Пшеница,Кызылжарский район,111900.0,251791.65,2250.0,stat_gov_kz_real,Кызылжарский,Wheat,0,0,0,0,0,54.8947,69.4513,13.7979,343.2974,1087.7816,3094.8111,202.6241,16.2686,18.7174,594.5967,0.3821,0.3751,0.3634,0.3611,0.3415,75.6335,70.8854,1614.2835,148.6857,-14.2558,0.3156,0.31,-744.4842,0.0,1.125,1.36,41.983,40.7,29.8,29.9,5.147,4.57,6.583,6.9,38.533,38.9,31.667,31.2,71.883,45.9,268.67333333333335,230.878850445,,190.60477617365,1089.3890968508615,1059.975,1021.9542980012442,963.3648258333332,563.665,338.26916666666665,98.1,96.4,96.8,92.5,199.07542137038712,203.289689890296,220.0812656792285,221.3372982910953,1817.52,2150.0,1558.2811355311355,1841.9337118437118,1835.055236199704,110472.0,1317.8771428571429,1.3791270376384532,340.43,429.9716666666666,315.2375,84151.33333333333,3.0,66584.0,2.0,87334.08333333333,12.0,88034.0,3.0,95088.0,2.0,-0.04410417187298854,-0.2997644287396938,2.1505616965036647
2025,Северо-Казахстанская область,Пшеница,Кызылжарский район,95738.4,237054.1,2480.0,stat_gov_kz_real,Кызылжарский,Wheat,0,0,0,0,0,54.8947,69.4513,15.1446,404.1015,1138.6692,3107.4217,259.3788,17.631,18.5903,618.4686,0.4065,0.4086,0.3477,0.373,0.3628,68.6852,94.5112,1861.1816,165.5188,-8.2941,0.3549,0.3941,-734.5677,0.0,1.125,1.36,41.983,40.7,29.8,29.9,5.147,4.57,6.583,6.9,38.533,38.9,31.667,31.2,71.883,45.9,243.3325,219.61538460375,,203.19753726864084,1226.4814225569482,1262.8893305316649,1139.8729249670616,1006.980403811544,685.2199999999999,422.655,99.9,101.1,95.5,114.4,198.87634594901675,205.52587647908928,210.1776087236632,253.20986924501307,2250.0,1817.52,2150.0,2072.5066666666667,1920.708861324288,111900.0,1921.4285714285713,1.171003717472119,268.67333333333335,340.43,429.9716666666666,80415.66666666667,3.0,75182.5,2.0,76329.41666666667,12.0,84151.33333333333,3.0,66584.0,2.0,-0.04439224571605116,0.12913763066202089,2.2891430851594454
2022,Северо-Казахстанская область,Ячмень,Кызылжарский район,17972.0,43804.2,2440.0,stat_gov_kz_real,Кызылжарский,Barley,0,0,0,0,0,54.8947,69.4513,15.0241,220.488,1360.9674,3220.1318,152.9003,17.4009,18.7322,760.6327,0.3043,0.3028,0.2833,0.3219,0.2944,58.0864,58.1746,1841.8032,123.4819,-10.4278,0.162,0.1861,-1140.4794,0.0,1.125,1.36,41.983,40.7,29.8,29.9,5.147,4.57,6.583,6.9,38.533,38.9,31.667,31.2,71.883,45.9,429.9716666666666,381.91843016614285,,318.80665693333333,1756.7299999999998,1650.8083333333334,1666.7975,1275.9916666666666,772.1583333333333,700.015,117.2,119.8,120.3,119.5,205.1881825157127,219.4395640458116,242.9024352785156,263.238246116725,1689.9999999999998,1710.0000000000002,2020.0,1806.6666666666667,1962.0,17700.8,1226.1538461538462,1.3782936010037639,315.2375,231.56548795,201.692128575,84106.0,1.0,81595.0,2.0,82432.0,3.0,,,,,,,1.6456560237139435
2023,Северо-Казахстанская область,Ячмень,Кызылжарский район,20456.0,36620.01,1793.9599999999998,stat_gov_kz_real,Кызылжарский,Barley,0,0,0,0,0,54.8947,69.4513,15.2851,117.8644,937.2145,2514.4883,57.8907,18.6993,20.0644,539.7142,0.2921,0.3065,0.2838,0.2662,0.262,31.5155,15.2669,1901.3007,94.4991,-12.1102,0.1258,0.0981,-819.3501,0.0,1.125,1.36,41.983,40.7,29.8,29.9,5.147,4.57,6.583,6.9,38.533,38.9,31.667,31.2,71.883,45.9,340.43,257.74181354863634,,252.65528515370417,1065.1408333333334,1006.6991666666668,1118.5016666666668,886.4533333333334,550.0483333333333,358.0016666666667,98.9,96.1,93.6,90.9,202.9311125080399,210.8814210480249,227.35667942069057,239.28356572010304,2440.0,1689.9999999999998,1710.0000000000002,1946.6666666666667,2034.0,17972.0,1700.7692307692307,1.4346449570330169,429.9716666666666,315.2375,231.56548795,66140.0,3.0,60873.0,2.0,70694.9,10.0,84106.0,1.0,81595.0,2.0,,-0.25396163980636066,1.45557799091368
2024,Северо-Казахстанская область,Ячмень,Кызылжарский район,19527.0,42237.82000000001,2160.0,stat_gov_kz_real,Кызылжарский,Barley,0,0,0,0,0,54.8947,69.4513,13.7979,343.2974,1087.7816,3094.8111,202.6241,16.2686,18.7174,594.5967,0.3821,0.3751,0.3634,0.3611,0.3415,75.6335,70.8854,1614.2835,148.6857,-14.2558,0.3156,0.31,-744.4842,0.0,1.125,1.36,41.983,40.7,29.8,29.9,5.147,4.57,6.583,6.9,38.533,38.9,31.667,31.2,71.883,45.9,268.67333333333335,230.878850445,,190.60477617365,1089.3890968508615,1059.975,1021.9542980012442,963.3648258333332,563.665,338.26916666666665,98.1,96.4,96.8,92.5,199.07542137038712,203.289689890296,220.0812656792285,221.3372982910953,1793.9599999999998,2440.0,1689.9999999999998,1974.6533333333334,1930.792,20456.0,1212.3807692307691,1.4797001449785705,340.43,429.9716666666666,315.2375,61969.0,3.0,45889.0,2.0,58712.181818181816,11.0,66140.0,3.0,60873.0,2.0,-0.06306319927426673,-0.2461518242899151,2.1505616965036647
2025,Северо-Казахстанская область,Ячмень,Кызылжарский район,18075.0,46508.29000000001,2570.0,stat_gov_kz_real,Кызылжарский,Barley,0,0,0,0,0,54.8947,69.4513,15.1446,404.1015,1138.6692,3107.4217,259.3788,17.631,18.5903,618.4686,0.4065,0.4086,0.3477,0.373,0.3628,68.6852,94.5112,1861.1816,165.5188,-8.2941,0.3549,0.3941,-734.5677,0.0,1.125,1.36,41.983,40.7,29.8,29.9,5.147,4.57,6.583,6.9,38.533,38.9,31.667,31.2,71.883,45.9,243.3325,219.61538460375,,203.19753726864084,1226.4814225569482,1262.8893305316649,1139.8729249670616,1006.980403811544,685.2199999999999,422.655,99.9,101.1,95.5,114.4,198.87634594901675,205.52587647908928,210.1776087236632,253.20986924501307,2160.0,1793.9599999999998,2440.0,2131.32,1958.7920000000001,19527.0,1873.076923076923,1.153182751540041,268.67333333333335,340.43,429.9716666666666,67897.66666666667,3.0,67157.5,2.0,60953.36363636364,11.0,61969.0,3.0,45889.0,2.0,0.09567149165980848,0.4634770860118982,2.2891430851594454
2022,Северо-Казахстанская область,Кукуруза,район М.Жумабаева,60.0,194.0,3233.3,stat_gov_kz_real,М.Жумабаева,Maize,0,0,1,0,0,54.4139,70.8184,15.4295,199.2329,,3282.6657,139.579,18.1077,19.0068,,0.3009,0.3331,0.3328,0.3608,0.34,63.4348,55.3048,1916.1975,121.7681,-10.5295,,,,1.0,1.18,1.39,39.9,37.1,28.883,29.2,4.525,3.67,6.733,7.0,40.683,40.5,30.367,30.3,75.867,47.9,429.9716666666666,381.91843016614285,,318.80665693333333,1756.7299999999998,1650.8083333333334,1666.7975,1275.9916666666666,772.1583333333333,700.015,117.2,119.8,120.3,119.5,205.1881825157127,219.4395640458116,242.9024352785156,263.238246116725,,,,,,,1479.3,,315.2375,231.56548795,201.692128575,,,,,,,,,,,,,1.6456560237139435
2025,Северо-Казахстанская область,Кукуруза,район М.Жумабаева,2337.0,6772.0,2900.0,stat_gov_kz_real,М.Жумабаева,Maize,0,0,0,0,0,54.4139,70.8184,15.5467,347.2584,,3111.784,206.5108,18.1852,19.0141,,0.4287,0.4271,0.3687,0.3875,0.353,57.0429,79.1497,1934.5006,161.3817,-8.2722,,,,1.0,1.18,1.39,39.9,37.1,28.883,29.2,4.525,3.67,6.733,7.0,40.683,40.5,30.367,30.3,75.867,47.9,243.3325,219.61538460375,,203.19753726864084,1226.4814225569482,1262.8893305316649,1139.8729249670616,1006.980403811544,685.2199999999999,422.655,99.9,101.1,95.5,114.4,198.87634594901675,205.52587647908928,210.1776087236632,253.20986924501307,,,3233.3,3233.3,3233.3,,2553.3333333333335,,268.67333333333335,340.43,429.9716666666666,,,,,,,,,,,,,2.2891430851594454
2022,Северо-Казахстанская область,Подсолнечник,район М.Жумабаева,618.0,683.2,1110.0,stat_gov_kz_real,М.Жумабаева,Sunflower seed,0,0,0,0,0,54.4139,70.8184,15.4295,199.2329,,3282.6657,139.579,18.1077,19.0068,,0.3009,0.3331,0.3328,0.3608,0.34,63.4348,55.3048,1916.1975,121.7681,-10.5295,,,,1.0,1.18,1.39,39.9,37.1,28.883,29.2,4.525,3.67,6.733,7.0,40.683,40.5,30.367,30.3,75.867,47.9,429.9716666666666,381.91843016614285,,318.80665693333333,1756.7299999999998,1650.8083333333334,1666.7975,1275.9916666666666,772.1583333333333,700.015,117.2,119.8,120.3,119.5,205.1881825157127,219.4395640458116,242.9024352785156,263.238246116725,1030.0,350.0,850.0,743.3333333333334,896.0,10.0,1212.7272727272727,0.8493253373313343,315.2375,231.56548795,201.692128575,,,172380.0,1.0,172380.0,1.0,,,,,,,1.6456560237139435
2023,Северо-Казахстанская область,Подсолнечник,район М.Жумабаева,1131.0,1831.4,1620.0,stat_gov_kz_real,М.Жумабаева,Sunflower seed,0,0,0,0,0,54.4139,70.8184,15.4089,96.2795,,2512.7409,44.9838,19.0064,20.4385,,0.3223,0.3516,0.3153,0.2914,0.3036,27.2445,9.6389,1935.977,92.3279,-12.6179,,,,1.0,1.18,1.39,39.9,37.1,28.883,29.2,4.525,3.67,6.733,7.0,40.683,40.5,30.367,30.3,75.867,47.9,340.43,257.74181354863634,,252.65528515370417,1065.1408333333334,1006.6991666666668,1118.5016666666668,886.4533333333334,550.0483333333333,358.0016666666667,98.9,96.1,93.6,90.9,202.9311125080399,210.8814210480249,227.35667942069057,239.28356572010304,1110.0,1030.0,350.0,830.0,906.0,618.0,1323.3333333333333,0.8387909319899245,429.9716666666666,315.2375,231.56548795,131584.0,1.0,138408.0,1.0,155876.25,4.0,,,172380.0,1.0,,,1.45557799091368
2024,Северо-Казахстанская область,Подсолнечник,район М.Жумабаева,1228.0,2488.1000000000004,2030.0,stat_gov_kz_real,М.Жумабаева,Sunflower seed,0,0,0,0,0,54.4139,70.8184,14.0248,378.3583,,3141.4481,248.9999,16.5389,18.9449,,0.4253,0.4228,0.4264,0.4358,0.4287,83.3635,98.4987,1656.0044,138.2198,-14.1473,,,,1.0,1.18,1.39,39.9,37.1,28.883,29.2,4.525,3.67,6.733,7.0,40.683,40.5,30.367,30.3,75.867,47.9,268.67333333333335,230.878850445,,190.60477617365,1089.3890968508615,1059.975,1021.9542980012442,963.3648258333332,563.665,338.26916666666665,98.1,96.4,96.8,92.5,199.07542137038712,203.289689890296,220.0812656792285,221.3372982910953,1620.0,1110.0,1030.0,1253.3333333333333,992.0,1131.0,1060.7692307692307,1.527193618564177,340.43,429.9716666666666,315.2375,,,143193.0,2.0,135499.7142857143,7.0,131584.0,1.0,138408.0,1.0,,,2.1505616965036647
2025,Северо-Казахстанская область,Подсолнечник,район М.Жумабаева,6050.0,10540.07,1739.9999999999998,stat_gov_kz_real,М.Жумабаева,Sunflower seed,0,0,0,0,0,54.4139,70.8184,15.5467,347.2584,,3111.784,206.5108,18.1852,19.0141,,0.4287,0.4271,0.3687,0.3875,0.353,57.0429,79.1497,1934.5006,161.3817,-8.2722,,,,1.0,1.18,1.39,39.9,37.1,28.883,29.2,4.525,3.67,6.733,7.0,40.683,40.5,30.367,30.3,75.867,47.9,243.3325,219.61538460375,,203.19753726864084,1226.4814225569482,1262.8893305316649,1139.8729249670616,1006.980403811544,685.2199999999999,422.655,99.9,101.1,95.5,114.4,198.87634594901675,205.52587647908928,210.1776087236632,253.20986924501307,2030.0,1620.0,1110.0,1586.6666666666667,1228.0,1228.0,1796.923076923077,1.1297089041095891,268.67333333333335,340.43,429.9716666666666,,,172103.5,2.0,173035.11111111112,9.0,,,143193.0,2.0,,0.20189883583694734,2.2891430851594454
2022,Северо-Казахстанская область,Пшеница,район М.Жумабаева,263599.0,292835.3,1110.0,stat_gov_kz_real,М.Жумабаева,Wheat,0,0,0,0,0,54.4139,70.8184,15.4295,199.2329,,3282.6657,139.579,18.1077,19.0068,,0.3009,0.3331,0.3328,0.3608,0.34,63.4348,55.3048,1916.1975,121.7681,-10.5295,,,,1.0,1.18,1.39,39.9,37.1,28.883,29.2,4.525,3.67,6.733,7.0,40.683,40.5,30.367,30.3,75.867,47.9,429.9716666666666,381.91843016614285,,318.80665693333333,1756.7299999999998,1650.8083333333334,1666.7975,1275.9916666666666,772.1583333333333,700.015,117.2,119.8,120.3,119.5,205.1881825157127,219.4395640458116,242.9024352785156,263.238246116725,1302.2654605440916,1402.3256410785004,1342.890628942069,1349.160576854887,1541.5041772692125,242418.7,1203.990434755327,1.0816244240418205,315.2375,231.56548795,201.692128575,106756.0,1.0,104748.5,2.0,105417.66666666669,3.0,,,,,,,1.6456560237139435
2023,Северо-Казахстанская область,Пшеница,район М.Жумабаева,281252.5,364461.43,1295.85,stat_gov_kz_real,М.Жумабаева,Wheat,0,0,0,0,0,54.4139,70.8184,15.4089,96.2795,,2512.7409,44.9838,19.0064,20.4385,,0.3223,0.3516,0.3153,0.2914,0.3036,27.2445,9.6389,1935.977,92.3279,-12.6179,,,,1.0,1.18,1.39,39.9,37.1,28.883,29.2,4.525,3.67,6.733,7.0,40.683,40.5,30.367,30.3,75.867,47.9,340.43,257.74181354863634,,252.65528515370417,1065.1408333333334,1006.6991666666668,1118.5016666666668,886.4533333333334,550.0483333333333,358.0016666666667,98.9,96.1,93.6,90.9,202.9311125080399,210.8814210480249,227.35667942069057,239.28356572010304,1110.0,1302.2654605440916,1402.3256410785004,1271.5303672075306,1365.5666558767177,263599.0,1547.6923076923076,0.7171968190854872,429.9716666666666,315.2375,231.56548795,88034.0,3.0,95088.0,2.0,91444.83333333331,12.0,106756.0,1.0,104748.5,2.0,,-0.09222566432932211,1.45557799091368
2024,Северо-Казахстанская область,Пшеница,район М.Жумабаева,285825.0,550538.83,1930.0,stat_gov_kz_real,М.Жумабаева,Wheat,0,0,0,0,0,54.4139,70.8184,14.0248,378.3583,,3141.4481,248.9999,16.5389,18.9449,,0.4253,0.4228,0.4264,0.4358,0.4287,83.3635,98.4987,1656.0044,138.2198,-14.1473,,,,1.0,1.18,1.39,39.9,37.1,28.883,29.2,4.525,3.67,6.733,7.0,40.683,40.5,30.367,30.3,75.867,47.9,268.67333333333335,230.878850445,,190.60477617365,1089.3890968508615,1059.975,1021.9542980012442,963.3648258333332,563.665,338.26916666666665,98.1,96.4,96.8,92.5,199.07542137038712,203.289689890296,220.0812656792285,221.3372982910953,1295.85,1110.0,1302.2654605440916,1236.0384868480305,1290.6663461129324,281252.5,1317.8771428571429,0.9832858905122306,340.43,429.9716666666666,315.2375,84151.33333333333,3.0,66584.0,2.0,87334.08333333333,12.0,88034.0,3.0,95088.0,2.0,-0.04410417187298854,-0.2997644287396938,2.1505616965036647
2025,Северо-Казахстанская область,Пшеница,район М.Жумабаева,267739.4,614990.88,2300.0,stat_gov_kz_real,М.Жумабаева,Wheat,0,0,0,0,0,54.4139,70.8184,15.5467,347.2584,,3111.784,206.5108,18.1852,19.0141,,0.4287,0.4271,0.3687,0.3875,0.353,57.0429,79.1497,1934.5006,161.3817,-8.2722,,,,1.0,1.18,1.39,39.9,37.1,28.883,29.2,4.525,3.67,6.733,7.0,40.683,40.5,30.367,30.3,75.867,47.9,243.3325,219.61538460375,,203.19753726864084,1226.4814225569482,1262.8893305316649,1139.8729249670616,1006.980403811544,685.2199999999999,422.655,99.9,101.1,95.5,114.4,198.87634594901675,205.52587647908928,210.1776087236632,253.20986924501307,1930.0,1295.85,1110.0,1445.2833333333335,1408.0882203245185,285825.0,1921.4285714285713,1.004460966542751,268.67333333333335,340.43,429.9716666666666,80415.66666666667,3.0,75182.5,2.0,76329.41666666667,12.0,84151.33333333333,3.0,66584.0,2.0,-0.04439224571605116,0.12913763066202089,2.2891430851594454
2022,Северо-Казахстанская область,Ячмень,район М.Жумабаева,29591.0,33764.5,1140.0,stat_gov_kz_real,М.Жумабаева,Barley,0,0,0,0,0,54.4139,70.8184,15.4295,199.2329,,3282.6657,139.579,18.1077,19.0068,,0.3009,0.3331,0.3328,0.3608,0.34,63.4348,55.3048,1916.1975,121.7681,-10.5295,,,,1.0,1.18,1.39,39.9,37.1,28.883,29.2,4.525,3.67,6.733,7.0,40.683,40.5,30.367,30.3,75.867,47.9,429.9716666666666,381.91843016614285,,318.80665693333333,1756.7299999999998,1650.8083333333334,1666.7975,1275.9916666666666,772.1583333333333,700.015,117.2,119.8,120.3,119.5,205.1881825157127,219.4395640458116,242.9024352785156,263.238246116725,1340.0,1440.0,1600.0,1460.0,1636.0,34337.0,1226.1538461538462,1.0928481806775407,315.2375,231.56548795,201.692128575,84106.0,1.0,81595.0,2.0,82432.0,3.0,,,,,,,1.6456560237139435
2023,Северо-Казахстанская область,Ячмень,район М.Жумабаева,33386.8,39394.8,1182.4299999999998,stat_gov_kz_real,М.Жумабаева,Barley,0,0,0,0,0,54.4139,70.8184,15.4089,96.2795,,2512.7409,44.9838,19.0064,20.4385,,0.3223,0.3516,0.3153,0.2914,0.3036,27.2445,9.6389,1935.977,92.3279,-12.6179,,,,1.0,1.18,1.39,39.9,37.1,28.883,29.2,4.525,3.67,6.733,7.0,40.683,40.5,30.367,30.3,75.867,47.9,340.43,257.74181354863634,,252.65528515370417,1065.1408333333334,1006.6991666666668,1118.5016666666668,886.4533333333334,550.0483333333333,358.0016666666667,98.9,96.1,93.6,90.9,202.9311125080399,210.8814210480249,227.35667942069057,239.28356572010304,1140.0,1340.0,1440.0,1306.6666666666667,1422.0,29591.0,1700.7692307692307,0.6702849389416554,429.9716666666666,315.2375,231.56548795,66140.0,3.0,60873.0,2.0,70694.9,10.0,84106.0,1.0,81595.0,2.0,,-0.25396163980636066,1.45557799091368
2024,Северо-Казахстанская область,Ячмень,район М.Жумабаева,29377.5,48026.5,1630.0,stat_gov_kz_real,М.Жумабаева,Barley,0,0,0,0,0,54.4139,70.8184,14.0248,378.3583,,3141.4481,248.9999,16.5389,18.9449,,0.4253,0.4228,0.4264,0.4358,0.4287,83.3635,98.4987,1656.0044,138.2198,-14.1473,,,,1.0,1.18,1.39,39.9,37.1,28.883,29.2,4.525,3.67,6.733,7.0,40.683,40.5,30.367,30.3,75.867,47.9,268.67333333333335,230.878850445,,190.60477617365,1089.3890968508615,1059.975,1021.9542980012442,963.3648258333332,563.665,338.26916666666665,98.1,96.4,96.8,92.5,199.07542137038712,203.289689890296,220.0812656792285,221.3372982910953,1182.4299999999998,1140.0,1340.0,1220.81,1340.486,33386.8,1212.3807692307691,0.9752959053864139,340.43,429.9716666666666,315.2375,61969.0,3.0,45889.0,2.0,58712.181818181816,11.0,66140.0,3.0,60873.0,2.0,-0.06306319927426673,-0.2461518242899151,2.1505616965036647
2025,Северо-Казахстанская область,Ячмень,район М.Жумабаева,30854.1,72414.39,2350.0,stat_gov_kz_real,М.Жумабаева,Barley,0,0,0,0,0,54.4139,70.8184,15.5467,347.2584,,3111.784,206.5108,18.1852,19.0141,,0.4287,0.4271,0.3687,0.3875,0.353,57.0429,79.1497,1934.5006,161.3817,-8.2722,,,,1.0,1.18,1.39,39.9,37.1,28.883,29.2,4.525,3.67,6.733,7.0,40.683,40.5,30.367,30.3,75.867,47.9,243.3325,219.61538460375,,203.19753726864084,1226.4814225569482,1262.8893305316649,1139.8729249670616,1006.980403811544,685.2199999999999,422.655,99.9,101.1,95.5,114.4,198.87634594901675,205.52587647908928,210.1776087236632,253.20986924501307,1630.0,1182.4299999999998,1140.0,1317.4766666666667,1346.486,29377.5,1873.076923076923,0.8702258726899383,268.67333333333335,340.43,429.9716666666666,67897.66666666667,3.0,67157.5,2.0,60953.36363636364,11.0,61969.0,3.0,45889.0,2.0,0.09567149165980848,0.4634770860118982,2.2891430851594454
2022,Северо-Казахстанская область,Кукуруза,Мамлютский район,25.0,14.6,,stat_gov_kz_real,Мамлютский,Maize,0,0,1,0,1,54.8161,68.2693,15.031,251.8452,1245.6464,3217.8702,186.6581,17.273,18.8007,698.9316,0.3407,0.3401,0.318,0.3752,0.3606,74.0648,70.9501,1843.0111,123.9259,-10.3054,0.2022,0.2475,-993.8012,0.0,1.125,1.37,43.333,40.9,29.417,30.3,3.82,2.52,6.65,7.0,39.45,39.1,31.167,30.6,44.95,16.1,429.9716666666666,381.91843016614285,,318.80665693333333,1756.7299999999998,1650.8083333333334,1666.7975,1275.9916666666666,772.1583333333333,700.015,117.2,119.8,120.3,119.5,205.1881825157127,219.4395640458116,242.9024352785156,263.238246116725,,,,,,29.0,1479.3,,315.2375,231.56548795,201.692128575,,,,,,,,,,,,,1.6456560237139435
2023,Северо-Казахстанская область,Кукуруза,Мамлютский район,90.0,116.8,1300.0,stat_gov_kz_real,Мамлютский,Maize,0,0,0,0,0,54.8161,68.2693,15.5735,110.9775,883.6502,2501.1498,60.5845,18.9357,20.235,508.2303,0.3088,0.3362,0.3217,0.291,0.3101,36.3643,13.8287,1944.9466,94.0548,-11.9586,0.1256,0.1089,-772.6727,0.0,1.125,1.37,43.333,40.9,29.417,30.3,3.82,2.52,6.65,7.0,39.45,39.1,31.167,30.6,44.95,16.1,340.43,257.74181354863634,,252.65528515370417,1065.1408333333334,1006.6991666666668,1118.5016666666668,886.4533333333334,550.0483333333333,358.0016666666667,98.9,96.1,93.6,90.9,202.9311125080399,210.8814210480249,227.35667942069057,239.28356572010304,,,,,,25.0,2363.1,,429.9716666666666,315.2375,231.56548795,,,,,,,,,,,,,1.45557799091368
2022,Северо-Казахстанская область,Подсолнечник,Мамлютский район,1106.0,1750.62,1580.0,stat_gov_kz_real,Мамлютский,Sunflower seed,0,0,0,1,0,54.8161,68.2693,15.031,251.8452,1245.6464,3217.8702,186.6581,17.273,18.8007,698.9316,0.3407,0.3401,0.318,0.3752,0.3606,74.0648,70.9501,1843.0111,123.9259,-10.3054,0.2022,0.2475,-993.8012,0.0,1.125,1.37,43.333,40.9,29.417,30.3,3.82,2.52,6.65,7.0,39.45,39.1,31.167,30.6,44.95,16.1,429.9716666666666,381.91843016614285,,318.80665693333333,1756.7299999999998,1650.8083333333334,1666.7975,1275.9916666666666,772.1583333333333,700.015,117.2,119.8,120.3,119.5,205.1881825157127,219.4395640458116,242.9024352785156,263.238246116725,1410.0,420.0,1360.0,1063.3333333333333,1074.0,624.0,1212.7272727272727,1.1626686656671663,315.2375,231.56548795,201.692128575,,,172380.0,1.0,172380.0,1.0,,,,,,,1.6456560237139435
2023,Северо-Казахстанская область,Подсолнечник,Мамлютский район,1836.0,2258.6,1230.0,stat_gov_kz_real,Мамлютский,Sunflower seed,0,0,0,1,0,54.8161,68.2693,15.5735,110.9775,883.6502,2501.1498,60.5845,18.9357,20.235,508.2303,0.3088,0.3362,0.3217,0.291,0.3101,36.3643,13.8287,1944.9466,94.0548,-11.9586,0.1256,0.1089,-772.6727,0.0,1.125,1.37,43.333,40.9,29.417,30.3,3.82,2.52,6.65,7.0,39.45,39.1,31.167,30.6,44.95,16.1,340.43,257.74181354863634,,252.65528515370417,1065.1408333333334,1006.6991666666668,1118.5016666666668,886.4533333333334,550.0483333333333,358.0016666666667,98.9,96.1,93.6,90.9,202.9311125080399,210.8814210480249,227.35667942069057,239.28356572010304,1580.0,1410.0,420.0,1136.6666666666667,1194.0,1106.0,1323.3333333333333,1.1939546599496222,429.9716666666666,315.2375,231.56548795,131584.0,1.0,138408.0,1.0,155876.25,4.0,,,172380.0,1.0,,,1.45557799091368
2024,Северо-Казахстанская область,Подсолнечник,Мамлютский район,2776.0,6642.1,2390.0,stat_gov_kz_real,Мамлютский,Sunflower seed,0,0,0,1,0,54.8161,68.2693,14.0392,365.0178,1045.4254,3111.6399,225.4979,16.4882,18.8641,578.3697,0.4112,0.4025,0.3851,0.4062,0.3899,73.1196,93.2884,1658.1115,141.9731,-14.03,0.3492,0.3542,-680.4076,0.0,1.125,1.37,43.333,40.9,29.417,30.3,3.82,2.52,6.65,7.0,39.45,39.1,31.167,30.6,44.95,16.1,268.67333333333335,230.878850445,,190.60477617365,1089.3890968508615,1059.975,1021.9542980012442,963.3648258333332,563.665,338.26916666666665,98.1,96.4,96.8,92.5,199.07542137038712,203.289689890296,220.0812656792285,221.3372982910953,1230.0,1580.0,1410.0,1406.6666666666667,1200.0,1836.0,1060.7692307692307,1.1595358955765047,340.43,429.9716666666666,315.2375,,,143193.0,2.0,135499.7142857143,7.0,131584.0,1.0,138408.0,1.0,,,2.1505616965036647
2025,Северо-Казахстанская область,Подсолнечник,Мамлютский район,3893.0,7851.700000000001,2020.0,stat_gov_kz_real,Мамлютский,Sunflower seed,0,0,0,1,0,54.8161,68.2693,15.3207,371.374,1089.8985,3090.1646,244.747,17.7977,18.8481,607.6049,0.4327,0.4355,0.3681,0.3761,0.3802,61.3924,88.4398,1893.5521,157.5549,-8.326,0.3407,0.3864,-718.5245,0.0,1.125,1.37,43.333,40.9,29.417,30.3,3.82,2.52,6.65,7.0,39.45,39.1,31.167,30.6,44.95,16.1,243.3325,219.61538460375,,203.19753726864084,1226.4814225569482,1262.8893305316649,1139.8729249670616,1006.980403811544,685.2199999999999,422.655,99.9,101.1,95.5,114.4,198.87634594901675,205.52587647908928,210.1776087236632,253.20986924501307,2390.0,1230.0,1580.0,1733.3333333333333,1406.0,2776.0,1796.923076923077,1.3300513698630136,268.67333333333335,340.43,429.9716666666666,,,172103.5,2.0,173035.11111111112,9.0,,,143193.0,2.0,,0.20189883583694734,2.2891430851594454
2022,Северо-Казахстанская область,Пшеница,Мамлютский район,85270.0,187063.88,2190.0,stat_gov_kz_real,Мамлютский,Wheat,0,0,0,0,0,54.8161,68.2693,15.031,251.8452,1245.6464,3217.8702,186.6581,17.273,18.8007,698.9316,0.3407,0.3401,0.318,0.3752,0.3606,74.0648,70.9501,1843.0111,123.9259,-10.3054,0.2022,0.2475,-993.8012,0.0,1.125,1.37,43.333,40.9,29.417,30.3,3.82,2.52,6.65,7.0,39.45,39.1,31.167,30.6,44.95,16.1,429.9716666666666,381.91843016614285,,318.80665693333333,1756.7299999999998,1650.8083333333334,1666.7975,1275.9916666666666,772.1583333333333,700.015,117.2,119.8,120.3,119.5,205.1881825157127,219.4395640458116,242.9024352785156,263.238246116725,1389.2912205810562,1787.0669781334968,1770.2221645860775,1648.8601211002103,1629.8841781407482,88081.0,1203.990434755327,1.1539055298752317,315.2375,231.56548795,201.692128575,106756.0,1.0,104748.5,2.0,105417.66666666669,3.0,,,,,,,1.6456560237139435
2023,Северо-Казахстанская область,Пшеница,Мамлютский район,94973.4,154955.905,1633.08,stat_gov_kz_real,Мамлютский,Wheat,0,0,0,0,0,54.8161,68.2693,15.5735,110.9775,883.6502,2501.1498,60.5845,18.9357,20.235,508.2303,0.3088,0.3362,0.3217,0.291,0.3101,36.3643,13.8287,1944.9466,94.0548,-11.9586,0.1256,0.1089,-772.6727,0.0,1.125,1.37,43.333,40.9,29.417,30.3,3.82,2.52,6.65,7.0,39.45,39.1,31.167,30.6,44.95,16.1,340.43,257.74181354863634,,252.65528515370417,1065.1408333333334,1006.6991666666668,1118.5016666666668,886.4533333333334,550.0483333333333,358.0016666666667,98.9,96.1,93.6,90.9,202.9311125080399,210.8814210480249,227.35667942069057,239.28356572010304,2190.0,1389.2912205810562,1787.0669781334968,1788.7860662381845,1719.833574858895,85270.0,1547.6923076923076,1.4150099403578529,429.9716666666666,315.2375,231.56548795,88034.0,3.0,95088.0,2.0,91444.83333333331,12.0,106756.0,1.0,104748.5,2.0,,-0.09222566432932211,1.45557799091368
2024,Северо-Казахстанская область,Пшеница,Мамлютский район,89092.3,186180.83,2090.0,stat_gov_kz_real,Мамлютский,Wheat,0,0,0,0,0,54.8161,68.2693,14.0392,365.0178,1045.4254,3111.6399,225.4979,16.4882,18.8641,578.3697,0.4112,0.4025,0.3851,0.4062,0.3899,73.1196,93.2884,1658.1115,141.9731,-14.03,0.3492,0.3542,-680.4076,0.0,1.125,1.37,43.333,40.9,29.417,30.3,3.82,2.52,6.65,7.0,39.45,39.1,31.167,30.6,44.95,16.1,268.67333333333335,230.878850445,,190.60477617365,1089.3890968508615,1059.975,1021.9542980012442,963.3648258333332,563.665,338.26916666666665,98.1,96.4,96.8,92.5,199.07542137038712,203.289689890296,220.0812656792285,221.3372982910953,1633.08,2190.0,1389.2912205810562,1737.4570735270188,1753.932072660126,94973.4,1317.8771428571429,1.2391746900318044,340.43,429.9716666666666,315.2375,84151.33333333333,3.0,66584.0,2.0,87334.08333333333,12.0,88034.0,3.0,95088.0,2.0,-0.04410417187298854,-0.2997644287396938,2.1505616965036647
2025,Северо-Казахстанская область,Пшеница,Мамлютский район,80856.7,199712.77,2470.0,stat_gov_kz_real,Мамлютский,Wheat,0,0,0,0,0,54.8161,68.2693,15.3207,371.374,1089.8985,3090.1646,244.747,17.7977,18.8481,607.6049,0.4327,0.4355,0.3681,0.3761,0.3802,61.3924,88.4398,1893.5521,157.5549,-8.326,0.3407,0.3864,-718.5245,0.0,1.125,1.37,43.333,40.9,29.417,30.3,3.82,2.52,6.65,7.0,39.45,39.1,31.167,30.6,44.95,16.1,243.3325,219.61538460375,,203.19753726864084,1226.4814225569482,1262.8893305316649,1139.8729249670616,1006.980403811544,685.2199999999999,422.655,99.9,101.1,95.5,114.4,198.87634594901675,205.52587647908928,210.1776087236632,253.20986924501307,2090.0,1633.08,2190.0,1971.0266666666666,1817.8876397429108,89092.3,1921.4285714285713,1.087732342007435,268.67333333333335,340.43,429.9716666666666,80415.66666666667,3.0,75182.5,2.0,76329.41666666667,12.0,84151.33333333333,3.0,66584.0,2.0,-0.04439224571605116,0.12913763066202089,2.2891430851594454
2022,Северо-Казахстанская область,Ячмень,Мамлютский район,18619.0,40367.72,2170.0,stat_gov_kz_real,Мамлютский,Barley,0,0,0,0,0,54.8161,68.2693,15.031,251.8452,1245.6464,3217.8702,186.6581,17.273,18.8007,698.9316,0.3407,0.3401,0.318,0.3752,0.3606,74.0648,70.9501,1843.0111,123.9259,-10.3054,0.2022,0.2475,-993.8012,0.0,1.125,1.37,43.333,40.9,29.417,30.3,3.82,2.52,6.65,7.0,39.45,39.1,31.167,30.6,44.95,16.1,429.9716666666666,381.91843016614285,,318.80665693333333,1756.7299999999998,1650.8083333333334,1666.7975,1275.9916666666666,772.1583333333333,700.015,117.2,119.8,120.3,119.5,205.1881825157127,219.4395640458116,242.9024352785156,263.238246116725,1420.0,1650.0,1789.9999999999998,1620.0,1712.0,17274.5,1226.1538461538462,1.1580928481806776,315.2375,231.56548795,201.692128575,84106.0,1.0,81595.0,2.0,82432.0,3.0,,,,,,,1.6456560237139435
2023,Северо-Казахстанская область,Ячмень,Мамлютский район,21043.2,34703.73,1649.17,stat_gov_kz_real,Мамлютский,Barley,0,0,0,0,0,54.8161,68.2693,15.5735,110.9775,883.6502,2501.1498,60.5845,18.9357,20.235,508.2303,0.3088,0.3362,0.3217,0.291,0.3101,36.3643,13.8287,1944.9466,94.0548,-11.9586,0.1256,0.1089,-772.6727,0.0,1.125,1.37,43.333,40.9,29.417,30.3,3.82,2.52,6.65,7.0,39.45,39.1,31.167,30.6,44.95,16.1,340.43,257.74181354863634,,252.65528515370417,1065.1408333333334,1006.6991666666668,1118.5016666666668,886.4533333333334,550.0483333333333,358.0016666666667,98.9,96.1,93.6,90.9,202.9311125080399,210.8814210480249,227.35667942069057,239.28356572010304,2170.0,1420.0,1650.0,1746.6666666666667,1776.0,18619.0,1700.7692307692307,1.275893260967888,429.9716666666666,315.2375,231.56548795,66140.0,3.0,60873.0,2.0,70694.9,10.0,84106.0,1.0,81595.0,2.0,,-0.25396163980636066,1.45557799091368
2024,Северо-Казахстанская область,Ячмень,Мамлютский район,18190.4,38737.36,2160.0,stat_gov_kz_real,Мамлютский,Barley,0,0,0,0,0,54.8161,68.2693,14.0392,365.0178,1045.4254,3111.6399,225.4979,16.4882,18.8641,578.3697,0.4112,0.4025,0.3851,0.4062,0.3899,73.1196,93.2884,1658.1115,141.9731,-14.03,0.3492,0.3542,-680.4076,0.0,1.125,1.37,43.333,40.9,29.417,30.3,3.82,2.52,6.65,7.0,39.45,39.1,31.167,30.6,44.95,16.1,268.67333333333335,230.878850445,,190.60477617365,1089.3890968508615,1059.975,1021.9542980012442,963.3648258333332,563.665,338.26916666666665,98.1,96.4,96.8,92.5,199.07542137038712,203.289689890296,220.0812656792285,221.3372982910953,1649.17,2170.0,1420.0,1746.39,1735.834,21043.2,1212.3807692307691,1.3602739682569898,340.43,429.9716666666666,315.2375,61969.0,3.0,45889.0,2.0,58712.181818181816,11.0,66140.0,3.0,60873.0,2.0,-0.06306319927426673,-0.2461518242899151,2.1505616965036647
2025,Северо-Казахстанская область,Ячмень,Мамлютский район,15210.0,35131.05,2310.0,stat_gov_kz_real,Мамлютский,Barley,0,0,0,0,0,54.8161,68.2693,15.3207,371.374,1089.8985,3090.1646,244.747,17.7977,18.8481,607.6049,0.4327,0.4355,0.3681,0.3761,0.3802,61.3924,88.4398,1893.5521,157.5549,-8.326,0.3407,0.3864,-718.5245,0.0,1.125,1.37,43.333,40.9,29.417,30.3,3.82,2.52,6.65,7.0,39.45,39.1,31.167,30.6,44.95,16.1,243.3325,219.61538460375,,203.19753726864084,1226.4814225569482,1262.8893305316649,1139.8729249670616,1006.980403811544,685.2199999999999,422.655,99.9,101.1,95.5,114.4,198.87634594901675,205.52587647908928,210.1776087236632,253.20986924501307,2160.0,1649.17,2170.0,1993.0566666666666,1809.834,18190.4,1873.076923076923,1.153182751540041,268.67333333333335,340.43,429.9716666666666,67897.66666666667,3.0,67157.5,2.0,60953.36363636364,11.0,61969.0,3.0,45889.0,2.0,0.09567149165980848,0.4634770860118982,2.2891430851594454
2023,Северо-Казахстанская область,Пшеница,г.Петропавловск,75.0,224.64,2995.2000000000003,stat_gov_kz_real,Петропавловск,Wheat,0,1,0,1,0,54.8668,69.1335,15.4478,118.1494,925.7622,2511.5963,59.3051,18.8496,20.1994,532.7379,0.2713,0.2877,0.2726,0.2501,0.2521,34.5436,13.9548,1924.5445,95.3262,-11.9626,0.1276,0.1017,-807.6128,0.0,1.14,1.37,39.433,36.6,27.433,26.9,3.218,2.52,6.5,6.8,35.483,36.7,37.083,36.4,39.817,19.9,340.43,257.74181354863634,,252.65528515370417,1065.1408333333334,1006.6991666666668,1118.5016666666668,886.4533333333334,550.0483333333333,358.0016666666667,98.9,96.1,93.6,90.9,202.9311125080399,210.8814210480249,227.35667942069057,239.28356572010304,,,,,,,1547.6923076923076,,429.9716666666666,315.2375,231.56548795,88034.0,3.0,95088.0,2.0,91444.83333333331,12.0,106756.0,1.0,104748.5,2.0,,-0.09222566432932211,1.45557799091368
2024,Северо-Казахстанская область,Пшеница,г.Петропавловск,75.0,164.20000000000002,2190.0,stat_gov_kz_real,Петропавловск,Wheat,0,1,0,1,0,54.8668,69.1335,13.9433,346.3487,1082.7856,3097.986,205.1102,16.4103,18.8378,594.8063,0.3691,0.362,0.3459,0.3486,0.3296,71.2299,75.7515,1640.8053,148.1267,-14.0893,0.3199,0.3137,-736.4368,0.0,1.14,1.37,39.433,36.6,27.433,26.9,3.218,2.52,6.5,6.8,35.483,36.7,37.083,36.4,39.817,19.9,268.67333333333335,230.878850445,,190.60477617365,1089.3890968508615,1059.975,1021.9542980012442,963.3648258333332,563.665,338.26916666666665,98.1,96.4,96.8,92.5,199.07542137038712,203.289689890296,220.0812656792285,221.3372982910953,2995.2000000000003,,,2995.2000000000003,2995.2000000000003,75.0,1317.8771428571429,2.2727459962667234,340.43,429.9716666666666,315.2375,84151.33333333333,3.0,66584.0,2.0,87334.08333333333,12.0,88034.0,3.0,95088.0,2.0,-0.04410417187298854,-0.2997644287396938,2.1505616965036647
2024,Северо-Казахстанская область,Кукуруза,Тайыншинский район,512.0,2085.98,4070.000000000001,stat_gov_kz_real,Тайыншинский,Maize,0,0,0,0,0,53.8096,69.8944,14.3771,375.293,1060.3287,3106.6336,262.8821,16.7829,19.101,586.8277,0.4265,0.4174,0.4244,0.4199,0.4111,85.5173,95.8245,1719.8996,133.3605,-13.3433,0.3539,0.4191,-685.0357,0.0,1.21,1.4,44.2,41.3,29.817,32.5,4.033,3.62,6.833,7.1,35.65,34.0,34.433,33.5,37.717,17.3,268.67333333333335,230.878850445,,190.60477617365,1089.3890968508615,1059.975,1021.9542980012442,963.3648258333332,563.665,338.26916666666665,98.1,96.4,96.8,92.5,199.07542137038712,203.289689890296,220.0812656792285,221.3372982910953,,,,,1285.45,,1098.0,,340.43,429.9716666666666,315.2375,,,,,,,,,,,,,2.1505616965036647
2025,Северо-Казахстанская область,Кукуруза,Тайыншинский район,725.0,6250.0,,stat_gov_kz_real,Тайыншинский,Maize,0,0,0,0,1,53.8096,69.8944,16.03,339.9142,1212.1891,3170.8285,216.447,18.7178,19.3936,671.5278,0.4114,0.3964,0.3528,0.3515,0.3025,55.0443,88.4637,2023.153,152.8398,-7.9428,0.2804,0.303,-872.2749,0.0,1.21,1.4,44.2,41.3,29.817,32.5,4.033,3.62,6.833,7.1,35.65,34.0,34.433,33.5,37.717,17.3,243.3325,219.61538460375,,203.19753726864084,1226.4814225569482,1262.8893305316649,1139.8729249670616,1006.980403811544,685.2199999999999,422.655,99.9,101.1,95.5,114.4,198.87634594901675,205.52587647908928,210.1776087236632,253.20986924501307,4070.000000000001,,,4070.000000000001,2598.0000000000005,512.0,2553.3333333333335,1.5939947780678854,268.67333333333335,340.43,429.9716666666666,,,,,,,,,,,,,2.2891430851594454
2022,Северо-Казахстанская область,Подсолнечник,Тайыншинский район,9006.2,8315.03,980.0,stat_gov_kz_real,Тайыншинский,Sunflower seed,0,0,0,0,0,53.8096,69.8944,16.2757,186.1213,1448.1087,3324.8289,130.213,18.8042,19.6623,789.9099,0.2887,0.304,0.3034,0.3585,0.3051,34.322,77.6051,2070.0031,117.9098,-9.4242,0.1285,0.146,-1261.9874,0.0,1.21,1.4,44.2,41.3,29.817,32.5,4.033,3.62,6.833,7.1,35.65,34.0,34.433,33.5,37.717,17.3,429.9716666666666,381.91843016614285,,318.80665693333333,1756.7299999999998,1650.8083333333334,1666.7975,1275.9916666666666,772.1583333333333,700.015,117.2,119.8,120.3,119.5,205.1881825157127,219.4395640458116,242.9024352785156,263.238246116725,1070.0,810.0,1070.0,983.3333333333334,1168.0,4481.0,1212.7272727272727,0.8823088455772113,315.2375,231.56548795,201.692128575,,,172380.0,1.0,172380.0,1.0,,,,,,,1.6456560237139435
2023,Северо-Казахстанская область,Подсолнечник,Тайыншинский район,13450.0,11396.22,850.0,stat_gov_kz_real,Тайыншинский,Sunflower seed,0,0,0,0,0,53.8096,69.8944,16.061,98.2717,926.9826,2506.0738,42.961,19.5992,21.1165,548.5164,0.3016,0.3106,0.3056,0.2859,0.2905,25.9703,7.1433,2034.0783,91.2088,-12.1976,0.106,0.0736,-828.7109,0.0,1.21,1.4,44.2,41.3,29.817,32.5,4.033,3.62,6.833,7.1,35.65,34.0,34.433,33.5,37.717,17.3,340.43,257.74181354863634,,252.65528515370417,1065.1408333333334,1006.6991666666668,1118.5016666666668,886.4533333333334,550.0483333333333,358.0016666666667,98.9,96.1,93.6,90.9,202.9311125080399,210.8814210480249,227.35667942069057,239.28356572010304,980.0,1070.0,810.0,953.3333333333334,1012.0,9006.2,1323.3333333333333,0.7405541561712847,429.9716666666666,315.2375,231.56548795,131584.0,1.0,138408.0,1.0,155876.25,4.0,,,172380.0,1.0,,,1.45557799091368
2024,Северо-Казахстанская область,Подсолнечник,Тайыншинский район,10642.0,21091.2,1980.0,stat_gov_kz_real,Тайыншинский,Sunflower seed,0,0,0,0,0,53.8096,69.8944,14.3771,375.293,1060.3287,3106.6336,262.8821,16.7829,19.101,586.8277,0.4265,0.4174,0.4244,0.4199,0.4111,85.5173,95.8245,1719.8996,133.3605,-13.3433,0.3539,0.4191,-685.0357,0.0,1.21,1.4,44.2,41.3,29.817,32.5,4.033,3.62,6.833,7.1,35.65,34.0,34.433,33.5,37.717,17.3,268.67333333333335,230.878850445,,190.60477617365,1089.3890968508615,1059.975,1021.9542980012442,963.3648258333332,563.665,338.26916666666665,98.1,96.4,96.8,92.5,199.07542137038712,203.289689890296,220.0812656792285,221.3372982910953,850.0,980.0,1070.0,966.6666666666666,956.0,13450.0,1060.7692307692307,0.8013052936910805,340.43,429.9716666666666,315.2375,,,143193.0,2.0,135499.7142857143,7.0,131584.0,1.0,138408.0,1.0,,,2.1505616965036647
2025,Северо-Казахстанская область,Подсолнечник,Тайыншинский район,25923.0,37750.77,1460.0,stat_gov_kz_real,Тайыншинский,Sunflower seed,0,0,0,0,0,53.8096,69.8944,16.03,339.9142,1212.1891,3170.8285,216.447,18.7178,19.3936,671.5278,0.4114,0.3964,0.3528,0.3515,0.3025,55.0443,88.4637,2023.153,152.8398,-7.9428,0.2804,0.303,-872.2749,0.0,1.21,1.4,44.2,41.3,29.817,32.5,4.033,3.62,6.833,7.1,35.65,34.0,34.433,33.5,37.717,17.3,243.3325,219.61538460375,,203.19753726864084,1226.4814225569482,1262.8893305316649,1139.8729249670616,1006.980403811544,685.2199999999999,422.655,99.9,101.1,95.5,114.4,198.87634594901675,205.52587647908928,210.1776087236632,253.20986924501307,1980.0,850.0,980.0,1270.0,1138.0,10642.0,1796.923076923077,1.1018835616438356,268.67333333333335,340.43,429.9716666666666,,,172103.5,2.0,173035.11111111112,9.0,,,143193.0,2.0,,0.20189883583694734,2.2891430851594454
2022,Северо-Казахстанская область,Пшеница,Тайыншинский район,301998.1,349479.69,1160.0,stat_gov_kz_real,Тайыншинский,Wheat,0,0,0,0,0,53.8096,69.8944,16.2757,186.1213,1448.1087,3324.8289,130.213,18.8042,19.6623,789.9099,0.2887,0.304,0.3034,0.3585,0.3051,34.322,77.6051,2070.0031,117.9098,-9.4242,0.1285,0.146,-1261.9874,0.0,1.21,1.4,44.2,41.3,29.817,32.5,4.033,3.62,6.833,7.1,35.65,34.0,34.433,33.5,37.717,17.3,429.9716666666666,381.91843016614285,,318.80665693333333,1756.7299999999998,1650.8083333333334,1666.7975,1275.9916666666666,772.1583333333333,700.015,117.2,119.8,120.3,119.5,205.1881825157127,219.4395640458116,242.9024352785156,263.238246116725,1011.9284549089792,1236.046709623392,1415.1703063598509,1221.0484902974074,1302.791569786989,353453.74,1203.990434755327,0.8404788158592155,315.2375,231.56548795,201.692128575,106756.0,1.0,104748.5,2.0,105417.66666666669,3.0,,,,,,,1.6456560237139435
2023,Северо-Казахстанская область,Пшеница,Тайыншинский район,315637.0,255052.506,840.39,stat_gov_kz_real,Тайыншинский,Wheat,0,0,0,0,0,53.8096,69.8944,16.061,98.2717,926.9826,2506.0738,42.961,19.5992,21.1165,548.5164,0.3016,0.3106,0.3056,0.2859,0.2905,25.9703,7.1433,2034.0783,91.2088,-12.1976,0.106,0.0736,-828.7109,0.0,1.21,1.4,44.2,41.3,29.817,32.5,4.033,3.62,6.833,7.1,35.65,34.0,34.433,33.5,37.717,17.3,340.43,257.74181354863634,,252.65528515370417,1065.1408333333334,1006.6991666666668,1118.5016666666668,886.4533333333334,550.0483333333333,358.0016666666667,98.9,96.1,93.6,90.9,202.9311125080399,210.8814210480249,227.35667942069057,239.28356572010304,1160.0,1011.9284549089792,1236.046709623392,1135.9917215107905,1242.523433303142,301998.1,1547.6923076923076,0.7495029821073559,429.9716666666666,315.2375,231.56548795,88034.0,3.0,95088.0,2.0,91444.83333333331,12.0,106756.0,1.0,104748.5,2.0,,-0.09222566432932211,1.45557799091368
2024,Северо-Казахстанская область,Пшеница,Тайыншинский район,319000.54,647031.78,2030.0,stat_gov_kz_real,Тайыншинский,Wheat,0,0,0,0,0,53.8096,69.8944,14.3771,375.293,1060.3287,3106.6336,262.8821,16.7829,19.101,586.8277,0.4265,0.4174,0.4244,0.4199,0.4111,85.5173,95.8245,1719.8996,133.3605,-13.3433,0.3539,0.4191,-685.0357,0.0,1.21,1.4,44.2,41.3,29.817,32.5,4.033,3.62,6.833,7.1,35.65,34.0,34.433,33.5,37.717,17.3,268.67333333333335,230.878850445,,190.60477617365,1089.3890968508615,1059.975,1021.9542980012442,963.3648258333332,563.665,338.26916666666665,98.1,96.4,96.8,92.5,199.07542137038712,203.289689890296,220.0812656792285,221.3372982910953,840.39,1160.0,1011.9284549089792,1004.1061516363264,1132.7070941784445,315637.0,1317.8771428571429,0.6376846313443482,340.43,429.9716666666666,315.2375,84151.33333333333,3.0,66584.0,2.0,87334.08333333333,12.0,88034.0,3.0,95088.0,2.0,-0.04410417187298854,-0.2997644287396938,2.1505616965036647
2025,Северо-Казахстанская область,Пшеница,Тайыншинский район,281256.0,541701.88,1930.0,stat_gov_kz_real,Тайыншинский,Wheat,0,0,0,0,0,53.8096,69.8944,16.03,339.9142,1212.1891,3170.8285,216.447,18.7178,19.3936,671.5278,0.4114,0.3964,0.3528,0.3515,0.3025,55.0443,88.4637,2023.153,152.8398,-7.9428,0.2804,0.303,-872.2749,0.0,1.21,1.4,44.2,41.3,29.817,32.5,4.033,3.62,6.833,7.1,35.65,34.0,34.433,33.5,37.717,17.3,243.3325,219.61538460375,,203.19753726864084,1226.4814225569482,1262.8893305316649,1139.8729249670616,1006.980403811544,685.2199999999999,422.655,99.9,101.1,95.5,114.4,198.87634594901675,205.52587647908928,210.1776087236632,253.20986924501307,2030.0,840.39,1160.0,1343.4633333333334,1255.6730329064744,319000.54,1921.4285714285713,1.0565055762081785,268.67333333333335,340.43,429.9716666666666,80415.66666666667,3.0,75182.5,2.0,76329.41666666667,12.0,84151.33333333333,3.0,66584.0,2.0,-0.04439224571605116,0.12913763066202089,2.2891430851594454
2022,Северо-Казахстанская область,Ячмень,Тайыншинский район,69621.39,82952.98000000001,1200.0,stat_gov_kz_real,Тайыншинский,Barley,0,0,0,0,0,53.8096,69.8944,16.2757,186.1213,1448.1087,3324.8289,130.213,18.8042,19.6623,789.9099,0.2887,0.304,0.3034,0.3585,0.3051,34.322,77.6051,2070.0031,117.9098,-9.4242,0.1285,0.146,-1261.9874,0.0,1.21,1.4,44.2,41.3,29.817,32.5,4.033,3.62,6.833,7.1,35.65,34.0,34.433,33.5,37.717,17.3,429.9716666666666,381.91843016614285,,318.80665693333333,1756.7299999999998,1650.8083333333334,1666.7975,1275.9916666666666,772.1583333333333,700.015,117.2,119.8,120.3,119.5,205.1881825157127,219.4395640458116,242.9024352785156,263.238246116725,1120.0,950.0,1380.0,1150.0,1360.0,54253.0,1226.1538461538462,0.9134253450439147,315.2375,231.56548795,201.692128575,84106.0,1.0,81595.0,2.0,82432.0,3.0,,,,,,,1.6456560237139435
2023,Северо-Казахстанская область,Ячмень,Тайыншинский район,100532.5,79956.142,837.9799999999999,stat_gov_kz_real,Тайыншинский,Barley,0,0,0,0,0,53.8096,69.8944,16.061,98.2717,926.9826,2506.0738,42.961,19.5992,21.1165,548.5164,0.3016,0.3106,0.3056,0.2859,0.2905,25.9703,7.1433,2034.0783,91.2088,-12.1976,0.106,0.0736,-828.7109,0.0,1.21,1.4,44.2,41.3,29.817,32.5,4.033,3.62,6.833,7.1,35.65,34.0,34.433,33.5,37.717,17.3,340.43,257.74181354863634,,252.65528515370417,1065.1408333333334,1006.6991666666668,1118.5016666666668,886.4533333333334,550.0483333333333,358.0016666666667,98.9,96.1,93.6,90.9,202.9311125080399,210.8814210480249,227.35667942069057,239.28356572010304,1200.0,1120.0,950.0,1090.0,1274.0,69621.39,1700.7692307692307,0.7055630936227951,429.9716666666666,315.2375,231.56548795,66140.0,3.0,60873.0,2.0,70694.9,10.0,84106.0,1.0,81595.0,2.0,,-0.25396163980636066,1.45557799091368
2024,Северо-Казахстанская область,Ячмень,Тайыншинский район,88023.9,175616.75,2000.0,stat_gov_kz_real,Тайыншинский,Barley,0,0,0,0,0,53.8096,69.8944,14.3771,375.293,1060.3287,3106.6336,262.8821,16.7829,19.101,586.8277,0.4265,0.4174,0.4244,0.4199,0.4111,85.5173,95.8245,1719.8996,133.3605,-13.3433,0.3539,0.4191,-685.0357,0.0,1.21,1.4,44.2,41.3,29.817,32.5,4.033,3.62,6.833,7.1,35.65,34.0,34.433,33.5,37.717,17.3,268.67333333333335,230.878850445,,190.60477617365,1089.3890968508615,1059.975,1021.9542980012442,963.3648258333332,563.665,338.26916666666665,98.1,96.4,96.8,92.5,199.07542137038712,203.289689890296,220.0812656792285,221.3372982910953,837.9799999999999,1200.0,1120.0,1052.66,1097.596,100532.5,1212.3807692307691,0.6911854932602413,340.43,429.9716666666666,315.2375,61969.0,3.0,45889.0,2.0,58712.181818181816,11.0,66140.0,3.0,60873.0,2.0,-0.06306319927426673,-0.2461518242899151,2.1505616965036647
2025,Северо-Казахстанская область,Ячмень,Тайыншинский район,79221.0,153874.36000000002,1940.0,stat_gov_kz_real,Тайыншинский,Barley,0,0,0,0,0,53.8096,69.8944,16.03,339.9142,1212.1891,3170.8285,216.447,18.7178,19.3936,671.5278,0.4114,0.3964,0.3528,0.3515,0.3025,55.0443,88.4637,2023.153,152.8398,-7.9428,0.2804,0.303,-872.2749,0.0,1.21,1.4,44.2,41.3,29.817,32.5,4.033,3.62,6.833,7.1,35.65,34.0,34.433,33.5,37.717,17.3,243.3325,219.61538460375,,203.19753726864084,1226.4814225569482,1262.8893305316649,1139.8729249670616,1006.980403811544,685.2199999999999,422.655,99.9,101.1,95.5,114.4,198.87634594901675,205.52587647908928,210.1776087236632,253.20986924501307,2000.0,837.9799999999999,1200.0,1345.9933333333333,1221.596,88023.9,1873.076923076923,1.0677618069815196,268.67333333333335,340.43,429.9716666666666,67897.66666666667,3.0,67157.5,2.0,60953.36363636364,11.0,61969.0,3.0,45889.0,2.0,0.09567149165980848,0.4634770860118982,2.2891430851594454
2022,Северо-Казахстанская область,Подсолнечник,Тимирязевский район,13993.0,20106.63,1440.0,stat_gov_kz_real,Тимирязевский,Sunflower seed,0,0,0,1,0,53.6656,66.5112,15.9229,172.0299,1269.1894,3322.1835,126.7941,17.9208,19.7703,737.3635,0.3261,0.3249,0.3088,0.3034,0.3009,42.5753,49.0583,2005.7059,126.5658,-10.5577,0.1355,0.167,-1097.1595,0.0,1.212,1.41,43.1,38.9,32.283,34.2,3.298,2.21,6.867,7.3,34.8,33.6,32.917,32.2,34.067,16.7,429.9716666666666,381.91843016614285,,318.80665693333333,1756.7299999999998,1650.8083333333334,1666.7975,1275.9916666666666,772.1583333333333,700.015,117.2,119.8,120.3,119.5,205.1881825157127,219.4395640458116,242.9024352785156,263.238246116725,930.0,,500.0,715.0,640.0,6401.0,1212.7272727272727,0.7668665667166417,315.2375,231.56548795,201.692128575,,,172380.0,1.0,172380.0,1.0,,,,,,,1.6456560237139435
2023,Северо-Казахстанская область,Подсолнечник,Тимирязевский район,16479.0,14930.6,910.0,stat_gov_kz_real,Тимирязевский,Sunflower seed,0,0,0,1,0,53.6656,66.5112,15.8925,125.9075,826.7353,2491.4271,64.9548,19.2406,20.6558,489.7064,0.307,0.337,0.3144,0.299,0.303,32.8986,17.2463,2003.3462,108.7634,-12.7391,0.1523,0.1249,-700.8278,0.0,1.212,1.41,43.1,38.9,32.283,34.2,3.298,2.21,6.867,7.3,34.8,33.6,32.917,32.2,34.067,16.7,340.43,257.74181354863634,,252.65528515370417,1065.1408333333334,1006.6991666666668,1118.5016666666668,886.4533333333334,550.0483333333333,358.0016666666667,98.9,96.1,93.6,90.9,202.9311125080399,210.8814210480249,227.35667942069057,239.28356572010304,1440.0,930.0,,1185.0,956.6666666666666,13993.0,1323.3333333333333,1.0881612090680102,429.9716666666666,315.2375,231.56548795,131584.0,1.0,138408.0,1.0,155876.25,4.0,,,172380.0,1.0,,,1.45557799091368
2024,Северо-Казахстанская область,Подсолнечник,Тимирязевский район,13297.0,25229.2,1900.0,stat_gov_kz_real,Тимирязевский,Sunflower seed,0,0,0,1,0,53.6656,66.5112,14.4912,355.3446,1035.2736,3198.8557,235.2003,17.0474,19.3294,597.9902,0.3983,0.4015,0.3978,0.3884,0.3634,91.4251,85.0586,1740.8806,152.4641,-13.9878,0.3432,0.3689,-679.929,0.0,1.212,1.41,43.1,38.9,32.283,34.2,3.298,2.21,6.867,7.3,34.8,33.6,32.917,32.2,34.067,16.7,268.67333333333335,230.878850445,,190.60477617365,1089.3890968508615,1059.975,1021.9542980012442,963.3648258333332,563.665,338.26916666666665,98.1,96.4,96.8,92.5,199.07542137038712,203.289689890296,220.0812656792285,221.3372982910953,910.0,1440.0,930.0,1093.3333333333333,945.0,16479.0,1060.7692307692307,0.8578680203045685,340.43,429.9716666666666,315.2375,,,143193.0,2.0,135499.7142857143,7.0,131584.0,1.0,138408.0,1.0,,,2.1505616965036647
2025,Северо-Казахстанская область,Подсолнечник,Тимирязевский район,11194.0,21460.210000000003,1920.0,stat_gov_kz_real,Тимирязевский,Sunflower seed,0,0,0,1,0,53.6656,66.5112,15.8596,347.8563,1094.6459,3147.9956,247.129,18.3098,19.118,604.5181,0.4237,0.4273,0.3567,0.3358,0.3301,51.3623,80.0693,1992.4474,166.2069,-8.5124,0.3178,0.3926,-746.7896,0.0,1.212,1.41,43.1,38.9,32.283,34.2,3.298,2.21,6.867,7.3,34.8,33.6,32.917,32.2,34.067,16.7,243.3325,219.61538460375,,203.19753726864084,1226.4814225569482,1262.8893305316649,1139.8729249670616,1006.980403811544,685.2199999999999,422.655,99.9,101.1,95.5,114.4,198.87634594901675,205.52587647908928,210.1776087236632,253.20986924501307,1900.0,910.0,1440.0,1416.6666666666667,1295.0,13297.0,1796.923076923077,1.05736301369863,268.67333333333335,340.43,429.9716666666666,,,172103.5,2.0,173035.11111111112,9.0,,,143193.0,2.0,,0.20189883583694734,2.2891430851594454
2022,Северо-Казахстанская область,Пшеница,Тимирязевский район,166959.0,266308.2,1600.0,stat_gov_kz_real,Тимирязевский,Wheat,0,0,0,0,0,53.6656,66.5112,15.9229,172.0299,1269.1894,3322.1835,126.7941,17.9208,19.7703,737.3635,0.3261,0.3249,0.3088,0.3034,0.3009,42.5753,49.0583,2005.7059,126.5658,-10.5577,0.1355,0.167,-1097.1595,0.0,1.212,1.41,43.1,38.9,32.283,34.2,3.298,2.21,6.867,7.3,34.8,33.6,32.917,32.2,34.067,16.7,429.9716666666666,381.91843016614285,,318.80665693333333,1756.7299999999998,1650.8083333333334,1666.7975,1275.9916666666666,772.1583333333333,700.015,117.2,119.8,120.3,119.5,205.1881825157127,219.4395640458116,242.9024352785156,263.238246116725,877.581026139298,1437.8216920398402,1179.2322902066585,1164.878336128599,1354.2156642773546,179440.55,1203.990434755327,0.7288936862007867,315.2375,231.56548795,201.692128575,106756.0,1.0,104748.5,2.0,105417.66666666669,3.0,,,,,,,1.6456560237139435
2023,Северо-Казахстанская область,Пшеница,Тимирязевский район,175242.9,179625.90000000002,1039.3000000000002,stat_gov_kz_real,Тимирязевский,Wheat,0,0,0,0,0,53.6656,66.5112,15.8925,125.9075,826.7353,2491.4271,64.9548,19.2406,20.6558,489.7064,0.307,0.337,0.3144,0.299,0.303,32.8986,17.2463,2003.3462,108.7634,-12.7391,0.1523,0.1249,-700.8278,0.0,1.212,1.41,43.1,38.9,32.283,34.2,3.298,2.21,6.867,7.3,34.8,33.6,32.917,32.2,34.067,16.7,340.43,257.74181354863634,,252.65528515370417,1065.1408333333334,1006.6991666666668,1118.5016666666668,886.4533333333334,550.0483333333333,358.0016666666667,98.9,96.1,93.6,90.9,202.9311125080399,210.8814210480249,227.35667942069057,239.28356572010304,1600.0,877.581026139298,1437.8216920398402,1305.134239393046,1328.1970218405459,166959.0,1547.6923076923076,1.0337972166998013,429.9716666666666,315.2375,231.56548795,88034.0,3.0,95088.0,2.0,91444.83333333331,12.0,106756.0,1.0,104748.5,2.0,,-0.09222566432932211,1.45557799091368
2024,Северо-Казахстанская область,Пшеница,Тимирязевский район,157363.4,308144.79,1960.0,stat_gov_kz_real,Тимирязевский,Wheat,0,0,0,0,0,53.6656,66.5112,14.4912,355.3446,1035.2736,3198.8557,235.2003,17.0474,19.3294,597.9902,0.3983,0.4015,0.3978,0.3884,0.3634,91.4251,85.0586,1740.8806,152.4641,-13.9878,0.3432,0.3689,-679.929,0.0,1.212,1.41,43.1,38.9,32.283,34.2,3.298,2.21,6.867,7.3,34.8,33.6,32.917,32.2,34.067,16.7,268.67333333333335,230.878850445,,190.60477617365,1089.3890968508615,1059.975,1021.9542980012442,963.3648258333332,563.665,338.26916666666665,98.1,96.4,96.8,92.5,199.07542137038712,203.289689890296,220.0812656792285,221.3372982910953,1039.3000000000002,1600.0,877.581026139298,1172.293675379766,1226.7870016771594,175242.9,1317.8771428571429,0.7886167581196601,340.43,429.9716666666666,315.2375,84151.33333333333,3.0,66584.0,2.0,87334.08333333333,12.0,88034.0,3.0,95088.0,2.0,-0.04410417187298854,-0.2997644287396938,2.1505616965036647
2025,Северо-Казахстанская область,Пшеница,Тимирязевский район,134986.3,298002.84,2210.0,stat_gov_kz_real,Тимирязевский,Wheat,0,0,0,0,0,53.6656,66.5112,15.8596,347.8563,1094.6459,3147.9956,247.129,18.3098,19.118,604.5181,0.4237,0.4273,0.3567,0.3358,0.3301,51.3623,80.0693,1992.4474,166.2069,-8.5124,0.3178,0.3926,-746.7896,0.0,1.212,1.41,43.1,38.9,32.283,34.2,3.298,2.21,6.867,7.3,34.8,33.6,32.917,32.2,34.067,16.7,243.3325,219.61538460375,,203.19753726864084,1226.4814225569482,1262.8893305316649,1139.8729249670616,1006.980403811544,685.2199999999999,422.655,99.9,101.1,95.5,114.4,198.87634594901675,205.52587647908928,210.1776087236632,253.20986924501307,1960.0,1039.3000000000002,1600.0,1533.1000000000001,1382.9405436358277,157363.4,1921.4285714285713,1.0200743494423792,268.67333333333335,340.43,429.9716666666666,80415.66666666667,3.0,75182.5,2.0,76329.41666666667,12.0,84151.33333333333,3.0,66584.0,2.0,-0.04439224571605116,0.12913763066202089,2.2891430851594454
2022,Северо-Казахстанская область,Ячмень,Тимирязевский район,16170.0,33480.4,2070.0,stat_gov_kz_real,Тимирязевский,Barley,0,0,0,0,0,53.6656,66.5112,15.9229,172.0299,1269.1894,3322.1835,126.7941,17.9208,19.7703,737.3635,0.3261,0.3249,0.3088,0.3034,0.3009,42.5753,49.0583,2005.7059,126.5658,-10.5577,0.1355,0.167,-1097.1595,0.0,1.212,1.41,43.1,38.9,32.283,34.2,3.298,2.21,6.867,7.3,34.8,33.6,32.917,32.2,34.067,16.7,429.9716666666666,381.91843016614285,,318.80665693333333,1756.7299999999998,1650.8083333333334,1666.7975,1275.9916666666666,772.1583333333333,700.015,117.2,119.8,120.3,119.5,205.1881825157127,219.4395640458116,242.9024352785156,263.238246116725,860.0,1440.0,1240.0,1180.0,1432.0,17221.7,1226.1538461538462,0.7013801756587201,315.2375,231.56548795,201.692128575,84106.0,1.0,81595.0,2.0,82432.0,3.0,,,,,,,1.6456560237139435
2023,Северо-Казахстанская область,Ячмень,Тимирязевский район,20542.9,20747.4,1038.0,stat_gov_kz_real,Тимирязевский,Barley,0,0,0,0,0,53.6656,66.5112,15.8925,125.9075,826.7353,2491.4271,64.9548,19.2406,20.6558,489.7064,0.307,0.337,0.3144,0.299,0.303,32.8986,17.2463,2003.3462,108.7634,-12.7391,0.1523,0.1249,-700.8278,0.0,1.212,1.41,43.1,38.9,32.283,34.2,3.298,2.21,6.867,7.3,34.8,33.6,32.917,32.2,34.067,16.7,340.43,257.74181354863634,,252.65528515370417,1065.1408333333334,1006.6991666666668,1118.5016666666668,886.4533333333334,550.0483333333333,358.0016666666667,98.9,96.1,93.6,90.9,202.9311125080399,210.8814210480249,227.35667942069057,239.28356572010304,2070.0,860.0,1440.0,1456.6666666666667,1456.0,16170.0,1700.7692307692307,1.2170963364993217,429.9716666666666,315.2375,231.56548795,66140.0,3.0,60873.0,2.0,70694.9,10.0,84106.0,1.0,81595.0,2.0,,-0.25396163980636066,1.45557799091368
2024,Северо-Казахстанская область,Ячмень,Тимирязевский район,17856.5,36052.13,2020.0,stat_gov_kz_real,Тимирязевский,Barley,0,0,0,0,0,53.6656,66.5112,14.4912,355.3446,1035.2736,3198.8557,235.2003,17.0474,19.3294,597.9902,0.3983,0.4015,0.3978,0.3884,0.3634,91.4251,85.0586,1740.8806,152.4641,-13.9878,0.3432,0.3689,-679.929,0.0,1.212,1.41,43.1,38.9,32.283,34.2,3.298,2.21,6.867,7.3,34.8,33.6,32.917,32.2,34.067,16.7,268.67333333333335,230.878850445,,190.60477617365,1089.3890968508615,1059.975,1021.9542980012442,963.3648258333332,563.665,338.26916666666665,98.1,96.4,96.8,92.5,199.07542137038712,203.289689890296,220.0812656792285,221.3372982910953,1038.0,2070.0,860.0,1322.6666666666667,1329.6,20542.9,1212.3807692307691,0.8561666650804679,340.43,429.9716666666666,315.2375,61969.0,3.0,45889.0,2.0,58712.181818181816,11.0,66140.0,3.0,60873.0,2.0,-0.06306319927426673,-0.2461518242899151,2.1505616965036647
2025,Северо-Казахстанская область,Ячмень,Тимирязевский район,15450.5,36006.82,2330.0,stat_gov_kz_real,Тимирязевский,Barley,0,0,0,0,0,53.6656,66.5112,15.8596,347.8563,1094.6459,3147.9956,247.129,18.3098,19.118,604.5181,0.4237,0.4273,0.3567,0.3358,0.3301,51.3623,80.0693,1992.4474,166.2069,-8.5124,0.3178,0.3926,-746.7896,0.0,1.212,1.41,43.1,38.9,32.283,34.2,3.298,2.21,6.867,7.3,34.8,33.6,32.917,32.2,34.067,16.7,243.3325,219.61538460375,,203.19753726864084,1226.4814225569482,1262.8893305316649,1139.8729249670616,1006.980403811544,685.2199999999999,422.655,99.9,101.1,95.5,114.4,198.87634594901675,205.52587647908928,210.1776087236632,253.20986924501307,2020.0,1038.0,2070.0,1709.3333333333333,1485.6,17856.5,1873.076923076923,1.0784394250513347,268.67333333333335,340.43,429.9716666666666,67897.66666666667,3.0,67157.5,2.0,60953.36363636364,11.0,61969.0,3.0,45889.0,2.0,0.09567149165980848,0.4634770860118982,2.2891430851594454
2022,Северо-Казахстанская область,Подсолнечник,Уалихановский район,5040.0,3385.2000000000003,670.0,stat_gov_kz_real,Уалихановский,Sunflower seed,0,0,0,0,0,53.3616,72.8178,16.4614,146.4793,1180.4967,3393.1939,85.3988,19.4342,20.2207,699.1302,0.2128,0.2509,0.2083,0.2226,0.2103,24.6057,40.0727,2104.9731,117.2106,-10.8604,0.1241,0.1133,-1034.0174,0.0,1.192,1.36,47.467,44.5,27.4,26.8,3.11,2.01,7.017,7.3,40.017,40.5,32.633,32.7,35.05,23.0,429.9716666666666,381.91843016614285,,318.80665693333333,1756.7299999999998,1650.8083333333334,1666.7975,1275.9916666666666,772.1583333333333,700.015,117.2,119.8,120.3,119.5,205.1881825157127,219.4395640458116,242.9024352785156,263.238246116725,1100.0,800.0,1250.0,1050.0,1192.0,2402.0,1212.7272727272727,0.9070464767616192,315.2375,231.56548795,201.692128575,,,172380.0,1.0,172380.0,1.0,,,,,,,1.6456560237139435
2023,Северо-Казахстанская область,Подсолнечник,Уалихановский район,8525.0,2131.3,250.0,stat_gov_kz_real,Уалихановский,Sunflower seed,0,0,0,0,0,53.3616,72.8178,16.2202,90.4537,772.0795,2612.1306,24.8694,19.8509,21.8817,477.2735,0.2081,0.2516,0.1948,0.1912,0.2078,13.1872,6.7871,2094.0126,81.9233,-13.4684,0.1172,0.0503,-681.6258,0.0,1.192,1.36,47.467,44.5,27.4,26.8,3.11,2.01,7.017,7.3,40.017,40.5,32.633,32.7,35.05,23.0,340.43,257.74181354863634,,252.65528515370417,1065.1408333333334,1006.6991666666668,1118.5016666666668,886.4533333333334,550.0483333333333,358.0016666666667,98.9,96.1,93.6,90.9,202.9311125080399,210.8814210480249,227.35667942069057,239.28356572010304,670.0,1100.0,800.0,856.6666666666666,1012.0,5040.0,1323.3333333333333,0.5062972292191436,429.9716666666666,315.2375,231.56548795,131584.0,1.0,138408.0,1.0,155876.25,4.0,,,172380.0,1.0,,,1.45557799091368
2024,Северо-Казахстанская область,Подсолнечник,Уалихановский район,3401.0,5033.8,1480.0,stat_gov_kz_real,Уалихановский,Sunflower seed,0,0,0,0,0,53.3616,72.8178,15.1492,356.6922,937.1331,3180.3842,218.2772,17.9843,20.2639,554.0897,0.3229,0.3252,0.3145,0.3183,0.3133,53.8916,95.6543,1862.6675,111.6691,-13.7677,0.3806,0.385,-580.4409,0.0,1.192,1.36,47.467,44.5,27.4,26.8,3.11,2.01,7.017,7.3,40.017,40.5,32.633,32.7,35.05,23.0,268.67333333333335,230.878850445,,190.60477617365,1089.3890968508615,1059.975,1021.9542980012442,963.3648258333332,563.665,338.26916666666665,98.1,96.4,96.8,92.5,199.07542137038712,203.289689890296,220.0812656792285,221.3372982910953,250.0,670.0,1100.0,673.3333333333334,814.0,8525.0,1060.7692307692307,0.23567802755620015,340.43,429.9716666666666,315.2375,,,143193.0,2.0,135499.7142857143,7.0,131584.0,1.0,138408.0,1.0,,,2.1505616965036647
2025,Северо-Казахстанская область,Подсолнечник,Уалихановский район,1031.0,1077.0,1040.0,stat_gov_kz_real,Уалихановский,Sunflower seed,0,0,0,0,0,53.3616,72.8178,16.5542,338.2935,1057.388,3265.5639,187.4667,19.5098,20.1054,599.8692,0.2784,0.2934,0.2696,0.2892,0.2738,71.4057,83.4587,2119.6802,173.6624,-8.9843,0.3199,0.2929,-719.0945,0.0,1.192,1.36,47.467,44.5,27.4,26.8,3.11,2.01,7.017,7.3,40.017,40.5,32.633,32.7,35.05,23.0,243.3325,219.61538460375,,203.19753726864084,1226.4814225569482,1262.8893305316649,1139.8729249670616,1006.980403811544,685.2199999999999,422.655,99.9,101.1,95.5,114.4,198.87634594901675,205.52587647908928,210.1776087236632,253.20986924501307,1480.0,250.0,670.0,800.0,860.0,3401.0,1796.923076923077,0.8236301369863014,268.67333333333335,340.43,429.9716666666666,,,172103.5,2.0,173035.11111111112,9.0,,,143193.0,2.0,,0.20189883583694734,2.2891430851594454
2022,Северо-Казахстанская область,Пшеница,Уалихановский район,118122.0,121814.1,1030.0,stat_gov_kz_real,Уалихановский,Wheat,0,0,0,0,0,53.3616,72.8178,16.4614,146.4793,1180.4967,3393.1939,85.3988,19.4342,20.2207,699.1302,0.2128,0.2509,0.2083,0.2226,0.2103,24.6057,40.0727,2104.9731,117.2106,-10.8604,0.1241,0.1133,-1034.0174,0.0,1.192,1.36,47.467,44.5,27.4,26.8,3.11,2.01,7.017,7.3,40.017,40.5,32.633,32.7,35.05,23.0,429.9716666666666,381.91843016614285,,318.80665693333333,1756.7299999999998,1650.8083333333334,1666.7975,1275.9916666666666,772.1583333333333,700.015,117.2,119.8,120.3,119.5,205.1881825157127,219.4395640458116,242.9024352785156,263.238246116725,1165.0842597544463,1018.4297348089372,1445.5737825601511,1209.695925707845,1264.151934396385,87883.0,1203.990434755327,0.9676856444388721,315.2375,231.56548795,201.692128575,106756.0,1.0,104748.5,2.0,105417.66666666669,3.0,,,,,,,1.6456560237139435
2023,Северо-Казахстанская область,Пшеница,Уалихановский район,113768.0,60845.100000000006,559.8,stat_gov_kz_real,Уалихановский,Wheat,0,0,0,0,0,53.3616,72.8178,16.2202,90.4537,772.0795,2612.1306,24.8694,19.8509,21.8817,477.2735,0.2081,0.2516,0.1948,0.1912,0.2078,13.1872,6.7871,2094.0126,81.9233,-13.4684,0.1172,0.0503,-681.6258,0.0,1.192,1.36,47.467,44.5,27.4,26.8,3.11,2.01,7.017,7.3,40.017,40.5,32.633,32.7,35.05,23.0,340.43,257.74181354863634,,252.65528515370417,1065.1408333333334,1006.6991666666668,1118.5016666666668,886.4533333333334,550.0483333333333,358.0016666666667,98.9,96.1,93.6,90.9,202.9311125080399,210.8814210480249,227.35667942069057,239.28356572010304,1030.0,1165.0842597544463,1018.4297348089372,1071.1713315211277,1237.3115260432087,118122.0,1547.6923076923076,0.665506958250497,429.9716666666666,315.2375,231.56548795,88034.0,3.0,95088.0,2.0,91444.83333333331,12.0,106756.0,1.0,104748.5,2.0,,-0.09222566432932211,1.45557799091368
2024,Северо-Казахстанская область,Пшеница,Уалихановский район,113952.0,158460.68000000002,1390.0,stat_gov_kz_real,Уалихановский,Wheat,0,0,0,0,0,53.3616,72.8178,15.1492,356.6922,937.1331,3180.3842,218.2772,17.9843,20.2639,554.0897,0.3229,0.3252,0.3145,0.3183,0.3133,53.8916,95.6543,1862.6675,111.6691,-13.7677,0.3806,0.385,-580.4409,0.0,1.192,1.36,47.467,44.5,27.4,26.8,3.11,2.01,7.017,7.3,40.017,40.5,32.633,32.7,35.05,23.0,268.67333333333335,230.878850445,,190.60477617365,1089.3890968508615,1059.975,1021.9542980012442,963.3648258333332,563.665,338.26916666666665,98.1,96.4,96.8,92.5,199.07542137038712,203.289689890296,220.0812656792285,221.3372982910953,559.8,1030.0,1165.0842597544463,918.2947532514821,1043.7775554247069,113768.0,1317.8771428571429,0.4247740413695618,340.43,429.9716666666666,315.2375,84151.33333333333,3.0,66584.0,2.0,87334.08333333333,12.0,88034.0,3.0,95088.0,2.0,-0.04410417187298854,-0.2997644287396938,2.1505616965036647
2025,Северо-Казахстанская область,Пшеница,Уалихановский район,94452.0,131377.5,1400.0,stat_gov_kz_real,Уалихановский,Wheat,0,0,0,0,0,53.3616,72.8178,16.5542,338.2935,1057.388,3265.5639,187.4667,19.5098,20.1054,599.8692,0.2784,0.2934,0.2696,0.2892,0.2738,71.4057,83.4587,2119.6802,173.6624,-8.9843,0.3199,0.2929,-719.0945,0.0,1.192,1.36,47.467,44.5,27.4,26.8,3.11,2.01,7.017,7.3,40.017,40.5,32.633,32.7,35.05,23.0,243.3325,219.61538460375,,203.19753726864084,1226.4814225569482,1262.8893305316649,1139.8729249670616,1006.980403811544,685.2199999999999,422.655,99.9,101.1,95.5,114.4,198.87634594901675,205.52587647908928,210.1776087236632,253.20986924501307,1390.0,559.8,1030.0,993.2666666666668,1032.6627989126766,113952.0,1921.4285714285713,0.7234200743494424,268.67333333333335,340.43,429.9716666666666,80415.66666666667,3.0,75182.5,2.0,76329.41666666667,12.0,84151.33333333333,3.0,66584.0,2.0,-0.04439224571605116,0.12913763066202089,2.2891430851594454
2022,Северо-Казахстанская область,Ячмень,Уалихановский район,20183.0,18384.9,910.0,stat_gov_kz_real,Уалихановский,Barley,0,0,0,0,0,53.3616,72.8178,16.4614,146.4793,1180.4967,3393.1939,85.3988,19.4342,20.2207,699.1302,0.2128,0.2509,0.2083,0.2226,0.2103,24.6057,40.0727,2104.9731,117.2106,-10.8604,0.1241,0.1133,-1034.0174,0.0,1.192,1.36,47.467,44.5,27.4,26.8,3.11,2.01,7.017,7.3,40.017,40.5,32.633,32.7,35.05,23.0,429.9716666666666,381.91843016614285,,318.80665693333333,1756.7299999999998,1650.8083333333334,1666.7975,1275.9916666666666,772.1583333333333,700.015,117.2,119.8,120.3,119.5,205.1881825157127,219.4395640458116,242.9024352785156,263.238246116725,869.9999999999999,1230.0,1100.0,1066.6666666666667,1282.0,13280.0,1226.1538461538462,0.7095357590966122,315.2375,231.56548795,201.692128575,84106.0,1.0,81595.0,2.0,82432.0,3.0,,,,,,,1.6456560237139435
2023,Северо-Казахстанская область,Ячмень,Уалихановский район,37745.0,22559.966,724.49,stat_gov_kz_real,Уалихановский,Barley,0,0,0,0,0,53.3616,72.8178,16.2202,90.4537,772.0795,2612.1306,24.8694,19.8509,21.8817,477.2735,0.2081,0.2516,0.1948,0.1912,0.2078,13.1872,6.7871,2094.0126,81.9233,-13.4684,0.1172,0.0503,-681.6258,0.0,1.192,1.36,47.467,44.5,27.4,26.8,3.11,2.01,7.017,7.3,40.017,40.5,32.633,32.7,35.05,23.0,340.43,257.74181354863634,,252.65528515370417,1065.1408333333334,1006.6991666666668,1118.5016666666668,886.4533333333334,550.0483333333333,358.0016666666667,98.9,96.1,93.6,90.9,202.9311125080399,210.8814210480249,227.35667942069057,239.28356572010304,910.0,869.9999999999999,1230.0,1003.3333333333334,1168.0,20183.0,1700.7692307692307,0.535052012663953,429.9716666666666,315.2375,231.56548795,66140.0,3.0,60873.0,2.0,70694.9,10.0,84106.0,1.0,81595.0,2.0,,-0.25396163980636066,1.45557799091368
2024,Северо-Казахстанская область,Ячмень,Уалихановский район,21711.0,25236.99,1160.0,stat_gov_kz_real,Уалихановский,Barley,0,0,0,0,0,53.3616,72.8178,15.1492,356.6922,937.1331,3180.3842,218.2772,17.9843,20.2639,554.0897,0.3229,0.3252,0.3145,0.3183,0.3133,53.8916,95.6543,1862.6675,111.6691,-13.7677,0.3806,0.385,-580.4409,0.0,1.192,1.36,47.467,44.5,27.4,26.8,3.11,2.01,7.017,7.3,40.017,40.5,32.633,32.7,35.05,23.0,268.67333333333335,230.878850445,,190.60477617365,1089.3890968508615,1059.975,1021.9542980012442,963.3648258333332,563.665,338.26916666666665,98.1,96.4,96.8,92.5,199.07542137038712,203.289689890296,220.0812656792285,221.3372982910953,724.49,910.0,869.9999999999999,834.8299999999999,966.8979999999999,37745.0,1212.3807692307691,0.5975762882313567,340.43,429.9716666666666,315.2375,61969.0,3.0,45889.0,2.0,58712.181818181816,11.0,66140.0,3.0,60873.0,2.0,-0.06306319927426673,-0.2461518242899151,2.1505616965036647
2025,Северо-Казахстанская область,Ячмень,Уалихановский район,19266.0,26429.93,1370.0,stat_gov_kz_real,Уалихановский,Barley,0,0,0,0,0,53.3616,72.8178,16.5542,338.2935,1057.388,3265.5639,187.4667,19.5098,20.1054,599.8692,0.2784,0.2934,0.2696,0.2892,0.2738,71.4057,83.4587,2119.6802,173.6624,-8.9843,0.3199,0.2929,-719.0945,0.0,1.192,1.36,47.467,44.5,27.4,26.8,3.11,2.01,7.017,7.3,40.017,40.5,32.633,32.7,35.05,23.0,243.3325,219.61538460375,,203.19753726864084,1226.4814225569482,1262.8893305316649,1139.8729249670616,1006.980403811544,685.2199999999999,422.655,99.9,101.1,95.5,114.4,198.87634594901675,205.52587647908928,210.1776087236632,253.20986924501307,1160.0,724.49,910.0,931.4966666666666,978.8979999999999,21711.0,1873.076923076923,0.6193018480492813,268.67333333333335,340.43,429.9716666666666,67897.66666666667,3.0,67157.5,2.0,60953.36363636364,11.0,61969.0,3.0,45889.0,2.0,0.09567149165980848,0.4634770860118982,2.2891430851594454
2022,Северо-Казахстанская область,Кукуруза,район Шал акына,4468.5,8226.78,1841.1,stat_gov_kz_real,Шал акына,Maize,0,0,1,0,0,53.8045,67.4982,15.7674,185.2058,1314.6145,3309.5272,135.7947,17.8,19.4301,744.2573,0.2892,0.2896,0.2891,0.294,0.2687,57.7183,48.9183,1977.1507,127.9451,-10.0344,0.1409,0.1733,-1129.4087,0.0,1.212,1.4,40.85,41.3,23.767,26.3,3.025,2.2,6.85,7.3,39.517,38.9,36.7,34.8,31.633,16.7,429.9716666666666,381.91843016614285,,318.80665693333333,1756.7299999999998,1650.8083333333334,1666.7975,1275.9916666666666,772.1583333333333,700.015,117.2,119.8,120.3,119.5,205.1881825157127,219.4395640458116,242.9024352785156,263.238246116725,1031.8,,,1031.8,1031.8,535.0,1479.3,0.6974920570540121,315.2375,231.56548795,201.692128575,,,,,,,,,,,,,1.6456560237139435
2023,Северо-Казахстанская область,Кукуруза,район Шал акына,2030.0,483.455,240.0,stat_gov_kz_real,Шал акына,Maize,0,0,0,0,0,53.8045,67.4982,15.8897,117.8476,879.3109,2487.6262,61.322,19.2348,20.6783,517.0815,0.2788,0.2941,0.288,0.2687,0.2607,31.5081,16.5573,2002.7246,103.4211,-12.4431,0.134,0.1111,-761.4633,0.0,1.212,1.4,40.85,41.3,23.767,26.3,3.025,2.2,6.85,7.3,39.517,38.9,36.7,34.8,31.633,16.7,340.43,257.74181354863634,,252.65528515370417,1065.1408333333334,1006.6991666666668,1118.5016666666668,886.4533333333334,550.0483333333333,358.0016666666667,98.9,96.1,93.6,90.9,202.9311125080399,210.8814210480249,227.35667942069057,239.28356572010304,1841.1,1031.8,,1436.4499999999998,1436.4499999999998,4468.5,2363.1,0.7791037196902374,429.9716666666666,315.2375,231.56548795,,,,,,,,,,,,,1.45557799091368
2024,Северо-Казахстанская область,Кукуруза,район Шал акына,222.0,139.3,630.0,stat_gov_kz_real,Шал акына,Maize,0,0,0,0,0,53.8045,67.4982,14.4191,376.2681,1067.1818,3151.4848,256.7737,16.9282,19.2013,605.5485,0.3768,0.3713,0.3862,0.3898,0.3731,88.049,105.5102,1727.6509,154.1432,-13.6664,0.3526,0.3947,-690.9137,0.0,1.212,1.4,40.85,41.3,23.767,26.3,3.025,2.2,6.85,7.3,39.517,38.9,36.7,34.8,31.633,16.7,268.67333333333335,230.878850445,,190.60477617365,1089.3890968508615,1059.975,1021.9542980012442,963.3648258333332,563.665,338.26916666666665,98.1,96.4,96.8,92.5,199.07542137038712,203.289689890296,220.0812656792285,221.3372982910953,240.0,1841.1,1031.8,1037.6333333333332,1037.6333333333332,2030.0,1098.0,0.2185792349726776,340.43,429.9716666666666,315.2375,,,,,,,,,,,,,2.1505616965036647
2022,Северо-Казахстанская область,Подсолнечник,район Шал акына,35303.94,46847.02,1330.0,stat_gov_kz_real,Шал акына,Sunflower seed,0,0,0,1,0,53.8045,67.4982,15.7674,185.2058,1314.6145,3309.5272,135.7947,17.8,19.4301,744.2573,0.2892,0.2896,0.2891,0.294,0.2687,57.7183,48.9183,1977.1507,127.9451,-10.0344,0.1409,0.1733,-1129.4087,0.0,1.212,1.4,40.85,41.3,23.767,26.3,3.025,2.2,6.85,7.3,39.517,38.9,36.7,34.8,31.633,16.7,429.9716666666666,381.91843016614285,,318.80665693333333,1756.7299999999998,1650.8083333333334,1666.7975,1275.9916666666666,772.1583333333333,700.015,117.2,119.8,120.3,119.5,205.1881825157127,219.4395640458116,242.9024352785156,263.238246116725,1510.0,,,1510.0,1505.0,16440.0,1212.7272727272727,1.245127436281859,315.2375,231.56548795,201.692128575,,,172380.0,1.0,172380.0,1.0,,,,,,,1.6456560237139435
2023,Северо-Казахстанская область,Подсолнечник,район Шал акына,22265.0,25528.6,1320.0,stat_gov_kz_real,Шал акына,Sunflower seed,0,0,0,1,0,53.8045,67.4982,15.8897,117.8476,879.3109,2487.6262,61.322,19.2348,20.6783,517.0815,0.2788,0.2941,0.288,0.2687,0.2607,31.5081,16.5573,2002.7246,103.4211,-12.4431,0.134,0.1111,-761.4633,0.0,1.212,1.4,40.85,41.3,23.767,26.3,3.025,2.2,6.85,7.3,39.517,38.9,36.7,34.8,31.633,16.7,340.43,257.74181354863634,,252.65528515370417,1065.1408333333334,1006.6991666666668,1118.5016666666668,886.4533333333334,550.0483333333333,358.0016666666667,98.9,96.1,93.6,90.9,202.9311125080399,210.8814210480249,227.35667942069057,239.28356572010304,1330.0,1510.0,,1420.0,1446.6666666666667,35303.94,1323.3333333333333,1.005037783375315,429.9716666666666,315.2375,231.56548795,131584.0,1.0,138408.0,1.0,155876.25,4.0,,,172380.0,1.0,,,1.45557799091368
2024,Северо-Казахстанская область,Подсолнечник,район Шал акына,11443.0,19495.1,1700.0,stat_gov_kz_real,Шал акына,Sunflower seed,0,0,0,1,0,53.8045,67.4982,14.4191,376.2681,1067.1818,3151.4848,256.7737,16.9282,19.2013,605.5485,0.3768,0.3713,0.3862,0.3898,0.3731,88.049,105.5102,1727.6509,154.1432,-13.6664,0.3526,0.3947,-690.9137,0.0,1.212,1.4,40.85,41.3,23.767,26.3,3.025,2.2,6.85,7.3,39.517,38.9,36.7,34.8,31.633,16.7,268.67333333333335,230.878850445,,190.60477617365,1089.3890968508615,1059.975,1021.9542980012442,963.3648258333332,563.665,338.26916666666665,98.1,96.4,96.8,92.5,199.07542137038712,203.289689890296,220.0812656792285,221.3372982910953,1320.0,1330.0,1510.0,1386.6666666666667,1386.6666666666667,22265.0,1060.7692307692307,1.2443799854967368,340.43,429.9716666666666,315.2375,,,143193.0,2.0,135499.7142857143,7.0,131584.0,1.0,138408.0,1.0,,,2.1505616965036647
2025,Северо-Казахстанская область,Подсолнечник,район Шал акына,36611.0,69487.37,1900.0,stat_gov_kz_real,Шал акына,Sunflower seed,0,0,0,1,0,53.8045,67.4982,15.7886,380.9549,1126.9631,3122.6156,261.3694,18.2949,19.0858,624.5515,0.4019,0.4032,0.3395,0.3185,0.304,52.3885,81.685,1979.3497,168.0867,-8.2741,0.338,0.402,-746.0082,0.0,1.212,1.4,40.85,41.3,23.767,26.3,3.025,2.2,6.85,7.3,39.517,38.9,36.7,34.8,31.633,16.7,243.3325,219.61538460375,,203.19753726864084,1226.4814225569482,1262.8893305316649,1139.8729249670616,1006.980403811544,685.2199999999999,422.655,99.9,101.1,95.5,114.4,198.87634594901675,205.52587647908928,210.1776087236632,253.20986924501307,1700.0,1320.0,1330.0,1450.0,1465.0,11443.0,1796.923076923077,0.9460616438356164,268.67333333333335,340.43,429.9716666666666,,,172103.5,2.0,173035.11111111112,9.0,,,143193.0,2.0,,0.20189883583694734,2.2891430851594454
2022,Северо-Казахстанская область,Пшеница,район Шал акына,142383.6,242414.01,1700.0,stat_gov_kz_real,Шал акына,Wheat,0,0,0,0,0,53.8045,67.4982,15.7674,185.2058,1314.6145,3309.5272,135.7947,17.8,19.4301,744.2573,0.2892,0.2896,0.2891,0.294,0.2687,57.7183,48.9183,1977.1507,127.9451,-10.0344,0.1409,0.1733,-1129.4087,0.0,1.212,1.4,40.85,41.3,23.767,26.3,3.025,2.2,6.85,7.3,39.517,38.9,36.7,34.8,31.633,16.7,429.9716666666666,381.91843016614285,,318.80665693333333,1756.7299999999998,1650.8083333333334,1666.7975,1275.9916666666666,772.1583333333333,700.015,117.2,119.8,120.3,119.5,205.1881825157127,219.4395640458116,242.9024352785156,263.238246116725,1181.3132790638515,1544.6177483031563,1411.3133633253074,1379.0814635641052,1430.1627996296984,157240.0,1203.990434755327,0.9811650034444968,315.2375,231.56548795,201.692128575,106756.0,1.0,104748.5,2.0,105417.66666666669,3.0,,,,,,,1.6456560237139435
2023,Северо-Казахстанская область,Пшеница,район Шал акына,160909.5,162830.7,1012.11,stat_gov_kz_real,Шал акына,Wheat,0,0,0,0,0,53.8045,67.4982,15.8897,117.8476,879.3109,2487.6262,61.322,19.2348,20.6783,517.0815,0.2788,0.2941,0.288,0.2687,0.2607,31.5081,16.5573,2002.7246,103.4211,-12.4431,0.134,0.1111,-761.4633,0.0,1.212,1.4,40.85,41.3,23.767,26.3,3.025,2.2,6.85,7.3,39.517,38.9,36.7,34.8,31.633,16.7,340.43,257.74181354863634,,252.65528515370417,1065.1408333333334,1006.6991666666668,1118.5016666666668,886.4533333333334,550.0483333333333,358.0016666666667,98.9,96.1,93.6,90.9,202.9311125080399,210.8814210480249,227.35667942069057,239.28356572010304,1700.0,1181.3132790638515,1544.6177483031563,1475.3103424556693,1451.7722198948563,142383.6,1547.6923076923076,1.0984095427435387,429.9716666666666,315.2375,231.56548795,88034.0,3.0,95088.0,2.0,91444.83333333331,12.0,106756.0,1.0,104748.5,2.0,,-0.09222566432932211,1.45557799091368
2024,Северо-Казахстанская область,Пшеница,район Шал акына,158858.11,308608.33,1960.0,stat_gov_kz_real,Шал акына,Wheat,0,0,0,0,0,53.8045,67.4982,14.4191,376.2681,1067.1818,3151.4848,256.7737,16.9282,19.2013,605.5485,0.3768,0.3713,0.3862,0.3898,0.3731,88.049,105.5102,1727.6509,154.1432,-13.6664,0.3526,0.3947,-690.9137,0.0,1.212,1.4,40.85,41.3,23.767,26.3,3.025,2.2,6.85,7.3,39.517,38.9,36.7,34.8,31.633,16.7,268.67333333333335,230.878850445,,190.60477617365,1089.3890968508615,1059.975,1021.9542980012442,963.3648258333332,563.665,338.26916666666665,98.1,96.4,96.8,92.5,199.07542137038712,203.289689890296,220.0812656792285,221.3372982910953,1012.11,1700.0,1181.3132790638515,1297.8077596879505,1369.870878138463,160909.5,1317.8771428571429,0.7679850929091591,340.43,429.9716666666666,315.2375,84151.33333333333,3.0,66584.0,2.0,87334.08333333333,12.0,88034.0,3.0,95088.0,2.0,-0.04410417187298854,-0.2997644287396938,2.1505616965036647
2025,Северо-Казахстанская область,Пшеница,район Шал акына,105025.7,207712.83,1980.0,stat_gov_kz_real,Шал акына,Wheat,0,0,0,0,0,53.8045,67.4982,15.7886,380.9549,1126.9631,3122.6156,261.3694,18.2949,19.0858,624.5515,0.4019,0.4032,0.3395,0.3185,0.304,52.3885,81.685,1979.3497,168.0867,-8.2741,0.338,0.402,-746.0082,0.0,1.212,1.4,40.85,41.3,23.767,26.3,3.025,2.2,6.85,7.3,39.517,38.9,36.7,34.8,31.633,16.7,243.3325,219.61538460375,,203.19753726864084,1226.4814225569482,1262.8893305316649,1139.8729249670616,1006.980403811544,685.2199999999999,422.655,99.9,101.1,95.5,114.4,198.87634594901675,205.52587647908928,210.1776087236632,253.20986924501307,1960.0,1012.11,1700.0,1557.3700000000001,1479.6082054734018,158858.11,1921.4285714285713,1.0200743494423792,268.67333333333335,340.43,429.9716666666666,80415.66666666667,3.0,75182.5,2.0,76329.41666666667,12.0,84151.33333333333,3.0,66584.0,2.0,-0.04439224571605116,0.12913763066202089,2.2891430851594454
2022,Северо-Казахстанская область,Ячмень,район Шал акына,19774.0,37950.58,1930.0,stat_gov_kz_real,Шал акына,Barley,0,0,0,0,0,53.8045,67.4982,15.7674,185.2058,1314.6145,3309.5272,135.7947,17.8,19.4301,744.2573,0.2892,0.2896,0.2891,0.294,0.2687,57.7183,48.9183,1977.1507,127.9451,-10.0344,0.1409,0.1733,-1129.4087,0.0,1.212,1.4,40.85,41.3,23.767,26.3,3.025,2.2,6.85,7.3,39.517,38.9,36.7,34.8,31.633,16.7,429.9716666666666,381.91843016614285,,318.80665693333333,1756.7299999999998,1650.8083333333334,1666.7975,1275.9916666666666,772.1583333333333,700.015,117.2,119.8,120.3,119.5,205.1881825157127,219.4395640458116,242.9024352785156,263.238246116725,1200.0,1720.0,1300.0,1406.6666666666667,1530.0,28018.0,1226.1538461538462,0.9786700125470514,315.2375,231.56548795,201.692128575,84106.0,1.0,81595.0,2.0,82432.0,3.0,,,,,,,1.6456560237139435
2023,Северо-Казахстанская область,Ячмень,район Шал акына,28721.4,35865.981,1250.37,stat_gov_kz_real,Шал акына,Barley,0,0,0,0,0,53.8045,67.4982,15.8897,117.8476,879.3109,2487.6262,61.322,19.2348,20.6783,517.0815,0.2788,0.2941,0.288,0.2687,0.2607,31.5081,16.5573,2002.7246,103.4211,-12.4431,0.134,0.1111,-761.4633,0.0,1.212,1.4,40.85,41.3,23.767,26.3,3.025,2.2,6.85,7.3,39.517,38.9,36.7,34.8,31.633,16.7,340.43,257.74181354863634,,252.65528515370417,1065.1408333333334,1006.6991666666668,1118.5016666666668,886.4533333333334,550.0483333333333,358.0016666666667,98.9,96.1,93.6,90.9,202.9311125080399,210.8814210480249,227.35667942069057,239.28356572010304,1930.0,1200.0,1720.0,1616.6666666666667,1556.0,19774.0,1700.7692307692307,1.1347806422433289,429.9716666666666,315.2375,231.56548795,66140.0,3.0,60873.0,2.0,70694.9,10.0,84106.0,1.0,81595.0,2.0,,-0.25396163980636066,1.45557799091368
2024,Северо-Казахстанская область,Ячмень,район Шал акына,17913.1,60774.02,1650.0,stat_gov_kz_real,Шал акына,Barley,0,0,0,0,0,53.8045,67.4982,14.4191,376.2681,1067.1818,3151.4848,256.7737,16.9282,19.2013,605.5485,0.3768,0.3713,0.3862,0.3898,0.3731,88.049,105.5102,1727.6509,154.1432,-13.6664,0.3526,0.3947,-690.9137,0.0,1.212,1.4,40.85,41.3,23.767,26.3,3.025,2.2,6.85,7.3,39.517,38.9,36.7,34.8,31.633,16.7,268.67333333333335,230.878850445,,190.60477617365,1089.3890968508615,1059.975,1021.9542980012442,963.3648258333332,563.665,338.26916666666665,98.1,96.4,96.8,92.5,199.07542137038712,203.289689890296,220.0812656792285,221.3372982910953,1250.37,1930.0,1200.0,1460.1233333333332,1480.074,28721.4,1212.3807692307691,1.031334405603723,340.43,429.9716666666666,315.2375,61969.0,3.0,45889.0,2.0,58712.181818181816,11.0,66140.0,3.0,60873.0,2.0,-0.06306319927426673,-0.2461518242899151,2.1505616965036647
2025,Северо-Казахстанская область,Ячмень,район Шал акына,21357.7,46668.62,2190.0,stat_gov_kz_real,Шал акына,Barley,0,0,0,0,0,53.8045,67.4982,15.7886,380.9549,1126.9631,3122.6156,261.3694,18.2949,19.0858,624.5515,0.4019,0.4032,0.3395,0.3185,0.304,52.3885,81.685,1979.3497,168.0867,-8.2741,0.338,0.402,-746.0082,0.0,1.212,1.4,40.85,41.3,23.767,26.3,3.025,2.2,6.85,7.3,39.517,38.9,36.7,34.8,31.633,16.7,243.3325,219.61538460375,,203.19753726864084,1226.4814225569482,1262.8893305316649,1139.8729249670616,1006.980403811544,685.2199999999999,422.655,99.9,101.1,95.5,114.4,198.87634594901675,205.52587647908928,210.1776087236632,253.20986924501307,1650.0,1250.37,1930.0,1610.1233333333332,1550.074,17913.1,1873.076923076923,0.8809034907597536,268.67333333333335,340.43,429.9716666666666,67897.66666666667,3.0,67157.5,2.0,60953.36363636364,11.0,61969.0,3.0,45889.0,2.0,0.09567149165980848,0.4634770860118982,2.2891430851594454
