year,region,crop,area_ha,production_ton,yield_kgha,source,crop_en,wheat_hrw_usd_t,wheat_srw_usd_t,barley_usd_t,maize_usd_t,rapeseed_oil_usd_t,sunflower_oil_usd_t,soybean_oil_usd_t,palm_oil_usd_t,dap_fertilizer_usd_t,urea_fertilizer_usd_t,gs_t2m_kelvin,gs_precip_m,gs_pot_evap_m,gs_soil_water_l1,gs_soil_water_l2,gs_solar_rad_jm2,gs_t2m_celsius,gs_precip_mm,gs_pot_evap_mm,gs_solar_rad_mjm2,soil_bdod,soil_cec,soil_clay,soil_nitrogen,soil_phh2o,soil_sand,soil_silt,soil_soc,yield_kgha_lag1,yield_kgha_lag2,yield_kgha_lag3,yield_kgha_roll3,yield_kgha_roll5,wheat_price_lag1,wheat_price_lag2,wheat_price_lag3
1991,Акмолинская область,Зерновые и бобовые (группа),4700100.0,2607800.0,640.0,stat_gov_kz_real_group,Grains and legumes (group),128.665,126.11333333333332,78.28666666666668,107.42,,,453.8333333333333,339.0,158.25,138.39583333333334,289.4228781082117,0.0009343776565692,-0.0076138023959919,0.2749421243708697,0.2726190423136933,19517949.456947003,16.271666666666665,28.62833333333333,232.5883333333333,595.8688333333333,1.0423529411764707,34.688235294117646,26.17058823529412,4.888235294117647,7.0,41.75294117647059,32.076470588235296,61.26470588235294,,,,,,,,
1992,Акмолинская область,Зерновые и бобовые (группа),4670700.0,6918800.0,1780.0,stat_gov_kz_real_group,Grains and legumes (group),151.20000000000002,145.14166666666668,78.675,104.24583333333334,,,428.9166666666667,393.5,137.87291666666667,117.60416666666669,286.1462164733199,0.001587081570155,-0.0058962070838926,0.3238320989497196,0.314460981720859,17518385.362479795,12.996666666666668,48.571666666666665,180.23666666666668,534.7633333333333,1.0423529411764707,34.688235294117646,26.17058823529412,4.888235294117647,7.0,41.75294117647059,32.076470588235296,61.26470588235294,640.0,,,,,128.665,,
1993,Акмолинская область,Зерновые и бобовые (группа),4580600.0,4186000.0,1050.0,stat_gov_kz_real_group,Grains and legumes (group),140.23833333333334,134.77416666666667,71.37666666666667,102.09,,,480.4166666666667,377.75,121.99583333333334,85.54166666666667,286.5032254438799,0.0018242492716733,-0.0059341347768195,0.3412156334801042,0.3334294545721231,17802869.81034017,13.353333333333332,55.67666666666667,181.505,543.7543333333333,1.0423529411764707,34.688235294117646,26.17058823529412,4.888235294117647,7.0,41.75294117647059,32.076470588235296,61.26470588235294,1780.0,640.0,,,,151.20000000000002,128.665,
1994,Акмолинская область,Зерновые и бобовые (группа),4390300.0,2954500.0,680.0,stat_gov_kz_real_group,Grains and legumes (group),149.72916666666666,138.555,72.64833333333333,107.55,,,615.5833333333334,528.4166666666666,160.42430555555583,93.88541666666669,287.6453967794925,0.0015026814775752,-0.0064281213580353,0.3179925579238541,0.311833527420417,17951582.47125991,14.495,46.09666666666667,196.15,547.679,1.0423529411764707,34.688235294117646,26.17058823529412,4.888235294117647,7.0,41.75294117647059,32.076470588235296,61.26470588235294,1050.0,1780.0,640.0,1156.6666666666667,,140.23833333333334,151.20000000000002,128.665
1995,Акмолинская область,Зерновые и бобовые (группа),4193500.0,2444600.0,620.0,stat_gov_kz_real_group,Grains and legumes (group),176.9825,167.35833333333335,104.01083333333334,123.4875,,,625.0833333333334,628.25,199.7722222222225,126.8625,289.27058141143675,0.0011469081810659,-0.0075251830486656,0.2788567650788104,0.2701835153868188,19088493.658715498,16.12,35.15333333333333,229.86333333333332,582.5523333333334,1.0423529411764707,34.688235294117646,26.17058823529412,4.888235294117647,7.0,41.75294117647059,32.076470588235296,61.26470588235294,680.0,1050.0,1780.0,1170.0,,149.72916666666666,140.23833333333334,151.20000000000002
1996,Акмолинская область,Зерновые и бобовые (группа),4054000.0,2616300.0,740.0,stat_gov_kz_real_group,Grains and legumes (group),207.6,187.41916666666668,119.66583333333334,165.80916666666667,,,551.5,530.9166666666666,198.10416666666663,153.69166666666666,286.9755233079305,0.0014654919002979,-0.0063641143936894,0.3104159130843208,0.2973663011090053,18178095.137549862,13.823333333333332,44.76499999999999,194.47833333333327,555.0428333333333,1.0423529411764707,34.688235294117646,26.17058823529412,4.888235294117647,7.0,41.75294117647059,32.076470588235296,61.26470588235294,620.0,680.0,1050.0,783.3333333333334,954.0,176.9825,149.72916666666666,140.23833333333334
1997,Акмолинская область,Зерновые и бобовые (группа),3633300.0,1973000.0,560.0,stat_gov_kz_real_group,Grains and legumes (group),159.48416666666665,143.64833333333334,97.23833333333332,117.09166666666664,,,564.75,545.8333333333334,186.98958333333331,117.49375,289.0044009928392,0.0009752120048686,-0.0075847002625326,0.2766567016032366,0.2732509295749538,18893177.6412589,15.853333333333332,29.92333333333333,231.53166666666667,576.4536666666667,1.0423529411764707,34.688235294117646,26.17058823529412,4.888235294117647,7.0,41.75294117647059,32.076470588235296,61.26470588235294,740.0,620.0,680.0,680.0,974.0,207.6,176.9825,149.72916666666666
1998,Акмолинская область,Зерновые и бобовые (группа),3080500.0,1055700.0,370.0,stat_gov_kz_real_group,Grains and legumes (group),126.12666666666668,111.515,85.05333333333333,101.98666666666666,,,625.9166666666666,671.0833333333334,186.86319444444416,83.21666666666667,288.83009798572283,0.0010475480592592,-0.0076466506391867,0.2799554650461078,0.2718331940725227,19291600.86951696,15.678333333333336,31.91,233.9033333333333,589.2715,1.0423529411764707,34.688235294117646,26.17058823529412,4.888235294117647,7.0,41.75294117647059,32.076470588235296,61.26470588235294,560.0,740.0,620.0,640.0,730.0,159.48416666666665,207.6,176.9825
1999,Акмолинская область,Зерновые и бобовые (группа),2728207.0,3577500.0,1330.0,stat_gov_kz_real_group,Grains and legumes (group),112.0425,96.27833333333332,75.93833333333333,90.21666666666664,,,426.4683333333333,436.0,171.1,65.94236111111083,287.91882916991966,0.0015261135695581,-0.0068473304165252,0.3049673180623376,0.2960342309769855,18512508.022182222,14.768333333333333,46.571666666666665,209.4766666666667,565.4951666666667,1.0423529411764707,34.688235294117646,26.17058823529412,4.888235294117647,7.0,41.75294117647059,32.076470588235296,61.26470588235294,370.0,560.0,740.0,556.6666666666666,594.0,126.12666666666668,159.48416666666665,207.6
2000,Акмолинская область,Зерновые и бобовые (группа),3191176.0,2541900.0,790.0,stat_gov_kz_real_group,Grains and legumes (group),114.0875,98.91416666666667,77.23416666666667,88.53416666666668,,,338.14000000000004,310.25,147.66875000000002,100.92291666666668,288.3580851055727,0.0015042011602884,-0.0069634538916046,0.3043780031375253,0.2939117146096706,18417993.28256339,15.21,45.97666666666667,212.6483333333333,562.1255,1.0423529411764707,34.688235294117646,26.17058823529412,4.888235294117647,7.0,41.75294117647059,32.076470588235296,61.26470588235294,1330.0,370.0,560.0,753.3333333333334,724.0,112.0425,126.12666666666668,159.48416666666665
2001,Акмолинская область,Зерновые и бобовые (группа),3315824.0,3661800.0,1120.0,stat_gov_kz_real_group,Grains and legumes (group),126.80833333333334,107.72416666666668,93.93666666666668,89.64083333333333,,,353.235,287.4583333333333,143.5097222222225,96.4534722222225,288.07892200888824,0.0015830853355426,-0.0068109448065982,0.3112561284516307,0.3008343275631232,18564968.265211128,14.926666666666668,48.35,208.145,566.87,1.0423529411764707,34.688235294117646,26.17058823529412,4.888235294117647,7.0,41.75294117647059,32.076470588235296,61.26470588235294,790.0,1330.0,370.0,830.0,758.0,114.0875,112.0425,126.12666666666668
2002,Акмолинская область,Зерновые и бобовые (группа),3590425.0,3233600.0,910.0,stat_gov_kz_real_group,Grains and legumes (group),148.0775,129.9575,108.9675,99.27083333333331,489.8372727272727,577.6666666666666,461.71,410.895,152.19375,94.41875,287.2380545380849,0.0014021943687058,-0.0065191763578387,0.3134138039888539,0.3091917425550065,18535725.229287133,14.088333333333331,42.803333333333335,199.22166666666664,566.0241666666667,1.0423529411764707,34.688235294117646,26.17058823529412,4.888235294117647,7.0,41.75294117647059,32.076470588235296,61.26470588235294,1120.0,790.0,1330.0,1080.0,834.0,126.80833333333334,114.0875,112.0425
2003,Акмолинская область,Зерновые и бобовые (группа),3425116.0,3112200.0,910.0,stat_gov_kz_real_group,Grains and legumes (group),146.1431,138.57684166666667,104.74049416666666,105.37007583333332,593.5833333333334,593.3333333333334,558.585,476.7033333333334,171.665625,138.18541666666667,288.397750949084,0.0014391817896859,-0.0065342163837604,0.3103937068692785,0.3012298001622107,18470052.648770448,15.246666666666668,43.98666666666667,199.61,563.7671666666666,1.0423529411764707,34.688235294117646,26.17058823529412,4.888235294117647,7.0,41.75294117647059,32.076470588235296,61.26470588235294,910.0,1120.0,790.0,940.0,904.0,148.0775,126.80833333333334,114.0875
2004,Акмолинская область,Зерновые и бобовые (группа),3606012.0,2475394.8000000003,710.0,stat_gov_kz_real_group,Grains and legumes (group),156.88168008749,144.44395972875,98.988547595,111.80347966666666,679.4158333333334,684.0833333333334,618.2258333333333,499.2808333333333,204.74375,174.91458333333333,289.07454905538305,0.0011998382443893,-0.0076172471544596,0.2808802651935478,0.2762938615438061,19002265.512737133,15.923333333333332,36.58166666666667,232.74,580.3665,1.0423529411764707,34.688235294117646,26.17058823529412,4.888235294117647,7.0,41.75294117647059,32.076470588235296,61.26470588235294,910.0,910.0,1120.0,980.0,1012.0,146.1431,148.0775,126.80833333333334
2005,Акмолинская область,Зерновые и бобовые (группа),3604292.0,2966748.9000000004,850.0,stat_gov_kz_real_group,Grains and legumes (group),152.35059374973665,135.7200173296875,95.07712917583336,98.67179116666668,675.1541666666667,677.3333333333334,544.5933333333334,450.5641666666667,226.7854166666667,217.35208333333333,288.63480005223363,0.00138358833721,-0.0066087520492265,0.3026042133442991,0.2958003679733106,18880213.670109417,15.485,42.385,201.98833333333332,576.2168333333333,1.0423529411764707,34.688235294117646,26.17058823529412,4.888235294117647,7.0,41.75294117647059,32.076470588235296,61.26470588235294,710.0,910.0,910.0,843.3333333333334,888.0,156.88168008749,146.1431,148.0775
2006,Акмолинская область,Зерновые и бобовые (группа),3702435.9,3475908.7,960.0,stat_gov_kz_real_group,Grains and legumes (group),192.04335668599836,158.96785216265667,116.615095175,121.85101775,791.0241666666667,658.0,599.335,508.2991666666667,229.8715277777775,222.1388888888892,288.6804138491329,0.0012553620483014,-0.0073385665572734,0.2822957045860962,0.2735768737728408,18433279.43179878,15.53,38.21666666666667,224.13333333333333,563.055,1.0423529411764707,34.688235294117646,26.17058823529412,4.888235294117647,7.0,41.75294117647059,32.076470588235296,61.26470588235294,850.0,710.0,910.0,823.3333333333334,900.0,152.35059374973665,156.88168008749,146.1431
2007,Акмолинская область,Зерновые и бобовые (группа),3875187.1,4456147.7,1160.0,stat_gov_kz_real_group,Grains and legumes (group),255.20611049679837,238.587672411,172.38121729166664,163.66491446666666,964.2283333333334,1021.9166666666666,886.0566666666667,816.6866666666666,391.9625,307.1076388888892,288.97993119027745,0.0013226882401481,-0.0070575025253719,0.2951412214379525,0.2897669664420045,18859377.31730798,15.831666666666663,40.45,215.6083333333333,575.8951666666667,1.0423529411764707,34.688235294117646,26.17058823529412,4.888235294117647,7.0,41.75294117647059,32.076470588235296,61.26470588235294,960.0,850.0,710.0,840.0,868.0,192.04335668599836,152.35059374973665,156.88168008749
2008,Акмолинская область,Зерновые и бобовые (группа),4131350.1,3011589.6,750.0,stat_gov_kz_real_group,Grains and legumes (group),326.03004623959333,271.5203279291592,200.51552770252167,223.1168277333333,1326.0408333333332,1498.9166666666667,1260.8108333333332,1042.9233333333334,861.61875,514.9791666666666,289.14735601844075,0.001124581778192,-0.0075998415840403,0.2717217600600177,0.2635936070116423,19265657.920354065,15.998333333333337,34.31666666666667,232.25,588.3445,1.0423529411764707,34.688235294117646,26.17058823529412,4.888235294117647,7.0,41.75294117647059,32.076470588235296,61.26470588235294,1160.0,960.0,850.0,990.0,918.0,255.20611049679837,192.04335668599836,152.35059374973665
2009,Акмолинская область,Зерновые и бобовые (группа),4542656.4,5067792.5,1120.0,stat_gov_kz_real_group,Grains and legumes (group),224.06988173743412,185.953589925,128.32218617003,165.50963333333334,871.9008333333333,854.6666666666666,853.065,741.1458333333334,288.46875,251.07916666666665,287.99329217310293,0.0014169050242113,-0.00700104032969,0.2976502864019232,0.2869529529234354,18624079.69238663,14.843333333333334,43.41666666666666,213.87166666666667,568.6421666666666,1.0423529411764707,34.688235294117646,26.17058823529412,4.888235294117647,7.0,41.75294117647059,32.076470588235296,61.26470588235294,750.0,1160.0,960.0,956.6666666666666,886.0,326.03004623959333,255.20611049679837,192.04335668599836
2010,Акмолинская область,Зерновые и бобовые (группа),4433671.9,2141940.9,520.0,stat_gov_kz_real_group,Grains and legumes (group),223.5821054048625,229.67709914285751,158.38666512309334,185.9142083333333,1011.6566666666666,1074.3333333333333,1000.8558333333334,933.0233333333332,456.4270833333333,288.90416666666664,289.39487594539145,0.0007173384998622,-0.0081476156826346,0.2556810146852953,0.2575253695138664,20296956.47357266,16.245,21.953333333333333,248.86166666666668,619.5306666666667,1.0423529411764707,34.688235294117646,26.17058823529412,4.888235294117647,7.0,41.75294117647059,32.076470588235296,61.26470588235294,1120.0,750.0,1160.0,1010.0,968.0,224.06988173743412,326.03004623959333,255.20611049679837
2011,Акмолинская область,Зерновые и бобовые (группа),4278932.8,6597582.83,1560.0,stat_gov_kz_real_group,Grains and legumes (group),316.2641325585392,285.9133463029892,207.1969187051708,291.68407333333334,1362.82,1597.7091666666663,1297.66,1193.37,516.2875,398.92291666666665,288.9216230569704,0.0014601070203489,-0.0070899073681482,0.2909694036095574,0.2833584905739212,18794073.85085056,15.773333333333332,44.56666666666666,216.66333333333333,573.933,1.0423529411764707,34.688235294117646,26.17058823529412,4.888235294117647,7.0,41.75294117647059,32.076470588235296,61.26470588235294,520.0,1120.0,750.0,796.6666666666666,902.0,223.5821054048625,224.06988173743412,326.03004623959333
2012,Акмолинская область,Зерновые и бобовые (группа),4353709.2,2821989.18,700.0,stat_gov_kz_real_group,Grains and legumes (group),313.2422696110684,295.3661879274459,240.28063808774667,298.41696413768085,1237.7083333333333,1447.6450000000002,1225.6025,1043.3975,480.23819444444416,398.6006944444442,290.93738155470345,0.0010507578964652,-0.0080993232349013,0.2612914912837039,0.2573745081478069,19641224.144156728,17.788333333333334,32.123333333333335,247.46833333333333,599.8488333333333,1.0423529411764707,34.688235294117646,26.17058823529412,4.888235294117647,7.0,41.75294117647059,32.076470588235296,61.26470588235294,1560.0,520.0,1120.0,1066.6666666666667,1022.0,316.2641325585392,223.5821054048625,224.06988173743412
2013,Акмолинская область,Зерновые и бобовые (группа),4252009.04,4411681.732,1043.96,stat_gov_kz_real_group,Grains and legumes (group),312.2478668979183,276.733461739185,203.00875833333248,259.38922323787915,1084.2666666666669,1155.4075,1055.3933333333332,870.7258333333333,410.97291666666666,339.6145833333333,288.2797983402536,0.0016535991296397,-0.0068201682835203,0.3102898914991443,0.3057897520317299,18460322.17355969,15.13,50.803333333333335,208.11,563.3321666666667,1.0423529411764707,34.688235294117646,26.17058823529412,4.888235294117647,7.0,41.75294117647059,32.076470588235296,61.26470588235294,700.0,1560.0,520.0,926.6666666666666,930.0,313.2422696110684,316.2641325585392,223.5821054048625
2014,Акмолинская область,Зерновые и бобовые (группа),4173377.76,4502620.2530000005,1100.0,stat_gov_kz_real_group,Grains and legumes (group),284.8859214,245.21163752025,145.90297638888916,192.8812195333333,911.6633333333334,920.2958333333332,905.9691666666666,837.4691666666666,429.5864583333334,308.4375,288.377987821669,0.0011481597550606,-0.0075099680184316,0.2770251277388499,0.2742088987656154,19137151.863283142,15.228333333333332,35.160000000000004,229.425,584.1971666666667,1.0423529411764707,34.688235294117646,26.17058823529412,4.888235294117647,7.0,41.75294117647059,32.076470588235296,61.26470588235294,1043.96,700.0,1560.0,1101.32,988.792,312.2478668979183,313.2422696110684,316.2641325585392
2015,Акмолинская область,Зерновые и бобовые (группа),4193825.8,4434704.470000001,1080.0,stat_gov_kz_real_group,Grains and legumes (group),204.449128614,206.37664030275,121.33064930555668,169.75022306666668,784.6475,888.4775,755.6325,663.3908333333333,416.62395833333335,277.9375,288.68033360979234,0.00132469694655,-0.0071580944485533,0.2993542451750579,0.2902930132679188,18980036.87247777,15.53,40.525,218.8066666666667,579.2955000000001,1.0423529411764707,34.688235294117646,26.17058823529412,4.888235294117647,7.0,41.75294117647059,32.076470588235296,61.26470588235294,1100.0,1043.96,700.0,947.9866666666667,984.792,284.8859214,312.2478668979183,313.2422696110684
2016,Акмолинская область,Зерновые и бобовые (группа),4353422.57,5023770.648000001,1160.0,stat_gov_kz_real_group,Grains and legumes (group),166.63254345,176.30378359124998,103.91568229166752,159.1608872,827.7416666666667,867.3208333333333,814.9941666666667,735.7033333333334,315.81354166666665,194.1291666666667,289.3174390902713,0.0014573630123714,-0.0069543573753669,0.294249706853587,0.2916540603179201,18756816.40351812,16.166666666666668,44.406666666666666,212.52,573.0355,1.0423529411764707,34.688235294117646,26.17058823529412,4.888235294117647,7.0,41.75294117647059,32.076470588235296,61.26470588235294,1080.0,1100.0,1043.96,1074.6533333333334,1096.792,204.449128614,284.8859214,312.2478668979183
2017,Акмолинская область,Зерновые и бобовые (группа),4350556.41,4822265.44,1120.0,stat_gov_kz_real_group,Grains and legumes (group),174.195615525,178.18260991725,97.63863923611082,154.53153846666666,879.8158333333334,817.8850000000001,850.3966666666666,750.8133333333334,323.02708333333334,213.875,288.9705927351684,0.0011114836197021,-0.0075440171387582,0.2825224864271158,0.2781774573929977,19382244.038613398,15.821666666666667,33.946666666666665,230.57,591.9103333333334,1.0423529411764707,34.688235294117646,26.17058823529412,4.888235294117647,7.0,41.75294117647059,32.076470588235296,61.26470588235294,1160.0,1080.0,1100.0,1113.3333333333333,1016.792,166.63254345,204.449128614,284.8859214
2018,Акмолинская область,Зерновые и бобовые (группа),4334225.1,5037421.82,1166.86,stat_gov_kz_real_group,Grains and legumes (group),209.9288346,203.89093102725,125.88533298611252,164.4145468,830.0308333333332,765.4966666666666,789.1175,638.6558333333334,393.425,249.4495833333333,287.5128957712755,0.0014503846345327,-0.0069442679131643,0.3086804201389621,0.3001793099058934,18310602.204555143,14.363333333333337,44.34,212.23666666666668,559.1358333333334,1.0423529411764707,34.688235294117646,26.17058823529412,4.888235294117647,7.0,41.75294117647059,32.076470588235296,61.26470588235294,1120.0,1160.0,1080.0,1120.0,1100.792,174.195615525,166.63254345,204.449128614
2019,Акмолинская область,Зерновые и бобовые (группа),4447889.9,4192521.44,951.71,stat_gov_kz_real_group,Grains and legumes (group),201.692128575,211.27579630275,128.06698819444333,170.07008806666667,857.1866666666666,741.1033333333334,765.44,601.3666666666667,306.355,245.28166666666667,288.51084568493604,0.0011711310170603,-0.0076537846395652,0.2814676492717734,0.2726801280476322,19254150.837210964,15.361666666666666,35.598333333333336,234.22166666666664,588.3721666666667,1.0423529411764707,34.688235294117646,26.17058823529412,4.888235294117647,7.0,41.75294117647059,32.076470588235296,61.26470588235294,1166.86,1120.0,1160.0,1148.9533333333331,1125.3719999999998,209.9288346,174.195615525,166.63254345
2020,Акмолинская область,Зерновые и бобовые (группа),4462838.2,5093947.010000001,1160.0,stat_gov_kz_real_group,Grains and legumes (group),231.56548795,227.73879764625,97.60036458333,165.46600046666666,906.4321537216824,880.988337850045,837.75632231405,751.7661576212475,312.4241666666667,229.10083333333333,289.9538020794767,0.0012597873466308,-0.0080705725732581,0.276060137702878,0.2732565470740767,19376478.22856872,16.80333333333333,38.461666666666666,246.525,591.8266666666667,1.0423529411764707,34.688235294117646,26.17058823529412,4.888235294117647,7.0,41.75294117647059,32.076470588235296,61.26470588235294,951.71,1166.86,1120.0,1079.5233333333333,1095.714,201.692128575,209.9288346,174.195615525
2021,Акмолинская область,Зерновые и бобовые (группа),4585629.04,3875860.942,869.9999999999999,stat_gov_kz_real_group,Grains and legumes (group),315.2375,281.6606065851818,,259.54567977893333,1502.3308333333334,1404.0939758355908,1385.4066666666668,1130.5766666666666,600.9633333333333,483.2075,289.6146452650336,0.0008681891764509,-0.0080879491835072,0.2622693385039119,0.2612102771864736,20071941.32876677,16.463333333333335,26.516666666666666,247.2783333333333,612.924,1.0423529411764707,34.688235294117646,26.17058823529412,4.888235294117647,7.0,41.75294117647059,32.076470588235296,61.26470588235294,1160.0,951.71,1166.86,1092.8566666666666,1111.714,231.56548795,201.692128575,209.9288346
2022,Акмолинская область,Зерновые и бобовые (группа),4670645.5,5350226.460000001,1160.0,stat_gov_kz_real_group,Grains and legumes (group),429.9716666666666,381.91843016614285,,318.80665693333333,1756.7299999999998,1650.8083333333334,1666.7975,1275.9916666666666,772.1583333333333,700.015,289.6616435210072,0.0008509126076215,-0.0075598182709188,0.2621602812110037,0.2593293952638909,18879427.97251497,16.513333333333332,26.05666666666667,231.15833333333333,576.7293333333333,1.0423529411764707,34.688235294117646,26.17058823529412,4.888235294117647,7.0,41.75294117647059,32.076470588235296,61.26470588235294,869.9999999999999,1160.0,951.71,993.9033333333333,1053.714,315.2375,231.56548795,201.692128575
2023,Акмолинская область,Зерновые и бобовые (группа),4915073.1,3215532.24,690.0,stat_gov_kz_real_group,Grains and legumes (group),340.43,257.74181354863634,,252.65528515370417,1065.1408333333334,1006.6991666666668,1118.5016666666668,886.4533333333334,550.0483333333333,358.0016666666667,289.5236512078174,0.0006467397379246,-0.0049289491679192,0.2764382283662994,0.2713328395400161,14115470.12282928,16.371666666666666,19.70833333333333,150.73166666666663,431.0991666666666,1.0423529411764707,34.688235294117646,26.17058823529412,4.888235294117647,7.0,41.75294117647059,32.076470588235296,61.26470588235294,1160.0,869.9999999999999,1160.0,1063.3333333333333,1061.714,429.9716666666666,315.2375,231.56548795
2024,Акмолинская область,Зерновые и бобовые (группа),4693012.24,6036081.04,1310.0,stat_gov_kz_real_group,Grains and legumes (group),268.67333333333335,230.878850445,,190.60477617365,1089.3890968508615,1059.975,1021.9542980012442,963.3648258333332,563.665,338.26916666666665,288.4316707721188,0.0017295213958452,-0.0063265907659187,0.3265275888726496,0.3238014278789007,18253534.260363985,15.281666666666666,53.045,193.145,556.975,1.0423529411764707,34.688235294117646,26.17058823529412,4.888235294117647,7.0,41.75294117647059,32.076470588235296,61.26470588235294,690.0,1160.0,869.9999999999999,906.6666666666666,966.342,340.43,429.9716666666666,315.2375
2025,Акмолинская область,Зерновые и бобовые (группа),4680325.36,7174034.220000001,1550.0,stat_gov_kz_real_group,Grains and legumes (group),243.3325,219.61538460375,,203.19753726864084,1226.4814225569482,1262.8893305316649,1139.8729249670616,1006.980403811544,685.2199999999999,422.655,289.98509614754914,0.0015127205551172,-0.0071545833416474,0.298025870138938,0.2882290239919902,18515193.90122865,16.834999999999997,46.18666666666667,218.515,565.388,1.0423529411764707,34.688235294117646,26.17058823529412,4.888235294117647,7.0,41.75294117647059,32.076470588235296,61.26470588235294,1310.0,690.0,1160.0,1053.3333333333333,1038.0,268.67333333333335,340.43,429.9716666666666
1991,Акмолинская область,Масличные (группа),27800.0,2617.5,180.0,stat_gov_kz_real_group,Oilseeds (group),128.665,126.11333333333332,78.28666666666668,107.42,,,453.8333333333333,339.0,158.25,138.39583333333334,289.4228781082117,0.0009343776565692,-0.0076138023959919,0.2749421243708697,0.2726190423136933,19517949.456947003,16.271666666666665,28.62833333333333,232.5883333333333,595.8688333333333,1.0423529411764707,34.688235294117646,26.17058823529412,4.888235294117647,7.0,41.75294117647059,32.076470588235296,61.26470588235294,,,,,,,,
1992,Акмолинская область,Масличные (группа),69000.0,9129.3,300.0,stat_gov_kz_real_group,Oilseeds (group),151.20000000000002,145.14166666666668,78.675,104.24583333333334,,,428.9166666666667,393.5,137.87291666666667,117.60416666666669,286.1462164733199,0.001587081570155,-0.0058962070838926,0.3238320989497196,0.314460981720859,17518385.362479795,12.996666666666668,48.571666666666665,180.23666666666668,534.7633333333333,1.0423529411764707,34.688235294117646,26.17058823529412,4.888235294117647,7.0,41.75294117647059,32.076470588235296,61.26470588235294,180.0,,,,,128.665,,
1993,Акмолинская область,Масличные (группа),42600.0,3800.6,230.0,stat_gov_kz_real_group,Oilseeds (group),140.23833333333334,134.77416666666667,71.37666666666667,102.09,,,480.4166666666667,377.75,121.99583333333334,85.54166666666667,286.5032254438799,0.0018242492716733,-0.0059341347768195,0.3412156334801042,0.3334294545721231,17802869.81034017,13.353333333333332,55.67666666666667,181.505,543.7543333333333,1.0423529411764707,34.688235294117646,26.17058823529412,4.888235294117647,7.0,41.75294117647059,32.076470588235296,61.26470588235294,300.0,180.0,,,,151.20000000000002,128.665,
1994,Акмолинская область,Масличные (группа),33400.0,4417.900000000001,260.0,stat_gov_kz_real_group,Oilseeds (group),149.72916666666666,138.555,72.64833333333333,107.55,,,615.5833333333334,528.4166666666666,160.42430555555583,93.88541666666669,287.6453967794925,0.0015026814775752,-0.0064281213580353,0.3179925579238541,0.311833527420417,17951582.47125991,14.495,46.09666666666667,196.15,547.679,1.0423529411764707,34.688235294117646,26.17058823529412,4.888235294117647,7.0,41.75294117647059,32.076470588235296,61.26470588235294,230.0,300.0,180.0,236.6666666666666,,140.23833333333334,151.20000000000002,128.665
1995,Акмолинская область,Масличные (группа),26500.0,2820.2000000000003,200.0,stat_gov_kz_real_group,Oilseeds (group),176.9825,167.35833333333335,104.01083333333334,123.4875,,,625.0833333333334,628.25,199.7722222222225,126.8625,289.27058141143675,0.0011469081810659,-0.0075251830486656,0.2788567650788104,0.2701835153868188,19088493.658715498,16.12,35.15333333333333,229.86333333333332,582.5523333333334,1.0423529411764707,34.688235294117646,26.17058823529412,4.888235294117647,7.0,41.75294117647059,32.076470588235296,61.26470588235294,260.0,230.0,300.0,263.33333333333326,,149.72916666666666,140.23833333333334,151.20000000000002
1996,Акмолинская область,Масличные (группа),20000.0,1964.1,,stat_gov_kz_real_group,Oilseeds (group),207.6,187.41916666666668,119.66583333333334,165.80916666666667,,,551.5,530.9166666666666,198.10416666666663,153.69166666666666,286.9755233079305,0.0014654919002979,-0.0063641143936894,0.3104159130843208,0.2973663011090053,18178095.137549862,13.823333333333332,44.76499999999999,194.47833333333327,555.0428333333333,1.0423529411764707,34.688235294117646,26.17058823529412,4.888235294117647,7.0,41.75294117647059,32.076470588235296,61.26470588235294,200.0,260.0,230.0,229.99999999999991,234.0,176.9825,149.72916666666666,140.23833333333334
1997,Акмолинская область,Масличные (группа),6200.0,648.3000000000001,,stat_gov_kz_real_group,Oilseeds (group),159.48416666666665,143.64833333333334,97.23833333333332,117.09166666666664,,,564.75,545.8333333333334,186.98958333333331,117.49375,289.0044009928392,0.0009752120048686,-0.0075847002625326,0.2766567016032366,0.2732509295749538,18893177.6412589,15.853333333333332,29.92333333333333,231.53166666666667,576.4536666666667,1.0423529411764707,34.688235294117646,26.17058823529412,4.888235294117647,7.0,41.75294117647059,32.076470588235296,61.26470588235294,,200.0,260.0,,,207.6,176.9825,149.72916666666666
1998,Акмолинская область,Масличные (группа),5600.0,577.3000000000001,,stat_gov_kz_real_group,Oilseeds (group),126.12666666666668,111.515,85.05333333333333,101.98666666666666,,,625.9166666666666,671.0833333333334,186.86319444444416,83.21666666666667,288.83009798572283,0.0010475480592592,-0.0076466506391867,0.2799554650461078,0.2718331940725227,19291600.86951696,15.678333333333336,31.91,233.9033333333333,589.2715,1.0423529411764707,34.688235294117646,26.17058823529412,4.888235294117647,7.0,41.75294117647059,32.076470588235296,61.26470588235294,,,200.0,,,159.48416666666665,207.6,176.9825
1999,Акмолинская область,Масличные (группа),9000.0,2300.0,260.0,stat_gov_kz_real_group,Oilseeds (group),112.0425,96.27833333333332,75.93833333333333,90.21666666666664,,,426.4683333333333,436.0,171.1,65.94236111111083,287.91882916991966,0.0015261135695581,-0.0068473304165252,0.3049673180623376,0.2960342309769855,18512508.022182222,14.768333333333333,46.571666666666665,209.4766666666667,565.4951666666667,1.0423529411764707,34.688235294117646,26.17058823529412,4.888235294117647,7.0,41.75294117647059,32.076470588235296,61.26470588235294,,,,,,126.12666666666668,159.48416666666665,207.6
2000,Акмолинская область,Масличные (группа),15200.0,2508.3,160.0,stat_gov_kz_real_group,Oilseeds (group),114.0875,98.91416666666667,77.23416666666667,88.53416666666668,,,338.14000000000004,310.25,147.66875000000002,100.92291666666668,288.3580851055727,0.0015042011602884,-0.0069634538916046,0.3043780031375253,0.2939117146096706,18417993.28256339,15.21,45.97666666666667,212.6483333333333,562.1255,1.0423529411764707,34.688235294117646,26.17058823529412,4.888235294117647,7.0,41.75294117647059,32.076470588235296,61.26470588235294,260.0,,,,,112.0425,126.12666666666668,159.48416666666665
2001,Акмолинская область,Масличные (группа),8430.0,999.9,120.0,stat_gov_kz_real_group,Oilseeds (group),126.80833333333334,107.72416666666668,93.93666666666668,89.64083333333333,,,353.235,287.4583333333333,143.5097222222225,96.4534722222225,288.07892200888824,0.0015830853355426,-0.0068109448065982,0.3112561284516307,0.3008343275631232,18564968.265211128,14.926666666666668,48.35,208.145,566.87,1.0423529411764707,34.688235294117646,26.17058823529412,4.888235294117647,7.0,41.75294117647059,32.076470588235296,61.26470588235294,160.0,260.0,,,,114.0875,112.0425,126.12666666666668
2002,Акмолинская область,Масличные (группа),3600.0,439.0,130.0,stat_gov_kz_real_group,Oilseeds (group),148.0775,129.9575,108.9675,99.27083333333331,489.8372727272727,577.6666666666666,461.71,410.895,152.19375,94.41875,287.2380545380849,0.0014021943687058,-0.0065191763578387,0.3134138039888539,0.3091917425550065,18535725.229287133,14.088333333333331,42.803333333333335,199.22166666666664,566.0241666666667,1.0423529411764707,34.688235294117646,26.17058823529412,4.888235294117647,7.0,41.75294117647059,32.076470588235296,61.26470588235294,120.0,160.0,260.0,179.99999999999991,,126.80833333333334,114.0875,112.0425
2003,Акмолинская область,Масличные (группа),10070.0,2192.3,250.0,stat_gov_kz_real_group,Oilseeds (group),146.1431,138.57684166666667,104.74049416666666,105.37007583333332,593.5833333333334,593.3333333333334,558.585,476.7033333333334,171.665625,138.18541666666667,288.397750949084,0.0014391817896859,-0.0065342163837604,0.3103937068692785,0.3012298001622107,18470052.648770448,15.246666666666668,43.98666666666667,199.61,563.7671666666666,1.0423529411764707,34.688235294117646,26.17058823529412,4.888235294117647,7.0,41.75294117647059,32.076470588235296,61.26470588235294,130.0,120.0,160.0,136.6666666666666,,148.0775,126.80833333333334,114.0875
2004,Акмолинская область,Масличные (группа),17079.0,1944.59,120.0,stat_gov_kz_real_group,Oilseeds (group),156.88168008749,144.44395972875,98.988547595,111.80347966666666,679.4158333333334,684.0833333333334,618.2258333333333,499.2808333333333,204.74375,174.91458333333333,289.07454905538305,0.0011998382443893,-0.0076172471544596,0.2808802651935478,0.2762938615438061,19002265.512737133,15.923333333333332,36.58166666666667,232.74,580.3665,1.0423529411764707,34.688235294117646,26.17058823529412,4.888235294117647,7.0,41.75294117647059,32.076470588235296,61.26470588235294,250.0,130.0,120.0,166.6666666666666,184.0,146.1431,148.0775,126.80833333333334
2005,Акмолинская область,Масличные (группа),13029.5,4896.580000000001,490.00000000000006,stat_gov_kz_real_group,Oilseeds (group),152.35059374973665,135.7200173296875,95.07712917583336,98.67179116666668,675.1541666666667,677.3333333333334,544.5933333333334,450.5641666666667,226.7854166666667,217.35208333333333,288.63480005223363,0.00138358833721,-0.0066087520492265,0.3026042133442991,0.2958003679733106,18880213.670109417,15.485,42.385,201.98833333333332,576.2168333333333,1.0423529411764707,34.688235294117646,26.17058823529412,4.888235294117647,7.0,41.75294117647059,32.076470588235296,61.26470588235294,120.0,250.0,130.0,166.6666666666666,156.0,156.88168008749,146.1431,148.0775
2006,Акмолинская область,Масличные (группа),27956.0,8051.1,360.0,stat_gov_kz_real_group,Oilseeds (group),192.04335668599836,158.96785216265667,116.615095175,121.85101775,791.0241666666667,658.0,599.335,508.2991666666667,229.8715277777775,222.1388888888892,288.6804138491329,0.0012553620483014,-0.0073385665572734,0.2822957045860962,0.2735768737728408,18433279.43179878,15.53,38.21666666666667,224.13333333333333,563.055,1.0423529411764707,34.688235294117646,26.17058823529412,4.888235294117647,7.0,41.75294117647059,32.076470588235296,61.26470588235294,490.00000000000006,120.0,250.0,286.6666666666666,222.0,152.35059374973665,156.88168008749,146.1431
2007,Акмолинская область,Масличные (группа),16901.0,6651.52,400.0,stat_gov_kz_real_group,Oilseeds (group),255.20611049679837,238.587672411,172.38121729166664,163.66491446666666,964.2283333333334,1021.9166666666666,886.0566666666667,816.6866666666666,391.9625,307.1076388888892,288.97993119027745,0.0013226882401481,-0.0070575025253719,0.2951412214379525,0.2897669664420045,18859377.31730798,15.831666666666663,40.45,215.6083333333333,575.8951666666667,1.0423529411764707,34.688235294117646,26.17058823529412,4.888235294117647,7.0,41.75294117647059,32.076470588235296,61.26470588235294,360.0,490.00000000000006,120.0,323.33333333333326,270.0,192.04335668599836,152.35059374973665,156.88168008749
2008,Акмолинская область,Масличные (группа),28725.5,7301.12,380.0,stat_gov_kz_real_group,Oilseeds (group),326.03004623959333,271.5203279291592,200.51552770252167,223.1168277333333,1326.0408333333332,1498.9166666666667,1260.8108333333332,1042.9233333333334,861.61875,514.9791666666666,289.14735601844075,0.001124581778192,-0.0075998415840403,0.2717217600600177,0.2635936070116423,19265657.920354065,15.998333333333337,34.31666666666667,232.25,588.3445,1.0423529411764707,34.688235294117646,26.17058823529412,4.888235294117647,7.0,41.75294117647059,32.076470588235296,61.26470588235294,400.0,360.0,490.00000000000006,416.6666666666666,324.0,255.20611049679837,192.04335668599836,152.35059374973665
2009,Акмолинская область,Масличные (группа),45760.5,13504.5,330.0,stat_gov_kz_real_group,Oilseeds (group),224.06988173743412,185.953589925,128.32218617003,165.50963333333334,871.9008333333333,854.6666666666666,853.065,741.1458333333334,288.46875,251.07916666666665,287.99329217310293,0.0014169050242113,-0.00700104032969,0.2976502864019232,0.2869529529234354,18624079.69238663,14.843333333333334,43.41666666666666,213.87166666666667,568.6421666666666,1.0423529411764707,34.688235294117646,26.17058823529412,4.888235294117647,7.0,41.75294117647059,32.076470588235296,61.26470588235294,380.0,400.0,360.0,379.99999999999994,350.0,326.03004623959333,255.20611049679837,192.04335668599836
2010,Акмолинская область,Масличные (группа),130456.0,28357.53,260.0,stat_gov_kz_real_group,Oilseeds (group),223.5821054048625,229.67709914285751,158.38666512309334,185.9142083333333,1011.6566666666666,1074.3333333333333,1000.8558333333334,933.0233333333332,456.4270833333333,288.90416666666664,289.39487594539145,0.0007173384998622,-0.0081476156826346,0.2556810146852953,0.2575253695138664,20296956.47357266,16.245,21.953333333333333,248.86166666666668,619.5306666666667,1.0423529411764707,34.688235294117646,26.17058823529412,4.888235294117647,7.0,41.75294117647059,32.076470588235296,61.26470588235294,330.0,380.0,400.0,369.99999999999994,392.0,224.06988173743412,326.03004623959333,255.20611049679837
2011,Акмолинская область,Масличные (группа),177827.2,95237.29,560.0,stat_gov_kz_real_group,Oilseeds (group),316.2641325585392,285.9133463029892,207.1969187051708,291.68407333333334,1362.82,1597.7091666666663,1297.66,1193.37,516.2875,398.92291666666665,288.9216230569704,0.0014601070203489,-0.0070899073681482,0.2909694036095574,0.2833584905739212,18794073.85085056,15.773333333333332,44.56666666666666,216.66333333333333,573.933,1.0423529411764707,34.688235294117646,26.17058823529412,4.888235294117647,7.0,41.75294117647059,32.076470588235296,61.26470588235294,260.0,330.0,380.0,323.33333333333326,346.0,223.5821054048625,224.06988173743412,326.03004623959333
2012,Акмолинская область,Масличные (группа),198587.5,71538.22,432.78,stat_gov_kz_real_group,Oilseeds (group),313.2422696110684,295.3661879274459,240.28063808774667,298.41696413768085,1237.7083333333333,1447.6450000000002,1225.6025,1043.3975,480.23819444444416,398.6006944444442,290.93738155470345,0.0010507578964652,-0.0080993232349013,0.2612914912837039,0.2573745081478069,19641224.144156728,17.788333333333334,32.123333333333335,247.46833333333333,599.8488333333333,1.0423529411764707,34.688235294117646,26.17058823529412,4.888235294117647,7.0,41.75294117647059,32.076470588235296,61.26470588235294,560.0,260.0,330.0,383.33333333333326,386.0,316.2641325585392,223.5821054048625,224.06988173743412
2013,Акмолинская область,Масличные (группа),251526.4,127506.0,617.1800000000001,stat_gov_kz_real_group,Oilseeds (group),312.2478668979183,276.733461739185,203.00875833333248,259.38922323787915,1084.2666666666669,1155.4075,1055.3933333333332,870.7258333333333,410.97291666666666,339.6145833333333,288.2797983402536,0.0016535991296397,-0.0068201682835203,0.3102898914991443,0.3057897520317299,18460322.17355969,15.13,50.803333333333335,208.11,563.3321666666667,1.0423529411764707,34.688235294117646,26.17058823529412,4.888235294117647,7.0,41.75294117647059,32.076470588235296,61.26470588235294,432.78,560.0,260.0,417.59333333333325,392.556,313.2422696110684,316.2641325585392,223.5821054048625
2014,Акмолинская область,Масличные (группа),349226.72,143012.084,490.00000000000006,stat_gov_kz_real_group,Oilseeds (group),284.8859214,245.21163752025,145.90297638888916,192.8812195333333,911.6633333333334,920.2958333333332,905.9691666666666,837.4691666666666,429.5864583333334,308.4375,288.377987821669,0.0011481597550606,-0.0075099680184316,0.2770251277388499,0.2742088987656154,19137151.863283142,15.228333333333332,35.160000000000004,229.425,584.1971666666667,1.0423529411764707,34.688235294117646,26.17058823529412,4.888235294117647,7.0,41.75294117647059,32.076470588235296,61.26470588235294,617.1800000000001,432.78,560.0,536.6533333333333,439.992,312.2478668979183,313.2422696110684,316.2641325585392
2015,Акмолинская область,Масличные (группа),245607.6,122750.33000000002,520.0,stat_gov_kz_real_group,Oilseeds (group),204.449128614,206.37664030275,121.33064930555668,169.75022306666668,784.6475,888.4775,755.6325,663.3908333333333,416.62395833333335,277.9375,288.68033360979234,0.00132469694655,-0.0071580944485533,0.2993542451750579,0.2902930132679188,18980036.87247777,15.53,40.525,218.8066666666667,579.2955000000001,1.0423529411764707,34.688235294117646,26.17058823529412,4.888235294117647,7.0,41.75294117647059,32.076470588235296,61.26470588235294,490.00000000000006,617.1800000000001,432.78,513.3199999999999,471.992,284.8859214,312.2478668979183,313.2422696110684
2016,Акмолинская область,Масличные (группа),219714.0,173942.05000000002,830.0000000000001,stat_gov_kz_real_group,Oilseeds (group),166.63254345,176.30378359124998,103.91568229166752,159.1608872,827.7416666666667,867.3208333333333,814.9941666666667,735.7033333333334,315.81354166666665,194.1291666666667,289.3174390902713,0.0014573630123714,-0.0069543573753669,0.294249706853587,0.2916540603179201,18756816.40351812,16.166666666666668,44.406666666666666,212.52,573.0355,1.0423529411764707,34.688235294117646,26.17058823529412,4.888235294117647,7.0,41.75294117647059,32.076470588235296,61.26470588235294,520.0,490.00000000000006,617.1800000000001,542.3933333333333,523.992,204.449128614,284.8859214,312.2478668979183
2017,Акмолинская область,Масличные (группа),276539.81,206082.85,770.0,stat_gov_kz_real_group,Oilseeds (group),174.195615525,178.18260991725,97.63863923611082,154.53153846666666,879.8158333333334,817.8850000000001,850.3966666666666,750.8133333333334,323.02708333333334,213.875,288.9705927351684,0.0011114836197021,-0.0075440171387582,0.2825224864271158,0.2781774573929977,19382244.038613398,15.821666666666667,33.946666666666665,230.57,591.9103333333334,1.0423529411764707,34.688235294117646,26.17058823529412,4.888235294117647,7.0,41.75294117647059,32.076470588235296,61.26470588235294,830.0000000000001,520.0,490.00000000000006,613.3333333333334,577.992,166.63254345,204.449128614,284.8859214
2018,Акмолинская область,Масличные (группа),278381.8,217338.87,797.1,stat_gov_kz_real_group,Oilseeds (group),209.9288346,203.89093102725,125.88533298611252,164.4145468,830.0308333333332,765.4966666666666,789.1175,638.6558333333334,393.425,249.4495833333333,287.5128957712755,0.0014503846345327,-0.0069442679131643,0.3086804201389621,0.3001793099058934,18310602.204555143,14.363333333333337,44.34,212.23666666666668,559.1358333333334,1.0423529411764707,34.688235294117646,26.17058823529412,4.888235294117647,7.0,41.75294117647059,32.076470588235296,61.26470588235294,770.0,830.0000000000001,520.0,706.6666666666666,645.436,174.195615525,166.63254345,204.449128614
2019,Акмолинская область,Масличные (группа),252971.8,164627.78000000003,674.61,stat_gov_kz_real_group,Oilseeds (group),201.692128575,211.27579630275,128.06698819444333,170.07008806666667,857.1866666666666,741.1033333333334,765.44,601.3666666666667,306.355,245.28166666666667,288.51084568493604,0.0011711310170603,-0.0076537846395652,0.2814676492717734,0.2726801280476322,19254150.837210964,15.361666666666666,35.598333333333336,234.22166666666664,588.3721666666667,1.0423529411764707,34.688235294117646,26.17058823529412,4.888235294117647,7.0,41.75294117647059,32.076470588235296,61.26470588235294,797.1,770.0,830.0000000000001,799.0333333333333,681.4200000000001,209.9288346,174.195615525,166.63254345
2020,Акмолинская область,Масличные (группа),213078.16,171967.56000000003,850.0,stat_gov_kz_real_group,Oilseeds (group),231.56548795,227.73879764625,97.60036458333,165.46600046666666,906.4321537216824,880.988337850045,837.75632231405,751.7661576212475,312.4241666666667,229.10083333333333,289.9538020794767,0.0012597873466308,-0.0080705725732581,0.276060137702878,0.2732565470740767,19376478.22856872,16.80333333333333,38.461666666666666,246.525,591.8266666666667,1.0423529411764707,34.688235294117646,26.17058823529412,4.888235294117647,7.0,41.75294117647059,32.076470588235296,61.26470588235294,674.61,797.1,770.0,747.2366666666667,718.342,201.692128575,209.9288346,174.195615525
2021,Акмолинская область,Масличные (группа),270544.76,141078.43000000002,550.0,stat_gov_kz_real_group,Oilseeds (group),315.2375,281.6606065851818,,259.54567977893333,1502.3308333333334,1404.0939758355908,1385.4066666666668,1130.5766666666666,600.9633333333333,483.2075,289.6146452650336,0.0008681891764509,-0.0080879491835072,0.2622693385039119,0.2612102771864736,20071941.32876677,16.463333333333335,26.516666666666666,247.2783333333333,612.924,1.0423529411764707,34.688235294117646,26.17058823529412,4.888235294117647,7.0,41.75294117647059,32.076470588235296,61.26470588235294,850.0,674.61,797.1,773.9033333333333,784.342,231.56548795,201.692128575,209.9288346
2022,Акмолинская область,Масличные (группа),368811.1,221334.14,620.0,stat_gov_kz_real_group,Oilseeds (group),429.9716666666666,381.91843016614285,,318.80665693333333,1756.7299999999998,1650.8083333333334,1666.7975,1275.9916666666666,772.1583333333333,700.015,289.6616435210072,0.0008509126076215,-0.0075598182709188,0.2621602812110037,0.2593293952638909,18879427.97251497,16.513333333333332,26.05666666666667,231.15833333333333,576.7293333333333,1.0423529411764707,34.688235294117646,26.17058823529412,4.888235294117647,7.0,41.75294117647059,32.076470588235296,61.26470588235294,550.0,850.0,674.61,691.5366666666665,728.342,315.2375,231.56548795,201.692128575
2023,Акмолинская область,Масличные (группа),197804.2,99024.49,580.0,stat_gov_kz_real_group,Oilseeds (group),340.43,257.74181354863634,,252.65528515370417,1065.1408333333334,1006.6991666666668,1118.5016666666668,886.4533333333334,550.0483333333333,358.0016666666667,289.5236512078174,0.0006467397379246,-0.0049289491679192,0.2764382283662994,0.2713328395400161,14115470.12282928,16.371666666666666,19.70833333333333,150.73166666666663,431.0991666666666,1.0423529411764707,34.688235294117646,26.17058823529412,4.888235294117647,7.0,41.75294117647059,32.076470588235296,61.26470588235294,620.0,550.0,850.0,673.3333333333331,698.342,429.9716666666666,315.2375,231.56548795
2024,Акмолинская область,Масличные (группа),267674.98,284657.88,1110.0,stat_gov_kz_real_group,Oilseeds (group),268.67333333333335,230.878850445,,190.60477617365,1089.3890968508615,1059.975,1021.9542980012442,963.3648258333332,563.665,338.26916666666665,288.4316707721188,0.0017295213958452,-0.0063265907659187,0.3265275888726496,0.3238014278789007,18253534.260363985,15.281666666666666,53.045,193.145,556.975,1.0423529411764707,34.688235294117646,26.17058823529412,4.888235294117647,7.0,41.75294117647059,32.076470588235296,61.26470588235294,580.0,620.0,550.0,583.3333333333331,654.9219999999999,340.43,429.9716666666666,315.2375
2025,Акмолинская область,Масличные (группа),498610.24,570954.48,1150.0,stat_gov_kz_real_group,Oilseeds (group),243.3325,219.61538460375,,203.19753726864084,1226.4814225569482,1262.8893305316649,1139.8729249670616,1006.980403811544,685.2199999999999,422.655,289.98509614754914,0.0015127205551172,-0.0071545833416474,0.298025870138938,0.2882290239919902,18515193.90122865,16.834999999999997,46.18666666666667,218.515,565.388,1.0423529411764707,34.688235294117646,26.17058823529412,4.888235294117647,7.0,41.75294117647059,32.076470588235296,61.26470588235294,1110.0,580.0,620.0,769.9999999999999,742.0,268.67333333333335,340.43,429.9716666666666
1991,Акмолинская область,Подсолнечник,,1288.8000000000002,190.0,stat_gov_kz_real,Sunflower seed,128.665,126.11333333333332,78.28666666666668,107.42,,,453.8333333333333,339.0,158.25,138.39583333333334,289.4228781082117,0.0009343776565692,-0.0076138023959919,0.2749421243708697,0.2726190423136933,19517949.456947003,16.271666666666665,28.62833333333333,232.5883333333333,595.8688333333333,1.0423529411764707,34.688235294117646,26.17058823529412,4.888235294117647,7.0,41.75294117647059,32.076470588235296,61.26470588235294,,,,,,,,
1992,Акмолинская область,Подсолнечник,,3852.8,180.0,stat_gov_kz_real,Sunflower seed,151.20000000000002,145.14166666666668,78.675,104.24583333333334,,,428.9166666666667,393.5,137.87291666666667,117.60416666666669,286.1462164733199,0.001587081570155,-0.0058962070838926,0.3238320989497196,0.314460981720859,17518385.362479795,12.996666666666668,48.571666666666665,180.23666666666668,534.7633333333333,1.0423529411764707,34.688235294117646,26.17058823529412,4.888235294117647,7.0,41.75294117647059,32.076470588235296,61.26470588235294,190.0,,,,,128.665,,
1993,Акмолинская область,Подсолнечник,,3161.0,220.00000000000003,stat_gov_kz_real,Sunflower seed,140.23833333333334,134.77416666666667,71.37666666666667,102.09,,,480.4166666666667,377.75,121.99583333333334,85.54166666666667,286.5032254438799,0.0018242492716733,-0.0059341347768195,0.3412156334801042,0.3334294545721231,17802869.81034017,13.353333333333332,55.67666666666667,181.505,543.7543333333333,1.0423529411764707,34.688235294117646,26.17058823529412,4.888235294117647,7.0,41.75294117647059,32.076470588235296,61.26470588235294,180.0,190.0,,,,151.20000000000002,128.665,
1994,Акмолинская область,Подсолнечник,,3752.7,240.0,stat_gov_kz_real,Sunflower seed,149.72916666666666,138.555,72.64833333333333,107.55,,,615.5833333333334,528.4166666666666,160.42430555555583,93.88541666666669,287.6453967794925,0.0015026814775752,-0.0064281213580353,0.3179925579238541,0.311833527420417,17951582.47125991,14.495,46.09666666666667,196.15,547.679,1.0423529411764707,34.688235294117646,26.17058823529412,4.888235294117647,7.0,41.75294117647059,32.076470588235296,61.26470588235294,220.00000000000003,180.0,190.0,196.66666666666652,,140.23833333333334,151.20000000000002,128.665
1995,Акмолинская область,Подсолнечник,,1301.4,210.0,stat_gov_kz_real,Sunflower seed,176.9825,167.35833333333335,104.01083333333334,123.4875,,,625.0833333333334,628.25,199.7722222222225,126.8625,289.27058141143675,0.0011469081810659,-0.0075251830486656,0.2788567650788104,0.2701835153868188,19088493.658715498,16.12,35.15333333333333,229.86333333333332,582.5523333333334,1.0423529411764707,34.688235294117646,26.17058823529412,4.888235294117647,7.0,41.75294117647059,32.076470588235296,61.26470588235294,240.0,220.00000000000003,180.0,213.33333333333317,,149.72916666666666,140.23833333333334,151.20000000000002
1996,Акмолинская область,Подсолнечник,,1907.5,150.0,stat_gov_kz_real,Sunflower seed,207.6,187.41916666666668,119.66583333333334,165.80916666666667,,,551.5,530.9166666666666,198.10416666666663,153.69166666666666,286.9755233079305,0.0014654919002979,-0.0063641143936894,0.3104159130843208,0.2973663011090053,18178095.137549862,13.823333333333332,44.76499999999999,194.47833333333327,555.0428333333333,1.0423529411764707,34.688235294117646,26.17058823529412,4.888235294117647,7.0,41.75294117647059,32.076470588235296,61.26470588235294,210.0,240.0,220.00000000000003,223.33333333333317,208.0,176.9825,149.72916666666666,140.23833333333334
1997,Акмолинская область,Подсолнечник,,648.3000000000001,160.0,stat_gov_kz_real,Sunflower seed,159.48416666666665,143.64833333333334,97.23833333333332,117.09166666666664,,,564.75,545.8333333333334,186.98958333333331,117.49375,289.0044009928392,0.0009752120048686,-0.0075847002625326,0.2766567016032366,0.2732509295749538,18893177.6412589,15.853333333333332,29.92333333333333,231.53166666666667,576.4536666666667,1.0423529411764707,34.688235294117646,26.17058823529412,4.888235294117647,7.0,41.75294117647059,32.076470588235296,61.26470588235294,150.0,210.0,240.0,199.99999999999986,200.0,207.6,176.9825,149.72916666666666
1998,Акмолинская область,Подсолнечник,,527.3000000000001,100.0,stat_gov_kz_real,Sunflower seed,126.12666666666668,111.515,85.05333333333333,101.98666666666666,,,625.9166666666666,671.0833333333334,186.86319444444416,83.21666666666667,288.83009798572283,0.0010475480592592,-0.0076466506391867,0.2799554650461078,0.2718331940725227,19291600.86951696,15.678333333333336,31.91,233.9033333333333,589.2715,1.0423529411764707,34.688235294117646,26.17058823529412,4.888235294117647,7.0,41.75294117647059,32.076470588235296,61.26470588235294,160.0,150.0,210.0,173.33333333333317,196.0,159.48416666666665,207.6,176.9825
1999,Акмолинская область,Подсолнечник,,2111.6,250.0,stat_gov_kz_real,Sunflower seed,112.0425,96.27833333333332,75.93833333333333,90.21666666666664,,,426.4683333333333,436.0,171.1,65.94236111111083,287.91882916991966,0.0015261135695581,-0.0068473304165252,0.3049673180623376,0.2960342309769855,18512508.022182222,14.768333333333333,46.571666666666665,209.4766666666667,565.4951666666667,1.0423529411764707,34.688235294117646,26.17058823529412,4.888235294117647,7.0,41.75294117647059,32.076470588235296,61.26470588235294,100.0,160.0,150.0,136.66666666666652,172.0,126.12666666666668,159.48416666666665,207.6
2000,Акмолинская область,Подсолнечник,,1965.1,160.0,stat_gov_kz_real,Sunflower seed,114.0875,98.91416666666667,77.23416666666667,88.53416666666668,,,338.14000000000004,310.25,147.66875000000002,100.92291666666668,288.3580851055727,0.0015042011602884,-0.0069634538916046,0.3043780031375253,0.2939117146096706,18417993.28256339,15.21,45.97666666666667,212.6483333333333,562.1255,1.0423529411764707,34.688235294117646,26.17058823529412,4.888235294117647,7.0,41.75294117647059,32.076470588235296,61.26470588235294,250.0,100.0,160.0,169.99999999999986,174.0,112.0425,126.12666666666668,159.48416666666665
2001,Акмолинская область,Подсолнечник,,966.9,130.0,stat_gov_kz_real,Sunflower seed,126.80833333333334,107.72416666666668,93.93666666666668,89.64083333333333,,,353.235,287.4583333333333,143.5097222222225,96.4534722222225,288.07892200888824,0.0015830853355426,-0.0068109448065982,0.3112561284516307,0.3008343275631232,18564968.265211128,14.926666666666668,48.35,208.145,566.87,1.0423529411764707,34.688235294117646,26.17058823529412,4.888235294117647,7.0,41.75294117647059,32.076470588235296,61.26470588235294,160.0,250.0,100.0,169.99999999999986,164.0,114.0875,112.0425,126.12666666666668
2002,Акмолинская область,Подсолнечник,,381.2000000000001,120.0,stat_gov_kz_real,Sunflower seed,148.0775,129.9575,108.9675,99.27083333333331,489.8372727272727,577.6666666666666,461.71,410.895,152.19375,94.41875,287.2380545380849,0.0014021943687058,-0.0065191763578387,0.3134138039888539,0.3091917425550065,18535725.229287133,14.088333333333331,42.803333333333335,199.22166666666664,566.0241666666667,1.0423529411764707,34.688235294117646,26.17058823529412,4.888235294117647,7.0,41.75294117647059,32.076470588235296,61.26470588235294,130.0,160.0,250.0,179.99999999999986,160.0,126.80833333333334,114.0875,112.0425
2003,Акмолинская область,Подсолнечник,,2116.5,300.0,stat_gov_kz_real,Sunflower seed,146.1431,138.57684166666667,104.74049416666666,105.37007583333332,593.5833333333334,593.3333333333334,558.585,476.7033333333334,171.665625,138.18541666666667,288.397750949084,0.0014391817896859,-0.0065342163837604,0.3103937068692785,0.3012298001622107,18470052.648770448,15.246666666666668,43.98666666666667,199.61,563.7671666666666,1.0423529411764707,34.688235294117646,26.17058823529412,4.888235294117647,7.0,41.75294117647059,32.076470588235296,61.26470588235294,120.0,130.0,160.0,136.66666666666652,152.0,148.0775,126.80833333333334,114.0875
2004,Акмолинская область,Подсолнечник,,1323.99,130.0,stat_gov_kz_real,Sunflower seed,156.88168008749,144.44395972875,98.988547595,111.80347966666666,679.4158333333334,684.0833333333334,618.2258333333333,499.2808333333333,204.74375,174.91458333333333,289.07454905538305,0.0011998382443893,-0.0076172471544596,0.2808802651935478,0.2762938615438061,19002265.512737133,15.923333333333332,36.58166666666667,232.74,580.3665,1.0423529411764707,34.688235294117646,26.17058823529412,4.888235294117647,7.0,41.75294117647059,32.076470588235296,61.26470588235294,300.0,120.0,130.0,183.33333333333317,192.0,146.1431,148.0775,126.80833333333334
2005,Акмолинская область,Подсолнечник,,2455.38,350.0,stat_gov_kz_real,Sunflower seed,152.35059374973665,135.7200173296875,95.07712917583336,98.67179116666668,675.1541666666667,677.3333333333334,544.5933333333334,450.5641666666667,226.7854166666667,217.35208333333333,288.63480005223363,0.00138358833721,-0.0066087520492265,0.3026042133442991,0.2958003679733106,18880213.670109417,15.485,42.385,201.98833333333332,576.2168333333333,1.0423529411764707,34.688235294117646,26.17058823529412,4.888235294117647,7.0,41.75294117647059,32.076470588235296,61.26470588235294,130.0,300.0,120.0,183.33333333333317,168.0,156.88168008749,146.1431,148.0775
2006,Акмолинская область,Подсолнечник,,2465.1000000000004,300.0,stat_gov_kz_real,Sunflower seed,192.04335668599836,158.96785216265667,116.615095175,121.85101775,791.0241666666667,658.0,599.335,508.2991666666667,229.8715277777775,222.1388888888892,288.6804138491329,0.0012553620483014,-0.0073385665572734,0.2822957045860962,0.2735768737728408,18433279.43179878,15.53,38.21666666666667,224.13333333333333,563.055,1.0423529411764707,34.688235294117646,26.17058823529412,4.888235294117647,7.0,41.75294117647059,32.076470588235296,61.26470588235294,350.0,130.0,300.0,259.99999999999983,206.0,152.35059374973665,156.88168008749,146.1431
2007,Акмолинская область,Подсолнечник,,1799.18,330.0,stat_gov_kz_real,Sunflower seed,255.20611049679837,238.587672411,172.38121729166664,163.66491446666666,964.2283333333334,1021.9166666666666,886.0566666666667,816.6866666666666,391.9625,307.1076388888892,288.97993119027745,0.0013226882401481,-0.0070575025253719,0.2951412214379525,0.2897669664420045,18859377.31730798,15.831666666666663,40.45,215.6083333333333,575.8951666666667,1.0423529411764707,34.688235294117646,26.17058823529412,4.888235294117647,7.0,41.75294117647059,32.076470588235296,61.26470588235294,300.0,350.0,130.0,259.99999999999983,240.0,192.04335668599836,152.35059374973665,156.88168008749
2008,Акмолинская область,Подсолнечник,,4457.32,350.0,stat_gov_kz_real,Sunflower seed,326.03004623959333,271.5203279291592,200.51552770252167,223.1168277333333,1326.0408333333332,1498.9166666666667,1260.8108333333332,1042.9233333333334,861.61875,514.9791666666666,289.14735601844075,0.001124581778192,-0.0075998415840403,0.2717217600600177,0.2635936070116423,19265657.920354065,15.998333333333337,34.31666666666667,232.25,588.3445,1.0423529411764707,34.688235294117646,26.17058823529412,4.888235294117647,7.0,41.75294117647059,32.076470588235296,61.26470588235294,330.0,300.0,350.0,326.6666666666665,282.0,255.20611049679837,192.04335668599836,152.35059374973665
2009,Акмолинская область,Подсолнечник,,6566.900000000001,310.0,stat_gov_kz_real,Sunflower seed,224.06988173743412,185.953589925,128.32218617003,165.50963333333334,871.9008333333333,854.6666666666666,853.065,741.1458333333334,288.46875,251.07916666666665,287.99329217310293,0.0014169050242113,-0.00700104032969,0.2976502864019232,0.2869529529234354,18624079.69238663,14.843333333333334,43.41666666666666,213.87166666666667,568.6421666666666,1.0423529411764707,34.688235294117646,26.17058823529412,4.888235294117647,7.0,41.75294117647059,32.076470588235296,61.26470588235294,350.0,330.0,300.0,326.6666666666665,292.0,326.03004623959333,255.20611049679837,192.04335668599836
2010,Акмолинская область,Подсолнечник,,9464.07,200.0,stat_gov_kz_real,Sunflower seed,223.5821054048625,229.67709914285751,158.38666512309334,185.9142083333333,1011.6566666666666,1074.3333333333333,1000.8558333333334,933.0233333333332,456.4270833333333,288.90416666666664,289.39487594539145,0.0007173384998622,-0.0081476156826346,0.2556810146852953,0.2575253695138664,20296956.47357266,16.245,21.953333333333333,248.86166666666668,619.5306666666667,1.0423529411764707,34.688235294117646,26.17058823529412,4.888235294117647,7.0,41.75294117647059,32.076470588235296,61.26470588235294,310.0,350.0,330.0,329.99999999999983,328.0,224.06988173743412,326.03004623959333,255.20611049679837
2011,Акмолинская область,Подсолнечник,,23646.04,320.0,stat_gov_kz_real,Sunflower seed,316.2641325585392,285.9133463029892,207.1969187051708,291.68407333333334,1362.82,1597.7091666666663,1297.66,1193.37,516.2875,398.92291666666665,288.9216230569704,0.0014601070203489,-0.0070899073681482,0.2909694036095574,0.2833584905739212,18794073.85085056,15.773333333333332,44.56666666666666,216.66333333333333,573.933,1.0423529411764707,34.688235294117646,26.17058823529412,4.888235294117647,7.0,41.75294117647059,32.076470588235296,61.26470588235294,200.0,310.0,350.0,286.6666666666665,298.0,223.5821054048625,224.06988173743412,326.03004623959333
2012,Акмолинская область,Подсолнечник,,18449.620000000003,442.13,stat_gov_kz_real,Sunflower seed,313.2422696110684,295.3661879274459,240.28063808774667,298.41696413768085,1237.7083333333333,1447.6450000000002,1225.6025,1043.3975,480.23819444444416,398.6006944444442,290.93738155470345,0.0010507578964652,-0.0080993232349013,0.2612914912837039,0.2573745081478069,19641224.144156728,17.788333333333334,32.123333333333335,247.46833333333333,599.8488333333333,1.0423529411764707,34.688235294117646,26.17058823529412,4.888235294117647,7.0,41.75294117647059,32.076470588235296,61.26470588235294,320.0,200.0,310.0,276.6666666666665,302.0,316.2641325585392,223.5821054048625,224.06988173743412
2013,Акмолинская область,Подсолнечник,,22512.85,424.98,stat_gov_kz_real,Sunflower seed,312.2478668979183,276.733461739185,203.00875833333248,259.38922323787915,1084.2666666666669,1155.4075,1055.3933333333332,870.7258333333333,410.97291666666666,339.6145833333333,288.2797983402536,0.0016535991296397,-0.0068201682835203,0.3102898914991443,0.3057897520317299,18460322.17355969,15.13,50.803333333333335,208.11,563.3321666666667,1.0423529411764707,34.688235294117646,26.17058823529412,4.888235294117647,7.0,41.75294117647059,32.076470588235296,61.26470588235294,442.13,320.0,200.0,320.70999999999987,324.42600000000004,313.2422696110684,316.2641325585392,223.5821054048625
2014,Акмолинская область,Подсолнечник,,17922.98,340.0,stat_gov_kz_real,Sunflower seed,284.8859214,245.21163752025,145.90297638888916,192.8812195333333,911.6633333333334,920.2958333333332,905.9691666666666,837.4691666666666,429.5864583333334,308.4375,288.377987821669,0.0011481597550606,-0.0075099680184316,0.2770251277388499,0.2742088987656154,19137151.863283142,15.228333333333332,35.160000000000004,229.425,584.1971666666667,1.0423529411764707,34.688235294117646,26.17058823529412,4.888235294117647,7.0,41.75294117647059,32.076470588235296,61.26470588235294,424.98,442.13,320.0,395.7033333333332,339.422,312.2478668979183,313.2422696110684,316.2641325585392
2015,Акмолинская область,Подсолнечник,,14472.760000000002,520.0,stat_gov_kz_real,Sunflower seed,204.449128614,206.37664030275,121.33064930555668,169.75022306666668,784.6475,888.4775,755.6325,663.3908333333333,416.62395833333335,277.9375,288.68033360979234,0.00132469694655,-0.0071580944485533,0.2993542451750579,0.2902930132679188,18980036.87247777,15.53,40.525,218.8066666666667,579.2955000000001,1.0423529411764707,34.688235294117646,26.17058823529412,4.888235294117647,7.0,41.75294117647059,32.076470588235296,61.26470588235294,340.0,424.98,442.13,402.3699999999999,345.422,284.8859214,312.2478668979183,313.2422696110684
2016,Акмолинская область,Подсолнечник,,25505.2,850.0,stat_gov_kz_real,Sunflower seed,166.63254345,176.30378359124998,103.91568229166752,159.1608872,827.7416666666667,867.3208333333333,814.9941666666667,735.7033333333334,315.81354166666665,194.1291666666667,289.3174390902713,0.0014573630123714,-0.0069543573753669,0.294249706853587,0.2916540603179201,18756816.40351812,16.166666666666668,44.406666666666666,212.52,573.0355,1.0423529411764707,34.688235294117646,26.17058823529412,4.888235294117647,7.0,41.75294117647059,32.076470588235296,61.26470588235294,520.0,340.0,424.98,428.32666666666654,409.422,204.449128614,284.8859214,312.2478668979183
2017,Акмолинская область,Подсолнечник,,53700.5,960.0,stat_gov_kz_real,Sunflower seed,174.195615525,178.18260991725,97.63863923611082,154.53153846666666,879.8158333333334,817.8850000000001,850.3966666666666,750.8133333333334,323.02708333333334,213.875,288.9705927351684,0.0011114836197021,-0.0075440171387582,0.2825224864271158,0.2781774573929977,19382244.038613398,15.821666666666667,33.946666666666665,230.57,591.9103333333334,1.0423529411764707,34.688235294117646,26.17058823529412,4.888235294117647,7.0,41.75294117647059,32.076470588235296,61.26470588235294,850.0,520.0,340.0,569.9999999999999,515.422,166.63254345,204.449128614,284.8859214
2018,Акмолинская область,Подсолнечник,,19808.84,681.29,stat_gov_kz_real,Sunflower seed,209.9288346,203.89093102725,125.88533298611252,164.4145468,830.0308333333332,765.4966666666666,789.1175,638.6558333333334,393.425,249.4495833333333,287.5128957712755,0.0014503846345327,-0.0069442679131643,0.3086804201389621,0.3001793099058934,18310602.204555143,14.363333333333337,44.34,212.23666666666668,559.1358333333334,1.0423529411764707,34.688235294117646,26.17058823529412,4.888235294117647,7.0,41.75294117647059,32.076470588235296,61.26470588235294,960.0,850.0,520.0,776.6666666666665,618.996,174.195615525,166.63254345,204.449128614
2019,Акмолинская область,Подсолнечник,,18548.59,723.58,stat_gov_kz_real,Sunflower seed,201.692128575,211.27579630275,128.06698819444333,170.07008806666667,857.1866666666666,741.1033333333334,765.44,601.3666666666667,306.355,245.28166666666667,288.51084568493604,0.0011711310170603,-0.0076537846395652,0.2814676492717734,0.2726801280476322,19254150.837210964,15.361666666666666,35.598333333333336,234.22166666666664,588.3721666666667,1.0423529411764707,34.688235294117646,26.17058823529412,4.888235294117647,7.0,41.75294117647059,32.076470588235296,61.26470588235294,681.29,960.0,850.0,830.4299999999998,670.258,209.9288346,174.195615525,166.63254345
2020,Акмолинская область,Подсолнечник,,18896.9,890.0,stat_gov_kz_real,Sunflower seed,231.56548795,227.73879764625,97.60036458333,165.46600046666666,906.4321537216824,880.988337850045,837.75632231405,751.7661576212475,312.4241666666667,229.10083333333333,289.9538020794767,0.0012597873466308,-0.0080705725732581,0.276060137702878,0.2732565470740767,19376478.22856872,16.80333333333333,38.461666666666666,246.525,591.8266666666667,1.0423529411764707,34.688235294117646,26.17058823529412,4.888235294117647,7.0,41.75294117647059,32.076470588235296,61.26470588235294,723.58,681.29,960.0,788.2899999999998,746.9739999999999,201.692128575,209.9288346,174.195615525
2021,Акмолинская область,Подсолнечник,,25552.39,620.0,stat_gov_kz_real,Sunflower seed,315.2375,281.6606065851818,,259.54567977893333,1502.3308333333334,1404.0939758355908,1385.4066666666668,1130.5766666666666,600.9633333333333,483.2075,289.6146452650336,0.0008681891764509,-0.0080879491835072,0.2622693385039119,0.2612102771864736,20071941.32876677,16.463333333333335,26.516666666666666,247.2783333333333,612.924,1.0423529411764707,34.688235294117646,26.17058823529412,4.888235294117647,7.0,41.75294117647059,32.076470588235296,61.26470588235294,890.0,723.58,681.29,764.9566666666665,820.9739999999999,231.56548795,201.692128575,209.9288346
2022,Акмолинская область,Подсолнечник,,51581.8,1000.0,stat_gov_kz_real,Sunflower seed,429.9716666666666,381.91843016614285,,318.80665693333333,1756.7299999999998,1650.8083333333334,1666.7975,1275.9916666666666,772.1583333333333,700.015,289.6616435210072,0.0008509126076215,-0.0075598182709188,0.2621602812110037,0.2593293952638909,18879427.97251497,16.513333333333332,26.05666666666667,231.15833333333333,576.7293333333333,1.0423529411764707,34.688235294117646,26.17058823529412,4.888235294117647,7.0,41.75294117647059,32.076470588235296,61.26470588235294,620.0,890.0,723.58,744.5266666666665,774.9739999999999,315.2375,231.56548795,201.692128575
2023,Акмолинская область,Подсолнечник,,44538.34,780.0,stat_gov_kz_real,Sunflower seed,340.43,257.74181354863634,,252.65528515370417,1065.1408333333334,1006.6991666666668,1118.5016666666668,886.4533333333334,550.0483333333333,358.0016666666667,289.5236512078174,0.0006467397379246,-0.0049289491679192,0.2764382283662994,0.2713328395400161,14115470.12282928,16.371666666666666,19.70833333333333,150.73166666666663,431.0991666666666,1.0423529411764707,34.688235294117646,26.17058823529412,4.888235294117647,7.0,41.75294117647059,32.076470588235296,61.26470588235294,1000.0,620.0,890.0,836.6666666666665,782.9739999999999,429.9716666666666,315.2375,231.56548795
2024,Акмолинская область,Подсолнечник,,124104.66000000002,1370.0,stat_gov_kz_real,Sunflower seed,268.67333333333335,230.878850445,,190.60477617365,1089.3890968508615,1059.975,1021.9542980012442,963.3648258333332,563.665,338.26916666666665,288.4316707721188,0.0017295213958452,-0.0063265907659187,0.3265275888726496,0.3238014278789007,18253534.260363985,15.281666666666666,53.045,193.145,556.975,1.0423529411764707,34.688235294117646,26.17058823529412,4.888235294117647,7.0,41.75294117647059,32.076470588235296,61.26470588235294,780.0,1000.0,620.0,799.9999999999999,802.716,340.43,429.9716666666666,315.2375
2025,Акмолинская область,Подсолнечник,,188503.33,1390.0,stat_gov_kz_real,Sunflower seed,243.3325,219.61538460375,,203.19753726864084,1226.4814225569482,1262.8893305316649,1139.8729249670616,1006.980403811544,685.2199999999999,422.655,289.98509614754914,0.0015127205551172,-0.0071545833416474,0.298025870138938,0.2882290239919902,18515193.90122865,16.834999999999997,46.18666666666667,218.515,565.388,1.0423529411764707,34.688235294117646,26.17058823529412,4.888235294117647,7.0,41.75294117647059,32.076470588235296,61.26470588235294,1370.0,780.0,1000.0,1049.9999999999998,932.0,268.67333333333335,340.43,429.9716666666666
1991,Акмолинская область,Пшеница,,1971900.0,770.0,stat_gov_kz_real,Wheat,128.665,126.11333333333332,78.28666666666668,107.42,,,453.8333333333333,339.0,158.25,138.39583333333334,289.4228781082117,0.0009343776565692,-0.0076138023959919,0.2749421243708697,0.2726190423136933,19517949.456947003,16.271666666666665,28.62833333333333,232.5883333333333,595.8688333333333,1.0423529411764707,34.688235294117646,26.17058823529412,4.888235294117647,7.0,41.75294117647059,32.076470588235296,61.26470588235294,,,,,,,,
1992,Акмолинская область,Пшеница,,5105500.0,1770.0,stat_gov_kz_real,Wheat,151.20000000000002,145.14166666666668,78.675,104.24583333333334,,,428.9166666666667,393.5,137.87291666666667,117.60416666666669,286.1462164733199,0.001587081570155,-0.0058962070838926,0.3238320989497196,0.314460981720859,17518385.362479795,12.996666666666668,48.571666666666665,180.23666666666668,534.7633333333333,1.0423529411764707,34.688235294117646,26.17058823529412,4.888235294117647,7.0,41.75294117647059,32.076470588235296,61.26470588235294,770.0,,,,,128.665,,
1993,Акмолинская область,Пшеница,,2779299.9999999995,970.0,stat_gov_kz_real,Wheat,140.23833333333334,134.77416666666667,71.37666666666667,102.09,,,480.4166666666667,377.75,121.99583333333334,85.54166666666667,286.5032254438799,0.0018242492716733,-0.0059341347768195,0.3412156334801042,0.3334294545721231,17802869.81034017,13.353333333333332,55.67666666666667,181.505,543.7543333333333,1.0423529411764707,34.688235294117646,26.17058823529412,4.888235294117647,7.0,41.75294117647059,32.076470588235296,61.26470588235294,1770.0,770.0,,,,151.20000000000002,128.665,
1994,Акмолинская область,Пшеница,,1852400.0,590.0,stat_gov_kz_real,Wheat,149.72916666666666,138.555,72.64833333333333,107.55,,,615.5833333333334,528.4166666666666,160.42430555555583,93.88541666666669,287.6453967794925,0.0015026814775752,-0.0064281213580353,0.3179925579238541,0.311833527420417,17951582.47125991,14.495,46.09666666666667,196.15,547.679,1.0423529411764707,34.688235294117646,26.17058823529412,4.888235294117647,7.0,41.75294117647059,32.076470588235296,61.26470588235294,970.0,1770.0,770.0,1169.9999999999998,,140.23833333333334,151.20000000000002,128.665
1995,Акмолинская область,Пшеница,,1841800.0,600.0,stat_gov_kz_real,Wheat,176.9825,167.35833333333335,104.01083333333334,123.4875,,,625.0833333333334,628.25,199.7722222222225,126.8625,289.27058141143675,0.0011469081810659,-0.0075251830486656,0.2788567650788104,0.2701835153868188,19088493.658715498,16.12,35.15333333333333,229.86333333333332,582.5523333333334,1.0423529411764707,34.688235294117646,26.17058823529412,4.888235294117647,7.0,41.75294117647059,32.076470588235296,61.26470588235294,590.0,970.0,1770.0,1109.9999999999998,,149.72916666666666,140.23833333333334,151.20000000000002
1996,Акмолинская область,Пшеница,,2022400.0,710.0,stat_gov_kz_real,Wheat,207.6,187.41916666666668,119.66583333333334,165.80916666666667,,,551.5,530.9166666666666,198.10416666666663,153.69166666666666,286.9755233079305,0.0014654919002979,-0.0063641143936894,0.3104159130843208,0.2973663011090053,18178095.137549862,13.823333333333332,44.76499999999999,194.47833333333327,555.0428333333333,1.0423529411764707,34.688235294117646,26.17058823529412,4.888235294117647,7.0,41.75294117647059,32.076470588235296,61.26470588235294,600.0,590.0,970.0,719.9999999999999,940.0,176.9825,149.72916666666666,140.23833333333334
1997,Акмолинская область,Пшеница,,1675300.0,560.0,stat_gov_kz_real,Wheat,159.48416666666665,143.64833333333334,97.23833333333332,117.09166666666664,,,564.75,545.8333333333334,186.98958333333331,117.49375,289.0044009928392,0.0009752120048686,-0.0075847002625326,0.2766567016032366,0.2732509295749538,18893177.6412589,15.853333333333332,29.92333333333333,231.53166666666667,576.4536666666667,1.0423529411764707,34.688235294117646,26.17058823529412,4.888235294117647,7.0,41.75294117647059,32.076470588235296,61.26470588235294,710.0,600.0,590.0,633.3333333333331,928.0,207.6,176.9825,149.72916666666666
1998,Акмолинская область,Пшеница,,903700.0,360.0,stat_gov_kz_real,Wheat,126.12666666666668,111.515,85.05333333333333,101.98666666666666,,,625.9166666666666,671.0833333333334,186.86319444444416,83.21666666666667,288.83009798572283,0.0010475480592592,-0.0076466506391867,0.2799554650461078,0.2718331940725227,19291600.86951696,15.678333333333336,31.91,233.9033333333333,589.2715,1.0423529411764707,34.688235294117646,26.17058823529412,4.888235294117647,7.0,41.75294117647059,32.076470588235296,61.26470588235294,560.0,710.0,600.0,623.3333333333331,686.0,159.48416666666665,207.6,176.9825
1999,Акмолинская область,Пшеница,2358.7,3013399.9999999995,1300.0,stat_gov_kz_real,Wheat,112.0425,96.27833333333332,75.93833333333333,90.21666666666664,,,426.4683333333333,436.0,171.1,65.94236111111083,287.91882916991966,0.0015261135695581,-0.0068473304165252,0.3049673180623376,0.2960342309769855,18512508.022182222,14.768333333333333,46.571666666666665,209.4766666666667,565.4951666666667,1.0423529411764707,34.688235294117646,26.17058823529412,4.888235294117647,7.0,41.75294117647059,32.076470588235296,61.26470588235294,360.0,560.0,710.0,543.3333333333331,564.0,126.12666666666668,159.48416666666665,207.6
2000,Акмолинская область,Пшеница,2776.6,2119200.0,760.0,stat_gov_kz_real,Wheat,114.0875,98.91416666666667,77.23416666666667,88.53416666666668,,,338.14000000000004,310.25,147.66875000000002,100.92291666666668,288.3580851055727,0.0015042011602884,-0.0069634538916046,0.3043780031375253,0.2939117146096706,18417993.28256339,15.21,45.97666666666667,212.6483333333333,562.1255,1.0423529411764707,34.688235294117646,26.17058823529412,4.888235294117647,7.0,41.75294117647059,32.076470588235296,61.26470588235294,1300.0,360.0,560.0,739.9999999999999,706.0,112.0425,126.12666666666668,159.48416666666665
2001,Акмолинская область,Пшеница,2862.8,3071609.4000000004,1080.0,stat_gov_kz_real,Wheat,126.80833333333334,107.72416666666668,93.93666666666668,89.64083333333333,,,353.235,287.4583333333333,143.5097222222225,96.4534722222225,288.07892200888824,0.0015830853355426,-0.0068109448065982,0.3112561284516307,0.3008343275631232,18564968.265211128,14.926666666666668,48.35,208.145,566.87,1.0423529411764707,34.688235294117646,26.17058823529412,4.888235294117647,7.0,41.75294117647059,32.076470588235296,61.26470588235294,760.0,1300.0,360.0,806.6666666666665,738.0,114.0875,112.0425,126.12666666666668
2002,Акмолинская область,Пшеница,3158.0,2750100.000000001,869.9999999999999,stat_gov_kz_real,Wheat,148.0775,129.9575,108.9675,99.27083333333331,489.8372727272727,577.6666666666666,461.71,410.895,152.19375,94.41875,287.2380545380849,0.0014021943687058,-0.0065191763578387,0.3134138039888539,0.3091917425550065,18535725.229287133,14.088333333333331,42.803333333333335,199.22166666666664,566.0241666666667,1.0423529411764707,34.688235294117646,26.17058823529412,4.888235294117647,7.0,41.75294117647059,32.076470588235296,61.26470588235294,1080.0,760.0,1300.0,1046.6666666666665,812.0,126.80833333333334,114.0875,112.0425
2003,Акмолинская область,Пшеница,2987.9,2680099.9999999995,900.0,stat_gov_kz_real,Wheat,146.1431,138.57684166666667,104.74049416666666,105.37007583333332,593.5833333333334,593.3333333333334,558.585,476.7033333333334,171.665625,138.18541666666667,288.397750949084,0.0014391817896859,-0.0065342163837604,0.3103937068692785,0.3012298001622107,18470052.648770448,15.246666666666668,43.98666666666667,199.61,563.7671666666666,1.0423529411764707,34.688235294117646,26.17058823529412,4.888235294117647,7.0,41.75294117647059,32.076470588235296,61.26470588235294,869.9999999999999,1080.0,760.0,903.3333333333331,874.0,148.0775,126.80833333333334,114.0875
2004,Акмолинская область,Пшеница,3192227.0,2215348.2,710.0,stat_gov_kz_real,Wheat,156.88168008749,144.44395972875,98.988547595,111.80347966666666,679.4158333333334,684.0833333333334,618.2258333333333,499.2808333333333,204.74375,174.91458333333333,289.07454905538305,0.0011998382443893,-0.0076172471544596,0.2808802651935478,0.2762938615438061,19002265.512737133,15.923333333333332,36.58166666666667,232.74,580.3665,1.0423529411764707,34.688235294117646,26.17058823529412,4.888235294117647,7.0,41.75294117647059,32.076470588235296,61.26470588235294,900.0,869.9999999999999,1080.0,949.9999999999999,982.0,146.1431,148.0775,126.80833333333334
2005,Акмолинская область,Пшеница,3262823.0,2621909.4000000004,830.0000000000001,stat_gov_kz_real,Wheat,152.35059374973665,135.7200173296875,95.07712917583336,98.67179116666668,675.1541666666667,677.3333333333334,544.5933333333334,450.5641666666667,226.7854166666667,217.35208333333333,288.63480005223363,0.00138358833721,-0.0066087520492265,0.3026042133442991,0.2958003679733106,18880213.670109417,15.485,42.385,201.98833333333332,576.2168333333333,1.0423529411764707,34.688235294117646,26.17058823529412,4.888235294117647,7.0,41.75294117647059,32.076470588235296,61.26470588235294,710.0,900.0,869.9999999999999,826.6666666666665,864.0,156.88168008749,146.1431,148.0775
2006,Акмолинская область,Пшеница,3320589.0,3060113.4600000004,950.0,stat_gov_kz_real,Wheat,192.04335668599836,158.96785216265667,116.615095175,121.85101775,791.0241666666667,658.0,599.335,508.2991666666667,229.8715277777775,222.1388888888892,288.6804138491329,0.0012553620483014,-0.0073385665572734,0.2822957045860962,0.2735768737728408,18433279.43179878,15.53,38.21666666666667,224.13333333333333,563.055,1.0423529411764707,34.688235294117646,26.17058823529412,4.888235294117647,7.0,41.75294117647059,32.076470588235296,61.26470588235294,830.0000000000001,710.0,900.0,813.3333333333331,878.0,152.35059374973665,156.88168008749,146.1431
2007,Акмолинская область,Пшеница,3487311.0,3942025.310000001,1140.0,stat_gov_kz_real,Wheat,255.20611049679837,238.587672411,172.38121729166664,163.66491446666666,964.2283333333334,1021.9166666666666,886.0566666666667,816.6866666666666,391.9625,307.1076388888892,288.97993119027745,0.0013226882401481,-0.0070575025253719,0.2951412214379525,0.2897669664420045,18859377.31730798,15.831666666666663,40.45,215.6083333333333,575.8951666666667,1.0423529411764707,34.688235294117646,26.17058823529412,4.888235294117647,7.0,41.75294117647059,32.076470588235296,61.26470588235294,950.0,830.0000000000001,710.0,829.9999999999999,852.0,192.04335668599836,152.35059374973665,156.88168008749
2008,Акмолинская область,Пшеница,3664724.6,2620380.95,740.0,stat_gov_kz_real,Wheat,326.03004623959333,271.5203279291592,200.51552770252167,223.1168277333333,1326.0408333333332,1498.9166666666667,1260.8108333333332,1042.9233333333334,861.61875,514.9791666666666,289.14735601844075,0.001124581778192,-0.0075998415840403,0.2717217600600177,0.2635936070116423,19265657.920354065,15.998333333333337,34.31666666666667,232.25,588.3445,1.0423529411764707,34.688235294117646,26.17058823529412,4.888235294117647,7.0,41.75294117647059,32.076470588235296,61.26470588235294,1140.0,950.0,830.0000000000001,973.3333333333331,906.0,255.20611049679837,192.04335668599836,152.35059374973665
2009,Акмолинская область,Пшеница,4074357.4,4413770.5,1090.0,stat_gov_kz_real,Wheat,224.06988173743412,185.953589925,128.32218617003,165.50963333333334,871.9008333333333,854.6666666666666,853.065,741.1458333333334,288.46875,251.07916666666665,287.99329217310293,0.0014169050242113,-0.00700104032969,0.2976502864019232,0.2869529529234354,18624079.69238663,14.843333333333334,43.41666666666666,213.87166666666667,568.6421666666666,1.0423529411764707,34.688235294117646,26.17058823529412,4.888235294117647,7.0,41.75294117647059,32.076470588235296,61.26470588235294,740.0,1140.0,950.0,943.3333333333331,874.0,326.03004623959333,255.20611049679837,192.04335668599836
2010,Акмолинская область,Пшеница,4080365.1,1968791.08,510.0,stat_gov_kz_real,Wheat,223.5821054048625,229.67709914285751,158.38666512309334,185.9142083333333,1011.6566666666666,1074.3333333333333,1000.8558333333334,933.0233333333332,456.4270833333333,288.90416666666664,289.39487594539145,0.0007173384998622,-0.0081476156826346,0.2556810146852953,0.2575253695138664,20296956.47357266,16.245,21.953333333333333,248.86166666666668,619.5306666666667,1.0423529411764707,34.688235294117646,26.17058823529412,4.888235294117647,7.0,41.75294117647059,32.076470588235296,61.26470588235294,1090.0,740.0,1140.0,989.9999999999999,950.0,224.06988173743412,326.03004623959333,255.20611049679837
2011,Акмолинская область,Пшеница,3960405.7,6052081.5,1550.0,stat_gov_kz_real,Wheat,316.2641325585392,285.9133463029892,207.1969187051708,291.68407333333334,1362.82,1597.7091666666663,1297.66,1193.37,516.2875,398.92291666666665,288.9216230569704,0.0014601070203489,-0.0070899073681482,0.2909694036095574,0.2833584905739212,18794073.85085056,15.773333333333332,44.56666666666666,216.66333333333333,573.933,1.0423529411764707,34.688235294117646,26.17058823529412,4.888235294117647,7.0,41.75294117647059,32.076470588235296,61.26470588235294,510.0,1090.0,740.0,779.9999999999999,886.0,223.5821054048625,224.06988173743412,326.03004623959333
2012,Акмолинская область,Пшеница,3935361.4,2552481.67,696.1700000000001,stat_gov_kz_real,Wheat,313.2422696110684,295.3661879274459,240.28063808774667,298.41696413768085,1237.7083333333333,1447.6450000000002,1225.6025,1043.3975,480.23819444444416,398.6006944444442,290.93738155470345,0.0010507578964652,-0.0080993232349013,0.2612914912837039,0.2573745081478069,19641224.144156728,17.788333333333334,32.123333333333335,247.46833333333333,599.8488333333333,1.0423529411764707,34.688235294117646,26.17058823529412,4.888235294117647,7.0,41.75294117647059,32.076470588235296,61.26470588235294,1550.0,510.0,1090.0,1049.9999999999998,1006.0,316.2641325585392,223.5821054048625,224.06988173743412
2013,Акмолинская область,Пшеница,3796225.72,3786784.2,1003.95,stat_gov_kz_real,Wheat,312.2478668979183,276.733461739185,203.00875833333248,259.38922323787915,1084.2666666666669,1155.4075,1055.3933333333332,870.7258333333333,410.97291666666666,339.6145833333333,288.2797983402536,0.0016535991296397,-0.0068201682835203,0.3102898914991443,0.3057897520317299,18460322.17355969,15.13,50.803333333333335,208.11,563.3321666666667,1.0423529411764707,34.688235294117646,26.17058823529412,4.888235294117647,7.0,41.75294117647059,32.076470588235296,61.26470588235294,696.1700000000001,1550.0,510.0,918.7233333333332,917.234,313.2422696110684,316.2641325585392,223.5821054048625
2014,Акмолинская область,Пшеница,3663439.34,3936570.078,1090.0,stat_gov_kz_real,Wheat,284.8859214,245.21163752025,145.90297638888916,192.8812195333333,911.6633333333334,920.2958333333332,905.9691666666666,837.4691666666666,429.5864583333334,308.4375,288.377987821669,0.0011481597550606,-0.0075099680184316,0.2770251277388499,0.2742088987656154,19137151.863283142,15.228333333333332,35.160000000000004,229.425,584.1971666666667,1.0423529411764707,34.688235294117646,26.17058823529412,4.888235294117647,7.0,41.75294117647059,32.076470588235296,61.26470588235294,1003.95,696.1700000000001,1550.0,1083.3733333333332,970.024,312.2478668979183,313.2422696110684,316.2641325585392
2015,Акмолинская область,Пшеница,3660565.4,3872557.496,1080.0,stat_gov_kz_real,Wheat,204.449128614,206.37664030275,121.33064930555668,169.75022306666668,784.6475,888.4775,755.6325,663.3908333333333,416.62395833333335,277.9375,288.68033360979234,0.00132469694655,-0.0071580944485533,0.2993542451750579,0.2902930132679188,18980036.87247777,15.53,40.525,218.8066666666667,579.2955000000001,1.0423529411764707,34.688235294117646,26.17058823529412,4.888235294117647,7.0,41.75294117647059,32.076470588235296,61.26470588235294,1090.0,1003.95,696.1700000000001,930.04,970.024,284.8859214,312.2478668979183,313.2422696110684
2016,Акмолинская область,Пшеница,3855877.33,4261588.8,1110.0,stat_gov_kz_real,Wheat,166.63254345,176.30378359124998,103.91568229166752,159.1608872,827.7416666666667,867.3208333333333,814.9941666666667,735.7033333333334,315.81354166666665,194.1291666666667,289.3174390902713,0.0014573630123714,-0.0069543573753669,0.294249706853587,0.2916540603179201,18756816.40351812,16.166666666666668,44.406666666666666,212.52,573.0355,1.0423529411764707,34.688235294117646,26.17058823529412,4.888235294117647,7.0,41.75294117647059,32.076470588235296,61.26470588235294,1080.0,1090.0,1003.95,1057.9833333333333,1084.024,204.449128614,284.8859214,312.2478668979183
2017,Акмолинская область,Пшеница,3719397.8,4006074.6,1090.0,stat_gov_kz_real,Wheat,174.195615525,178.18260991725,97.63863923611082,154.53153846666666,879.8158333333334,817.8850000000001,850.3966666666666,750.8133333333334,323.02708333333334,213.875,288.9705927351684,0.0011114836197021,-0.0075440171387582,0.2825224864271158,0.2781774573929977,19382244.038613398,15.821666666666667,33.946666666666665,230.57,591.9103333333334,1.0423529411764707,34.688235294117646,26.17058823529412,4.888235294117647,7.0,41.75294117647059,32.076470588235296,61.26470588235294,1110.0,1080.0,1090.0,1093.3333333333333,996.024,166.63254345,204.449128614,284.8859214
2018,Акмолинская область,Пшеница,3598995.3,3994820.01,1111.94,stat_gov_kz_real,Wheat,209.9288346,203.89093102725,125.88533298611252,164.4145468,830.0308333333332,765.4966666666666,789.1175,638.6558333333334,393.425,249.4495833333333,287.5128957712755,0.0014503846345327,-0.0069442679131643,0.3086804201389621,0.3001793099058934,18310602.204555143,14.363333333333337,44.34,212.23666666666668,559.1358333333334,1.0423529411764707,34.688235294117646,26.17058823529412,4.888235294117647,7.0,41.75294117647059,32.076470588235296,61.26470588235294,1090.0,1110.0,1080.0,1093.3333333333333,1074.79,174.195615525,166.63254345,204.449128614
2019,Акмолинская область,Пшеница,3621208.7,3293610.2800000003,919.21,stat_gov_kz_real,Wheat,201.692128575,211.27579630275,128.06698819444333,170.07008806666667,857.1866666666666,741.1033333333334,765.44,601.3666666666667,306.355,245.28166666666667,288.51084568493604,0.0011711310170603,-0.0076537846395652,0.2814676492717734,0.2726801280476322,19254150.837210964,15.361666666666666,35.598333333333336,234.22166666666664,588.3721666666667,1.0423529411764707,34.688235294117646,26.17058823529412,4.888235294117647,7.0,41.75294117647059,32.076470588235296,61.26470588235294,1111.94,1090.0,1110.0,1103.9799999999998,1096.3880000000001,209.9288346,174.195615525,166.63254345
2020,Акмолинская область,Пшеница,3703927.23,4127631.41,1130.0,stat_gov_kz_real,Wheat,231.56548795,227.73879764625,97.60036458333,165.46600046666666,906.4321537216824,880.988337850045,837.75632231405,751.7661576212475,312.4241666666667,229.10083333333333,289.9538020794767,0.0012597873466308,-0.0080705725732581,0.276060137702878,0.2732565470740767,19376478.22856872,16.80333333333333,38.461666666666666,246.525,591.8266666666667,1.0423529411764707,34.688235294117646,26.17058823529412,4.888235294117647,7.0,41.75294117647059,32.076470588235296,61.26470588235294,919.21,1111.94,1090.0,1040.3833333333332,1062.23,201.692128575,209.9288346,174.195615525
2021,Акмолинская область,Пшеница,3977882.4,3355029.09,869.9999999999999,stat_gov_kz_real,Wheat,315.2375,281.6606065851818,,259.54567977893333,1502.3308333333334,1404.0939758355908,1385.4066666666668,1130.5766666666666,600.9633333333333,483.2075,289.6146452650336,0.0008681891764509,-0.0080879491835072,0.2622693385039119,0.2612102771864736,20071941.32876677,16.463333333333335,26.516666666666666,247.2783333333333,612.924,1.0423529411764707,34.688235294117646,26.17058823529412,4.888235294117647,7.0,41.75294117647059,32.076470588235296,61.26470588235294,1130.0,919.21,1111.94,1053.7166666666665,1072.23,231.56548795,201.692128575,209.9288346
2022,Акмолинская область,Пшеница,4063703.2,4616325.0,1150.0,stat_gov_kz_real,Wheat,429.9716666666666,381.91843016614285,,318.80665693333333,1756.7299999999998,1650.8083333333334,1666.7975,1275.9916666666666,772.1583333333333,700.015,289.6616435210072,0.0008509126076215,-0.0075598182709188,0.2621602812110037,0.2593293952638909,18879427.97251497,16.513333333333332,26.05666666666667,231.15833333333333,576.7293333333333,1.0423529411764707,34.688235294117646,26.17058823529412,4.888235294117647,7.0,41.75294117647059,32.076470588235296,61.26470588235294,869.9999999999999,1130.0,919.21,973.0699999999998,1024.23,315.2375,231.56548795,201.692128575
2023,Акмолинская область,Пшеница,4224030.7,2765113.04,690.0,stat_gov_kz_real,Wheat,340.43,257.74181354863634,,252.65528515370417,1065.1408333333334,1006.6991666666668,1118.5016666666668,886.4533333333334,550.0483333333333,358.0016666666667,289.5236512078174,0.0006467397379246,-0.0049289491679192,0.2764382283662994,0.2713328395400161,14115470.12282928,16.371666666666666,19.70833333333333,150.73166666666663,431.0991666666666,1.0423529411764707,34.688235294117646,26.17058823529412,4.888235294117647,7.0,41.75294117647059,32.076470588235296,61.26470588235294,1150.0,869.9999999999999,1130.0,1049.9999999999998,1036.23,429.9716666666666,315.2375,231.56548795
2024,Акмолинская область,Пшеница,4005618.05,4847261.170000001,1240.0,stat_gov_kz_real,Wheat,268.67333333333335,230.878850445,,190.60477617365,1089.3890968508615,1059.975,1021.9542980012442,963.3648258333332,563.665,338.26916666666665,288.4316707721188,0.0017295213958452,-0.0063265907659187,0.3265275888726496,0.3238014278789007,18253534.260363985,15.281666666666666,53.045,193.145,556.975,1.0423529411764707,34.688235294117646,26.17058823529412,4.888235294117647,7.0,41.75294117647059,32.076470588235296,61.26470588235294,690.0,1150.0,869.9999999999999,903.3333333333331,951.8419999999999,340.43,429.9716666666666,315.2375
2025,Акмолинская область,Пшеница,3884035.8,5918920.08,1540.0,stat_gov_kz_real,Wheat,243.3325,219.61538460375,,203.19753726864084,1226.4814225569482,1262.8893305316649,1139.8729249670616,1006.980403811544,685.2199999999999,422.655,289.98509614754914,0.0015127205551172,-0.0071545833416474,0.298025870138938,0.2882290239919902,18515193.90122865,16.834999999999997,46.18666666666667,218.515,565.388,1.0423529411764707,34.688235294117646,26.17058823529412,4.888235294117647,7.0,41.75294117647059,32.076470588235296,61.26470588235294,1240.0,690.0,1150.0,1026.6666666666665,1016.0,268.67333333333335,340.43,429.9716666666666
1990,Костанайская область,Ячмень,835199.9999999999,1470300.0,1760.0000000000002,stat_gov_kz_real,Barley,135.5225,129.08916666666667,79.925,109.27583333333332,,,447.3333333333333,289.75,154.67499999999998,115.64583333333331,,,,,,,,,,,1.0423529411764707,34.688235294117646,26.17058823529412,4.888235294117647,7.0,41.75294117647059,32.076470588235296,61.26470588235294,,,,,,,,
1991,Костанайская область,Ячмень,891199.9999999999,331100.0,370.0,stat_gov_kz_real,Barley,128.665,126.11333333333332,78.28666666666668,107.42,,,453.8333333333333,339.0,158.25,138.39583333333334,289.4228781082117,0.0009343776565692,-0.0076138023959919,0.2749421243708697,0.2726190423136933,19517949.456947003,16.271666666666665,28.62833333333333,232.5883333333333,595.8688333333333,1.0423529411764707,34.688235294117646,26.17058823529412,4.888235294117647,7.0,41.75294117647059,32.076470588235296,61.26470588235294,1760.0000000000002,,,,,135.5225,,
1992,Костанайская область,Ячмень,775800.0,1428600.0,1840.0,stat_gov_kz_real,Barley,151.20000000000002,145.14166666666668,78.675,104.24583333333334,,,428.9166666666667,393.5,137.87291666666667,117.60416666666669,286.1462164733199,0.001587081570155,-0.0058962070838926,0.3238320989497196,0.314460981720859,17518385.362479795,12.996666666666668,48.571666666666665,180.23666666666668,534.7633333333333,1.0423529411764707,34.688235294117646,26.17058823529412,4.888235294117647,7.0,41.75294117647059,32.076470588235296,61.26470588235294,370.0,1760.0000000000002,,,,128.665,135.5225,
1993,Костанайская область,Ячмень,1183399.9999999998,1123300.0,950.0,stat_gov_kz_real,Barley,140.23833333333334,134.77416666666667,71.37666666666667,102.09,,,480.4166666666667,377.75,121.99583333333334,85.54166666666667,286.5032254438799,0.0018242492716733,-0.0059341347768195,0.3412156334801042,0.3334294545721231,17802869.81034017,13.353333333333332,55.67666666666667,181.505,543.7543333333333,1.0423529411764707,34.688235294117646,26.17058823529412,4.888235294117647,7.0,41.75294117647059,32.076470588235296,61.26470588235294,1840.0,370.0,1760.0000000000002,1083.3333333333333,,151.20000000000002,128.665,135.5225
1994,Костанайская область,Ячмень,943800.0,1151300.0,1220.0,stat_gov_kz_real,Barley,149.72916666666666,138.555,72.64833333333333,107.55,,,615.5833333333334,528.4166666666666,160.42430555555583,93.88541666666669,287.6453967794925,0.0015026814775752,-0.0064281213580353,0.3179925579238541,0.311833527420417,17951582.47125991,14.495,46.09666666666667,196.15,547.679,1.0423529411764707,34.688235294117646,26.17058823529412,4.888235294117647,7.0,41.75294117647059,32.076470588235296,61.26470588235294,950.0,1840.0,370.0,880.0,,140.23833333333334,151.20000000000002,128.665
1995,Костанайская область,Ячмень,733800.0000000001,257900.0,350.0,stat_gov_kz_real,Barley,176.9825,167.35833333333335,104.01083333333334,123.4875,,,625.0833333333334,628.25,199.7722222222225,126.8625,289.27058141143675,0.0011469081810659,-0.0075251830486656,0.2788567650788104,0.2701835153868188,19088493.658715498,16.12,35.15333333333333,229.86333333333332,582.5523333333334,1.0423529411764707,34.688235294117646,26.17058823529412,4.888235294117647,7.0,41.75294117647059,32.076470588235296,61.26470588235294,1220.0,950.0,1840.0,1050.0,986.0,149.72916666666666,140.23833333333334,151.20000000000002
1996,Костанайская область,Ячмень,546500.0,542000.0,990.0,stat_gov_kz_real,Barley,207.6,187.41916666666668,119.66583333333334,165.80916666666667,,,551.5,530.9166666666666,198.10416666666663,153.69166666666666,286.9755233079305,0.0014654919002979,-0.0063641143936894,0.3104159130843208,0.2973663011090053,18178095.137549862,13.823333333333332,44.76499999999999,194.47833333333327,555.0428333333333,1.0423529411764707,34.688235294117646,26.17058823529412,4.888235294117647,7.0,41.75294117647059,32.076470588235296,61.26470588235294,350.0,1220.0,950.0,700.0,792.0,176.9825,149.72916666666666,140.23833333333334
1997,Костанайская область,Ячмень,565100.0,556100.0,1040.0,stat_gov_kz_real,Barley,159.48416666666665,143.64833333333334,97.23833333333332,117.09166666666664,,,564.75,545.8333333333334,186.98958333333331,117.49375,289.0044009928392,0.0009752120048686,-0.0075847002625326,0.2766567016032366,0.2732509295749538,18893177.6412589,15.853333333333332,29.92333333333333,231.53166666666667,576.4536666666667,1.0423529411764707,34.688235294117646,26.17058823529412,4.888235294117647,7.0,41.75294117647059,32.076470588235296,61.26470588235294,990.0,350.0,1220.0,656.6666666666666,844.0,207.6,176.9825,149.72916666666666
1998,Костанайская область,Ячмень,331800.0,102600.0,390.0,stat_gov_kz_real,Barley,126.12666666666668,111.515,85.05333333333333,101.98666666666666,,,625.9166666666666,671.0833333333334,186.86319444444416,83.21666666666667,288.83009798572283,0.0010475480592592,-0.0076466506391867,0.2799554650461078,0.2718331940725227,19291600.86951696,15.678333333333336,31.91,233.9033333333333,589.2715,1.0423529411764707,34.688235294117646,26.17058823529412,4.888235294117647,7.0,41.75294117647059,32.076470588235296,61.26470588235294,1040.0,990.0,350.0,683.3333333333334,746.0,159.48416666666665,207.6,176.9825
1999,Костанайская область,Ячмень,244800.0,315900.0,1340.0,stat_gov_kz_real,Barley,112.0425,96.27833333333332,75.93833333333333,90.21666666666664,,,426.4683333333333,436.0,171.1,65.94236111111083,287.91882916991966,0.0015261135695581,-0.0068473304165252,0.3049673180623376,0.2960342309769855,18512508.022182222,14.768333333333333,46.571666666666665,209.4766666666667,565.4951666666667,1.0423529411764707,34.688235294117646,26.17058823529412,4.888235294117647,7.0,41.75294117647059,32.076470588235296,61.26470588235294,390.0,1040.0,990.0,676.6666666666666,670.0,126.12666666666668,159.48416666666665,207.6
2000,Костанайская область,Ячмень,220600.0,155200.0,800.0,stat_gov_kz_real,Barley,114.0875,98.91416666666667,77.23416666666667,88.53416666666668,,,338.14000000000004,310.25,147.66875000000002,100.92291666666668,288.3580851055727,0.0015042011602884,-0.0069634538916046,0.3043780031375253,0.2939117146096706,18417993.28256339,15.21,45.97666666666667,212.6483333333333,562.1255,1.0423529411764707,34.688235294117646,26.17058823529412,4.888235294117647,7.0,41.75294117647059,32.076470588235296,61.26470588235294,1340.0,390.0,1040.0,963.3333333333334,792.0,112.0425,126.12666666666668,159.48416666666665
2001,Костанайская область,Ячмень,188600.00000000003,249300.0,1320.0,stat_gov_kz_real,Barley,126.80833333333334,107.72416666666668,93.93666666666668,89.64083333333333,,,353.235,287.4583333333333,143.5097222222225,96.4534722222225,288.07892200888824,0.0015830853355426,-0.0068109448065982,0.3112561284516307,0.3008343275631232,18564968.265211128,14.926666666666668,48.35,208.145,566.87,1.0423529411764707,34.688235294117646,26.17058823529412,4.888235294117647,7.0,41.75294117647059,32.076470588235296,61.26470588235294,800.0,1340.0,390.0,990.0,920.0,114.0875,112.0425,126.12666666666668
2002,Костанайская область,Ячмень,150100.0,162200.0,1090.0,stat_gov_kz_real,Barley,148.0775,129.9575,108.9675,99.27083333333331,489.8372727272727,577.6666666666666,461.71,410.895,152.19375,94.41875,287.2380545380849,0.0014021943687058,-0.0065191763578387,0.3134138039888539,0.3091917425550065,18535725.229287133,14.088333333333331,42.803333333333335,199.22166666666664,566.0241666666667,1.0423529411764707,34.688235294117646,26.17058823529412,4.888235294117647,7.0,41.75294117647059,32.076470588235296,61.26470588235294,1320.0,800.0,1340.0,1250.0,1026.0,126.80833333333334,114.0875,112.0425
2003,Костанайская область,Ячмень,174300.0,199100.0,1140.0,stat_gov_kz_real,Barley,146.1431,138.57684166666667,104.74049416666666,105.37007583333332,593.5833333333334,593.3333333333334,558.585,476.7033333333334,171.665625,138.18541666666667,288.397750949084,0.0014391817896859,-0.0065342163837604,0.3103937068692785,0.3012298001622107,18470052.648770448,15.246666666666668,43.98666666666667,199.61,563.7671666666666,1.0423529411764707,34.688235294117646,26.17058823529412,4.888235294117647,7.0,41.75294117647059,32.076470588235296,61.26470588235294,1090.0,1320.0,800.0,1140.0,1066.0,148.0775,126.80833333333334,114.0875
2004,Костанайская область,Ячмень,174800.0,117410.0,680.0,stat_gov_kz_real,Barley,156.88168008749,144.44395972875,98.988547595,111.80347966666666,679.4158333333334,684.0833333333334,618.2258333333333,499.2808333333333,204.74375,174.91458333333333,289.07454905538305,0.0011998382443893,-0.0076172471544596,0.2808802651935478,0.2762938615438061,19002265.512737133,15.923333333333332,36.58166666666667,232.74,580.3665,1.0423529411764707,34.688235294117646,26.17058823529412,4.888235294117647,7.0,41.75294117647059,32.076470588235296,61.26470588235294,1140.0,1090.0,1320.0,1156.6666666666667,1208.0,146.1431,148.0775,126.80833333333334
2005,Костанайская область,Ячмень,175000.0,197500.0,1140.0,stat_gov_kz_real,Barley,152.35059374973665,135.7200173296875,95.07712917583336,98.67179116666668,675.1541666666667,677.3333333333334,544.5933333333334,450.5641666666667,226.7854166666667,217.35208333333333,288.63480005223363,0.00138358833721,-0.0066087520492265,0.3026042133442991,0.2958003679733106,18880213.670109417,15.485,42.385,201.98833333333332,576.2168333333333,1.0423529411764707,34.688235294117646,26.17058823529412,4.888235294117647,7.0,41.75294117647059,32.076470588235296,61.26470588235294,680.0,1140.0,1090.0,1030.0,1066.0,156.88168008749,146.1431,148.0775
2006,Костанайская область,Ячмень,215800.0,297300.0,1390.0,stat_gov_kz_real,Barley,192.04335668599836,158.96785216265667,116.615095175,121.85101775,791.0241666666667,658.0,599.335,508.2991666666667,229.8715277777775,222.1388888888892,288.6804138491329,0.0012553620483014,-0.0073385665572734,0.2822957045860962,0.2735768737728408,18433279.43179878,15.53,38.21666666666667,224.13333333333333,563.055,1.0423529411764707,34.688235294117646,26.17058823529412,4.888235294117647,7.0,41.75294117647059,32.076470588235296,61.26470588235294,1140.0,680.0,1140.0,983.3333333333334,1062.0,152.35059374973665,156.88168008749,146.1431
2007,Костанайская область,Ячмень,203700.0,335220.0,1660.0000000000002,stat_gov_kz_real,Barley,255.20611049679837,238.587672411,172.38121729166664,163.66491446666666,964.2283333333334,1021.9166666666666,886.0566666666667,816.6866666666666,391.9625,307.1076388888892,288.97993119027745,0.0013226882401481,-0.0070575025253719,0.2951412214379525,0.2897669664420045,18859377.31730798,15.831666666666663,40.45,215.6083333333333,575.8951666666667,1.0423529411764707,34.688235294117646,26.17058823529412,4.888235294117647,7.0,41.75294117647059,32.076470588235296,61.26470588235294,1390.0,1140.0,680.0,1056.6666666666667,1092.0,192.04335668599836,152.35059374973665,156.88168008749
2008,Костанайская область,Ячмень,241000.00000000003,289200.0,1200.0,stat_gov_kz_real,Barley,326.03004623959333,271.5203279291592,200.51552770252167,223.1168277333333,1326.0408333333332,1498.9166666666667,1260.8108333333332,1042.9233333333334,861.61875,514.9791666666666,289.14735601844075,0.001124581778192,-0.0075998415840403,0.2717217600600177,0.2635936070116423,19265657.920354065,15.998333333333337,34.31666666666667,232.25,588.3445,1.0423529411764707,34.688235294117646,26.17058823529412,4.888235294117647,7.0,41.75294117647059,32.076470588235296,61.26470588235294,1660.0000000000002,1390.0,1140.0,1286.6666666666667,1154.0,255.20611049679837,192.04335668599836,152.35059374973665
2009,Костанайская область,Ячмень,181500.00000000003,210400.0,1170.0,stat_gov_kz_real,Barley,224.06988173743412,185.953589925,128.32218617003,165.50963333333334,871.9008333333333,854.6666666666666,853.065,741.1458333333334,288.46875,251.07916666666665,287.99329217310293,0.0014169050242113,-0.00700104032969,0.2976502864019232,0.2869529529234354,18624079.69238663,14.843333333333334,43.41666666666666,213.87166666666667,568.6421666666666,1.0423529411764707,34.688235294117646,26.17058823529412,4.888235294117647,7.0,41.75294117647059,32.076470588235296,61.26470588235294,1200.0,1660.0000000000002,1390.0,1323.3333333333333,1162.0,326.03004623959333,255.20611049679837,192.04335668599836
2010,Костанайская область,Ячмень,155500.0,122400.0,830.0000000000001,stat_gov_kz_real,Barley,223.5821054048625,229.67709914285751,158.38666512309334,185.9142083333333,1011.6566666666666,1074.3333333333333,1000.8558333333334,933.0233333333332,456.4270833333333,288.90416666666664,289.39487594539145,0.0007173384998622,-0.0081476156826346,0.2556810146852953,0.2575253695138664,20296956.47357266,16.245,21.953333333333333,248.86166666666668,619.5306666666667,1.0423529411764707,34.688235294117646,26.17058823529412,4.888235294117647,7.0,41.75294117647059,32.076470588235296,61.26470588235294,1170.0,1200.0,1660.0000000000002,1246.6666666666667,1222.0,224.06988173743412,326.03004623959333,255.20611049679837
2011,Костанайская область,Ячмень,180800.0,386600.0,2138.63,stat_gov_kz_real,Barley,316.2641325585392,285.9133463029892,207.1969187051708,291.68407333333334,1362.82,1597.7091666666663,1297.66,1193.37,516.2875,398.92291666666665,288.9216230569704,0.0014601070203489,-0.0070899073681482,0.2909694036095574,0.2833584905739212,18794073.85085056,15.773333333333332,44.56666666666666,216.66333333333333,573.933,1.0423529411764707,34.688235294117646,26.17058823529412,4.888235294117647,7.0,41.75294117647059,32.076470588235296,61.26470588235294,830.0000000000001,1170.0,1200.0,993.3333333333334,1160.0,223.5821054048625,224.06988173743412,326.03004623959333
2012,Костанайская область,Ячмень,253222.46,139400.0,590.0,stat_gov_kz_real,Barley,313.2422696110684,295.3661879274459,240.28063808774667,298.41696413768085,1237.7083333333333,1447.6450000000002,1225.6025,1043.3975,480.23819444444416,398.6006944444442,290.93738155470345,0.0010507578964652,-0.0080993232349013,0.2612914912837039,0.2573745081478069,19641224.144156728,17.788333333333334,32.123333333333335,247.46833333333333,599.8488333333333,1.0423529411764707,34.688235294117646,26.17058823529412,4.888235294117647,7.0,41.75294117647059,32.076470588235296,61.26470588235294,2138.63,830.0000000000001,1170.0,1220.0,1260.0,316.2641325585392,223.5821054048625,224.06988173743412
2013,Костанайская область,Ячмень,252493.7,306800.0,1220.0,stat_gov_kz_real,Barley,312.2478668979183,276.733461739185,203.00875833333248,259.38922323787915,1084.2666666666669,1155.4075,1055.3933333333332,870.7258333333333,410.97291666666666,339.6145833333333,288.2797983402536,0.0016535991296397,-0.0068201682835203,0.3102898914991443,0.3057897520317299,18460322.17355969,15.13,50.803333333333335,208.11,563.3321666666667,1.0423529411764707,34.688235294117646,26.17058823529412,4.888235294117647,7.0,41.75294117647059,32.076470588235296,61.26470588235294,590.0,2138.63,830.0000000000001,1057.7766666666666,1084.666,313.2422696110684,316.2641325585392,223.5821054048625
2014,Костанайская область,Ячмень,256055.7,282800.0,1140.0,stat_gov_kz_real,Barley,284.8859214,245.21163752025,145.90297638888916,192.8812195333333,911.6633333333334,920.2958333333332,905.9691666666666,837.4691666666666,429.5864583333334,308.4375,288.377987821669,0.0011481597550606,-0.0075099680184316,0.2770251277388499,0.2742088987656154,19137151.863283142,15.228333333333332,35.160000000000004,229.425,584.1971666666667,1.0423529411764707,34.688235294117646,26.17058823529412,4.888235294117647,7.0,41.75294117647059,32.076470588235296,61.26470588235294,1220.0,590.0,2138.63,1134.3133333333333,1046.5880000000002,312.2478668979183,313.2422696110684,316.2641325585392
2015,Костанайская область,Ячмень,316058.9,371100.0,1180.0,stat_gov_kz_real,Barley,204.449128614,206.37664030275,121.33064930555668,169.75022306666668,784.6475,888.4775,755.6325,663.3908333333333,416.62395833333335,277.9375,288.68033360979234,0.00132469694655,-0.0071580944485533,0.2993542451750579,0.2902930132679188,18980036.87247777,15.53,40.525,218.8066666666667,579.2955000000001,1.0423529411764707,34.688235294117646,26.17058823529412,4.888235294117647,7.0,41.75294117647059,32.076470588235296,61.26470588235294,1140.0,1220.0,590.0,853.2733333333334,1023.9639999999999,284.8859214,312.2478668979183,313.2422696110684
2016,Костанайская область,Ячмень,262828.4,388100.0,1480.0,stat_gov_kz_real,Barley,166.63254345,176.30378359124998,103.91568229166752,159.1608872,827.7416666666667,867.3208333333333,814.9941666666667,735.7033333333334,315.81354166666665,194.1291666666667,289.3174390902713,0.0014573630123714,-0.0069543573753669,0.294249706853587,0.2916540603179201,18756816.40351812,16.166666666666668,44.406666666666666,212.52,573.0355,1.0423529411764707,34.688235294117646,26.17058823529412,4.888235294117647,7.0,41.75294117647059,32.076470588235296,61.26470588235294,1180.0,1140.0,1220.0,1027.4166666666667,1105.116,204.449128614,284.8859214,312.2478668979183
2017,Костанайская область,Ячмень,322300.0,468000.0,1470.0,stat_gov_kz_real,Barley,174.195615525,178.18260991725,97.63863923611082,154.53153846666666,879.8158333333334,817.8850000000001,850.3966666666666,750.8133333333334,323.02708333333334,213.875,288.9705927351684,0.0011114836197021,-0.0075440171387582,0.2825224864271158,0.2781774573929977,19382244.038613398,15.821666666666667,33.946666666666665,230.57,591.9103333333334,1.0423529411764707,34.688235294117646,26.17058823529412,4.888235294117647,7.0,41.75294117647059,32.076470588235296,61.26470588235294,1480.0,1180.0,1140.0,1057.1499999999999,948.8779999999999,166.63254345,204.449128614,284.8859214
2018,Костанайская область,Ячмень,422347.7,578800.0,1380.0,stat_gov_kz_real,Barley,209.9288346,203.89093102725,125.88533298611252,164.4145468,830.0308333333332,765.4966666666666,789.1175,638.6558333333334,393.425,249.4495833333333,287.5128957712755,0.0014503846345327,-0.0069442679131643,0.3086804201389621,0.3001793099058934,18310602.204555143,14.363333333333337,44.34,212.23666666666668,559.1358333333334,1.0423529411764707,34.688235294117646,26.17058823529412,4.888235294117647,7.0,41.75294117647059,32.076470588235296,61.26470588235294,1470.0,1480.0,1180.0,1104.8566666666666,1052.212,174.195615525,166.63254345,204.449128614
2019,Костанайская область,Ячмень,528426.2,438900.0,840.0,stat_gov_kz_real,Barley,201.692128575,211.27579630275,128.06698819444333,170.07008806666667,857.1866666666666,741.1033333333334,765.44,601.3666666666667,306.355,245.28166666666667,288.51084568493604,0.0011711310170603,-0.0076537846395652,0.2814676492717734,0.2726801280476322,19254150.837210964,15.361666666666666,35.598333333333336,234.22166666666664,588.3721666666667,1.0423529411764707,34.688235294117646,26.17058823529412,4.888235294117647,7.0,41.75294117647059,32.076470588235296,61.26470588235294,1380.0,1470.0,1480.0,1102.9366666666667,1086.2899999999997,209.9288346,174.195615525,166.63254345
2020,Костанайская область,Ячмень,457952.24,437400.0,970.0,stat_gov_kz_real,Barley,231.56548795,227.73879764625,97.60036458333,165.46600046666666,906.4321537216824,880.988337850045,837.75632231405,751.7661576212475,312.4241666666667,229.10083333333333,289.9538020794767,0.0012597873466308,-0.0080705725732581,0.276060137702878,0.2732565470740767,19376478.22856872,16.80333333333333,38.461666666666666,246.525,591.8266666666667,1.0423529411764707,34.688235294117646,26.17058823529412,4.888235294117647,7.0,41.75294117647059,32.076470588235296,61.26470588235294,840.0,1380.0,1470.0,995.71,1034.34,201.692128575,209.9288346,174.195615525
2021,Костанайская область,Ячмень,302586.87,162400.0,580.0,stat_gov_kz_real,Barley,315.2375,281.6606065851818,,259.54567977893333,1502.3308333333334,1404.0939758355908,1385.4066666666668,1130.5766666666666,600.9633333333333,483.2075,289.6146452650336,0.0008681891764509,-0.0080879491835072,0.2622693385039119,0.2612102771864736,20071941.32876677,16.463333333333335,26.516666666666666,247.2783333333333,612.924,1.0423529411764707,34.688235294117646,26.17058823529412,4.888235294117647,7.0,41.75294117647059,32.076470588235296,61.26470588235294,970.0,840.0,1380.0,959.0433333333334,1011.1879999999999,231.56548795,201.692128575,209.9288346
2022,Костанайская область,Ячмень,281982.21,421800.0,1500.0,stat_gov_kz_real,Barley,429.9716666666666,381.91843016614285,,318.80665693333333,1756.7299999999998,1650.8083333333334,1666.7975,1275.9916666666666,772.1583333333333,700.015,289.6616435210072,0.0008509126076215,-0.0075598182709188,0.2621602812110037,0.2593293952638909,18879427.97251497,16.513333333333332,26.05666666666667,231.15833333333333,576.7293333333333,1.0423529411764707,34.688235294117646,26.17058823529412,4.888235294117647,7.0,41.75294117647059,32.076470588235296,61.26470588235294,580.0,970.0,840.0,822.3766666666667,945.426,315.2375,231.56548795,201.692128575
2023,Костанайская область,Ячмень,383054.8,427100.0,1210.0,stat_gov_kz_real,Barley,340.43,257.74181354863634,,252.65528515370417,1065.1408333333334,1006.6991666666668,1118.5016666666668,886.4533333333334,550.0483333333333,358.0016666666667,289.5236512078174,0.0006467397379246,-0.0049289491679192,0.2764382283662994,0.2713328395400161,14115470.12282928,16.371666666666666,19.70833333333333,150.73166666666663,431.0991666666666,1.0423529411764707,34.688235294117646,26.17058823529412,4.888235294117647,7.0,41.75294117647059,32.076470588235296,61.26470588235294,1500.0,580.0,970.0,1036.6666666666667,993.426,429.9716666666666,315.2375,231.56548795
2024,Костанайская область,Ячмень,378595.6,577900.0,1550.0,stat_gov_kz_real,Barley,268.67333333333335,230.878850445,,190.60477617365,1089.3890968508615,1059.975,1021.9542980012442,963.3648258333332,563.665,338.26916666666665,288.4316707721188,0.0017295213958452,-0.0063265907659187,0.3265275888726496,0.3238014278789007,18253534.260363985,15.281666666666666,53.045,193.145,556.975,1.0423529411764707,34.688235294117646,26.17058823529412,4.888235294117647,7.0,41.75294117647059,32.076470588235296,61.26470588235294,1210.0,1500.0,580.0,1046.6666666666667,977.426,340.43,429.9716666666666,315.2375
2025,Костанайская область,Ячмень,399000.0,596761.3,1550.0,stat_gov_kz_real,Barley,243.3325,219.61538460375,,203.19753726864084,1226.4814225569482,1262.8893305316649,1139.8729249670616,1006.980403811544,685.2199999999999,422.655,289.98509614754914,0.0015127205551172,-0.0071545833416474,0.298025870138938,0.2882290239919902,18515193.90122865,16.834999999999997,46.18666666666667,218.515,565.388,1.0423529411764707,34.688235294117646,26.17058823529412,4.888235294117647,7.0,41.75294117647059,32.076470588235296,61.26470588235294,1550.0,1210.0,1500.0,1240.0,1092.0,268.67333333333335,340.43,429.9716666666666
2010,Костанайская область,Кукуруза,400.0,800.0,1789.9999999999998,stat_gov_kz_real,Maize,223.5821054048625,229.67709914285751,158.38666512309334,185.9142083333333,1011.6566666666666,1074.3333333333333,1000.8558333333334,933.0233333333332,456.4270833333333,288.90416666666664,289.39487594539145,0.0007173384998622,-0.0081476156826346,0.2556810146852953,0.2575253695138664,20296956.47357266,16.245,21.953333333333333,248.86166666666668,619.5306666666667,1.0423529411764707,34.688235294117646,26.17058823529412,4.888235294117647,7.0,41.75294117647059,32.076470588235296,61.26470588235294,,,,,,,,
2013,Костанайская область,Кукуруза,54.0,100.0,1590.0,stat_gov_kz_real,Maize,312.2478668979183,276.733461739185,203.00875833333248,259.38922323787915,1084.2666666666669,1155.4075,1055.3933333333332,870.7258333333333,410.97291666666666,339.6145833333333,288.2797983402536,0.0016535991296397,-0.0068201682835203,0.3102898914991443,0.3057897520317299,18460322.17355969,15.13,50.803333333333335,208.11,563.3321666666667,1.0423529411764707,34.688235294117646,26.17058823529412,4.888235294117647,7.0,41.75294117647059,32.076470588235296,61.26470588235294,1789.9999999999998,,,,,223.5821054048625,,
2014,Костанайская область,Кукуруза,200.1,100.0,380.0,stat_gov_kz_real,Maize,284.8859214,245.21163752025,145.90297638888916,192.8812195333333,911.6633333333334,920.2958333333332,905.9691666666666,837.4691666666666,429.5864583333334,308.4375,288.377987821669,0.0011481597550606,-0.0075099680184316,0.2770251277388499,0.2742088987656154,19137151.863283142,15.228333333333332,35.160000000000004,229.425,584.1971666666667,1.0423529411764707,34.688235294117646,26.17058823529412,4.888235294117647,7.0,41.75294117647059,32.076470588235296,61.26470588235294,1590.0,1789.9999999999998,,,,312.2478668979183,223.5821054048625,
2015,Костанайская область,Кукуруза,1.5,0.0,2200.0,stat_gov_kz_real,Maize,204.449128614,206.37664030275,121.33064930555668,169.75022306666668,784.6475,888.4775,755.6325,663.3908333333333,416.62395833333335,277.9375,288.68033360979234,0.00132469694655,-0.0071580944485533,0.2993542451750579,0.2902930132679188,18980036.87247777,15.53,40.525,218.8066666666667,579.2955000000001,1.0423529411764707,34.688235294117646,26.17058823529412,4.888235294117647,7.0,41.75294117647059,32.076470588235296,61.26470588235294,380.0,1590.0,1789.9999999999998,1323.3333333333333,,284.8859214,312.2478668979183,223.5821054048625
2016,Костанайская область,Кукуруза,11.6,0.0,590.0,stat_gov_kz_real,Maize,166.63254345,176.30378359124998,103.91568229166752,159.1608872,827.7416666666667,867.3208333333333,814.9941666666667,735.7033333333334,315.81354166666665,194.1291666666667,289.3174390902713,0.0014573630123714,-0.0069543573753669,0.294249706853587,0.2916540603179201,18756816.40351812,16.166666666666668,44.406666666666666,212.52,573.0355,1.0423529411764707,34.688235294117646,26.17058823529412,4.888235294117647,7.0,41.75294117647059,32.076470588235296,61.26470588235294,2200.0,380.0,1590.0,1053.3333333333333,,204.449128614,284.8859214,312.2478668979183
2017,Костанайская область,Кукуруза,181.9,200.0,1130.0,stat_gov_kz_real,Maize,174.195615525,178.18260991725,97.63863923611082,154.53153846666666,879.8158333333334,817.8850000000001,850.3966666666666,750.8133333333334,323.02708333333334,213.875,288.9705927351684,0.0011114836197021,-0.0075440171387582,0.2825224864271158,0.2781774573929977,19382244.038613398,15.821666666666667,33.946666666666665,230.57,591.9103333333334,1.0423529411764707,34.688235294117646,26.17058823529412,4.888235294117647,7.0,41.75294117647059,32.076470588235296,61.26470588235294,590.0,2200.0,380.0,1336.6666666666667,1228.0,166.63254345,204.449128614,284.8859214
2018,Костанайская область,Кукуруза,116.3,200.0,1350.0,stat_gov_kz_real,Maize,209.9288346,203.89093102725,125.88533298611252,164.4145468,830.0308333333332,765.4966666666666,789.1175,638.6558333333334,393.425,249.4495833333333,287.5128957712755,0.0014503846345327,-0.0069442679131643,0.3086804201389621,0.3001793099058934,18310602.204555143,14.363333333333337,44.34,212.23666666666668,559.1358333333334,1.0423529411764707,34.688235294117646,26.17058823529412,4.888235294117647,7.0,41.75294117647059,32.076470588235296,61.26470588235294,1130.0,590.0,2200.0,840.0,946.0,174.195615525,166.63254345,204.449128614
2019,Костанайская область,Кукуруза,2.6,0.0,2210.0,stat_gov_kz_real,Maize,201.692128575,211.27579630275,128.06698819444333,170.07008806666667,857.1866666666666,741.1033333333334,765.44,601.3666666666667,306.355,245.28166666666667,288.51084568493604,0.0011711310170603,-0.0076537846395652,0.2814676492717734,0.2726801280476322,19254150.837210964,15.361666666666666,35.598333333333336,234.22166666666664,588.3721666666667,1.0423529411764707,34.688235294117646,26.17058823529412,4.888235294117647,7.0,41.75294117647059,32.076470588235296,61.26470588235294,1350.0,1130.0,590.0,853.3333333333331,1070.0,209.9288346,174.195615525,166.63254345
2020,Костанайская область,Кукуруза,994.3,2000.0,2070.0,stat_gov_kz_real,Maize,231.56548795,227.73879764625,97.60036458333,165.46600046666666,906.4321537216824,880.988337850045,837.75632231405,751.7661576212475,312.4241666666667,229.10083333333333,289.9538020794767,0.0012597873466308,-0.0080705725732581,0.276060137702878,0.2732565470740767,19376478.22856872,16.80333333333333,38.461666666666666,246.525,591.8266666666667,1.0423529411764707,34.688235294117646,26.17058823529412,4.888235294117647,7.0,41.75294117647059,32.076470588235296,61.26470588235294,2210.0,1350.0,1130.0,793.3333333333331,910.0,201.692128575,209.9288346,174.195615525
2021,Костанайская область,Кукуруза,8730.0,11300.0,1290.0,stat_gov_kz_real,Maize,315.2375,281.6606065851818,,259.54567977893333,1502.3308333333334,1404.0939758355908,1385.4066666666668,1130.5766666666666,600.9633333333333,483.2075,289.6146452650336,0.0008681891764509,-0.0080879491835072,0.2622693385039119,0.2612102771864736,20071941.32876677,16.463333333333335,26.516666666666666,247.2783333333333,612.924,1.0423529411764707,34.688235294117646,26.17058823529412,4.888235294117647,7.0,41.75294117647059,32.076470588235296,61.26470588235294,2070.0,2210.0,1350.0,806.6666666666665,798.0,231.56548795,201.692128575,209.9288346
2022,Костанайская область,Кукуруза,11970.0,15000.0,1300.0,stat_gov_kz_real,Maize,429.9716666666666,381.91843016614285,,318.80665693333333,1756.7299999999998,1650.8083333333334,1666.7975,1275.9916666666666,772.1583333333333,700.015,289.6616435210072,0.0008509126076215,-0.0075598182709188,0.2621602812110037,0.2593293952638909,18879427.97251497,16.513333333333332,26.05666666666667,231.15833333333333,576.7293333333333,1.0423529411764707,34.688235294117646,26.17058823529412,4.888235294117647,7.0,41.75294117647059,32.076470588235296,61.26470588235294,1290.0,2070.0,2210.0,923.3333333333331,822.0,315.2375,231.56548795,201.692128575
2023,Костанайская область,Кукуруза,3450.0,4700.0,1370.0,stat_gov_kz_real,Maize,340.43,257.74181354863634,,252.65528515370417,1065.1408333333334,1006.6991666666668,1118.5016666666668,886.4533333333334,550.0483333333333,358.0016666666667,289.5236512078174,0.0006467397379246,-0.0049289491679192,0.2764382283662994,0.2713328395400161,14115470.12282928,16.371666666666666,19.70833333333333,150.73166666666663,431.0991666666666,1.0423529411764707,34.688235294117646,26.17058823529412,4.888235294117647,7.0,41.75294117647059,32.076470588235296,61.26470588235294,1300.0,1290.0,2070.0,843.3333333333331,912.0,429.9716666666666,315.2375,231.56548795
2024,Костанайская область,Кукуруза,860.0,2300.0,2730.0,stat_gov_kz_real,Maize,268.67333333333335,230.878850445,,190.60477617365,1089.3890968508615,1059.975,1021.9542980012442,963.3648258333332,563.665,338.26916666666665,288.4316707721188,0.0017295213958452,-0.0063265907659187,0.3265275888726496,0.3238014278789007,18253534.260363985,15.281666666666666,53.045,193.145,556.975,1.0423529411764707,34.688235294117646,26.17058823529412,4.888235294117647,7.0,41.75294117647059,32.076470588235296,61.26470588235294,1370.0,1300.0,1290.0,1153.3333333333333,978.0,340.43,429.9716666666666,315.2375
2025,Костанайская область,Кукуруза,1160.1,1921.2,1660.0000000000002,stat_gov_kz_real,Maize,243.3325,219.61538460375,,203.19753726864084,1226.4814225569482,1262.8893305316649,1139.8729249670616,1006.980403811544,685.2199999999999,422.655,289.98509614754914,0.0015127205551172,-0.0071545833416474,0.298025870138938,0.2882290239919902,18515193.90122865,16.834999999999997,46.18666666666667,218.515,565.388,1.0423529411764707,34.688235294117646,26.17058823529412,4.888235294117647,7.0,41.75294117647059,32.076470588235296,61.26470588235294,2730.0,1370.0,1300.0,1069.9999999999998,988.0,268.67333333333335,340.43,429.9716666666666
1991,Костанайская область,Подсолнечник,10600.0,1250.0,120.0,stat_gov_kz_real,Sunflower seed,128.665,126.11333333333332,78.28666666666668,107.42,,,453.8333333333333,339.0,158.25,138.39583333333334,289.4228781082117,0.0009343776565692,-0.0076138023959919,0.2749421243708697,0.2726190423136933,19517949.456947003,16.271666666666665,28.62833333333333,232.5883333333333,595.8688333333333,1.0423529411764707,34.688235294117646,26.17058823529412,4.888235294117647,7.0,41.75294117647059,32.076470588235296,61.26470588235294,,,,1183.3333333333333,1138.0,,,
1992,Костанайская область,Подсолнечник,20800.0,2790.0,130.0,stat_gov_kz_real,Sunflower seed,151.20000000000002,145.14166666666668,78.675,104.24583333333334,,,428.9166666666667,393.5,137.87291666666667,117.60416666666669,286.1462164733199,0.001587081570155,-0.0058962070838926,0.3238320989497196,0.314460981720859,17518385.362479795,12.996666666666668,48.571666666666665,180.23666666666668,534.7633333333333,1.0423529411764707,34.688235294117646,26.17058823529412,4.888235294117647,7.0,41.75294117647059,32.076470588235296,61.26470588235294,120.0,,,969.9999999999999,1006.0,128.665,,
1993,Костанайская область,Подсолнечник,10200.0,1590.0,160.0,stat_gov_kz_real,Sunflower seed,140.23833333333334,134.77416666666667,71.37666666666667,102.09,,,480.4166666666667,377.75,121.99583333333334,85.54166666666667,286.5032254438799,0.0018242492716733,-0.0059341347768195,0.3412156334801042,0.3334294545721231,17802869.81034017,13.353333333333332,55.67666666666667,181.505,543.7543333333333,1.0423529411764707,34.688235294117646,26.17058823529412,4.888235294117647,7.0,41.75294117647059,32.076470588235296,61.26470588235294,130.0,120.0,,986.6666666666665,1074.0,151.20000000000002,128.665,
1994,Костанайская область,Подсолнечник,14300.0,1950.0,140.0,stat_gov_kz_real,Sunflower seed,149.72916666666666,138.555,72.64833333333333,107.55,,,615.5833333333334,528.4166666666666,160.42430555555583,93.88541666666669,287.6453967794925,0.0015026814775752,-0.0064281213580353,0.3179925579238541,0.311833527420417,17951582.47125991,14.495,46.09666666666667,196.15,547.679,1.0423529411764707,34.688235294117646,26.17058823529412,4.888235294117647,7.0,41.75294117647059,32.076470588235296,61.26470588235294,160.0,130.0,120.0,1069.9999999999998,1088.0,140.23833333333334,151.20000000000002,128.665
1995,Костанайская область,Подсолнечник,16500.0,2350.0,140.0,stat_gov_kz_real,Sunflower seed,176.9825,167.35833333333335,104.01083333333334,123.4875,,,625.0833333333334,628.25,199.7722222222225,126.8625,289.27058141143675,0.0011469081810659,-0.0075251830486656,0.2788567650788104,0.2701835153868188,19088493.658715498,16.12,35.15333333333333,229.86333333333332,582.5523333333334,1.0423529411764707,34.688235294117646,26.17058823529412,4.888235294117647,7.0,41.75294117647059,32.076470588235296,61.26470588235294,140.0,160.0,130.0,1396.6666666666667,1202.0,149.72916666666666,140.23833333333334,151.20000000000002
1996,Костанайская область,Подсолнечник,23100.0,2170.0,90.0,stat_gov_kz_real,Sunflower seed,207.6,187.41916666666668,119.66583333333334,165.80916666666667,,,551.5,530.9166666666666,198.10416666666663,153.69166666666666,286.9755233079305,0.0014654919002979,-0.0063641143936894,0.3104159130843208,0.2973663011090053,18178095.137549862,13.823333333333332,44.76499999999999,194.47833333333327,555.0428333333333,1.0423529411764707,34.688235294117646,26.17058823529412,4.888235294117647,7.0,41.75294117647059,32.076470588235296,61.26470588235294,140.0,140.0,160.0,1416.6666666666667,1214.0,176.9825,149.72916666666666,140.23833333333334
1997,Костанайская область,Подсолнечник,11600.0,1730.0,160.0,stat_gov_kz_real,Sunflower seed,159.48416666666665,143.64833333333334,97.23833333333332,117.09166666666664,,,564.75,545.8333333333334,186.98958333333331,117.49375,289.0044009928392,0.0009752120048686,-0.0075847002625326,0.2766567016032366,0.2732509295749538,18893177.6412589,15.853333333333332,29.92333333333333,231.53166666666667,576.4536666666667,1.0423529411764707,34.688235294117646,26.17058823529412,4.888235294117647,7.0,41.75294117647059,32.076470588235296,61.26470588235294,90.0,140.0,140.0,1343.3333333333333,1312.0,207.6,176.9825,149.72916666666666
1998,Костанайская область,Подсолнечник,5800.0,310.0,60.0,stat_gov_kz_real,Sunflower seed,126.12666666666668,111.515,85.05333333333333,101.98666666666666,,,625.9166666666666,671.0833333333334,186.86319444444416,83.21666666666667,288.83009798572283,0.0010475480592592,-0.0076466506391867,0.2799554650461078,0.2718331940725227,19291600.86951696,15.678333333333336,31.91,233.9033333333333,589.2715,1.0423529411764707,34.688235294117646,26.17058823529412,4.888235294117647,7.0,41.75294117647059,32.076470588235296,61.26470588235294,160.0,90.0,140.0,1066.6666666666667,1250.0000000000002,159.48416666666665,207.6,176.9825
1999,Костанайская область,Подсолнечник,5800.0,1610.0,270.0,stat_gov_kz_real,Sunflower seed,112.0425,96.27833333333332,75.93833333333333,90.21666666666664,,,426.4683333333333,436.0,171.1,65.94236111111083,287.91882916991966,0.0015261135695581,-0.0068473304165252,0.3049673180623376,0.2960342309769855,18512508.022182222,14.768333333333333,46.571666666666665,209.4766666666667,565.4951666666667,1.0423529411764707,34.688235294117646,26.17058823529412,4.888235294117647,7.0,41.75294117647059,32.076470588235296,61.26470588235294,60.0,160.0,90.0,1379.5433333333333,1399.726,126.12666666666668,159.48416666666665,207.6
2000,Костанайская область,Подсолнечник,14000.0,2060.0,180.0,stat_gov_kz_real,Sunflower seed,114.0875,98.91416666666667,77.23416666666667,88.53416666666668,,,338.14000000000004,310.25,147.66875000000002,100.92291666666668,288.3580851055727,0.0015042011602884,-0.0069634538916046,0.3043780031375253,0.2939117146096706,18417993.28256339,15.21,45.97666666666667,212.6483333333333,562.1255,1.0423529411764707,34.688235294117646,26.17058823529412,4.888235294117647,7.0,41.75294117647059,32.076470588235296,61.26470588235294,270.0,60.0,160.0,1186.21,1185.726,112.0425,126.12666666666668,159.48416666666665
2001,Костанайская область,Подсолнечник,5900.0,1950.0,330.0,stat_gov_kz_real,Sunflower seed,126.80833333333334,107.72416666666668,93.93666666666668,89.64083333333333,,,353.235,287.4583333333333,143.5097222222225,96.4534722222225,288.07892200888824,0.0015830853355426,-0.0068109448065982,0.3112561284516307,0.3008343275631232,18564968.265211128,14.926666666666668,48.35,208.145,566.87,1.0423529411764707,34.688235294117646,26.17058823529412,4.888235294117647,7.0,41.75294117647059,32.076470588235296,61.26470588235294,180.0,270.0,60.0,1316.21,1189.726,114.0875,112.0425,126.12666666666668
2002,Костанайская область,Подсолнечник,5700.0,1710.0000000000002,310.0,stat_gov_kz_real,Sunflower seed,148.0775,129.9575,108.9675,99.27083333333331,489.8372727272727,577.6666666666666,461.71,410.895,152.19375,94.41875,287.2380545380849,0.0014021943687058,-0.0065191763578387,0.3134138039888539,0.3091917425550065,18535725.229287133,14.088333333333331,42.803333333333335,199.22166666666664,566.0241666666667,1.0423529411764707,34.688235294117646,26.17058823529412,4.888235294117647,7.0,41.75294117647059,32.076470588235296,61.26470588235294,330.0,180.0,270.0,983.3333333333334,1183.726,126.80833333333334,114.0875,112.0425
2003,Костанайская область,Подсолнечник,8300.0,4340.0,520.0,stat_gov_kz_real,Sunflower seed,146.1431,138.57684166666667,104.74049416666666,105.37007583333332,593.5833333333334,593.3333333333334,558.585,476.7033333333334,171.665625,138.18541666666667,288.397750949084,0.0014391817896859,-0.0065342163837604,0.3103937068692785,0.3012298001622107,18470052.648770448,15.246666666666668,43.98666666666667,199.61,563.7671666666666,1.0423529411764707,34.688235294117646,26.17058823529412,4.888235294117647,7.0,41.75294117647059,32.076470588235296,61.26470588235294,310.0,330.0,180.0,1180.0,1253.7259999999999,148.0775,126.80833333333334,114.0875
2004,Костанайская область,Подсолнечник,11200.0,1290.0,120.0,stat_gov_kz_real,Sunflower seed,156.88168008749,144.44395972875,98.988547595,111.80347966666666,679.4158333333334,684.0833333333334,618.2258333333333,499.2808333333333,204.74375,174.91458333333333,289.07454905538305,0.0011998382443893,-0.0076172471544596,0.2808802651935478,0.2762938615438061,19002265.512737133,15.923333333333332,36.58166666666667,232.74,580.3665,1.0423529411764707,34.688235294117646,26.17058823529412,4.888235294117647,7.0,41.75294117647059,32.076470588235296,61.26470588235294,520.0,310.0,330.0,1266.6666666666667,1122.0,146.1431,148.0775,126.80833333333334
2005,Костанайская область,Подсолнечник,8600.0,4110.0,480.0,stat_gov_kz_real,Sunflower seed,152.35059374973665,135.7200173296875,95.07712917583336,98.67179116666668,675.1541666666667,677.3333333333334,544.5933333333334,450.5641666666667,226.7854166666667,217.35208333333333,288.63480005223363,0.00138358833721,-0.0066087520492265,0.3026042133442991,0.2958003679733106,18880213.670109417,15.485,42.385,201.98833333333332,576.2168333333333,1.0423529411764707,34.688235294117646,26.17058823529412,4.888235294117647,7.0,41.75294117647059,32.076470588235296,61.26470588235294,120.0,520.0,310.0,1376.6666666666667,1298.0,156.88168008749,146.1431,148.0775
2006,Костанайская область,Подсолнечник,10300.0,1810.0,190.0,stat_gov_kz_real,Sunflower seed,192.04335668599836,158.96785216265667,116.615095175,121.85101775,791.0241666666667,658.0,599.335,508.2991666666667,229.8715277777775,222.1388888888892,288.6804138491329,0.0012553620483014,-0.0073385665572734,0.2822957045860962,0.2735768737728408,18433279.43179878,15.53,38.21666666666667,224.13333333333333,563.055,1.0423529411764707,34.688235294117646,26.17058823529412,4.888235294117647,7.0,41.75294117647059,32.076470588235296,61.26470588235294,480.0,120.0,520.0,1443.3333333333333,1330.0,152.35059374973665,156.88168008749,146.1431
2007,Костанайская область,Подсолнечник,3400.0,2460.0,740.0,stat_gov_kz_real,Sunflower seed,255.20611049679837,238.587672411,172.38121729166664,163.66491446666666,964.2283333333334,1021.9166666666666,886.0566666666667,816.6866666666666,391.9625,307.1076388888892,288.97993119027745,0.0013226882401481,-0.0070575025253719,0.2951412214379525,0.2897669664420045,18859377.31730798,15.831666666666663,40.45,215.6083333333333,575.8951666666667,1.0423529411764707,34.688235294117646,26.17058823529412,4.888235294117647,7.0,41.75294117647059,32.076470588235296,61.26470588235294,190.0,480.0,120.0,1230.0,1270.0,192.04335668599836,152.35059374973665,156.88168008749
2008,Костанайская область,Подсолнечник,4700.0,2500.0,540.0,stat_gov_kz_real,Sunflower seed,326.03004623959333,271.5203279291592,200.51552770252167,223.1168277333333,1326.0408333333332,1498.9166666666667,1260.8108333333332,1042.9233333333334,861.61875,514.9791666666666,289.14735601844075,0.001124581778192,-0.0075998415840403,0.2717217600600177,0.2635936070116423,19265657.920354065,15.998333333333337,34.31666666666667,232.25,588.3445,1.0423529411764707,34.688235294117646,26.17058823529412,4.888235294117647,7.0,41.75294117647059,32.076470588235296,61.26470588235294,740.0,190.0,480.0,1063.3333333333333,1228.0,255.20611049679837,192.04335668599836,152.35059374973665
2009,Костанайская область,Подсолнечник,7700.0,4340.0,560.0,stat_gov_kz_real,Sunflower seed,224.06988173743412,185.953589925,128.32218617003,165.50963333333334,871.9008333333333,854.6666666666666,853.065,741.1458333333334,288.46875,251.07916666666665,287.99329217310293,0.0014169050242113,-0.00700104032969,0.2976502864019232,0.2869529529234354,18624079.69238663,14.843333333333334,43.41666666666666,213.87166666666667,568.6421666666666,1.0423529411764707,34.688235294117646,26.17058823529412,4.888235294117647,7.0,41.75294117647059,32.076470588235296,61.26470588235294,540.0,740.0,190.0,796.6666666666666,1048.0,326.03004623959333,255.20611049679837,192.04335668599836
2010,Костанайская область,Подсолнечник,31000.0,10559.999999999998,380.0,stat_gov_kz_real,Sunflower seed,223.5821054048625,229.67709914285751,158.38666512309334,185.9142083333333,1011.6566666666666,1074.3333333333333,1000.8558333333334,933.0233333333332,456.4270833333333,288.90416666666664,289.39487594539145,0.0007173384998622,-0.0081476156826346,0.2556810146852953,0.2575253695138664,20296956.47357266,16.245,21.953333333333333,248.86166666666668,619.5306666666667,1.0423529411764707,34.688235294117646,26.17058823529412,4.888235294117647,7.0,41.75294117647059,32.076470588235296,61.26470588235294,560.0,540.0,740.0,1016.6666666666666,1054.0,224.06988173743412,326.03004623959333,255.20611049679837
2011,Костанайская область,Подсолнечник,46900.0,30990.0,660.0,stat_gov_kz_real,Sunflower seed,316.2641325585392,285.9133463029892,207.1969187051708,291.68407333333334,1362.82,1597.7091666666663,1297.66,1193.37,516.2875,398.92291666666665,288.9216230569704,0.0014601070203489,-0.0070899073681482,0.2909694036095574,0.2833584905739212,18794073.85085056,15.773333333333332,44.56666666666666,216.66333333333333,573.933,1.0423529411764707,34.688235294117646,26.17058823529412,4.888235294117647,7.0,41.75294117647059,32.076470588235296,61.26470588235294,380.0,560.0,540.0,1096.6666666666667,1020.0,223.5821054048625,224.06988173743412,326.03004623959333
2012,Костанайская область,Подсолнечник,36805.5,14350.0,441.52,stat_gov_kz_real,Sunflower seed,313.2422696110684,295.3661879274459,240.28063808774667,298.41696413768085,1237.7083333333333,1447.6450000000002,1225.6025,1043.3975,480.23819444444416,398.6006944444442,290.93738155470345,0.0010507578964652,-0.0080993232349013,0.2612914912837039,0.2573745081478069,19641224.144156728,17.788333333333334,32.123333333333335,247.46833333333333,599.8488333333333,1.0423529411764707,34.688235294117646,26.17058823529412,4.888235294117647,7.0,41.75294117647059,32.076470588235296,61.26470588235294,660.0,380.0,560.0,1420.0,1162.0,316.2641325585392,223.5821054048625,224.06988173743412
2013,Костанайская область,Подсолнечник,88800.0,65630.0,769.11,stat_gov_kz_real,Sunflower seed,312.2478668979183,276.733461739185,203.00875833333248,259.38922323787915,1084.2666666666669,1155.4075,1055.3933333333332,870.7258333333333,410.97291666666666,339.6145833333333,288.2797983402536,0.0016535991296397,-0.0068201682835203,0.3102898914991443,0.3057897520317299,18460322.17355969,15.13,50.803333333333335,208.11,563.3321666666667,1.0423529411764707,34.688235294117646,26.17058823529412,4.888235294117647,7.0,41.75294117647059,32.076470588235296,61.26470588235294,441.52,660.0,380.0,,,313.2422696110684,316.2641325585392,223.5821054048625
2014,Костанайская область,Подсолнечник,138100.0,91390.0,720.0,stat_gov_kz_real,Sunflower seed,284.8859214,245.21163752025,145.90297638888916,192.8812195333333,911.6633333333334,920.2958333333332,905.9691666666666,837.4691666666666,429.5864583333334,308.4375,288.377987821669,0.0011481597550606,-0.0075099680184316,0.2770251277388499,0.2742088987656154,19137151.863283142,15.228333333333332,35.160000000000004,229.425,584.1971666666667,1.0423529411764707,34.688235294117646,26.17058823529412,4.888235294117647,7.0,41.75294117647059,32.076470588235296,61.26470588235294,769.11,441.52,660.0,,,312.2478668979183,313.2422696110684,316.2641325585392
2015,Костанайская область,Подсолнечник,93700.0,65560.0,722.27,stat_gov_kz_real,Sunflower seed,204.449128614,206.37664030275,121.33064930555668,169.75022306666668,784.6475,888.4775,755.6325,663.3908333333333,416.62395833333335,277.9375,288.68033360979234,0.00132469694655,-0.0071580944485533,0.2993542451750579,0.2902930132679188,18980036.87247777,15.53,40.525,218.8066666666667,579.2955000000001,1.0423529411764707,34.688235294117646,26.17058823529412,4.888235294117647,7.0,41.75294117647059,32.076470588235296,61.26470588235294,720.0,769.11,441.52,,,284.8859214,312.2478668979183,313.2422696110684
2016,Костанайская область,Подсолнечник,79975.91,68127.825,876.4699999999999,stat_gov_kz_real,Sunflower seed,166.63254345,176.30378359124998,103.91568229166752,159.1608872,827.7416666666667,867.3208333333333,814.9941666666667,735.7033333333334,315.81354166666665,194.1291666666667,289.3174390902713,0.0014573630123714,-0.0069543573753669,0.294249706853587,0.2916540603179201,18756816.40351812,16.166666666666668,44.406666666666666,212.52,573.0355,1.0423529411764707,34.688235294117646,26.17058823529412,4.888235294117647,7.0,41.75294117647059,32.076470588235296,61.26470588235294,722.27,720.0,769.11,1253.3333333333333,,204.449128614,284.8859214,312.2478668979183
2017,Костанайская область,Подсолнечник,76300.0,57920.0,790.0,stat_gov_kz_real,Sunflower seed,174.195615525,178.18260991725,97.63863923611082,154.53153846666666,879.8158333333334,817.8850000000001,850.3966666666666,750.8133333333334,323.02708333333334,213.875,288.9705927351684,0.0011114836197021,-0.0075440171387582,0.2825224864271158,0.2781774573929977,19382244.038613398,15.821666666666667,33.946666666666665,230.57,591.9103333333334,1.0423529411764707,34.688235294117646,26.17058823529412,4.888235294117647,7.0,41.75294117647059,32.076470588235296,61.26470588235294,876.4699999999999,722.27,720.0,1390.0,,166.63254345,204.449128614,284.8859214
2018,Костанайская область,Подсолнечник,58800.0,54870.00000000001,932.59,stat_gov_kz_real,Sunflower seed,209.9288346,203.89093102725,125.88533298611252,164.4145468,830.0308333333332,765.4966666666666,789.1175,638.6558333333334,393.425,249.4495833333333,287.5128957712755,0.0014503846345327,-0.0069442679131643,0.3086804201389621,0.3001793099058934,18310602.204555143,14.363333333333337,44.34,212.23666666666668,559.1358333333334,1.0423529411764707,34.688235294117646,26.17058823529412,4.888235294117647,7.0,41.75294117647059,32.076470588235296,61.26470588235294,790.0,876.4699999999999,722.27,1056.6666666666667,1310.0,174.195615525,166.63254345,204.449128614
2019,Костанайская область,Подсолнечник,53200.0,30920.0,587.64,stat_gov_kz_real,Sunflower seed,201.692128575,211.27579630275,128.06698819444333,170.07008806666667,857.1866666666666,741.1033333333334,765.44,601.3666666666667,306.355,245.28166666666667,288.51084568493604,0.0011711310170603,-0.0076537846395652,0.2814676492717734,0.2726801280476322,19254150.837210964,15.361666666666666,35.598333333333336,234.22166666666664,588.3721666666667,1.0423529411764707,34.688235294117646,26.17058823529412,4.888235294117647,7.0,41.75294117647059,32.076470588235296,61.26470588235294,932.59,790.0,876.4699999999999,1306.6666666666667,1178.0,209.9288346,174.195615525,166.63254345
2020,Костанайская область,Подсолнечник,46300.0,43760.00000000001,960.0,stat_gov_kz_real,Sunflower seed,231.56548795,227.73879764625,97.60036458333,165.46600046666666,906.4321537216824,880.988337850045,837.75632231405,751.7661576212475,312.4241666666667,229.10083333333333,289.9538020794767,0.0012597873466308,-0.0080705725732581,0.276060137702878,0.2732565470740767,19376478.22856872,16.80333333333333,38.461666666666666,246.525,591.8266666666667,1.0423529411764707,34.688235294117646,26.17058823529412,4.888235294117647,7.0,41.75294117647059,32.076470588235296,61.26470588235294,587.64,932.59,790.0,1023.3333333333334,1130.0,201.692128575,209.9288346,174.195615525
2021,Костанайская область,Подсолнечник,83900.0,57440.0,780.0,stat_gov_kz_real,Sunflower seed,315.2375,281.6606065851818,,259.54567977893333,1502.3308333333334,1404.0939758355908,1385.4066666666668,1130.5766666666666,600.9633333333333,483.2075,289.6146452650336,0.0008681891764509,-0.0080879491835072,0.2622693385039119,0.2612102771864736,20071941.32876677,16.463333333333335,26.516666666666666,247.2783333333333,612.924,1.0423529411764707,34.688235294117646,26.17058823529412,4.888235294117647,7.0,41.75294117647059,32.076470588235296,61.26470588235294,960.0,587.64,932.59,1563.3333333333333,1496.0,231.56548795,201.692128575,209.9288346
2022,Костанайская область,Подсолнечник,158600.0,152120.0,960.0,stat_gov_kz_real,Sunflower seed,429.9716666666666,381.91843016614285,,318.80665693333333,1756.7299999999998,1650.8083333333334,1666.7975,1275.9916666666666,772.1583333333333,700.015,289.6616435210072,0.0008509126076215,-0.0075598182709188,0.2621602812110037,0.2593293952638909,18879427.97251497,16.513333333333332,26.05666666666667,231.15833333333333,576.7293333333333,1.0423529411764707,34.688235294117646,26.17058823529412,4.888235294117647,7.0,41.75294117647059,32.076470588235296,61.26470588235294,780.0,960.0,587.64,1876.6666666666667,1470.0,315.2375,231.56548795,201.692128575
2023,Костанайская область,Подсолнечник,162425.6,166363.09,1190.0,stat_gov_kz_real,Sunflower seed,340.43,257.74181354863634,,252.65528515370417,1065.1408333333334,1006.6991666666668,1118.5016666666668,886.4533333333334,550.0483333333333,358.0016666666667,289.5236512078174,0.0006467397379246,-0.0049289491679192,0.2764382283662994,0.2713328395400161,14115470.12282928,16.371666666666666,19.70833333333333,150.73166666666663,431.0991666666666,1.0423529411764707,34.688235294117646,26.17058823529412,4.888235294117647,7.0,41.75294117647059,32.076470588235296,61.26470588235294,960.0,780.0,960.0,1856.6666666666667,1610.0,429.9716666666666,315.2375,231.56548795
2024,Костанайская область,Подсолнечник,154912.17,222587.78,1460.0,stat_gov_kz_real,Sunflower seed,268.67333333333335,230.878850445,,190.60477617365,1089.3890968508615,1059.975,1021.9542980012442,963.3648258333332,563.665,338.26916666666665,288.4316707721188,0.0017295213958452,-0.0063265907659187,0.3265275888726496,0.3238014278789007,18253534.260363985,15.281666666666666,53.045,193.145,556.975,1.0423529411764707,34.688235294117646,26.17058823529412,4.888235294117647,7.0,41.75294117647059,32.076470588235296,61.26470588235294,1190.0,960.0,780.0,1553.3333333333333,1644.0,340.43,429.9716666666666,315.2375
2025,Костанайская область,Подсолнечник,264456.9,373961.27,1440.0,stat_gov_kz_real,Sunflower seed,243.3325,219.61538460375,,203.19753726864084,1226.4814225569482,1262.8893305316649,1139.8729249670616,1006.980403811544,685.2199999999999,422.655,289.98509614754914,0.0015127205551172,-0.0071545833416474,0.298025870138938,0.2882290239919902,18515193.90122865,16.834999999999997,46.18666666666667,218.515,565.388,1.0423529411764707,34.688235294117646,26.17058823529412,4.888235294117647,7.0,41.75294117647059,32.076470588235296,61.26470588235294,1460.0,1190.0,960.0,1320.0,1648.0,268.67333333333335,340.43,429.9716666666666
1990,Костанайская область,Пшеница,2780600.0,3870670.0,1390.0,stat_gov_kz_real,Wheat,135.5225,129.08916666666667,79.925,109.27583333333332,,,447.3333333333333,289.75,154.67499999999998,115.64583333333331,,,,,,,,,,,1.0423529411764707,34.688235294117646,26.17058823529412,4.888235294117647,7.0,41.75294117647059,32.076470588235296,61.26470588235294,,,,1800.0,1752.0,,,
1991,Костанайская область,Пшеница,3392400.0,1312900.0,390.0,stat_gov_kz_real,Wheat,128.665,126.11333333333332,78.28666666666668,107.42,,,453.8333333333333,339.0,158.25,138.39583333333334,289.4228781082117,0.0009343776565692,-0.0076138023959919,0.2749421243708697,0.2726190423136933,19517949.456947003,16.271666666666665,28.62833333333333,232.5883333333333,595.8688333333333,1.0423529411764707,34.688235294117646,26.17058823529412,4.888235294117647,7.0,41.75294117647059,32.076470588235296,61.26470588235294,1390.0,,,,,135.5225,,
1992,Костанайская область,Пшеница,3314900.0,4878360.0,1470.0,stat_gov_kz_real,Wheat,151.20000000000002,145.14166666666668,78.675,104.24583333333334,,,428.9166666666667,393.5,137.87291666666667,117.60416666666669,286.1462164733199,0.001587081570155,-0.0058962070838926,0.3238320989497196,0.314460981720859,17518385.362479795,12.996666666666668,48.571666666666665,180.23666666666668,534.7633333333333,1.0423529411764707,34.688235294117646,26.17058823529412,4.888235294117647,7.0,41.75294117647059,32.076470588235296,61.26470588235294,390.0,1390.0,,,,128.665,135.5225,
1993,Костанайская область,Пшеница,2936500.0,2276850.0,780.0,stat_gov_kz_real,Wheat,140.23833333333334,134.77416666666667,71.37666666666667,102.09,,,480.4166666666667,377.75,121.99583333333334,85.54166666666667,286.5032254438799,0.0018242492716733,-0.0059341347768195,0.3412156334801042,0.3334294545721231,17802869.81034017,13.353333333333332,55.67666666666667,181.505,543.7543333333333,1.0423529411764707,34.688235294117646,26.17058823529412,4.888235294117647,7.0,41.75294117647059,32.076470588235296,61.26470588235294,1470.0,390.0,1390.0,,,151.20000000000002,128.665,135.5225
1994,Костанайская область,Пшеница,2915000.0,2635870.0,900.0,stat_gov_kz_real,Wheat,149.72916666666666,138.555,72.64833333333333,107.55,,,615.5833333333334,528.4166666666666,160.42430555555583,93.88541666666669,287.6453967794925,0.0015026814775752,-0.0064281213580353,0.3179925579238541,0.311833527420417,17951582.47125991,14.495,46.09666666666667,196.15,547.679,1.0423529411764707,34.688235294117646,26.17058823529412,4.888235294117647,7.0,41.75294117647059,32.076470588235296,61.26470588235294,780.0,1470.0,390.0,136.66666666666666,,140.23833333333334,151.20000000000002,128.665
1995,Костанайская область,Пшеница,2967800.0,1243250.0,420.0,stat_gov_kz_real,Wheat,176.9825,167.35833333333335,104.01083333333334,123.4875,,,625.0833333333334,628.25,199.7722222222225,126.8625,289.27058141143675,0.0011469081810659,-0.0075251830486656,0.2788567650788104,0.2701835153868188,19088493.658715498,16.12,35.15333333333333,229.86333333333332,582.5523333333334,1.0423529411764707,34.688235294117646,26.17058823529412,4.888235294117647,7.0,41.75294117647059,32.076470588235296,61.26470588235294,900.0,780.0,1470.0,143.33333333333334,,149.72916666666666,140.23833333333334,151.20000000000002
1996,Костанайская область,Пшеница,2895300.0,1873550.0,650.0,stat_gov_kz_real,Wheat,207.6,187.41916666666668,119.66583333333334,165.80916666666667,,,551.5,530.9166666666666,198.10416666666663,153.69166666666666,286.9755233079305,0.0014654919002979,-0.0063641143936894,0.3104159130843208,0.2973663011090053,18178095.137549862,13.823333333333332,44.76499999999999,194.47833333333327,555.0428333333333,1.0423529411764707,34.688235294117646,26.17058823529412,4.888235294117647,7.0,41.75294117647059,32.076470588235296,61.26470588235294,420.0,900.0,780.0,146.66666666666666,138.0,176.9825,149.72916666666666,140.23833333333334
1997,Костанайская область,Пшеница,2714800.0,2563700.0,980.0,stat_gov_kz_real,Wheat,159.48416666666665,143.64833333333334,97.23833333333332,117.09166666666664,,,564.75,545.8333333333334,186.98958333333331,117.49375,289.0044009928392,0.0009752120048686,-0.0075847002625326,0.2766567016032366,0.2732509295749538,18893177.6412589,15.853333333333332,29.92333333333333,231.53166666666667,576.4536666666667,1.0423529411764707,34.688235294117646,26.17058823529412,4.888235294117647,7.0,41.75294117647059,32.076470588235296,61.26470588235294,650.0,420.0,900.0,123.33333333333333,132.0,207.6,176.9825,149.72916666666666
1998,Костанайская область,Пшеница,2522900.0,874300.0,400.0,stat_gov_kz_real,Wheat,126.12666666666668,111.515,85.05333333333333,101.98666666666666,,,625.9166666666666,671.0833333333334,186.86319444444416,83.21666666666667,288.83009798572283,0.0010475480592592,-0.0076466506391867,0.2799554650461078,0.2718331940725227,19291600.86951696,15.678333333333336,31.91,233.9033333333333,589.2715,1.0423529411764707,34.688235294117646,26.17058823529412,4.888235294117647,7.0,41.75294117647059,32.076470588235296,61.26470588235294,980.0,650.0,420.0,130.0,138.0,159.48416666666665,207.6,176.9825
1999,Костанайская область,Пшеница,2178100.0,3299450.0,1510.0,stat_gov_kz_real,Wheat,112.0425,96.27833333333332,75.93833333333333,90.21666666666664,,,426.4683333333333,436.0,171.1,65.94236111111083,287.91882916991966,0.0015261135695581,-0.0068473304165252,0.3049673180623376,0.2960342309769855,18512508.022182222,14.768333333333333,46.571666666666665,209.4766666666667,565.4951666666667,1.0423529411764707,34.688235294117646,26.17058823529412,4.888235294117647,7.0,41.75294117647059,32.076470588235296,61.26470588235294,400.0,980.0,650.0,103.33333333333333,118.0,126.12666666666668,159.48416666666665,207.6
2000,Костанайская область,Пшеница,2504900.0,2694390.0000000005,1060.0,stat_gov_kz_real,Wheat,114.0875,98.91416666666667,77.23416666666667,88.53416666666668,,,338.14000000000004,310.25,147.66875000000002,100.92291666666668,288.3580851055727,0.0015042011602884,-0.0069634538916046,0.3043780031375253,0.2939117146096706,18417993.28256339,15.21,45.97666666666667,212.6483333333333,562.1255,1.0423529411764707,34.688235294117646,26.17058823529412,4.888235294117647,7.0,41.75294117647059,32.076470588235296,61.26470588235294,1510.0,400.0,980.0,163.33333333333334,144.0,112.0425,126.12666666666668,159.48416666666665
2001,Костанайская область,Пшеница,2638600.0,3112390.0000000005,1180.0,stat_gov_kz_real,Wheat,126.80833333333334,107.72416666666668,93.93666666666668,89.64083333333333,,,353.235,287.4583333333333,143.5097222222225,96.4534722222225,288.07892200888824,0.0015830853355426,-0.0068109448065982,0.3112561284516307,0.3008343275631232,18564968.265211128,14.926666666666668,48.35,208.145,566.87,1.0423529411764707,34.688235294117646,26.17058823529412,4.888235294117647,7.0,41.75294117647059,32.076470588235296,61.26470588235294,1060.0,1510.0,400.0,170.0,152.0,114.0875,112.0425,126.12666666666668
2002,Костанайская область,Пшеница,2735200.0,3217279.9999999995,1180.0,stat_gov_kz_real,Wheat,148.0775,129.9575,108.9675,99.27083333333331,489.8372727272727,577.6666666666666,461.71,410.895,152.19375,94.41875,287.2380545380849,0.0014021943687058,-0.0065191763578387,0.3134138039888539,0.3091917425550065,18535725.229287133,14.088333333333331,42.803333333333335,199.22166666666664,566.0241666666667,1.0423529411764707,34.688235294117646,26.17058823529412,4.888235294117647,7.0,41.75294117647059,32.076470588235296,61.26470588235294,1180.0,1060.0,1510.0,260.0,200.0,126.80833333333334,114.0875,112.0425
2003,Костанайская область,Пшеница,2717700.0,3026180.0,1110.0,stat_gov_kz_real,Wheat,146.1431,138.57684166666667,104.74049416666666,105.37007583333332,593.5833333333334,593.3333333333334,558.585,476.7033333333334,171.665625,138.18541666666667,288.397750949084,0.0014391817896859,-0.0065342163837604,0.3103937068692785,0.3012298001622107,18470052.648770448,15.246666666666668,43.98666666666667,199.61,563.7671666666666,1.0423529411764707,34.688235294117646,26.17058823529412,4.888235294117647,7.0,41.75294117647059,32.076470588235296,61.26470588235294,1180.0,1180.0,1060.0,273.3333333333333,230.0,148.0775,126.80833333333334,114.0875
2004,Костанайская область,Пшеница,2786200.0,2217859.9999999995,800.0,stat_gov_kz_real,Wheat,156.88168008749,144.44395972875,98.988547595,111.80347966666666,679.4158333333334,684.0833333333334,618.2258333333333,499.2808333333333,204.74375,174.91458333333333,289.07454905538305,0.0011998382443893,-0.0076172471544596,0.2808802651935478,0.2762938615438061,19002265.512737133,15.923333333333332,36.58166666666667,232.74,580.3665,1.0423529411764707,34.688235294117646,26.17058823529412,4.888235294117647,7.0,41.75294117647059,32.076470588235296,61.26470588235294,1110.0,1180.0,1180.0,386.6666666666667,322.0,146.1431,148.0775,126.80833333333334
2005,Костанайская область,Пшеница,3149800.0,3256560.0,1040.0,stat_gov_kz_real,Wheat,152.35059374973665,135.7200173296875,95.07712917583336,98.67179116666668,675.1541666666667,677.3333333333334,544.5933333333334,450.5641666666667,226.7854166666667,217.35208333333333,288.63480005223363,0.00138358833721,-0.0066087520492265,0.3026042133442991,0.2958003679733106,18880213.670109417,15.485,42.385,201.98833333333332,576.2168333333333,1.0423529411764707,34.688235294117646,26.17058823529412,4.888235294117647,7.0,41.75294117647059,32.076470588235296,61.26470588235294,800.0,1110.0,1180.0,316.6666666666667,292.0,156.88168008749,146.1431,148.0775
2006,Костанайская область,Пшеница,3307100.0,4320219.999999999,1330.0,stat_gov_kz_real,Wheat,192.04335668599836,158.96785216265667,116.615095175,121.85101775,791.0241666666667,658.0,599.335,508.2991666666667,229.8715277777775,222.1388888888892,288.6804138491329,0.0012553620483014,-0.0073385665572734,0.2822957045860962,0.2735768737728408,18433279.43179878,15.53,38.21666666666667,224.13333333333333,563.055,1.0423529411764707,34.688235294117646,26.17058823529412,4.888235294117647,7.0,41.75294117647059,32.076470588235296,61.26470588235294,1040.0,800.0,1110.0,373.3333333333333,352.0,152.35059374973665,156.88168008749,146.1431
2007,Костанайская область,Пшеница,3671800.0,5442680.0,1490.0,stat_gov_kz_real,Wheat,255.20611049679837,238.587672411,172.38121729166664,163.66491446666666,964.2283333333334,1021.9166666666666,886.0566666666667,816.6866666666666,391.9625,307.1076388888892,288.97993119027745,0.0013226882401481,-0.0070575025253719,0.2951412214379525,0.2897669664420045,18859377.31730798,15.831666666666663,40.45,215.6083333333333,575.8951666666667,1.0423529411764707,34.688235294117646,26.17058823529412,4.888235294117647,7.0,41.75294117647059,32.076470588235296,61.26470588235294,1330.0,1040.0,800.0,263.3333333333333,324.0,192.04335668599836,152.35059374973665,156.88168008749
2008,Костанайская область,Пшеница,3844600.0,4415620.0,1150.0,stat_gov_kz_real,Wheat,326.03004623959333,271.5203279291592,200.51552770252167,223.1168277333333,1326.0408333333332,1498.9166666666667,1260.8108333333332,1042.9233333333334,861.61875,514.9791666666666,289.14735601844075,0.001124581778192,-0.0075998415840403,0.2717217600600177,0.2635936070116423,19265657.920354065,15.998333333333337,34.31666666666667,232.25,588.3445,1.0423529411764707,34.688235294117646,26.17058823529412,4.888235294117647,7.0,41.75294117647059,32.076470588235296,61.26470588235294,1490.0,1330.0,1040.0,470.0,410.0,255.20611049679837,192.04335668599836,152.35059374973665
2009,Костанайская область,Пшеница,4210800.0,4626430.0,1100.0,stat_gov_kz_real,Wheat,224.06988173743412,185.953589925,128.32218617003,165.50963333333334,871.9008333333333,854.6666666666666,853.065,741.1458333333334,288.46875,251.07916666666665,287.99329217310293,0.0014169050242113,-0.00700104032969,0.2976502864019232,0.2869529529234354,18624079.69238663,14.843333333333334,43.41666666666666,213.87166666666667,568.6421666666666,1.0423529411764707,34.688235294117646,26.17058823529412,4.888235294117647,7.0,41.75294117647059,32.076470588235296,61.26470588235294,1150.0,1490.0,1330.0,490.0,414.0,326.03004623959333,255.20611049679837,192.04335668599836
2010,Костанайская область,Пшеница,4023400.0,2858920.0,730.0,stat_gov_kz_real,Wheat,223.5821054048625,229.67709914285751,158.38666512309334,185.9142083333333,1011.6566666666666,1074.3333333333333,1000.8558333333334,933.0233333333332,456.4270833333333,288.90416666666664,289.39487594539145,0.0007173384998622,-0.0081476156826346,0.2556810146852953,0.2575253695138664,20296956.47357266,16.245,21.953333333333333,248.86166666666668,619.5306666666667,1.0423529411764707,34.688235294117646,26.17058823529412,4.888235294117647,7.0,41.75294117647059,32.076470588235296,61.26470588235294,1100.0,1150.0,1490.0,613.3333333333334,502.0,224.06988173743412,326.03004623959333,255.20611049679837
2011,Костанайская область,Пшеница,4018100.0,7341280.000000001,1830.0,stat_gov_kz_real,Wheat,316.2641325585392,285.9133463029892,207.1969187051708,291.68407333333334,1362.82,1597.7091666666663,1297.66,1193.37,516.2875,398.92291666666665,288.9216230569704,0.0014601070203489,-0.0070899073681482,0.2909694036095574,0.2833584905739212,18794073.85085056,15.773333333333332,44.56666666666666,216.66333333333333,573.933,1.0423529411764707,34.688235294117646,26.17058823529412,4.888235294117647,7.0,41.75294117647059,32.076470588235296,61.26470588235294,730.0,1100.0,1150.0,493.3333333333333,482.0,223.5821054048625,224.06988173743412,326.03004623959333
2012,Костанайская область,Пшеница,3950500.0,2246130.0,613.33,stat_gov_kz_real,Wheat,313.2422696110684,295.3661879274459,240.28063808774667,298.41696413768085,1237.7083333333333,1447.6450000000002,1225.6025,1043.3975,480.23819444444416,398.6006944444442,290.93738155470345,0.0010507578964652,-0.0080993232349013,0.2612914912837039,0.2573745081478069,19641224.144156728,17.788333333333334,32.123333333333335,247.46833333333333,599.8488333333333,1.0423529411764707,34.688235294117646,26.17058823529412,4.888235294117647,7.0,41.75294117647059,32.076470588235296,61.26470588235294,1830.0,730.0,1100.0,533.3333333333334,576.0,316.2641325585392,223.5821054048625,224.06988173743412
2013,Костанайская область,Пшеница,4014400.0,3844880.0,959.61,stat_gov_kz_real,Wheat,312.2478668979183,276.733461739185,203.00875833333248,259.38922323787915,1084.2666666666669,1155.4075,1055.3933333333332,870.7258333333333,410.97291666666666,339.6145833333333,288.2797983402536,0.0016535991296397,-0.0068201682835203,0.3102898914991443,0.3057897520317299,18460322.17355969,15.13,50.803333333333335,208.11,563.3321666666667,1.0423529411764707,34.688235294117646,26.17058823529412,4.888235294117647,7.0,41.75294117647059,32.076470588235296,61.26470588235294,613.33,1830.0,730.0,493.84,516.304,313.2422696110684,316.2641325585392,223.5821054048625
2014,Костанайская область,Пшеница,3747400.0,3616670.0,986.88,stat_gov_kz_real,Wheat,284.8859214,245.21163752025,145.90297638888916,192.8812195333333,911.6633333333334,920.2958333333332,905.9691666666666,837.4691666666666,429.5864583333334,308.4375,288.377987821669,0.0011481597550606,-0.0075099680184316,0.2770251277388499,0.2742088987656154,19137151.863283142,15.228333333333332,35.160000000000004,229.425,584.1971666666667,1.0423529411764707,34.688235294117646,26.17058823529412,4.888235294117647,7.0,41.75294117647059,32.076470588235296,61.26470588235294,959.61,613.33,1830.0,623.5433333333334,562.126,312.2478668979183,313.2422696110684,316.2641325585392
2015,Костанайская область,Пшеница,3579700.0,4061280.0,1135.76,stat_gov_kz_real,Wheat,204.449128614,206.37664030275,121.33064930555668,169.75022306666668,784.6475,888.4775,755.6325,663.3908333333333,416.62395833333335,277.9375,288.68033360979234,0.00132469694655,-0.0071580944485533,0.2993542451750579,0.2902930132679188,18980036.87247777,15.53,40.525,218.8066666666667,579.2955000000001,1.0423529411764707,34.688235294117646,26.17058823529412,4.888235294117647,7.0,41.75294117647059,32.076470588235296,61.26470588235294,986.88,959.61,613.33,643.5433333333334,594.126,284.8859214,312.2478668979183,313.2422696110684
2016,Костанайская область,Пшеница,3810410.0,3991262.93,1048.81,stat_gov_kz_real,Wheat,166.63254345,176.30378359124998,103.91568229166752,159.1608872,827.7416666666667,867.3208333333333,814.9941666666667,735.7033333333334,315.81354166666665,194.1291666666667,289.3174390902713,0.0014573630123714,-0.0069543573753669,0.294249706853587,0.2916540603179201,18756816.40351812,16.166666666666668,44.406666666666666,212.52,573.0355,1.0423529411764707,34.688235294117646,26.17058823529412,4.888235294117647,7.0,41.75294117647059,32.076470588235296,61.26470588235294,1135.76,986.88,959.61,737.1266666666667,662.58,204.449128614,284.8859214,312.2478668979183
2017,Костанайская область,Пшеница,3704900.0,4193760.0,1130.0,stat_gov_kz_real,Wheat,174.195615525,178.18260991725,97.63863923611082,154.53153846666666,879.8158333333334,817.8850000000001,850.3966666666666,750.8133333333334,323.02708333333334,213.875,288.9705927351684,0.0011114836197021,-0.0075440171387582,0.2825224864271158,0.2781774573929977,19382244.038613398,15.821666666666667,33.946666666666665,230.57,591.9103333333334,1.0423529411764707,34.688235294117646,26.17058823529412,4.888235294117647,7.0,41.75294117647059,32.076470588235296,61.26470588235294,1048.81,1135.76,986.88,772.9133333333333,705.874,166.63254345,204.449128614,284.8859214
2018,Костанайская область,Пшеница,3464000.0,3923590.0,1130.0,stat_gov_kz_real,Wheat,209.9288346,203.89093102725,125.88533298611252,164.4145468,830.0308333333332,765.4966666666666,789.1175,638.6558333333334,393.425,249.4495833333333,287.5128957712755,0.0014503846345327,-0.0069442679131643,0.3086804201389621,0.3001793099058934,18310602.204555143,14.363333333333337,44.34,212.23666666666668,559.1358333333334,1.0423529411764707,34.688235294117646,26.17058823529412,4.888235294117647,7.0,41.75294117647059,32.076470588235296,61.26470588235294,1130.0,1048.81,1135.76,796.2466666666666,775.5699999999999,174.195615525,166.63254345,204.449128614
2019,Костанайская область,Пшеница,3264600.0,2330630.0,727.13,stat_gov_kz_real,Wheat,201.692128575,211.27579630275,128.06698819444333,170.07008806666667,857.1866666666666,741.1033333333334,765.44,601.3666666666667,306.355,245.28166666666667,288.51084568493604,0.0011711310170603,-0.0076537846395652,0.2814676492717734,0.2726801280476322,19254150.837210964,15.361666666666666,35.598333333333336,234.22166666666664,588.3721666666667,1.0423529411764707,34.688235294117646,26.17058823529412,4.888235294117647,7.0,41.75294117647059,32.076470588235296,61.26470588235294,1130.0,1130.0,1048.81,866.3533333333334,808.266,209.9288346,174.195615525,166.63254345
2020,Костанайская область,Пшеница,3436600.0,3454980.0000000005,1020.0,stat_gov_kz_real,Wheat,231.56548795,227.73879764625,97.60036458333,165.46600046666666,906.4321537216824,880.988337850045,837.75632231405,751.7661576212475,312.4241666666667,229.10083333333333,289.9538020794767,0.0012597873466308,-0.0080705725732581,0.276060137702878,0.2732565470740767,19376478.22856872,16.80333333333333,38.461666666666666,246.525,591.8266666666667,1.0423529411764707,34.688235294117646,26.17058823529412,4.888235294117647,7.0,41.75294117647059,32.076470588235296,61.26470588235294,727.13,1130.0,1130.0,770.0766666666667,781.794,201.692128575,209.9288346,174.195615525
2021,Костанайская область,Пшеница,3643300.0,2587340.0,720.0,stat_gov_kz_real,Wheat,315.2375,281.6606065851818,,259.54567977893333,1502.3308333333334,1404.0939758355908,1385.4066666666668,1130.5766666666666,600.9633333333333,483.2075,289.6146452650336,0.0008681891764509,-0.0080879491835072,0.2622693385039119,0.2612102771864736,20071941.32876677,16.463333333333335,26.516666666666666,247.2783333333333,612.924,1.0423529411764707,34.688235294117646,26.17058823529412,4.888235294117647,7.0,41.75294117647059,32.076470588235296,61.26470588235294,1020.0,727.13,1130.0,826.7433333333333,829.3399999999999,231.56548795,201.692128575,209.9288346
2022,Костанайская область,Пшеница,3527200.0,4809230.000000001,1370.0,stat_gov_kz_real,Wheat,429.9716666666666,381.91843016614285,,318.80665693333333,1756.7299999999998,1650.8083333333334,1666.7975,1275.9916666666666,772.1583333333333,700.015,289.6616435210072,0.0008509126076215,-0.0075598182709188,0.2621602812110037,0.2593293952638909,18879427.97251497,16.513333333333332,26.05666666666667,231.15833333333333,576.7293333333333,1.0423529411764707,34.688235294117646,26.17058823529412,4.888235294117647,7.0,41.75294117647059,32.076470588235296,61.26470588235294,720.0,1020.0,727.13,775.88,810.046,315.2375,231.56548795,201.692128575
2023,Костанайская область,Пшеница,3806265.4,3800168.4700000007,1050.0,stat_gov_kz_real,Wheat,340.43,257.74181354863634,,252.65528515370417,1065.1408333333334,1006.6991666666668,1118.5016666666668,886.4533333333334,550.0483333333333,358.0016666666667,289.5236512078174,0.0006467397379246,-0.0049289491679192,0.2764382283662994,0.2713328395400161,14115470.12282928,16.371666666666666,19.70833333333333,150.73166666666663,431.0991666666666,1.0423529411764707,34.688235294117646,26.17058823529412,4.888235294117647,7.0,41.75294117647059,32.076470588235296,61.26470588235294,1370.0,720.0,1020.0,900.0,844.0459999999999,429.9716666666666,315.2375,231.56548795
2024,Костанайская область,Пшеница,3675603.65,4755500.0,1300.0,stat_gov_kz_real,Wheat,268.67333333333335,230.878850445,,190.60477617365,1089.3890968508615,1059.975,1021.9542980012442,963.3648258333332,563.665,338.26916666666665,288.4316707721188,0.0017295213958452,-0.0063265907659187,0.3265275888726496,0.3238014278789007,18253534.260363985,15.281666666666666,53.045,193.145,556.975,1.0423529411764707,34.688235294117646,26.17058823529412,4.888235294117647,7.0,41.75294117647059,32.076470588235296,61.26470588235294,1050.0,1370.0,720.0,976.6666666666666,895.5279999999999,340.43,429.9716666666666,315.2375
2025,Костанайская область,Пшеница,3398930.55,5400666.24,1600.0,stat_gov_kz_real,Wheat,243.3325,219.61538460375,,203.19753726864084,1226.4814225569482,1262.8893305316649,1139.8729249670616,1006.980403811544,685.2199999999999,422.655,289.98509614754914,0.0015127205551172,-0.0071545833416474,0.298025870138938,0.2882290239919902,18515193.90122865,16.834999999999997,46.18666666666667,218.515,565.388,1.0423529411764707,34.688235294117646,26.17058823529412,4.888235294117647,7.0,41.75294117647059,32.076470588235296,61.26470588235294,1300.0,1050.0,1370.0,1203.3333333333333,1070.0,268.67333333333335,340.43,429.9716666666666
1990,Северо-Казахстанская область,Ячмень,916825.0,1744830.6,1940.0,stat_gov_kz_real,Barley,135.5225,129.08916666666667,79.925,109.27583333333332,,,447.3333333333333,289.75,154.67499999999998,115.64583333333331,,,,,,,,,,,1.0423529411764707,34.688235294117646,26.17058823529412,4.888235294117647,7.0,41.75294117647059,32.076470588235296,61.26470588235294,,,,,,,,
1991,Северо-Казахстанская область,Ячмень,983460.0,641702.5,650.0,stat_gov_kz_real,Barley,128.665,126.11333333333332,78.28666666666668,107.42,,,453.8333333333333,339.0,158.25,138.39583333333334,289.4228781082117,0.0009343776565692,-0.0076138023959919,0.2749421243708697,0.2726190423136933,19517949.456947003,16.271666666666665,28.62833333333333,232.5883333333333,595.8688333333333,1.0423529411764707,34.688235294117646,26.17058823529412,4.888235294117647,7.0,41.75294117647059,32.076470588235296,61.26470588235294,1940.0,,,,,135.5225,,
1992,Северо-Казахстанская область,Ячмень,970754.0,2172613.1,2240.0,stat_gov_kz_real,Barley,151.20000000000002,145.14166666666668,78.675,104.24583333333334,,,428.9166666666667,393.5,137.87291666666667,117.60416666666669,286.1462164733199,0.001587081570155,-0.0058962070838926,0.3238320989497196,0.314460981720859,17518385.362479795,12.996666666666668,48.571666666666665,180.23666666666668,534.7633333333333,1.0423529411764707,34.688235294117646,26.17058823529412,4.888235294117647,7.0,41.75294117647059,32.076470588235296,61.26470588235294,650.0,1940.0,,,,128.665,135.5225,
1993,Северо-Казахстанская область,Ячмень,1134555.0,1303984.0,1150.0,stat_gov_kz_real,Barley,140.23833333333334,134.77416666666667,71.37666666666667,102.09,,,480.4166666666667,377.75,121.99583333333334,85.54166666666667,286.5032254438799,0.0018242492716733,-0.0059341347768195,0.3412156334801042,0.3334294545721231,17802869.81034017,13.353333333333332,55.67666666666667,181.505,543.7543333333333,1.0423529411764707,34.688235294117646,26.17058823529412,4.888235294117647,7.0,41.75294117647059,32.076470588235296,61.26470588235294,2240.0,650.0,1940.0,1097.6419943311196,,151.20000000000002,128.665,135.5225
1994,Северо-Казахстанская область,Ячмень,984694.0,1396687.4,1420.0,stat_gov_kz_real,Barley,149.72916666666666,138.555,72.64833333333333,107.55,,,615.5833333333334,528.4166666666666,160.42430555555583,93.88541666666669,287.6453967794925,0.0015026814775752,-0.0064281213580353,0.3179925579238541,0.311833527420417,17951582.47125991,14.495,46.09666666666667,196.15,547.679,1.0423529411764707,34.688235294117646,26.17058823529412,4.888235294117647,7.0,41.75294117647059,32.076470588235296,61.26470588235294,1150.0,2240.0,650.0,1043.3333333333333,,140.23833333333334,151.20000000000002,128.665
1995,Северо-Казахстанская область,Ячмень,910962.0,666347.5,710.0,stat_gov_kz_real,Barley,176.9825,167.35833333333335,104.01083333333334,123.4875,,,625.0833333333334,628.25,199.7722222222225,126.8625,289.27058141143675,0.0011469081810659,-0.0075251830486656,0.2788567650788104,0.2701835153868188,19088493.658715498,16.12,35.15333333333333,229.86333333333332,582.5523333333334,1.0423529411764707,34.688235294117646,26.17058823529412,4.888235294117647,7.0,41.75294117647059,32.076470588235296,61.26470588235294,1420.0,1150.0,2240.0,1170.0,1054.5851965986717,149.72916666666666,140.23833333333334,151.20000000000002
1996,Северо-Казахстанская область,Ячмень,770430.0,924907.3,1180.0,stat_gov_kz_real,Barley,207.6,187.41916666666668,119.66583333333334,165.80916666666667,,,551.5,530.9166666666666,198.10416666666663,153.69166666666666,286.9755233079305,0.0014654919002979,-0.0063641143936894,0.3104159130843208,0.2973663011090053,18178095.137549862,13.823333333333332,44.76499999999999,194.47833333333327,555.0428333333333,1.0423529411764707,34.688235294117646,26.17058823529412,4.888235294117647,7.0,41.75294117647059,32.076470588235296,61.26470588235294,710.0,1420.0,1150.0,917.2567224271211,960.3540334562725,176.9825,149.72916666666666,140.23833333333334
1997,Северо-Казахстанская область,Ячмень,771696.0,810088.6000000001,1140.0,stat_gov_kz_real,Barley,159.48416666666665,143.64833333333334,97.23833333333332,117.09166666666664,,,564.75,545.8333333333334,186.98958333333331,117.49375,289.0044009928392,0.0009752120048686,-0.0075847002625326,0.2766567016032366,0.2732509295749538,18893177.6412589,15.853333333333332,29.92333333333333,231.53166666666667,576.4536666666667,1.0423529411764707,34.688235294117646,26.17058823529412,4.888235294117647,7.0,41.75294117647059,32.076470588235296,61.26470588235294,1180.0,710.0,1420.0,850.5900557604544,1032.3540334562726,207.6,176.9825,149.72916666666666
1998,Северо-Казахстанская область,Ячмень,625220.0,391855.8000000001,650.0,stat_gov_kz_real,Barley,126.12666666666668,111.515,85.05333333333333,101.98666666666666,,,625.9166666666666,671.0833333333334,186.86319444444416,83.21666666666667,288.83009798572283,0.0010475480592592,-0.0076466506391867,0.2799554650461078,0.2718331940725227,19291600.86951696,15.678333333333336,31.91,233.9033333333333,589.2715,1.0423529411764707,34.688235294117646,26.17058823529412,4.888235294117647,7.0,41.75294117647059,32.076470588235296,61.26470588235294,1140.0,1180.0,710.0,933.9233890937877,956.3540334562725,159.48416666666665,207.6,176.9825
1999,Северо-Казахстанская область,Ячмень,557977.0,840032.8,1550.0,stat_gov_kz_real,Barley,112.0425,96.27833333333332,75.93833333333333,90.21666666666664,,,426.4683333333333,436.0,171.1,65.94236111111083,287.91882916991966,0.0015261135695581,-0.0068473304165252,0.3049673180623376,0.2960342309769855,18512508.022182222,14.768333333333333,46.571666666666665,209.4766666666667,565.4951666666667,1.0423529411764707,34.688235294117646,26.17058823529412,4.888235294117647,7.0,41.75294117647059,32.076470588235296,61.26470588235294,650.0,1140.0,1180.0,901.8897469636103,875.4878816344387,126.12666666666668,159.48416666666665,207.6
2000,Северо-Казахстанская область,Ячмень,472708.0,519236.8000000001,1100.0,stat_gov_kz_real,Barley,114.0875,98.91416666666667,77.23416666666667,88.53416666666668,,,338.14000000000004,310.25,147.66875000000002,100.92291666666668,288.3580851055727,0.0015042011602884,-0.0069634538916046,0.3043780031375253,0.2939117146096706,18417993.28256339,15.21,45.97666666666667,212.6483333333333,562.1255,1.0423529411764707,34.688235294117646,26.17058823529412,4.888235294117647,7.0,41.75294117647059,32.076470588235296,61.26470588235294,1550.0,650.0,1140.0,1068.556413630277,971.4878816344387,112.0425,126.12666666666668,159.48416666666665
2001,Северо-Казахстанская область,Ячмень,465292.0,725513.2000000001,1570.0,stat_gov_kz_real,Barley,126.80833333333334,107.72416666666668,93.93666666666668,89.64083333333333,,,353.235,287.4583333333333,143.5097222222225,96.4534722222225,288.07892200888824,0.0015830853355426,-0.0068109448065982,0.3112561284516307,0.3008343275631232,18564968.265211128,14.926666666666668,48.35,208.145,566.87,1.0423529411764707,34.688235294117646,26.17058823529412,4.888235294117647,7.0,41.75294117647059,32.076470588235296,61.26470588235294,1100.0,1550.0,650.0,974.2210092007984,990.532605520479,114.0875,112.0425,126.12666666666668
2002,Северо-Казахстанская область,Ячмень,435341.0,609948.36,1400.0,stat_gov_kz_real,Barley,148.0775,129.9575,108.9675,99.27083333333331,489.8372727272727,577.6666666666666,461.71,410.895,152.19375,94.41875,287.2380545380849,0.0014021943687058,-0.0065191763578387,0.3134138039888539,0.3091917425550065,18535725.229287133,14.088333333333331,42.803333333333335,199.22166666666664,566.0241666666667,1.0423529411764707,34.688235294117646,26.17058823529412,4.888235294117647,7.0,41.75294117647059,32.076470588235296,61.26470588235294,1570.0,1100.0,1550.0,1212.3312622371882,1092.5326055204791,126.80833333333334,114.0875,112.0425
2003,Северо-Казахстанская область,Ячмень,546916.0,621528.41,1160.0,stat_gov_kz_real,Barley,146.1431,138.57684166666667,104.74049416666666,105.37007583333332,593.5833333333334,593.3333333333334,558.585,476.7033333333334,171.665625,138.18541666666667,288.397750949084,0.0014391817896859,-0.0065342163837604,0.3103937068692785,0.3012298001622107,18470052.648770448,15.246666666666668,43.98666666666667,199.61,563.7671666666666,1.0423529411764707,34.688235294117646,26.17058823529412,4.888235294117647,7.0,41.75294117647059,32.076470588235296,61.26470588235294,1400.0,1570.0,1100.0,1112.113414736088,1078.401897019819,148.0775,126.80833333333334,114.0875
2004,Северо-Казахстанская область,Ячмень,356652.0,307756.46,869.9999999999999,stat_gov_kz_real,Barley,156.88168008749,144.44395972875,98.988547595,111.80347966666666,679.4158333333334,684.0833333333334,618.2258333333333,499.2808333333333,204.74375,174.91458333333333,289.07454905538305,0.0011998382443893,-0.0076172471544596,0.2808802651935478,0.2762938615438061,19002265.512737133,15.923333333333332,36.58166666666667,232.74,580.3665,1.0423529411764707,34.688235294117646,26.17058823529412,4.888235294117647,7.0,41.75294117647059,32.076470588235296,61.26470588235294,1160.0,1400.0,1570.0,1150.9040207527014,1139.9411697939336,146.1431,148.0775,126.80833333333334
2005,Северо-Казахстанская область,Ячмень,315315.0,397902.39,1270.0,stat_gov_kz_real,Barley,152.35059374973665,135.7200173296875,95.07712917583336,98.67179116666668,675.1541666666667,677.3333333333334,544.5933333333334,450.5641666666667,226.7854166666667,217.35208333333333,288.63480005223363,0.00138358833721,-0.0066087520492265,0.3026042133442991,0.2958003679733106,18880213.670109417,15.485,42.385,201.98833333333332,576.2168333333333,1.0423529411764707,34.688235294117646,26.17058823529412,4.888235294117647,7.0,41.75294117647059,32.076470588235296,61.26470588235294,869.9999999999999,1160.0,1400.0,1000.9040207527014,1051.9411697939336,156.88168008749,146.1431,148.0775
2006,Северо-Казахстанская область,Ячмень,384554.0,592181.11,1550.0,stat_gov_kz_real,Barley,192.04335668599836,158.96785216265667,116.615095175,121.85101775,791.0241666666667,658.0,599.335,508.2991666666667,229.8715277777775,222.1388888888892,288.6804138491329,0.0012553620483014,-0.0073385665572734,0.2822957045860962,0.2735768737728408,18433279.43179878,15.53,38.21666666666667,224.13333333333333,563.055,1.0423529411764707,34.688235294117646,26.17058823529412,4.888235294117647,7.0,41.75294117647059,32.076470588235296,61.26470588235294,1270.0,869.9999999999999,1160.0,1007.788534920468,1098.5424124516207,152.35059374973665,156.88168008749,146.1431
2007,Северо-Казахстанская область,Ячмень,411831.0,658525.79,1620.0,stat_gov_kz_real,Barley,255.20611049679837,238.587672411,172.38121729166664,163.66491446666666,964.2283333333334,1021.9166666666666,886.0566666666667,816.6866666666666,391.9625,307.1076388888892,288.97993119027745,0.0013226882401481,-0.0070575025253719,0.2951412214379525,0.2897669664420045,18859377.31730798,15.831666666666663,40.45,215.6083333333333,575.8951666666667,1.0423529411764707,34.688235294117646,26.17058823529412,4.888235294117647,7.0,41.75294117647059,32.076470588235296,61.26470588235294,1550.0,1270.0,869.9999999999999,1160.0,1108.5424124516207,192.04335668599836,152.35059374973665,156.88168008749
2008,Северо-Казахстанская область,Ячмень,536986.4,729304.04,1390.0,stat_gov_kz_real,Barley,326.03004623959333,271.5203279291592,200.51552770252167,223.1168277333333,1326.0408333333332,1498.9166666666667,1260.8108333333332,1042.9233333333334,861.61875,514.9791666666666,289.14735601844075,0.001124581778192,-0.0075998415840403,0.2717217600600177,0.2635936070116423,19265657.920354065,15.998333333333337,34.31666666666667,232.25,588.3445,1.0423529411764707,34.688235294117646,26.17058823529412,4.888235294117647,7.0,41.75294117647059,32.076470588235296,61.26470588235294,1620.0,1550.0,1270.0,1346.6666666666667,1192.673120952281,255.20611049679837,192.04335668599836,152.35059374973665
2009,Северо-Казахстанская область,Ячмень,410782.0,652166.2000000001,1590.0,stat_gov_kz_real,Barley,224.06988173743412,185.953589925,128.32218617003,165.50963333333334,871.9008333333333,854.6666666666666,853.065,741.1458333333334,288.46875,251.07916666666665,287.99329217310293,0.0014169050242113,-0.00700104032969,0.2976502864019232,0.2869529529234354,18624079.69238663,14.843333333333334,43.41666666666666,213.87166666666667,568.6421666666666,1.0423529411764707,34.688235294117646,26.17058823529412,4.888235294117647,7.0,41.75294117647059,32.076470588235296,61.26470588235294,1390.0,1620.0,1550.0,1386.6666666666667,1240.0,326.03004623959333,255.20611049679837,192.04335668599836
2010,Северо-Казахстанская область,Ячмень,435636.0,450767.7,1060.0,stat_gov_kz_real,Barley,223.5821054048625,229.67709914285751,158.38666512309334,185.9142083333333,1011.6566666666666,1074.3333333333333,1000.8558333333334,933.0233333333332,456.4270833333333,288.90416666666664,289.39487594539145,0.0007173384998622,-0.0081476156826346,0.2556810146852953,0.2575253695138664,20296956.47357266,16.245,21.953333333333333,248.86166666666668,619.5306666666667,1.0423529411764707,34.688235294117646,26.17058823529412,4.888235294117647,7.0,41.75294117647059,32.076470588235296,61.26470588235294,1590.0,1390.0,1620.0,1386.6666666666667,1340.0,224.06988173743412,326.03004623959333,255.20611049679837
2011,Северо-Казахстанская область,Ячмень,436948.1,886120.9800000001,2040.0,stat_gov_kz_real,Barley,316.2641325585392,285.9133463029892,207.1969187051708,291.68407333333334,1362.82,1597.7091666666663,1297.66,1193.37,516.2875,398.92291666666665,288.9216230569704,0.0014601070203489,-0.0070899073681482,0.2909694036095574,0.2833584905739212,18794073.85085056,15.773333333333332,44.56666666666666,216.66333333333333,573.933,1.0423529411764707,34.688235294117646,26.17058823529412,4.888235294117647,7.0,41.75294117647059,32.076470588235296,61.26470588235294,1060.0,1590.0,1390.0,1206.6666666666667,1312.0,223.5821054048625,224.06988173743412,326.03004623959333
2012,Северо-Казахстанская область,Ячмень,418332.9,468493.71,1150.0,stat_gov_kz_real,Barley,313.2422696110684,295.3661879274459,240.28063808774667,298.41696413768085,1237.7083333333333,1447.6450000000002,1225.6025,1043.3975,480.23819444444416,398.6006944444442,290.93738155470345,0.0010507578964652,-0.0080993232349013,0.2612914912837039,0.2573745081478069,19641224.144156728,17.788333333333334,32.123333333333335,247.46833333333333,599.8488333333333,1.0423529411764707,34.688235294117646,26.17058823529412,4.888235294117647,7.0,41.75294117647059,32.076470588235296,61.26470588235294,2040.0,1060.0,1590.0,1496.6666666666667,1442.0,316.2641325585392,223.5821054048625,224.06988173743412
2013,Северо-Казахстанская область,Ячмень,372991.0,558299.77,1510.0,stat_gov_kz_real,Barley,312.2478668979183,276.733461739185,203.00875833333248,259.38922323787915,1084.2666666666669,1155.4075,1055.3933333333332,870.7258333333333,410.97291666666666,339.6145833333333,288.2797983402536,0.0016535991296397,-0.0068201682835203,0.3102898914991443,0.3057897520317299,18460322.17355969,15.13,50.803333333333335,208.11,563.3321666666667,1.0423529411764707,34.688235294117646,26.17058823529412,4.888235294117647,7.0,41.75294117647059,32.076470588235296,61.26470588235294,1150.0,2040.0,1060.0,1400.0,1372.0,313.2422696110684,316.2641325585392,223.5821054048625
2014,Северо-Казахстанская область,Ячмень,435582.6,749369.0580000001,1820.0,stat_gov_kz_real,Barley,284.8859214,245.21163752025,145.90297638888916,192.8812195333333,911.6633333333334,920.2958333333332,905.9691666666666,837.4691666666666,429.5864583333334,308.4375,288.377987821669,0.0011481597550606,-0.0075099680184316,0.2770251277388499,0.2742088987656154,19137151.863283142,15.228333333333332,35.160000000000004,229.425,584.1971666666667,1.0423529411764707,34.688235294117646,26.17058823529412,4.888235294117647,7.0,41.75294117647059,32.076470588235296,61.26470588235294,1510.0,1150.0,2040.0,1493.3333333333333,1376.0,312.2478668979183,313.2422696110684,316.2641325585392
2015,Северо-Казахстанская область,Ячмень,454970.34,725790.986,1600.0,stat_gov_kz_real,Barley,204.449128614,206.37664030275,121.33064930555668,169.75022306666668,784.6475,888.4775,755.6325,663.3908333333333,416.62395833333335,277.9375,288.68033360979234,0.00132469694655,-0.0071580944485533,0.2993542451750579,0.2902930132679188,18980036.87247777,15.53,40.525,218.8066666666667,579.2955000000001,1.0423529411764707,34.688235294117646,26.17058823529412,4.888235294117647,7.0,41.75294117647059,32.076470588235296,61.26470588235294,1820.0,1510.0,1150.0,1256.6666666666667,1364.0,284.8859214,312.2478668979183,313.2422696110684
2016,Северо-Казахстанская область,Ячмень,418489.4,790714.0,1890.0,stat_gov_kz_real,Barley,166.63254345,176.30378359124998,103.91568229166752,159.1608872,827.7416666666667,867.3208333333333,814.9941666666667,735.7033333333334,315.81354166666665,194.1291666666667,289.3174390902713,0.0014573630123714,-0.0069543573753669,0.294249706853587,0.2916540603179201,18756816.40351812,16.166666666666668,44.406666666666666,212.52,573.0355,1.0423529411764707,34.688235294117646,26.17058823529412,4.888235294117647,7.0,41.75294117647059,32.076470588235296,61.26470588235294,1600.0,1820.0,1510.0,1390.0,1482.0,204.449128614,284.8859214,312.2478668979183
2017,Северо-Казахстанская область,Ячмень,434106.4,806800.87,1860.0,stat_gov_kz_real,Barley,174.195615525,178.18260991725,97.63863923611082,154.53153846666666,879.8158333333334,817.8850000000001,850.3966666666666,750.8133333333334,323.02708333333334,213.875,288.9705927351684,0.0011114836197021,-0.0075440171387582,0.2825224864271158,0.2781774573929977,19382244.038613398,15.821666666666667,33.946666666666665,230.57,591.9103333333334,1.0423529411764707,34.688235294117646,26.17058823529412,4.888235294117647,7.0,41.75294117647059,32.076470588235296,61.26470588235294,1890.0,1600.0,1820.0,1470.5069846609322,1360.3041907965594,166.63254345,204.449128614,284.8859214
2018,Северо-Казахстанская область,Ячмень,545663.7,954307.16,1750.0,stat_gov_kz_real,Barley,209.9288346,203.89093102725,125.88533298611252,164.4145468,830.0308333333332,765.4966666666666,789.1175,638.6558333333334,393.425,249.4495833333333,287.5128957712755,0.0014503846345327,-0.0069442679131643,0.3086804201389621,0.3001793099058934,18310602.204555143,14.363333333333337,44.34,212.23666666666668,559.1358333333334,1.0423529411764707,34.688235294117646,26.17058823529412,4.888235294117647,7.0,41.75294117647059,32.076470588235296,61.26470588235294,1860.0,1890.0,1600.0,1566.6179250438854,1463.9707550263313,174.195615525,166.63254345,204.449128614
2019,Северо-Казахстанская область,Ячмень,665523.5,1003251.4,1510.0,stat_gov_kz_real,Barley,201.692128575,211.27579630275,128.06698819444333,170.07008806666667,857.1866666666666,741.1033333333334,765.44,601.3666666666667,306.355,245.28166666666667,288.51084568493604,0.0011711310170603,-0.0076537846395652,0.2814676492717734,0.2726801280476322,19254150.837210964,15.361666666666666,35.598333333333336,234.22166666666664,588.3721666666667,1.0423529411764707,34.688235294117646,26.17058823529412,4.888235294117647,7.0,41.75294117647059,32.076470588235296,61.26470588235294,1750.0,1860.0,1890.0,1563.2845917105521,1523.9707550263313,209.9288346,174.195615525,166.63254345
2020,Северо-Казахстанская область,Ячмень,525547.0,728760.8,1420.0,stat_gov_kz_real,Barley,231.56548795,227.73879764625,97.60036458333,165.46600046666666,906.4321537216824,880.988337850045,837.75632231405,751.7661576212475,312.4241666666667,229.10083333333333,289.9538020794767,0.0012597873466308,-0.0080705725732581,0.276060137702878,0.2732565470740767,19376478.22856872,16.80333333333333,38.461666666666666,246.525,591.8266666666667,1.0423529411764707,34.688235294117646,26.17058823529412,4.888235294117647,7.0,41.75294117647059,32.076470588235296,61.26470588235294,1510.0,1750.0,1860.0,1543.4838070075311,1532.394475001078,201.692128575,209.9288346,174.195615525
2021,Северо-Казахстанская область,Ячмень,387619.0,446538.52,1180.0,stat_gov_kz_real,Barley,315.2375,281.6606065851818,,259.54567977893333,1502.3308333333334,1404.0939758355908,1385.4066666666668,1130.5766666666666,600.9633333333333,483.2075,289.6146452650336,0.0008681891764509,-0.0080879491835072,0.2622693385039119,0.2612102771864736,20071941.32876677,16.463333333333335,26.516666666666666,247.2783333333333,612.924,1.0423529411764707,34.688235294117646,26.17058823529412,4.888235294117647,7.0,41.75294117647059,32.076470588235296,61.26470588235294,1420.0,1510.0,1750.0,1466.4665332491722,1509.8506749758346,231.56548795,201.692128575,209.9288346
2022,Северо-Казахстанская область,Ячмень,402466.29,645533.92,1610.0000000000002,stat_gov_kz_real,Barley,429.9716666666666,381.91843016614285,,318.80665693333333,1756.7299999999998,1650.8083333333334,1666.7975,1275.9916666666666,772.1583333333333,700.015,289.6616435210072,0.0008509126076215,-0.0075598182709188,0.2621602812110037,0.2593293952638909,18879427.97251497,16.513333333333332,26.05666666666667,231.15833333333333,576.7293333333333,1.0423529411764707,34.688235294117646,26.17058823529412,4.888235294117647,7.0,41.75294117647059,32.076470588235296,61.26470588235294,1180.0,1420.0,1510.0,1335.9415565083875,1443.2314981348045,315.2375,231.56548795,201.692128575
2023,Северо-Казахстанская область,Ячмень,508642.02,550162.454,1123.34,stat_gov_kz_real,Barley,340.43,257.74181354863634,,252.65528515370417,1065.1408333333334,1006.6991666666668,1118.5016666666668,886.4533333333334,550.0483333333333,358.0016666666667,289.5236512078174,0.0006467397379246,-0.0049289491679192,0.2764382283662994,0.2713328395400161,14115470.12282928,16.371666666666666,19.70833333333333,150.73166666666663,431.0991666666666,1.0423529411764707,34.688235294117646,26.17058823529412,4.888235294117647,7.0,41.75294117647059,32.076470588235296,61.26470588235294,1610.0000000000002,1180.0,1420.0,1348.5686898838096,1401.5649339050328,429.9716666666666,315.2375,231.56548795
2024,Северо-Казахстанская область,Ячмень,456635.0,840749.57,1860.0,stat_gov_kz_real,Barley,268.67333333333335,230.878850445,,190.60477617365,1089.3890968508615,1059.975,1021.9542980012442,963.3648258333332,563.665,338.26916666666665,288.4316707721188,0.0017295213958452,-0.0063265907659187,0.3265275888726496,0.3238014278789007,18253534.260363985,15.281666666666666,53.045,193.145,556.975,1.0423529411764707,34.688235294117646,26.17058823529412,4.888235294117647,7.0,41.75294117647059,32.076470588235296,61.26470588235294,1123.34,1610.0000000000002,1180.0,1248.9116899258822,1321.2269339050326,340.43,429.9716666666666,315.2375
2025,Северо-Казахстанская область,Ячмень,424392.4,898033.79,2120.0,stat_gov_kz_real,Barley,243.3325,219.61538460375,,203.19753726864084,1226.4814225569482,1262.8893305316649,1139.8729249670616,1006.980403811544,685.2199999999999,422.655,289.98509614754914,0.0015127205551172,-0.0071545833416474,0.298025870138938,0.2882290239919902,18515193.90122865,16.834999999999997,46.18666666666667,218.515,565.388,1.0423529411764707,34.688235294117646,26.17058823529412,4.888235294117647,7.0,41.75294117647059,32.076470588235296,61.26470588235294,1860.0,1123.34,1610.0000000000002,1486.1033333333335,1408.8032139302857,268.67333333333335,340.43,429.9716666666666
1991,Северо-Казахстанская область,Кукуруза,200.0,166.0,830.0000000000001,stat_gov_kz_real,Maize,128.665,126.11333333333332,78.28666666666668,107.42,,,453.8333333333333,339.0,158.25,138.39583333333334,289.4228781082117,0.0009343776565692,-0.0076138023959919,0.2749421243708697,0.2726190423136933,19517949.456947003,16.271666666666665,28.62833333333333,232.5883333333333,595.8688333333333,1.0423529411764707,34.688235294117646,26.17058823529412,4.888235294117647,7.0,41.75294117647059,32.076470588235296,61.26470588235294,,,,,,,,
2005,Северо-Казахстанская область,Кукуруза,500.0,,1630.0,stat_gov_kz_real,Maize,152.35059374973665,135.7200173296875,95.07712917583336,98.67179116666668,675.1541666666667,677.3333333333334,544.5933333333334,450.5641666666667,226.7854166666667,217.35208333333333,288.63480005223363,0.00138358833721,-0.0066087520492265,0.3026042133442991,0.2958003679733106,18880213.670109417,15.485,42.385,201.98833333333332,576.2168333333333,1.0423529411764707,34.688235294117646,26.17058823529412,4.888235294117647,7.0,41.75294117647059,32.076470588235296,61.26470588235294,830.0000000000001,,,,,128.665,,
2007,Северо-Казахстанская область,Кукуруза,1740.0,,1510.0,stat_gov_kz_real,Maize,255.20611049679837,238.587672411,172.38121729166664,163.66491446666666,964.2283333333334,1021.9166666666666,886.0566666666667,816.6866666666666,391.9625,307.1076388888892,288.97993119027745,0.0013226882401481,-0.0070575025253719,0.2951412214379525,0.2897669664420045,18859377.31730798,15.831666666666663,40.45,215.6083333333333,575.8951666666667,1.0423529411764707,34.688235294117646,26.17058823529412,4.888235294117647,7.0,41.75294117647059,32.076470588235296,61.26470588235294,1630.0,830.0000000000001,,,,152.35059374973665,128.665,
2008,Северо-Казахстанская область,Кукуруза,1442.0,,1780.0,stat_gov_kz_real,Maize,326.03004623959333,271.5203279291592,200.51552770252167,223.1168277333333,1326.0408333333332,1498.9166666666667,1260.8108333333332,1042.9233333333334,861.61875,514.9791666666666,289.14735601844075,0.001124581778192,-0.0075998415840403,0.2717217600600177,0.2635936070116423,19265657.920354065,15.998333333333337,34.31666666666667,232.25,588.3445,1.0423529411764707,34.688235294117646,26.17058823529412,4.888235294117647,7.0,41.75294117647059,32.076470588235296,61.26470588235294,1510.0,1630.0,830.0000000000001,1610.0,,255.20611049679837,152.35059374973665,128.665
2009,Северо-Казахстанская область,Кукуруза,485.0,285.2,,stat_gov_kz_real,Maize,224.06988173743412,185.953589925,128.32218617003,165.50963333333334,871.9008333333333,854.6666666666666,853.065,741.1458333333334,288.46875,251.07916666666665,287.99329217310293,0.0014169050242113,-0.00700104032969,0.2976502864019232,0.2869529529234354,18624079.69238663,14.843333333333334,43.41666666666666,213.87166666666667,568.6421666666666,1.0423529411764707,34.688235294117646,26.17058823529412,4.888235294117647,7.0,41.75294117647059,32.076470588235296,61.26470588235294,1780.0,1510.0,1630.0,1346.6666666666667,,326.03004623959333,255.20611049679837,152.35059374973665
2018,Северо-Казахстанская область,Кукуруза,145.0,306.0,,stat_gov_kz_real,Maize,209.9288346,203.89093102725,125.88533298611252,164.4145468,830.0308333333332,765.4966666666666,789.1175,638.6558333333334,393.425,249.4495833333333,287.5128957712755,0.0014503846345327,-0.0069442679131643,0.3086804201389621,0.3001793099058934,18310602.204555143,14.363333333333337,44.34,212.23666666666668,559.1358333333334,1.0423529411764707,34.688235294117646,26.17058823529412,4.888235294117647,7.0,41.75294117647059,32.076470588235296,61.26470588235294,,1780.0,1510.0,1603.3333333333333,1480.0,224.06988173743412,326.03004623959333,255.20611049679837
2019,Северо-Казахстанская область,Кукуруза,1733.0,2291.2000000000003,,stat_gov_kz_real,Maize,201.692128575,211.27579630275,128.06698819444333,170.07008806666667,857.1866666666666,741.1033333333334,765.44,601.3666666666667,306.355,245.28166666666667,288.51084568493604,0.0011711310170603,-0.0076537846395652,0.2814676492717734,0.2726801280476322,19254150.837210964,15.361666666666666,35.598333333333336,234.22166666666664,588.3721666666667,1.0423529411764707,34.688235294117646,26.17058823529412,4.888235294117647,7.0,41.75294117647059,32.076470588235296,61.26470588235294,,,1780.0,1093.3333333333333,1234.0,209.9288346,224.06988173743412,326.03004623959333
2020,Северо-Казахстанская область,Кукуруза,1278.0,956.47,,stat_gov_kz_real,Maize,231.56548795,227.73879764625,97.60036458333,165.46600046666666,906.4321537216824,880.988337850045,837.75632231405,751.7661576212475,312.4241666666667,229.10083333333333,289.9538020794767,0.0012597873466308,-0.0080705725732581,0.276060137702878,0.2732565470740767,19376478.22856872,16.80333333333333,38.461666666666666,246.525,591.8266666666667,1.0423529411764707,34.688235294117646,26.17058823529412,4.888235294117647,7.0,41.75294117647059,32.076470588235296,61.26470588235294,,,,1103.3333333333333,1340.0,201.692128575,209.9288346,224.06988173743412
2021,Северо-Казахстанская область,Кукуруза,5188.0,9505.92,,stat_gov_kz_real,Maize,315.2375,281.6606065851818,,259.54567977893333,1502.3308333333334,1404.0939758355908,1385.4066666666668,1130.5766666666666,600.9633333333333,483.2075,289.6146452650336,0.0008681891764509,-0.0080879491835072,0.2622693385039119,0.2612102771864736,20071941.32876677,16.463333333333335,26.516666666666666,247.2783333333333,612.924,1.0423529411764707,34.688235294117646,26.17058823529412,4.888235294117647,7.0,41.75294117647059,32.076470588235296,61.26470588235294,,,,1010.0,1120.0,231.56548795,201.692128575,209.9288346
2022,Северо-Казахстанская область,Кукуруза,4977.5,9289.68,,stat_gov_kz_real,Maize,429.9716666666666,381.91843016614285,,318.80665693333333,1756.7299999999998,1650.8083333333334,1666.7975,1275.9916666666666,772.1583333333333,700.015,289.6616435210072,0.0008509126076215,-0.0075598182709188,0.2621602812110037,0.2593293952638909,18879427.97251497,16.513333333333332,26.05666666666667,231.15833333333333,576.7293333333333,1.0423529411764707,34.688235294117646,26.17058823529412,4.888235294117647,7.0,41.75294117647059,32.076470588235296,61.26470588235294,,,,990.0,1020.0,315.2375,231.56548795,201.692128575
2023,Северо-Казахстанская область,Кукуруза,4487.0,4683.075,1040.0,stat_gov_kz_real,Maize,340.43,257.74181354863634,,252.65528515370417,1065.1408333333334,1006.6991666666668,1118.5016666666668,886.4533333333334,550.0483333333333,358.0016666666667,289.5236512078174,0.0006467397379246,-0.0049289491679192,0.2764382283662994,0.2713328395400161,14115470.12282928,16.371666666666666,19.70833333333333,150.73166666666663,431.0991666666666,1.0423529411764707,34.688235294117646,26.17058823529412,4.888235294117647,7.0,41.75294117647059,32.076470588235296,61.26470588235294,,,,1113.3333333333333,1046.0,429.9716666666666,315.2375,231.56548795
2024,Северо-Казахстанская область,Кукуруза,1641.0,4220.38,3000.0,stat_gov_kz_real,Maize,268.67333333333335,230.878850445,,190.60477617365,1089.3890968508615,1059.975,1021.9542980012442,963.3648258333332,563.665,338.26916666666665,288.4316707721188,0.0017295213958452,-0.0063265907659187,0.3265275888726496,0.3238014278789007,18253534.260363985,15.281666666666666,53.045,193.145,556.975,1.0423529411764707,34.688235294117646,26.17058823529412,4.888235294117647,7.0,41.75294117647059,32.076470588235296,61.26470588235294,1040.0,,,1100.0,1124.0,340.43,429.9716666666666,315.2375
2025,Северо-Казахстанская область,Кукуруза,3472.0,14164.3,4080.0,stat_gov_kz_real,Maize,243.3325,219.61538460375,,203.19753726864084,1226.4814225569482,1262.8893305316649,1139.8729249670616,1006.980403811544,685.2199999999999,422.655,289.98509614754914,0.0015127205551172,-0.0071545833416474,0.298025870138938,0.2882290239919902,18515193.90122865,16.834999999999997,46.18666666666667,218.515,565.388,1.0423529411764707,34.688235294117646,26.17058823529412,4.888235294117647,7.0,41.75294117647059,32.076470588235296,61.26470588235294,3000.0,1040.0,,1406.6666666666667,1202.0,268.67333333333335,340.43,429.9716666666666
1990,Северо-Казахстанская область,Подсолнечник,815.0,480.4,720.0,stat_gov_kz_real,Sunflower seed,135.5225,129.08916666666667,79.925,109.27583333333332,,,447.3333333333333,289.75,154.67499999999998,115.64583333333331,,,,,,,,,,,1.0423529411764707,34.688235294117646,26.17058823529412,4.888235294117647,7.0,41.75294117647059,32.076470588235296,61.26470588235294,,,,1356.6666666666667,1254.0,,,
1991,Северо-Казахстанская область,Подсолнечник,16923.0,2488.3,330.0,stat_gov_kz_real,Sunflower seed,128.665,126.11333333333332,78.28666666666668,107.42,,,453.8333333333333,339.0,158.25,138.39583333333334,289.4228781082117,0.0009343776565692,-0.0076138023959919,0.2749421243708697,0.2726190423136933,19517949.456947003,16.271666666666665,28.62833333333333,232.5883333333333,595.8688333333333,1.0423529411764707,34.688235294117646,26.17058823529412,4.888235294117647,7.0,41.75294117647059,32.076470588235296,61.26470588235294,720.0,,,1376.6666666666667,1356.0,135.5225,,
1992,Северо-Казахстанская область,Подсолнечник,32748.0,5563.900000000001,300.0,stat_gov_kz_real,Sunflower seed,151.20000000000002,145.14166666666668,78.675,104.24583333333334,,,428.9166666666667,393.5,137.87291666666667,117.60416666666669,286.1462164733199,0.001587081570155,-0.0058962070838926,0.3238320989497196,0.314460981720859,17518385.362479795,12.996666666666668,48.571666666666665,180.23666666666668,534.7633333333333,1.0423529411764707,34.688235294117646,26.17058823529412,4.888235294117647,7.0,41.75294117647059,32.076470588235296,61.26470588235294,330.0,720.0,,1143.3333333333333,1220.0,128.665,135.5225,
1993,Северо-Казахстанская область,Подсолнечник,23676.0,2887.4,210.0,stat_gov_kz_real,Sunflower seed,140.23833333333334,134.77416666666667,71.37666666666667,102.09,,,480.4166666666667,377.75,121.99583333333334,85.54166666666667,286.5032254438799,0.0018242492716733,-0.0059341347768195,0.3412156334801042,0.3334294545721231,17802869.81034017,13.353333333333332,55.67666666666667,181.505,543.7543333333333,1.0423529411764707,34.688235294117646,26.17058823529412,4.888235294117647,7.0,41.75294117647059,32.076470588235296,61.26470588235294,300.0,330.0,720.0,1100.0,1254.0,151.20000000000002,128.665,135.5225
1994,Северо-Казахстанская область,Подсолнечник,21061.0,2134.6,200.0,stat_gov_kz_real,Sunflower seed,149.72916666666666,138.555,72.64833333333333,107.55,,,615.5833333333334,528.4166666666666,160.42430555555583,93.88541666666669,287.6453967794925,0.0015026814775752,-0.0064281213580353,0.3179925579238541,0.311833527420417,17951582.47125991,14.495,46.09666666666667,196.15,547.679,1.0423529411764707,34.688235294117646,26.17058823529412,4.888235294117647,7.0,41.75294117647059,32.076470588235296,61.26470588235294,210.0,300.0,330.0,1230.0,1250.0,140.23833333333334,151.20000000000002,128.665
1995,Северо-Казахстанская область,Подсолнечник,11508.0,825.7,150.0,stat_gov_kz_real,Sunflower seed,176.9825,167.35833333333335,104.01083333333334,123.4875,,,625.0833333333334,628.25,199.7722222222225,126.8625,289.27058141143675,0.0011469081810659,-0.0075251830486656,0.2788567650788104,0.2701835153868188,19088493.658715498,16.12,35.15333333333333,229.86333333333332,582.5523333333334,1.0423529411764707,34.688235294117646,26.17058823529412,4.888235294117647,7.0,41.75294117647059,32.076470588235296,61.26470588235294,200.0,210.0,300.0,1480.0,1294.0,149.72916666666666,140.23833333333334,151.20000000000002
1996,Северо-Казахстанская область,Подсолнечник,7946.0,1268.5,220.00000000000003,stat_gov_kz_real,Sunflower seed,207.6,187.41916666666668,119.66583333333334,165.80916666666667,,,551.5,530.9166666666666,198.10416666666663,153.69166666666666,286.9755233079305,0.0014654919002979,-0.0063641143936894,0.3104159130843208,0.2973663011090053,18178095.137549862,13.823333333333332,44.76499999999999,194.47833333333327,555.0428333333333,1.0423529411764707,34.688235294117646,26.17058823529412,4.888235294117647,7.0,41.75294117647059,32.076470588235296,61.26470588235294,150.0,200.0,210.0,1520.0,1340.0,176.9825,149.72916666666666,140.23833333333334
1997,Северо-Казахстанская область,Подсолнечник,2418.0,268.40000000000003,160.0,stat_gov_kz_real,Sunflower seed,159.48416666666665,143.64833333333334,97.23833333333332,117.09166666666664,,,564.75,545.8333333333334,186.98958333333331,117.49375,289.0044009928392,0.0009752120048686,-0.0075847002625326,0.2766567016032366,0.2732509295749538,18893177.6412589,15.853333333333332,29.92333333333333,231.53166666666667,576.4536666666667,1.0423529411764707,34.688235294117646,26.17058823529412,4.888235294117647,7.0,41.75294117647059,32.076470588235296,61.26470588235294,220.00000000000003,150.0,200.0,1533.3333333333333,1484.0,207.6,176.9825,149.72916666666666
1998,Северо-Казахстанская область,Подсолнечник,3001.0,245.3,150.0,stat_gov_kz_real,Sunflower seed,126.12666666666668,111.515,85.05333333333333,101.98666666666666,,,625.9166666666666,671.0833333333334,186.86319444444416,83.21666666666667,288.83009798572283,0.0010475480592592,-0.0076466506391867,0.2799554650461078,0.2718331940725227,19291600.86951696,15.678333333333336,31.91,233.9033333333333,589.2715,1.0423529411764707,34.688235294117646,26.17058823529412,4.888235294117647,7.0,41.75294117647059,32.076470588235296,61.26470588235294,160.0,220.00000000000003,150.0,1346.6666666666667,1442.0,159.48416666666665,207.6,176.9825
1999,Северо-Казахстанская область,Подсолнечник,4867.0,1113.0,280.0,stat_gov_kz_real,Sunflower seed,112.0425,96.27833333333332,75.93833333333333,90.21666666666664,,,426.4683333333333,436.0,171.1,65.94236111111083,287.91882916991966,0.0015261135695581,-0.0068473304165252,0.3049673180623376,0.2960342309769855,18512508.022182222,14.768333333333333,46.571666666666665,209.4766666666667,565.4951666666667,1.0423529411764707,34.688235294117646,26.17058823529412,4.888235294117647,7.0,41.75294117647059,32.076470588235296,61.26470588235294,150.0,160.0,220.00000000000003,1563.3333333333333,1540.0,126.12666666666668,159.48416666666665,207.6
2000,Северо-Казахстанская область,Подсолнечник,3426.0,778.1,250.0,stat_gov_kz_real,Sunflower seed,114.0875,98.91416666666667,77.23416666666667,88.53416666666668,,,338.14000000000004,310.25,147.66875000000002,100.92291666666668,288.3580851055727,0.0015042011602884,-0.0069634538916046,0.3043780031375253,0.2939117146096706,18417993.28256339,15.21,45.97666666666667,212.6483333333333,562.1255,1.0423529411764707,34.688235294117646,26.17058823529412,4.888235294117647,7.0,41.75294117647059,32.076470588235296,61.26470588235294,280.0,150.0,160.0,1416.6666666666667,1446.0,112.0425,126.12666666666668,159.48416666666665
2001,Северо-Казахстанская область,Подсолнечник,1976.0,499.1,280.0,stat_gov_kz_real,Sunflower seed,126.80833333333334,107.72416666666668,93.93666666666668,89.64083333333333,,,353.235,287.4583333333333,143.5097222222225,96.4534722222225,288.07892200888824,0.0015830853355426,-0.0068109448065982,0.3112561284516307,0.3008343275631232,18564968.265211128,14.926666666666668,48.35,208.145,566.87,1.0423529411764707,34.688235294117646,26.17058823529412,4.888235294117647,7.0,41.75294117647059,32.076470588235296,61.26470588235294,250.0,280.0,150.0,1566.6666666666667,1470.0,114.0875,112.0425,126.12666666666668
2002,Северо-Казахстанская область,Подсолнечник,1409.0,350.6,250.0,stat_gov_kz_real,Sunflower seed,148.0775,129.9575,108.9675,99.27083333333331,489.8372727272727,577.6666666666666,461.71,410.895,152.19375,94.41875,287.2380545380849,0.0014021943687058,-0.0065191763578387,0.3134138039888539,0.3091917425550065,18535725.229287133,14.088333333333331,42.803333333333335,199.22166666666664,566.0241666666667,1.0423529411764707,34.688235294117646,26.17058823529412,4.888235294117647,7.0,41.75294117647059,32.076470588235296,61.26470588235294,280.0,250.0,280.0,1493.3333333333333,1516.0,126.80833333333334,114.0875,112.0425
2003,Северо-Казахстанская область,Подсолнечник,20672.0,3928.3,190.0,stat_gov_kz_real,Sunflower seed,146.1431,138.57684166666667,104.74049416666666,105.37007583333332,593.5833333333334,593.3333333333334,558.585,476.7033333333334,171.665625,138.18541666666667,288.397750949084,0.0014391817896859,-0.0065342163837604,0.3103937068692785,0.3012298001622107,18470052.648770448,15.246666666666668,43.98666666666667,199.61,563.7671666666666,1.0423529411764707,34.688235294117646,26.17058823529412,4.888235294117647,7.0,41.75294117647059,32.076470588235296,61.26470588235294,250.0,280.0,250.0,1643.3333333333333,1624.0,148.0775,126.80833333333334,114.0875
2004,Северо-Казахстанская область,Подсолнечник,4548.0,2259.7000000000003,520.0,stat_gov_kz_real,Sunflower seed,156.88168008749,144.44395972875,98.988547595,111.80347966666666,679.4158333333334,684.0833333333334,618.2258333333333,499.2808333333333,204.74375,174.91458333333333,289.07454905538305,0.0011998382443893,-0.0076172471544596,0.2808802651935478,0.2762938615438061,19002265.512737133,15.923333333333332,36.58166666666667,232.74,580.3665,1.0423529411764707,34.688235294117646,26.17058823529412,4.888235294117647,7.0,41.75294117647059,32.076470588235296,61.26470588235294,190.0,250.0,280.0,1770.0,1594.0,146.1431,148.0775,126.80833333333334
2005,Северо-Казахстанская область,Подсолнечник,13650.0,9831.2,830.0000000000001,stat_gov_kz_real,Sunflower seed,152.35059374973665,135.7200173296875,95.07712917583336,98.67179116666668,675.1541666666667,677.3333333333334,544.5933333333334,450.5641666666667,226.7854166666667,217.35208333333333,288.63480005223363,0.00138358833721,-0.0066087520492265,0.3026042133442991,0.2958003679733106,18880213.670109417,15.485,42.385,201.98833333333332,576.2168333333333,1.0423529411764707,34.688235294117646,26.17058823529412,4.888235294117647,7.0,41.75294117647059,32.076470588235296,61.26470588235294,520.0,190.0,250.0,1783.3333333333333,1736.0,156.88168008749,146.1431,148.0775
2006,Северо-Казахстанская область,Подсолнечник,22777.0,8844.7,400.0,stat_gov_kz_real,Sunflower seed,192.04335668599836,158.96785216265667,116.615095175,121.85101775,791.0241666666667,658.0,599.335,508.2991666666667,229.8715277777775,222.1388888888892,288.6804138491329,0.0012553620483014,-0.0073385665572734,0.2822957045860962,0.2735768737728408,18433279.43179878,15.53,38.21666666666667,224.13333333333333,563.055,1.0423529411764707,34.688235294117646,26.17058823529412,4.888235294117647,7.0,41.75294117647059,32.076470588235296,61.26470588235294,830.0000000000001,520.0,190.0,1833.3333333333333,1784.0,152.35059374973665,156.88168008749,146.1431
2007,Северо-Казахстанская область,Подсолнечник,4704.0,2896.4,620.0,stat_gov_kz_real,Sunflower seed,255.20611049679837,238.587672411,172.38121729166664,163.66491446666666,964.2283333333334,1021.9166666666666,886.0566666666667,816.6866666666666,391.9625,307.1076388888892,288.97993119027745,0.0013226882401481,-0.0070575025253719,0.2951412214379525,0.2897669664420045,18859377.31730798,15.831666666666663,40.45,215.6083333333333,575.8951666666667,1.0423529411764707,34.688235294117646,26.17058823529412,4.888235294117647,7.0,41.75294117647059,32.076470588235296,61.26470588235294,400.0,830.0000000000001,520.0,1706.6666666666667,1722.0,192.04335668599836,152.35059374973665,156.88168008749
2008,Северо-Казахстанская область,Подсолнечник,13727.0,6815.450000000001,560.0,stat_gov_kz_real,Sunflower seed,326.03004623959333,271.5203279291592,200.51552770252167,223.1168277333333,1326.0408333333332,1498.9166666666667,1260.8108333333332,1042.9233333333334,861.61875,514.9791666666666,289.14735601844075,0.001124581778192,-0.0075998415840403,0.2717217600600177,0.2635936070116423,19265657.920354065,15.998333333333337,34.31666666666667,232.25,588.3445,1.0423529411764707,34.688235294117646,26.17058823529412,4.888235294117647,7.0,41.75294117647059,32.076470588235296,61.26470588235294,620.0,400.0,830.0000000000001,1560.0,1686.0,255.20611049679837,192.04335668599836,152.35059374973665
2009,Северо-Казахстанская область,Подсолнечник,38471.0,14373.25,370.0,stat_gov_kz_real,Sunflower seed,224.06988173743412,185.953589925,128.32218617003,165.50963333333334,871.9008333333333,854.6666666666666,853.065,741.1458333333334,288.46875,251.07916666666665,287.99329217310293,0.0014169050242113,-0.00700104032969,0.2976502864019232,0.2869529529234354,18624079.69238663,14.843333333333334,43.41666666666666,213.87166666666667,568.6421666666666,1.0423529411764707,34.688235294117646,26.17058823529412,4.888235294117647,7.0,41.75294117647059,32.076470588235296,61.26470588235294,560.0,620.0,400.0,1370.0,1544.0,326.03004623959333,255.20611049679837,192.04335668599836
2010,Северо-Казахстанская область,Подсолнечник,53519.0,17124.579999999998,320.0,stat_gov_kz_real,Sunflower seed,223.5821054048625,229.67709914285751,158.38666512309334,185.9142083333333,1011.6566666666666,1074.3333333333333,1000.8558333333334,933.0233333333332,456.4270833333333,288.90416666666664,289.39487594539145,0.0007173384998622,-0.0081476156826346,0.2556810146852953,0.2575253695138664,20296956.47357266,16.245,21.953333333333333,248.86166666666668,619.5306666666667,1.0423529411764707,34.688235294117646,26.17058823529412,4.888235294117647,7.0,41.75294117647059,32.076470588235296,61.26470588235294,370.0,560.0,620.0,1403.3333333333333,1494.0,224.06988173743412,326.03004623959333,255.20611049679837
2011,Северо-Казахстанская область,Подсолнечник,30015.0,20976.7,750.0,stat_gov_kz_real,Sunflower seed,316.2641325585392,285.9133463029892,207.1969187051708,291.68407333333334,1362.82,1597.7091666666663,1297.66,1193.37,516.2875,398.92291666666665,288.9216230569704,0.0014601070203489,-0.0070899073681482,0.2909694036095574,0.2833584905739212,18794073.85085056,15.773333333333332,44.56666666666666,216.66333333333333,573.933,1.0423529411764707,34.688235294117646,26.17058823529412,4.888235294117647,7.0,41.75294117647059,32.076470588235296,61.26470588235294,320.0,370.0,560.0,1304.4466666666667,1368.6680000000001,223.5821054048625,224.06988173743412,326.03004623959333
2012,Северо-Казахстанская область,Подсолнечник,22883.0,20972.5,920.0,stat_gov_kz_real,Sunflower seed,313.2422696110684,295.3661879274459,240.28063808774667,298.41696413768085,1237.7083333333333,1447.6450000000002,1225.6025,1043.3975,480.23819444444416,398.6006944444442,290.93738155470345,0.0010507578964652,-0.0080993232349013,0.2612914912837039,0.2573745081478069,19641224.144156728,17.788333333333334,32.123333333333335,247.46833333333333,599.8488333333333,1.0423529411764707,34.688235294117646,26.17058823529412,4.888235294117647,7.0,41.75294117647059,32.076470588235296,61.26470588235294,750.0,320.0,370.0,1531.1133333333335,1438.6680000000001,316.2641325585392,223.5821054048625,224.06988173743412
2013,Северо-Казахстанская область,Подсолнечник,35765.0,36777.6,1030.0,stat_gov_kz_real,Sunflower seed,312.2478668979183,276.733461739185,203.00875833333248,259.38922323787915,1084.2666666666669,1155.4075,1055.3933333333332,870.7258333333333,410.97291666666666,339.6145833333333,288.2797983402536,0.0016535991296397,-0.0068201682835203,0.3102898914991443,0.3057897520317299,18460322.17355969,15.13,50.803333333333335,208.11,563.3321666666667,1.0423529411764707,34.688235294117646,26.17058823529412,4.888235294117647,7.0,41.75294117647059,32.076470588235296,61.26470588235294,920.0,750.0,320.0,,,313.2422696110684,316.2641325585392,223.5821054048625
2014,Северо-Казахстанская область,Подсолнечник,44903.0,30175.5,770.0,stat_gov_kz_real,Sunflower seed,284.8859214,245.21163752025,145.90297638888916,192.8812195333333,911.6633333333334,920.2958333333332,905.9691666666666,837.4691666666666,429.5864583333334,308.4375,288.377987821669,0.0011481597550606,-0.0075099680184316,0.2770251277388499,0.2742088987656154,19137151.863283142,15.228333333333332,35.160000000000004,229.425,584.1971666666667,1.0423529411764707,34.688235294117646,26.17058823529412,4.888235294117647,7.0,41.75294117647059,32.076470588235296,61.26470588235294,1030.0,920.0,750.0,,,312.2478668979183,313.2422696110684,316.2641325585392
2015,Северо-Казахстанская область,Подсолнечник,31880.0,28337.674,890.0,stat_gov_kz_real,Sunflower seed,204.449128614,206.37664030275,121.33064930555668,169.75022306666668,784.6475,888.4775,755.6325,663.3908333333333,416.62395833333335,277.9375,288.68033360979234,0.00132469694655,-0.0071580944485533,0.2993542451750579,0.2902930132679188,18980036.87247777,15.53,40.525,218.8066666666667,579.2955000000001,1.0423529411764707,34.688235294117646,26.17058823529412,4.888235294117647,7.0,41.75294117647059,32.076470588235296,61.26470588235294,770.0,1030.0,920.0,,,284.8859214,312.2478668979183,313.2422696110684
2016,Северо-Казахстанская область,Подсолнечник,47740.0,47675.350000000006,1100.0,stat_gov_kz_real,Sunflower seed,166.63254345,176.30378359124998,103.91568229166752,159.1608872,827.7416666666667,867.3208333333333,814.9941666666667,735.7033333333334,315.81354166666665,194.1291666666667,289.3174390902713,0.0014573630123714,-0.0069543573753669,0.294249706853587,0.2916540603179201,18756816.40351812,16.166666666666668,44.406666666666666,212.52,573.0355,1.0423529411764707,34.688235294117646,26.17058823529412,4.888235294117647,7.0,41.75294117647059,32.076470588235296,61.26470588235294,890.0,770.0,1030.0,1323.3333333333333,,204.449128614,284.8859214,312.2478668979183
2017,Северо-Казахстанская область,Подсолнечник,71306.0,98593.0,1390.0,stat_gov_kz_real,Sunflower seed,174.195615525,178.18260991725,97.63863923611082,154.53153846666666,879.8158333333334,817.8850000000001,850.3966666666666,750.8133333333334,323.02708333333334,213.875,288.9705927351684,0.0011114836197021,-0.0075440171387582,0.2825224864271158,0.2781774573929977,19382244.038613398,15.821666666666667,33.946666666666665,230.57,591.9103333333334,1.0423529411764707,34.688235294117646,26.17058823529412,4.888235294117647,7.0,41.75294117647059,32.076470588235296,61.26470588235294,1100.0,890.0,770.0,1640.0,,166.63254345,204.449128614,284.8859214
2018,Северо-Казахстанская область,Подсолнечник,68619.0,73981.90000000001,1100.0,stat_gov_kz_real,Sunflower seed,209.9288346,203.89093102725,125.88533298611252,164.4145468,830.0308333333332,765.4966666666666,789.1175,638.6558333333334,393.425,249.4495833333333,287.5128957712755,0.0014503846345327,-0.0069442679131643,0.3086804201389621,0.3001793099058934,18310602.204555143,14.363333333333337,44.34,212.23666666666668,559.1358333333334,1.0423529411764707,34.688235294117646,26.17058823529412,4.888235294117647,7.0,41.75294117647059,32.076470588235296,61.26470588235294,1390.0,1100.0,890.0,,,174.195615525,166.63254345,204.449128614
2019,Северо-Казахстанская область,Подсолнечник,33562.0,32737.94,980.0,stat_gov_kz_real,Sunflower seed,201.692128575,211.27579630275,128.06698819444333,170.07008806666667,857.1866666666666,741.1033333333334,765.44,601.3666666666667,306.355,245.28166666666667,288.51084568493604,0.0011711310170603,-0.0076537846395652,0.2814676492717734,0.2726801280476322,19254150.837210964,15.361666666666666,35.598333333333336,234.22166666666664,588.3721666666667,1.0423529411764707,34.688235294117646,26.17058823529412,4.888235294117647,7.0,41.75294117647059,32.076470588235296,61.26470588235294,1100.0,1390.0,1100.0,,,209.9288346,174.195615525,166.63254345
2020,Северо-Казахстанская область,Подсолнечник,22205.0,26028.1,1170.0,stat_gov_kz_real,Sunflower seed,231.56548795,227.73879764625,97.60036458333,165.46600046666666,906.4321537216824,880.988337850045,837.75632231405,751.7661576212475,312.4241666666667,229.10083333333333,289.9538020794767,0.0012597873466308,-0.0080705725732581,0.276060137702878,0.2732565470740767,19376478.22856872,16.80333333333333,38.461666666666666,246.525,591.8266666666667,1.0423529411764707,34.688235294117646,26.17058823529412,4.888235294117647,7.0,41.75294117647059,32.076470588235296,61.26470588235294,980.0,1100.0,1390.0,,,201.692128575,209.9288346,174.195615525
2021,Северо-Казахстанская область,Подсолнечник,62090.0,69730.03000000001,1130.0,stat_gov_kz_real,Sunflower seed,315.2375,281.6606065851818,,259.54567977893333,1502.3308333333334,1404.0939758355908,1385.4066666666668,1130.5766666666666,600.9633333333333,483.2075,289.6146452650336,0.0008681891764509,-0.0080879491835072,0.2622693385039119,0.2612102771864736,20071941.32876677,16.463333333333335,26.516666666666666,247.2783333333333,612.924,1.0423529411764707,34.688235294117646,26.17058823529412,4.888235294117647,7.0,41.75294117647059,32.076470588235296,61.26470588235294,1170.0,980.0,1100.0,,,231.56548795,201.692128575,209.9288346
2022,Северо-Казахстанская область,Подсолнечник,118650.14,152624.37,1290.0,stat_gov_kz_real,Sunflower seed,429.9716666666666,381.91843016614285,,318.80665693333333,1756.7299999999998,1650.8083333333334,1666.7975,1275.9916666666666,772.1583333333333,700.015,289.6616435210072,0.0008509126076215,-0.0075598182709188,0.2621602812110037,0.2593293952638909,18879427.97251497,16.513333333333332,26.05666666666667,231.15833333333333,576.7293333333333,1.0423529411764707,34.688235294117646,26.17058823529412,4.888235294117647,7.0,41.75294117647059,32.076470588235296,61.26470588235294,1130.0,1170.0,980.0,,,315.2375,231.56548795,201.692128575
2023,Северо-Казахстанская область,Подсолнечник,131496.62,127934.42,1010.0,stat_gov_kz_real,Sunflower seed,340.43,257.74181354863634,,252.65528515370417,1065.1408333333334,1006.6991666666668,1118.5016666666668,886.4533333333334,550.0483333333333,358.0016666666667,289.5236512078174,0.0006467397379246,-0.0049289491679192,0.2764382283662994,0.2713328395400161,14115470.12282928,16.371666666666666,19.70833333333333,150.73166666666663,431.0991666666666,1.0423529411764707,34.688235294117646,26.17058823529412,4.888235294117647,7.0,41.75294117647059,32.076470588235296,61.26470588235294,1290.0,1130.0,1170.0,,,429.9716666666666,315.2375,231.56548795
2024,Северо-Казахстанская область,Подсолнечник,113584.12,181384.39,1730.0,stat_gov_kz_real,Sunflower seed,268.67333333333335,230.878850445,,190.60477617365,1089.3890968508615,1059.975,1021.9542980012442,963.3648258333332,563.665,338.26916666666665,288.4316707721188,0.0017295213958452,-0.0063265907659187,0.3265275888726496,0.3238014278789007,18253534.260363985,15.281666666666666,53.045,193.145,556.975,1.0423529411764707,34.688235294117646,26.17058823529412,4.888235294117647,7.0,41.75294117647059,32.076470588235296,61.26470588235294,1010.0,1290.0,1130.0,,,340.43,429.9716666666666,315.2375
2025,Северо-Казахстанская область,Подсолнечник,180283.0,298277.44,1660.0000000000002,stat_gov_kz_real,Sunflower seed,243.3325,219.61538460375,,203.19753726864084,1226.4814225569482,1262.8893305316649,1139.8729249670616,1006.980403811544,685.2199999999999,422.655,289.98509614754914,0.0015127205551172,-0.0071545833416474,0.298025870138938,0.2882290239919902,18515193.90122865,16.834999999999997,46.18666666666667,218.515,565.388,1.0423529411764707,34.688235294117646,26.17058823529412,4.888235294117647,7.0,41.75294117647059,32.076470588235296,61.26470588235294,1730.0,1010.0,1290.0,,,268.67333333333335,340.43,429.9716666666666
1990,Северо-Казахстанская область,Пшеница,2169623.0,2696680.8000000003,1242.9259829933587,stat_gov_kz_real,Wheat,135.5225,129.08916666666667,79.925,109.27583333333332,,,447.3333333333333,289.75,154.67499999999998,115.64583333333331,,,,,,,,,,,1.0423529411764707,34.688235294117646,26.17058823529412,4.888235294117647,7.0,41.75294117647059,32.076470588235296,61.26470588235294,,,,,,,,
1991,Северо-Казахстанская область,Пшеница,2006931.0,1084890.3,520.0,stat_gov_kz_real,Wheat,128.665,126.11333333333332,78.28666666666668,107.42,,,453.8333333333333,339.0,158.25,138.39583333333334,289.4228781082117,0.0009343776565692,-0.0076138023959919,0.2749421243708697,0.2726190423136933,19517949.456947003,16.271666666666665,28.62833333333333,232.5883333333333,595.8688333333333,1.0423529411764707,34.688235294117646,26.17058823529412,4.888235294117647,7.0,41.75294117647059,32.076470588235296,61.26470588235294,1242.9259829933587,,,,,135.5225,,
1992,Северо-Казахстанская область,Пшеница,1978314.0,3112765.4000000004,1530.0,stat_gov_kz_real,Wheat,151.20000000000002,145.14166666666668,78.675,104.24583333333334,,,428.9166666666667,393.5,137.87291666666667,117.60416666666669,286.1462164733199,0.001587081570155,-0.0058962070838926,0.3238320989497196,0.314460981720859,17518385.362479795,12.996666666666668,48.571666666666665,180.23666666666668,534.7633333333333,1.0423529411764707,34.688235294117646,26.17058823529412,4.888235294117647,7.0,41.75294117647059,32.076470588235296,61.26470588235294,520.0,1242.9259829933587,,,,128.665,135.5225,
1993,Северо-Казахстанская область,Пшеница,1786446.0,1971210.8,1080.0,stat_gov_kz_real,Wheat,140.23833333333334,134.77416666666667,71.37666666666667,102.09,,,480.4166666666667,377.75,121.99583333333334,85.54166666666667,286.5032254438799,0.0018242492716733,-0.0059341347768195,0.3412156334801042,0.3334294545721231,17802869.81034017,13.353333333333332,55.67666666666667,181.505,543.7543333333333,1.0423529411764707,34.688235294117646,26.17058823529412,4.888235294117647,7.0,41.75294117647059,32.076470588235296,61.26470588235294,1530.0,520.0,1242.9259829933587,450.0,,151.20000000000002,128.665,135.5225
1994,Северо-Казахстанская область,Пшеница,1966436.0,1782048.0,900.0,stat_gov_kz_real,Wheat,149.72916666666666,138.555,72.64833333333333,107.55,,,615.5833333333334,528.4166666666666,160.42430555555583,93.88541666666669,287.6453967794925,0.0015026814775752,-0.0064281213580353,0.3179925579238541,0.311833527420417,17951582.47125991,14.495,46.09666666666667,196.15,547.679,1.0423529411764707,34.688235294117646,26.17058823529412,4.888235294117647,7.0,41.75294117647059,32.076470588235296,61.26470588235294,1080.0,1530.0,520.0,280.0,,140.23833333333334,151.20000000000002,128.665
1995,Северо-Казахстанская область,Пшеница,2017798.0,1557276.3,771.7701672813631,stat_gov_kz_real,Wheat,176.9825,167.35833333333335,104.01083333333334,123.4875,,,625.0833333333334,628.25,199.7722222222225,126.8625,289.27058141143675,0.0011469081810659,-0.0075251830486656,0.2788567650788104,0.2701835153868188,19088493.658715498,16.12,35.15333333333333,229.86333333333332,582.5523333333334,1.0423529411764707,34.688235294117646,26.17058823529412,4.888235294117647,7.0,41.75294117647059,32.076470588235296,61.26470588235294,900.0,1080.0,1530.0,236.66666666666666,352.0,149.72916666666666,140.23833333333334,151.20000000000002
1996,Северо-Казахстанская область,Пшеница,2169768.0,1938323.2,880.0000000000001,stat_gov_kz_real,Wheat,207.6,187.41916666666668,119.66583333333334,165.80916666666667,,,551.5,530.9166666666666,198.10416666666663,153.69166666666666,286.9755233079305,0.0014654919002979,-0.0063641143936894,0.3104159130843208,0.2973663011090053,18178095.137549862,13.823333333333332,44.76499999999999,194.47833333333327,555.0428333333333,1.0423529411764707,34.688235294117646,26.17058823529412,4.888235294117647,7.0,41.75294117647059,32.076470588235296,61.26470588235294,771.7701672813631,900.0,1080.0,186.66666666666666,238.0,176.9825,149.72916666666666,140.23833333333334
1997,Северо-Казахстанская область,Пшеница,2118708.0,2358952.6,1150.0,stat_gov_kz_real,Wheat,159.48416666666665,143.64833333333334,97.23833333333332,117.09166666666664,,,564.75,545.8333333333334,186.98958333333331,117.49375,289.0044009928392,0.0009752120048686,-0.0075847002625326,0.2766567016032366,0.2732509295749538,18893177.6412589,15.853333333333332,29.92333333333333,231.53166666666667,576.4536666666667,1.0423529411764707,34.688235294117646,26.17058823529412,4.888235294117647,7.0,41.75294117647059,32.076470588235296,61.26470588235294,880.0000000000001,771.7701672813631,900.0,190.0,216.0,207.6,176.9825,149.72916666666666
1998,Северо-Казахстанская область,Пшеница,2061851.0,1393129.3,675.6692408908307,stat_gov_kz_real,Wheat,126.12666666666668,111.515,85.05333333333333,101.98666666666666,,,625.9166666666666,671.0833333333334,186.86319444444416,83.21666666666667,288.83009798572283,0.0010475480592592,-0.0076466506391867,0.2799554650461078,0.2718331940725227,19291600.86951696,15.678333333333336,31.91,233.9033333333333,589.2715,1.0423529411764707,34.688235294117646,26.17058823529412,4.888235294117647,7.0,41.75294117647059,32.076470588235296,61.26470588235294,1150.0,880.0000000000001,771.7701672813631,176.66666666666666,188.0,159.48416666666665,207.6,176.9825
1999,Северо-Казахстанская область,Пшеница,2088627.0,2805883.5,1380.0,stat_gov_kz_real,Wheat,112.0425,96.27833333333332,75.93833333333333,90.21666666666664,,,426.4683333333333,436.0,171.1,65.94236111111083,287.91882916991966,0.0015261135695581,-0.0068473304165252,0.3049673180623376,0.2960342309769855,18512508.022182222,14.768333333333333,46.571666666666665,209.4766666666667,565.4951666666667,1.0423529411764707,34.688235294117646,26.17058823529412,4.888235294117647,7.0,41.75294117647059,32.076470588235296,61.26470588235294,675.6692408908307,1150.0,880.0000000000001,176.66666666666666,176.0,126.12666666666668,159.48416666666665,207.6
2000,Северо-Казахстанская область,Пшеница,2292023.0,1987169.7,866.9937867115644,stat_gov_kz_real,Wheat,114.0875,98.91416666666667,77.23416666666667,88.53416666666668,,,338.14000000000004,310.25,147.66875000000002,100.92291666666668,288.3580851055727,0.0015042011602884,-0.0069634538916046,0.3043780031375253,0.2939117146096706,18417993.28256339,15.21,45.97666666666667,212.6483333333333,562.1255,1.0423529411764707,34.688235294117646,26.17058823529412,4.888235294117647,7.0,41.75294117647059,32.076470588235296,61.26470588235294,1380.0,675.6692408908307,1150.0,196.66666666666666,192.0,112.0425,126.12666666666668,159.48416666666665
2001,Северо-Казахстанская область,Пшеница,2525159.0,3493063.0,1390.0,stat_gov_kz_real,Wheat,126.80833333333334,107.72416666666668,93.93666666666668,89.64083333333333,,,353.235,287.4583333333333,143.5097222222225,96.4534722222225,288.07892200888824,0.0015830853355426,-0.0068109448065982,0.3112561284516307,0.3008343275631232,18564968.265211128,14.926666666666668,48.35,208.145,566.87,1.0423529411764707,34.688235294117646,26.17058823529412,4.888235294117647,7.0,41.75294117647059,32.076470588235296,61.26470588235294,866.9937867115644,1380.0,675.6692408908307,226.66666666666666,212.0,114.0875,112.0425,126.12666666666668
2002,Северо-Казахстанская область,Пшеница,2537203.0,2738521.0700000003,1079.3464574967,stat_gov_kz_real,Wheat,148.0775,129.9575,108.9675,99.27083333333331,489.8372727272727,577.6666666666666,461.71,410.895,152.19375,94.41875,287.2380545380849,0.0014021943687058,-0.0065191763578387,0.3134138039888539,0.3091917425550065,18535725.229287133,14.088333333333331,42.803333333333335,199.22166666666664,566.0241666666667,1.0423529411764707,34.688235294117646,26.17058823529412,4.888235294117647,7.0,41.75294117647059,32.076470588235296,61.26470588235294,1390.0,866.9937867115644,1380.0,270.0,224.0,126.80833333333334,114.0875,112.0425
2003,Северо-Казахстанская область,Пшеница,2417102.0,2376894.97,983.3656047614044,stat_gov_kz_real,Wheat,146.1431,138.57684166666667,104.74049416666666,105.37007583333332,593.5833333333334,593.3333333333334,558.585,476.7033333333334,171.665625,138.18541666666667,288.397750949084,0.0014391817896859,-0.0065342163837604,0.3103937068692785,0.3012298001622107,18470052.648770448,15.246666666666668,43.98666666666667,199.61,563.7671666666666,1.0423529411764707,34.688235294117646,26.17058823529412,4.888235294117647,7.0,41.75294117647059,32.076470588235296,61.26470588235294,1079.3464574967,1390.0,866.9937867115644,260.0,242.0,148.0775,126.80833333333334,114.0875
2004,Северо-Казахстанская область,Пшеница,2602849.0,2429448.75,940.0,stat_gov_kz_real,Wheat,156.88168008749,144.44395972875,98.988547595,111.80347966666666,679.4158333333334,684.0833333333334,618.2258333333333,499.2808333333333,204.74375,174.91458333333333,289.07454905538305,0.0011998382443893,-0.0076172471544596,0.2808802651935478,0.2762938615438061,19002265.512737133,15.923333333333332,36.58166666666667,232.74,580.3665,1.0423529411764707,34.688235294117646,26.17058823529412,4.888235294117647,7.0,41.75294117647059,32.076470588235296,61.26470588235294,983.3656047614044,1079.3464574967,1390.0,240.0,250.0,146.1431,148.0775,126.80833333333334
2005,Северо-Казахстанская область,Пшеница,2756391.0,3012838.33,1100.0,stat_gov_kz_real,Wheat,152.35059374973665,135.7200173296875,95.07712917583336,98.67179116666668,675.1541666666667,677.3333333333334,544.5933333333334,450.5641666666667,226.7854166666667,217.35208333333333,288.63480005223363,0.00138358833721,-0.0066087520492265,0.3026042133442991,0.2958003679733106,18880213.670109417,15.485,42.385,201.98833333333332,576.2168333333333,1.0423529411764707,34.688235294117646,26.17058823529412,4.888235294117647,7.0,41.75294117647059,32.076470588235296,61.26470588235294,940.0,983.3656047614044,1079.3464574967,320.0,298.0,156.88168008749,146.1431,148.0775
2006,Северо-Казахстанская область,Пшеница,2751295.0,3943950.5,1440.0,stat_gov_kz_real,Wheat,192.04335668599836,158.96785216265667,116.615095175,121.85101775,791.0241666666667,658.0,599.335,508.2991666666667,229.8715277777775,222.1388888888892,288.6804138491329,0.0012553620483014,-0.0073385665572734,0.2822957045860962,0.2735768737728408,18433279.43179878,15.53,38.21666666666667,224.13333333333333,563.055,1.0423529411764707,34.688235294117646,26.17058823529412,4.888235294117647,7.0,41.75294117647059,32.076470588235296,61.26470588235294,1100.0,940.0,983.3656047614044,513.3333333333334,414.0,152.35059374973665,156.88168008749,146.1431
2007,Северо-Казахстанская область,Пшеница,2854299.0,,1500.0,stat_gov_kz_real,Wheat,255.20611049679837,238.587672411,172.38121729166664,163.66491446666666,964.2283333333334,1021.9166666666666,886.0566666666667,816.6866666666666,391.9625,307.1076388888892,288.97993119027745,0.0013226882401481,-0.0070575025253719,0.2951412214379525,0.2897669664420045,18859377.31730798,15.831666666666663,40.45,215.6083333333333,575.8951666666667,1.0423529411764707,34.688235294117646,26.17058823529412,4.888235294117647,7.0,41.75294117647059,32.076470588235296,61.26470588235294,1440.0,1100.0,940.0,583.3333333333334,438.0,192.04335668599836,152.35059374973665,156.88168008749
2008,Северо-Казахстанская область,Пшеница,3086012.0,3721778.9,1220.0,stat_gov_kz_real,Wheat,326.03004623959333,271.5203279291592,200.51552770252167,223.1168277333333,1326.0408333333332,1498.9166666666667,1260.8108333333332,1042.9233333333334,861.61875,514.9791666666666,289.14735601844075,0.001124581778192,-0.0075998415840403,0.2717217600600177,0.2635936070116423,19265657.920354065,15.998333333333337,34.31666666666667,232.25,588.3445,1.0423529411764707,34.688235294117646,26.17058823529412,4.888235294117647,7.0,41.75294117647059,32.076470588235296,61.26470588235294,1500.0,1440.0,1100.0,616.6666666666666,512.0,255.20611049679837,192.04335668599836,152.35059374973665
2009,Северо-Казахстанская область,Пшеница,3373706.7,4836513.2,1440.0,stat_gov_kz_real,Wheat,224.06988173743412,185.953589925,128.32218617003,165.50963333333334,871.9008333333333,854.6666666666666,853.065,741.1458333333334,288.46875,251.07916666666665,287.99329217310293,0.0014169050242113,-0.00700104032969,0.2976502864019232,0.2869529529234354,18624079.69238663,14.843333333333334,43.41666666666666,213.87166666666667,568.6421666666666,1.0423529411764707,34.688235294117646,26.17058823529412,4.888235294117647,7.0,41.75294117647059,32.076470588235296,61.26470588235294,1220.0,1500.0,1440.0,526.6666666666666,586.0,326.03004623959333,255.20611049679837,192.04335668599836
2010,Северо-Казахстанская область,Пшеница,3233436.0,3081172.3000000003,960.0,stat_gov_kz_real,Wheat,223.5821054048625,229.67709914285751,158.38666512309334,185.9142083333333,1011.6566666666666,1074.3333333333333,1000.8558333333334,933.0233333333332,456.4270833333333,288.90416666666664,289.39487594539145,0.0007173384998622,-0.0081476156826346,0.2556810146852953,0.2575253695138664,20296956.47357266,16.245,21.953333333333333,248.86166666666668,619.5306666666667,1.0423529411764707,34.688235294117646,26.17058823529412,4.888235294117647,7.0,41.75294117647059,32.076470588235296,61.26470588235294,1440.0,1220.0,1500.0,516.6666666666666,556.0,224.06988173743412,326.03004623959333,255.20611049679837
2011,Северо-Казахстанская область,Пшеница,3155179.5,6574576.68,2090.0,stat_gov_kz_real,Wheat,316.2641325585392,285.9133463029892,207.1969187051708,291.68407333333334,1362.82,1597.7091666666663,1297.66,1193.37,516.2875,398.92291666666665,288.9216230569704,0.0014601070203489,-0.0070899073681482,0.2909694036095574,0.2833584905739212,18794073.85085056,15.773333333333332,44.56666666666666,216.66333333333333,573.933,1.0423529411764707,34.688235294117646,26.17058823529412,4.888235294117647,7.0,41.75294117647059,32.076470588235296,61.26470588235294,960.0,1440.0,1220.0,416.6666666666667,454.0,223.5821054048625,224.06988173743412,326.03004623959333
2012,Северо-Казахстанская область,Пшеница,3107450.7,3505798.78,1150.0,stat_gov_kz_real,Wheat,313.2422696110684,295.3661879274459,240.28063808774667,298.41696413768085,1237.7083333333333,1447.6450000000002,1225.6025,1043.3975,480.23819444444416,398.6006944444442,290.93738155470345,0.0010507578964652,-0.0080993232349013,0.2612914912837039,0.2573745081478069,19641224.144156728,17.788333333333334,32.123333333333335,247.46833333333333,599.8488333333333,1.0423529411764707,34.688235294117646,26.17058823529412,4.888235294117647,7.0,41.75294117647059,32.076470588235296,61.26470588235294,2090.0,960.0,1440.0,480.0,524.0,316.2641325585392,223.5821054048625,224.06988173743412
2013,Северо-Казахстанская область,Пшеница,2943905.3,3635040.63,1240.0,stat_gov_kz_real,Wheat,312.2478668979183,276.733461739185,203.00875833333248,259.38922323787915,1084.2666666666669,1155.4075,1055.3933333333332,870.7258333333333,410.97291666666666,339.6145833333333,288.2797983402536,0.0016535991296397,-0.0068201682835203,0.3102898914991443,0.3057897520317299,18460322.17355969,15.13,50.803333333333335,208.11,563.3321666666667,1.0423529411764707,34.688235294117646,26.17058823529412,4.888235294117647,7.0,41.75294117647059,32.076470588235296,61.26470588235294,1150.0,2090.0,960.0,663.3333333333334,584.0,313.2422696110684,316.2641325585392,223.5821054048625
2014,Северо-Казахстанская область,Пшеница,2616412.6,3445379.5250000004,1380.0,stat_gov_kz_real,Wheat,284.8859214,245.21163752025,145.90297638888916,192.8812195333333,911.6633333333334,920.2958333333332,905.9691666666666,837.4691666666666,429.5864583333334,308.4375,288.377987821669,0.0011481597550606,-0.0075099680184316,0.2770251277388499,0.2742088987656154,19137151.863283142,15.228333333333332,35.160000000000004,229.425,584.1971666666667,1.0423529411764707,34.688235294117646,26.17058823529412,4.888235294117647,7.0,41.75294117647059,32.076470588235296,61.26470588235294,1240.0,1150.0,2090.0,900.0,678.0,312.2478668979183,313.2422696110684,316.2641325585392
2015,Северо-Казахстанская область,Пшеница,2328706.12,3595840.033,1550.0,stat_gov_kz_real,Wheat,204.449128614,206.37664030275,121.33064930555668,169.75022306666668,784.6475,888.4775,755.6325,663.3908333333333,416.62395833333335,277.9375,288.68033360979234,0.00132469694655,-0.0071580944485533,0.2993542451750579,0.2902930132679188,18980036.87247777,15.53,40.525,218.8066666666667,579.2955000000001,1.0423529411764707,34.688235294117646,26.17058823529412,4.888235294117647,7.0,41.75294117647059,32.076470588235296,61.26470588235294,1380.0,1240.0,1150.0,906.6666666666666,758.0,284.8859214,312.2478668979183,313.2422696110684
2016,Северо-Казахстанская область,Пшеница,2466442.8,3654086.69,1481.5209539827968,stat_gov_kz_real,Wheat,166.63254345,176.30378359124998,103.91568229166752,159.1608872,827.7416666666667,867.3208333333333,814.9941666666667,735.7033333333334,315.81354166666665,194.1291666666667,289.3174390902713,0.0014573630123714,-0.0069543573753669,0.294249706853587,0.2916540603179201,18756816.40351812,16.166666666666668,44.406666666666666,212.52,573.0355,1.0423529411764707,34.688235294117646,26.17058823529412,4.888235294117647,7.0,41.75294117647059,32.076470588235296,61.26470588235294,1550.0,1380.0,1240.0,896.6666666666666,872.0,204.449128614,284.8859214,312.2478668979183
2017,Северо-Казахстанская область,Пшеница,2202656.9,3674764.8,1668.332821148859,stat_gov_kz_real,Wheat,174.195615525,178.18260991725,97.63863923611082,154.53153846666666,879.8158333333334,817.8850000000001,850.3966666666666,750.8133333333334,323.02708333333334,213.875,288.9705927351684,0.0011114836197021,-0.0075440171387582,0.2825224864271158,0.2781774573929977,19382244.038613398,15.821666666666667,33.946666666666665,230.57,591.9103333333334,1.0423529411764707,34.688235294117646,26.17058823529412,4.888235294117647,7.0,41.75294117647059,32.076470588235296,61.26470588235294,1481.5209539827968,1550.0,1380.0,920.0,942.0,166.63254345,204.449128614,284.8859214
2018,Северо-Казахстанская область,Пшеница,1949573.7,2988271.91,1540.0,stat_gov_kz_real,Wheat,209.9288346,203.89093102725,125.88533298611252,164.4145468,830.0308333333332,765.4966666666666,789.1175,638.6558333333334,393.425,249.4495833333333,287.5128957712755,0.0014503846345327,-0.0069442679131643,0.3086804201389621,0.3001793099058934,18310602.204555143,14.363333333333337,44.34,212.23666666666668,559.1358333333334,1.0423529411764707,34.688235294117646,26.17058823529412,4.888235294117647,7.0,41.75294117647059,32.076470588235296,61.26470588235294,1668.332821148859,1481.5209539827968,1550.0,1126.6666666666667,1036.0,174.195615525,166.63254345,204.449128614
2019,Северо-Казахстанская область,Пшеница,2021132.0,2874289.41,1422.1185998737342,stat_gov_kz_real,Wheat,201.692128575,211.27579630275,128.06698819444333,170.07008806666667,857.1866666666666,741.1033333333334,765.44,601.3666666666667,306.355,245.28166666666667,288.51084568493604,0.0011711310170603,-0.0076537846395652,0.2814676492717734,0.2726801280476322,19254150.837210964,15.361666666666666,35.598333333333336,234.22166666666664,588.3721666666667,1.0423529411764707,34.688235294117646,26.17058823529412,4.888235294117647,7.0,41.75294117647059,32.076470588235296,61.26470588235294,1540.0,1668.332821148859,1481.5209539827968,1196.6666666666667,1050.0,209.9288346,174.195615525,166.63254345
2020,Северо-Казахстанская область,Пшеница,2295883.38,3299829.5600000005,1437.2809998737828,stat_gov_kz_real,Wheat,231.56548795,227.73879764625,97.60036458333,165.46600046666666,906.4321537216824,880.988337850045,837.75632231405,751.7661576212475,312.4241666666667,229.10083333333333,289.9538020794767,0.0012597873466308,-0.0080705725732581,0.276060137702878,0.2732565470740767,19376478.22856872,16.80333333333333,38.461666666666666,246.525,591.8266666666667,1.0423529411764707,34.688235294117646,26.17058823529412,4.888235294117647,7.0,41.75294117647059,32.076470588235296,61.26470588235294,1422.1185998737342,1540.0,1668.332821148859,1156.6666666666667,1092.0,201.692128575,209.9288346,174.195615525
2021,Северо-Казахстанская область,Пшеница,2440383.99,2802598.154,1148.4250697776458,stat_gov_kz_real,Wheat,315.2375,281.6606065851818,,259.54567977893333,1502.3308333333334,1404.0939758355908,1385.4066666666668,1130.5766666666666,600.9633333333333,483.2075,289.6146452650336,0.0008681891764509,-0.0080879491835072,0.2622693385039119,0.2612102771864736,20071941.32876677,16.463333333333335,26.516666666666666,247.2783333333333,612.924,1.0423529411764707,34.688235294117646,26.17058823529412,4.888235294117647,7.0,41.75294117647059,32.076470588235296,61.26470588235294,1437.2809998737828,1422.1185998737342,1540.0,1083.3333333333333,1148.0,231.56548795,201.692128575,209.9288346
2022,Северо-Казахстанская область,Пшеница,2426051.2,3546616.2200000007,1460.0,stat_gov_kz_real,Wheat,429.9716666666666,381.91843016614285,,318.80665693333333,1756.7299999999998,1650.8083333333334,1666.7975,1275.9916666666666,772.1583333333333,700.015,289.6616435210072,0.0008509126076215,-0.0075598182709188,0.2621602812110037,0.2593293952638909,18879427.97251497,16.513333333333332,26.05666666666667,231.15833333333333,576.7293333333333,1.0423529411764707,34.688235294117646,26.17058823529412,4.888235294117647,7.0,41.75294117647059,32.076470588235296,61.26470588235294,1148.4250697776458,1437.2809998737828,1422.1185998737342,1093.3333333333333,1154.0,315.2375,231.56548795,201.692128575
2023,Северо-Казахстанская область,Пшеница,2605492.6,2931452.4450000003,1138.3100000000002,stat_gov_kz_real,Wheat,340.43,257.74181354863634,,252.65528515370417,1065.1408333333334,1006.6991666666668,1118.5016666666668,886.4533333333334,550.0483333333333,358.0016666666667,289.5236512078174,0.0006467397379246,-0.0049289491679192,0.2764382283662994,0.2713328395400161,14115470.12282928,16.371666666666666,19.70833333333333,150.73166666666663,431.0991666666666,1.0423529411764707,34.688235294117646,26.17058823529412,4.888235294117647,7.0,41.75294117647059,32.076470588235296,61.26470588235294,1460.0,1148.4250697776458,1437.2809998737828,1196.6666666666667,1134.0,429.9716666666666,315.2375,231.56548795
2024,Северо-Казахстанская область,Пшеница,2540513.91,4726227.15,1860.0,stat_gov_kz_real,Wheat,268.67333333333335,230.878850445,,190.60477617365,1089.3890968508615,1059.975,1021.9542980012442,963.3648258333332,563.665,338.26916666666665,288.4316707721188,0.0017295213958452,-0.0063265907659187,0.3265275888726496,0.3238014278789007,18253534.260363985,15.281666666666666,53.045,193.145,556.975,1.0423529411764707,34.688235294117646,26.17058823529412,4.888235294117647,7.0,41.75294117647059,32.076470588235296,61.26470588235294,1138.3100000000002,1460.0,1148.4250697776458,1143.3333333333333,1116.0,340.43,429.9716666666666,315.2375
2025,Северо-Казахстанская область,Пшеница,2134906.6,4408672.94,2070.0,stat_gov_kz_real,Wheat,243.3325,219.61538460375,,203.19753726864084,1226.4814225569482,1262.8893305316649,1139.8729249670616,1006.980403811544,685.2199999999999,422.655,289.98509614754914,0.0015127205551172,-0.0071545833416474,0.298025870138938,0.2882290239919902,18515193.90122865,16.834999999999997,46.18666666666667,218.515,565.388,1.0423529411764707,34.688235294117646,26.17058823529412,4.888235294117647,7.0,41.75294117647059,32.076470588235296,61.26470588235294,1860.0,1138.3100000000002,1460.0,1343.3333333333333,1266.0,268.67333333333335,340.43,429.9716666666666
